date,month,plot_index,battery_soc_pct,self_sufficiency_pct
2024-12-01 00:00:00,12,0,69.22225199412783,100.0
2024-12-01 01:00:00,12,1,65.48773673985363,100.0
2024-12-01 02:00:00,12,2,61.78946746414271,100.0
2024-12-01 03:00:00,12,3,58.091568015359364,100.0
2024-12-01 04:00:00,12,4,55.425942219653656,100.0
2024-12-01 05:00:00,12,5,51.86394479851797,100.0
2024-12-01 06:00:00,12,6,49.89690745241904,50.469747436209666
2024-12-01 07:00:00,12,7,49.8919177616738,21.101266816589064
2024-12-01 08:00:00,12,8,52.34319164445231,100.0
2024-12-01 09:00:00,12,9,60.10203095074783,100.0
2024-12-01 10:00:00,12,10,69.41085787528753,100.0
2024-12-01 11:00:00,12,11,79.27446515192631,100.0
2024-12-01 12:00:00,12,12,89.11563345448978,100.0
2024-12-01 13:00:00,12,13,98.57311205847593,100.0
2024-12-01 14:00:00,12,14,99.99,100.0
2024-12-01 15:00:00,12,15,99.99,100.0
2024-12-01 16:00:00,12,16,99.99,100.0
2024-12-01 17:00:00,12,17,96.28024463851051,100.0
2024-12-01 18:00:00,12,18,92.18499826634043,100.0
2024-12-01 19:00:00,12,19,88.14685751032104,100.0
2024-12-01 20:00:00,12,20,84.1229446153821,100.0
2024-12-01 21:00:00,12,21,79.17567279352376,100.0
2024-12-01 22:00:00,12,22,74.5435240091601,100.0
2024-12-01 23:00:00,12,23,70.18009494674328,100.0
2024-12-02 00:00:00,12,24,66.38301321474692,100.0
2024-12-02 01:00:00,12,25,62.598735334434444,100.0
2024-12-02 02:00:00,12,26,58.81781067683508,100.0
2024-12-02 03:00:00,12,27,55.05773770030357,100.0
2024-12-02 04:00:00,12,28,51.27389239579545,100.0
2024-12-02 05:00:00,12,29,49.92795973649705,34.849104388052595
2024-12-02 06:00:00,12,30,49.9229669405234,0.0
2024-12-02 07:00:00,12,31,49.917974643829346,24.984822950405395
2024-12-02 08:00:00,12,32,53.92922546921161,100.0
2024-12-02 09:00:00,12,33,63.94963470731494,100.0
2024-12-02 10:00:00,12,34,75.2574901123699,100.0
2024-12-02 11:00:00,12,35,87.17245338268305,100.0
2024-12-02 12:00:00,12,36,99.73104468303613,100.0
2024-12-02 13:00:00,12,37,99.99,100.0
2024-12-02 14:00:00,12,38,99.99,100.0
2024-12-02 15:00:00,12,39,99.99,100.0
2024-12-02 16:00:00,12,40,99.99,100.0
2024-12-02 17:00:00,12,41,96.3702165722839,100.0
2024-12-02 18:00:00,12,42,92.19271687263854,100.0
2024-12-02 19:00:00,12,43,88.06480653319552,100.0
2024-12-02 20:00:00,12,44,84.02112820649928,100.0
2024-12-02 21:00:00,12,45,80.00725222101308,100.0
2024-12-02 22:00:00,12,46,76.02685034317494,100.0
2024-12-02 23:00:00,12,47,72.11229199387658,100.0
2024-12-03 00:00:00,12,48,68.26129574558713,100.0
2024-12-03 01:00:00,12,49,64.4504068585693,100.0
2024-12-03 02:00:00,12,50,60.62659997724565,100.0
2024-12-03 03:00:00,12,51,56.81647455980464,100.0
2024-12-03 04:00:00,12,52,53.003055408233216,100.0
2024-12-03 05:00:00,12,53,49.836960257753034,81.81045317056734
2024-12-03 06:00:00,12,54,49.83197656172726,0.0
2024-12-03 07:00:00,12,55,49.826993364071086,9.328664263539888
2024-12-03 08:00:00,12,56,49.822010664734684,77.85130926707104
2024-12-03 09:00:00,12,57,51.84467275000788,100.0
2024-12-03 10:00:00,12,58,55.119310249232065,100.0
2024-12-03 11:00:00,12,59,57.78028246949045,100.0
2024-12-03 12:00:00,12,60,61.7898734413861,100.0
2024-12-03 13:00:00,12,61,65.24480345435515,100.0
2024-12-03 14:00:00,12,62,67.55011996451587,100.0
2024-12-03 15:00:00,12,63,68.49667152628257,100.0
2024-12-03 16:00:00,12,64,67.05009460470865,100.0
2024-12-03 17:00:00,12,65,63.1669575907431,100.0
2024-12-03 18:00:00,12,66,59.02287614212034,100.0
2024-12-03 19:00:00,12,67,54.93800504839715,100.0
2024-12-03 20:00:00,12,68,50.91968788188241,100.0
2024-12-03 21:00:00,12,69,46.95549384367272,100.0
2024-12-03 22:00:00,12,70,43.03719308842704,100.0
2024-12-03 23:00:00,12,71,39.16565596650095,100.0
2024-12-04 00:00:00,12,72,35.328278670083655,100.0
2024-12-04 01:00:00,12,73,31.48761036472384,100.0
2024-12-04 02:00:00,12,74,27.59360482960616,100.0
2024-12-04 03:00:00,12,75,23.691239298203495,100.0
2024-12-04 04:00:00,12,76,19.80238809861172,100.0
2024-12-04 05:00:00,12,77,15.874378510429882,100.0
2024-12-04 06:00:00,12,78,11.877641488182704,100.0
2024-12-04 07:00:00,12,79,8.342912514219368,100.0
2024-12-04 08:00:00,12,80,8.182234722924306,100.0
2024-12-04 09:00:00,12,81,10.918872067026602,100.0
2024-12-04 10:00:00,12,82,15.534800867787894,100.0
2024-12-04 11:00:00,12,83,21.36076564169536,100.0
2024-12-04 12:00:00,12,84,28.850202933413172,100.0
2024-12-04 13:00:00,12,85,35.548196992947815,100.0
2024-12-04 14:00:00,12,86,41.385092966421,100.0
2024-12-04 15:00:00,12,87,45.72267052259239,100.0
2024-12-04 16:00:00,12,88,46.241188978887216,100.0
2024-12-04 17:00:00,12,89,42.702669123846114,100.0
2024-12-04 18:00:00,12,90,38.73929678751222,100.0
2024-12-04 19:00:00,12,91,34.81884285704707,100.0
2024-12-04 20:00:00,12,92,30.945152775219025,100.0
2024-12-04 21:00:00,12,93,27.06152577412973,100.0
2024-12-04 22:00:00,12,94,23.20908501261206,100.0
2024-12-04 23:00:00,12,95,19.373303373290156,100.0
2024-12-05 00:00:00,12,96,15.553304250567946,100.0
2024-12-05 01:00:00,12,97,11.75136090937178,100.0
2024-12-05 02:00:00,12,98,7.936498679315214,100.0
2024-12-05 03:00:00,12,99,4.154390703784103,100.0
2024-12-05 04:00:00,12,100,0.34623776059827566,100.0
2024-12-05 05:00:00,12,101,0.0,8.824442543626224
2024-12-05 06:00:00,12,102,0.0,0.0
2024-12-05 07:00:00,12,103,0.0,12.526534431991701
2024-12-05 08:00:00,12,104,0.5746154695436706,100.0
2024-12-05 09:00:00,12,105,5.553136948809657,100.0
2024-12-05 10:00:00,12,106,12.986277438874296,100.0
2024-12-05 11:00:00,12,107,21.13796673280241,100.0
2024-12-05 12:00:00,12,108,30.529672830362852,100.0
2024-12-05 13:00:00,12,109,39.06723566028617,100.0
2024-12-05 14:00:00,12,110,45.90559703814262,100.0
2024-12-05 15:00:00,12,111,50.1678571306337,100.0
2024-12-05 16:00:00,12,112,50.454387426407735,100.0
2024-12-05 17:00:00,12,113,46.906726098219856,100.0
2024-12-05 18:00:00,12,114,42.981780678151466,100.0
2024-12-05 19:00:00,12,115,39.09992480919696,100.0
2024-12-05 20:00:00,12,116,35.24190550935654,100.0
2024-12-05 21:00:00,12,117,31.374822662860524,100.0
2024-12-05 22:00:00,12,118,27.54119924469869,100.0
2024-12-05 23:00:00,12,119,23.74470665560037,100.0
2024-12-06 00:00:00,12,120,19.963992654196723,100.0
2024-12-06 01:00:00,12,121,16.20045556612314,100.0
2024-12-06 02:00:00,12,122,12.431520229844951,100.0
2024-12-06 03:00:00,12,123,8.67906067728323,100.0
2024-12-06 04:00:00,12,124,4.890228903955064,100.0
2024-12-06 05:00:00,12,125,1.0298559717917555,100.0
2024-12-06 06:00:00,12,126,0.0,25.576792538887116
2024-12-06 07:00:00,12,127,0.0,12.45462693435726
2024-12-06 08:00:00,12,128,0.3270414444409008,100.0
2024-12-06 09:00:00,12,129,5.1384891807615425,100.0
2024-12-06 10:00:00,12,130,11.931455635270414,100.0
2024-12-06 11:00:00,12,131,19.911174874929593,100.0
2024-12-06 12:00:00,12,132,27.547456803058463,100.0
2024-12-06 13:00:00,12,133,34.30283665046467,100.0
2024-12-06 14:00:00,12,134,39.72018372300221,100.0
2024-12-06 15:00:00,12,135,43.2280613368179,100.0
2024-12-06 16:00:00,12,136,42.78552140182283,100.0
2024-12-06 17:00:00,12,137,38.894675179778716,100.0
2024-12-06 18:00:00,12,138,34.73902192445545,100.0
2024-12-06 19:00:00,12,139,30.65360442122894,100.0
2024-12-06 20:00:00,12,140,26.67446316149862,100.0
2024-12-06 21:00:00,12,141,22.73246728261597,100.0
2024-12-06 22:00:00,12,142,18.876084728528205,100.0
2024-12-06 23:00:00,12,143,15.084133397553675,100.0
2024-12-07 00:00:00,12,144,11.314609741745262,100.0
2024-12-07 01:00:00,12,145,7.539513448452251,100.0
2024-12-07 02:00:00,12,146,3.803816974688281,100.0
2024-12-07 03:00:00,12,147,0.08161816582943794,100.0
2024-12-07 04:00:00,12,148,0.0,2.1776943807589975
2024-12-07 05:00:00,12,149,0.0,0.0
2024-12-07 06:00:00,12,150,0.0,0.0
2024-12-07 07:00:00,12,151,0.0,10.014585382288542
2024-12-07 08:00:00,12,152,0.0,94.60405445294023
2024-12-07 09:00:00,12,153,3.9249158955858294,100.0
2024-12-07 10:00:00,12,154,9.888297247464306,100.0
2024-12-07 11:00:00,12,155,16.481640347903735,100.0
2024-12-07 12:00:00,12,156,24.834109339375317,100.0
2024-12-07 13:00:00,12,157,32.69300330853528,100.0
2024-12-07 14:00:00,12,158,39.721358399596824,100.0
2024-12-07 15:00:00,12,159,44.57991976031645,100.0
2024-12-07 16:00:00,12,160,44.68260683882732,100.0
2024-12-07 17:00:00,12,161,44.67813857814343,7.366345543083794
2024-12-07 18:00:00,12,162,44.673670764285625,0.0
2024-12-07 19:00:00,12,163,44.66920339720919,0.0
2024-12-07 20:00:00,12,164,44.664736476869464,0.0
2024-12-07 21:00:00,12,165,44.66027000322178,0.0
2024-12-07 22:00:00,12,166,44.655803976221456,0.0
2024-12-07 23:00:00,12,167,44.65133839582384,0.0
2024-12-08 00:00:00,12,168,44.646873261984254,0.0
2024-12-08 01:00:00,12,169,44.64240857465806,0.0
2024-12-08 02:00:00,12,170,44.6379443338006,0.0
2024-12-08 03:00:00,12,171,44.63348053936721,0.0
2024-12-08 04:00:00,12,172,44.62901719131328,0.0
2024-12-08 05:00:00,12,173,44.62455428959415,0.0
2024-12-08 06:00:00,12,174,44.62009183416519,0.0
2024-12-08 07:00:00,12,175,44.61562982498177,10.999936145548437
2024-12-08 08:00:00,12,176,44.69276949409252,100.0
2024-12-08 09:00:00,12,177,48.66916648373636,100.0
2024-12-08 10:00:00,12,178,54.5404024140143,100.0
2024-12-08 11:00:00,12,179,64.00053542490768,100.0
2024-12-08 12:00:00,12,180,73.58465041040841,100.0
2024-12-08 13:00:00,12,181,82.88638648540766,100.0
2024-12-08 14:00:00,12,182,90.97434206842063,100.0
2024-12-08 15:00:00,12,183,96.87075224124602,100.0
2024-12-08 16:00:00,12,184,97.61699567978214,100.0
2024-12-08 17:00:00,12,185,93.45404964014308,100.0
2024-12-08 18:00:00,12,186,88.77042646817853,100.0
2024-12-08 19:00:00,12,187,84.1570918453024,100.0
2024-12-08 20:00:00,12,188,79.64343671603716,100.0
2024-12-08 21:00:00,12,189,75.1426570957955,100.0
2024-12-08 22:00:00,12,190,70.82763977855532,100.0
2024-12-08 23:00:00,12,191,66.97309724881522,100.0
2024-12-09 00:00:00,12,192,63.16898672324432,100.0
2024-12-09 01:00:00,12,193,59.37838070398374,100.0
2024-12-09 02:00:00,12,194,55.60810237011684,100.0
2024-12-09 03:00:00,12,195,51.83820106408334,100.0
2024-12-09 04:00:00,12,196,49.898262250316996,51.52626049085474
2024-12-09 05:00:00,12,197,49.893272424091975,0.0
2024-12-09 06:00:00,12,198,49.88828309684956,0.0
2024-12-09 07:00:00,12,199,49.88329426853987,20.82477483834845
2024-12-09 08:00:00,12,200,54.57306707238826,100.0
2024-12-09 09:00:00,12,201,67.72493012024822,100.0
2024-12-09 10:00:00,12,202,81.93795625737167,100.0
2024-12-09 11:00:00,12,203,95.26373460274698,100.0
2024-12-09 12:00:00,12,204,99.99,100.0
2024-12-09 13:00:00,12,205,99.99,100.0
2024-12-09 14:00:00,12,206,99.99,100.0
2024-12-09 15:00:00,12,207,99.99,100.0
2024-12-09 16:00:00,12,208,99.99,100.0
2024-12-09 17:00:00,12,209,95.84605815643724,100.0
2024-12-09 18:00:00,12,210,91.04967854027792,100.0
2024-12-09 19:00:00,12,211,86.60515433911442,100.0
2024-12-09 20:00:00,12,212,82.53519879918532,100.0
2024-12-09 21:00:00,12,213,78.53757029682268,100.0
2024-12-09 22:00:00,12,214,74.55066584557972,100.0
2024-12-09 23:00:00,12,215,70.59058326323412,100.0
2024-12-10 00:00:00,12,216,66.68391803398809,100.0
2024-12-10 01:00:00,12,217,62.80336669797018,100.0
2024-12-10 02:00:00,12,218,58.929852958683135,100.0
2024-12-10 03:00:00,12,219,55.073525412699944,100.0
2024-12-10 04:00:00,12,220,51.20445940421359,100.0
2024-12-10 05:00:00,12,221,49.93161373903825,31.966833618942726
2024-12-10 06:00:00,12,222,49.92662057766435,0.0
2024-12-10 07:00:00,12,223,49.92162791560658,17.063275158848842
2024-12-10 08:00:00,12,224,52.83541226745766,100.0
2024-12-10 09:00:00,12,225,62.86764733685448,100.0
2024-12-10 10:00:00,12,226,74.32555921922504,100.0
2024-12-10 11:00:00,12,227,87.15123049649874,100.0
2024-12-10 12:00:00,12,228,99.99,100.0
2024-12-10 13:00:00,12,229,99.99,100.0
2024-12-10 14:00:00,12,230,99.99,100.0
2024-12-10 15:00:00,12,231,99.99,100.0
2024-12-10 16:00:00,12,232,99.99,100.0
2024-12-10 17:00:00,12,233,95.46579562048215,100.0
2024-12-10 18:00:00,12,234,90.54381269197557,100.0
2024-12-10 19:00:00,12,235,85.84070690685081,100.0
2024-12-10 20:00:00,12,236,81.72445600842087,100.0
2024-12-10 21:00:00,12,237,77.77625517850646,100.0
2024-12-10 22:00:00,12,238,73.83947340869153,100.0
2024-12-10 23:00:00,12,239,69.97798015399115,100.0
2024-12-11 00:00:00,12,240,66.19334277698474,100.0
2024-12-11 01:00:00,12,241,62.41870820023839,100.0
2024-12-11 02:00:00,12,242,58.65092564061021,100.0
2024-12-11 03:00:00,12,243,54.90346848402976,100.0
2024-12-11 04:00:00,12,244,51.22025667008603,100.0
2024-12-11 05:00:00,12,245,49.93078238713584,33.965762871562674
2024-12-11 06:00:00,12,246,49.92578930889712,0.0
2024-12-11 07:00:00,12,247,49.920796729966234,22.796520288613024
2024-12-11 08:00:00,12,248,52.80995880220929,100.0
2024-12-11 09:00:00,12,249,61.15511321706551,100.0
2024-12-11 10:00:00,12,250,70.95818041132235,100.0
2024-12-11 11:00:00,12,251,80.51306007591342,100.0
2024-12-11 12:00:00,12,252,89.73764099020252,100.0
2024-12-11 13:00:00,12,253,99.17370200350048,100.0
2024-12-11 14:00:00,12,254,99.99,100.0
2024-12-11 15:00:00,12,255,99.99,100.0
2024-12-11 16:00:00,12,256,99.99,100.0
2024-12-11 17:00:00,12,257,95.95273665699538,100.0
2024-12-11 18:00:00,12,258,91.5106969449453,100.0
2024-12-11 19:00:00,12,259,87.1455711652349,100.0
2024-12-11 20:00:00,12,260,82.813954618152,100.0
2024-12-11 21:00:00,12,261,78.49292053305649,100.0
2024-12-11 22:00:00,12,262,74.22166514953862,100.0
2024-12-11 23:00:00,12,263,69.98390961160864,100.0
2024-12-12 00:00:00,12,264,65.7626767394153,100.0
2024-12-12 01:00:00,12,265,61.53241664192359,100.0
2024-12-12 02:00:00,12,266,57.328302797146826,100.0
2024-12-12 03:00:00,12,267,53.128284110426705,100.0
2024-12-12 04:00:00,12,268,49.83036993252549,78.2539484461568
2024-12-12 05:00:00,12,269,49.82538689553224,0.0
2024-12-12 06:00:00,12,270,49.82040435684269,0.0
2024-12-12 07:00:00,12,271,49.815422316407,11.330247626243056
2024-12-12 08:00:00,12,272,50.09852673656573,100.0
2024-12-12 09:00:00,12,273,54.51252239009657,100.0
2024-12-12 10:00:00,12,274,60.74055548917189,100.0
2024-12-12 11:00:00,12,275,67.72449694709212,100.0
2024-12-12 12:00:00,12,276,76.19885292641685,100.0
2024-12-12 13:00:00,12,277,83.60961787205005,100.0
2024-12-12 14:00:00,12,278,89.66407324196342,100.0
2024-12-12 15:00:00,12,279,93.30503443975867,100.0
2024-12-12 16:00:00,12,280,93.08592455871867,100.0
2024-12-12 17:00:00,12,281,89.0866719068608,100.0
2024-12-12 18:00:00,12,282,84.75853599637593,100.0
2024-12-12 19:00:00,12,283,80.46303067984778,100.0
2024-12-12 20:00:00,12,284,76.22465100536476,100.0
2024-12-12 21:00:00,12,285,71.99334471044648,100.0
2024-12-12 22:00:00,12,286,67.79185951953504,100.0
2024-12-12 23:00:00,12,287,63.61354290892278,100.0
2024-12-13 00:00:00,12,288,59.46206730842386,100.0
2024-12-13 01:00:00,12,289,55.33078049233999,100.0
2024-12-13 02:00:00,12,290,51.21023109320717,100.0
2024-12-13 03:00:00,12,291,49.93130999631064,31.005023216220096
2024-12-13 04:00:00,12,292,49.926316865311,0.0
2024-12-13 05:00:00,12,293,49.921324233624475,0.0
2024-12-13 06:00:00,12,294,49.916332101201114,0.0
2024-12-13 07:00:00,12,295,49.911340467990996,10.011284873914109
2024-12-13 08:00:00,12,296,49.9063493339442,93.08906234357035
2024-12-13 09:00:00,12,297,53.62476802626121,100.0
2024-12-13 10:00:00,12,298,58.62861039817482,100.0
2024-12-13 11:00:00,12,299,67.31831434520763,100.0
2024-12-13 12:00:00,12,300,76.512015429702,100.0
2024-12-13 13:00:00,12,301,85.31930493121872,100.0
2024-12-13 14:00:00,12,302,93.63128952119034,100.0
2024-12-13 15:00:00,12,303,99.80497545704324,100.0
2024-12-13 16:00:00,12,304,99.99,100.0
2024-12-13 17:00:00,12,305,95.6013951266491,100.0
2024-12-13 18:00:00,12,306,90.7131713099885,100.0
2024-12-13 19:00:00,12,307,85.91817992219768,100.0
2024-12-13 20:00:00,12,308,81.20888715875265,100.0
2024-12-13 21:00:00,12,309,76.47364214613168,100.0
2024-12-13 22:00:00,12,310,71.74254540468414,100.0
2024-12-13 23:00:00,12,311,67.04866923963246,100.0
2024-12-14 00:00:00,12,312,62.403734120682586,100.0
2024-12-14 01:00:00,12,313,57.810009996907894,100.0
2024-12-14 02:00:00,12,314,53.54379769936873,100.0
2024-12-14 03:00:00,12,315,49.80850298317901,88.72549995629346
2024-12-14 04:00:00,12,316,49.803522132880694,0.0
2024-12-14 05:00:00,12,317,49.79854178066741,0.0
2024-12-14 06:00:00,12,318,49.79356192648934,0.0
2024-12-14 07:00:00,12,319,49.78858257029669,11.733656633085165
2024-12-14 08:00:00,12,320,49.83129354191437,100.0
2024-12-14 09:00:00,12,321,54.275681335274705,100.0
2024-12-14 10:00:00,12,322,60.67649609803346,100.0
2024-12-14 11:00:00,12,323,68.11627609940804,100.0
2024-12-14 12:00:00,12,324,75.52570374260597,100.0
2024-12-14 13:00:00,12,325,82.78589742430133,100.0
2024-12-14 14:00:00,12,326,88.96637337762863,100.0
2024-12-14 15:00:00,12,327,92.84915444241257,100.0
2024-12-14 16:00:00,12,328,92.3979798848691,100.0
2024-12-14 17:00:00,12,329,88.28931491621465,100.0
2024-12-14 18:00:00,12,330,83.94061016488999,100.0
2024-12-14 19:00:00,12,331,79.8598968393618,100.0
2024-12-14 20:00:00,12,332,75.84941177193738,100.0
2024-12-14 21:00:00,12,333,71.87537526799434,100.0
2024-12-14 22:00:00,12,334,67.96193201795057,100.0
2024-12-14 23:00:00,12,335,64.09805172246419,100.0
2024-12-15 00:00:00,12,336,60.283904413176494,100.0
2024-12-15 01:00:00,12,337,56.510560732013595,100.0
2024-12-15 02:00:00,12,338,52.760342816998914,100.0
2024-12-15 03:00:00,12,339,49.84973332722541,77.72599575733918
2024-12-15 04:00:00,12,340,49.84474835389269,0.0
2024-12-15 05:00:00,12,341,49.8397638790573,0.0
2024-12-15 06:00:00,12,342,49.834779902669396,0.0
2024-12-15 07:00:00,12,343,49.82979642467913,24.684184561088816
2024-12-15 08:00:00,12,344,53.755993211635186,100.0
2024-12-15 09:00:00,12,345,63.5487404314064,100.0
2024-12-15 10:00:00,12,346,74.41970569806281,100.0
2024-12-15 11:00:00,12,347,86.8158770882861,100.0
2024-12-15 12:00:00,12,348,99.66205951452568,100.0
2024-12-15 13:00:00,12,349,99.99,100.0
2024-12-15 14:00:00,12,350,99.99,100.0
2024-12-15 15:00:00,12,351,99.99,100.0
2024-12-15 16:00:00,12,352,99.99,100.0
2024-12-15 17:00:00,12,353,96.36037770474591,100.0
2024-12-15 18:00:00,12,354,92.20265262584233,100.0
2024-12-15 19:00:00,12,355,88.12776263766531,100.0
2024-12-15 20:00:00,12,356,84.16264759896835,100.0
2024-12-15 21:00:00,12,357,80.22155244323923,100.0
2024-12-15 22:00:00,12,358,76.36012093238247,100.0
2024-12-15 23:00:00,12,359,72.52567373106587,100.0
2024-12-16 00:00:00,12,360,68.7341320431045,100.0
2024-12-16 01:00:00,12,361,64.97306743443635,100.0
2024-12-16 02:00:00,12,362,61.211678980482,100.0
2024-12-16 03:00:00,12,363,57.48076459049749,100.0
2024-12-16 04:00:00,12,364,53.72677490842479,100.0
2024-12-16 05:00:00,12,365,49.79887356679295,101.77523135243851
2024-12-16 06:00:00,12,366,49.79389367943627,0.0
2024-12-16 07:00:00,12,367,49.788914290068334,10.26033604423558
2024-12-16 08:00:00,12,368,49.78393539863932,90.55992417124774
2024-12-16 09:00:00,12,369,53.22690826847638,100.0
2024-12-16 10:00:00,12,370,58.691304678406674,100.0
2024-12-16 11:00:00,12,371,67.62832243814479,100.0
2024-12-16 12:00:00,12,372,76.17533077307816,100.0
2024-12-16 13:00:00,12,373,84.60976428767766,100.0
2024-12-16 14:00:00,12,374,91.89120249276786,100.0
2024-12-16 15:00:00,12,375,97.3511257217123,100.0
2024-12-16 16:00:00,12,376,97.5866427215109,100.0
2024-12-16 17:00:00,12,377,92.9851727572348,100.0
2024-12-16 18:00:00,12,378,87.88495019550916,100.0
2024-12-16 19:00:00,12,379,82.85873258948305,100.0
2024-12-16 20:00:00,12,380,77.99750626578138,100.0
2024-12-16 21:00:00,12,381,73.42497119657229,100.0
2024-12-16 22:00:00,12,382,69.54742050191028,100.0
2024-12-16 23:00:00,12,383,65.73710295416389,100.0
2024-12-17 00:00:00,12,384,61.98596238492699,100.0
2024-12-17 01:00:00,12,385,58.238171724672114,100.0
2024-12-17 02:00:00,12,386,54.50475487842487,100.0
2024-12-17 03:00:00,12,387,50.77451118085056,100.0
2024-12-17 04:00:00,12,388,49.95424033001407,21.946432026843883
2024-12-17 05:00:00,12,389,49.949244905981075,0.0
2024-12-17 06:00:00,12,390,49.94424998149048,0.0
2024-12-17 07:00:00,12,391,49.93925555649233,12.155171779860138
2024-12-17 08:00:00,12,392,50.15600896610837,100.0
2024-12-17 09:00:00,12,393,54.31214695334289,100.0
2024-12-17 10:00:00,12,394,61.28844444909208,100.0
2024-12-17 11:00:00,12,395,68.48533541404313,100.0
2024-12-17 12:00:00,12,396,77.44965477415319,100.0
2024-12-17 13:00:00,12,397,85.33573417131994,100.0
2024-12-17 14:00:00,12,398,92.00128738714159,100.0
2024-12-17 15:00:00,12,399,96.005971909709,100.0
2024-12-17 16:00:00,12,400,95.88145971391982,100.0
2024-12-17 17:00:00,12,401,92.1329756869361,100.0
2024-12-17 18:00:00,12,402,88.04181878833334,100.0
2024-12-17 19:00:00,12,403,84.00776709693393,100.0
2024-12-17 20:00:00,12,404,80.04306405779106,100.0
2024-12-17 21:00:00,12,405,76.12512929219615,100.0
2024-12-17 22:00:00,12,406,72.2670822185796,100.0
2024-12-17 23:00:00,12,407,68.45649270466153,100.0
2024-12-18 00:00:00,12,408,64.68233176466948,100.0
2024-12-18 01:00:00,12,409,60.91152303569653,100.0
2024-12-18 02:00:00,12,410,57.16086502445149,100.0
2024-12-18 03:00:00,12,411,53.42668096919041,100.0
2024-12-18 04:00:00,12,412,49.81466640520561,96.85153170334661
2024-12-18 05:00:00,12,413,49.809684938565084,0.0
2024-12-18 06:00:00,12,414,49.80470397007123,0.0
2024-12-18 07:00:00,12,415,49.79972349967422,10.177207697441077
2024-12-18 08:00:00,12,416,49.79474352732425,98.9314408460335
2024-12-18 09:00:00,12,417,54.182451494571005,100.0
2024-12-18 10:00:00,12,418,60.045907152345755,100.0
2024-12-18 11:00:00,12,419,67.03311822169785,100.0
2024-12-18 12:00:00,12,420,76.07357994193103,100.0
2024-12-18 13:00:00,12,421,84.27779953523171,100.0
2024-12-18 14:00:00,12,422,91.19908655374972,100.0
2024-12-18 15:00:00,12,423,95.94809224651941,100.0
2024-12-18 16:00:00,12,424,96.35131622624405,100.0
2024-12-18 17:00:00,12,425,92.65661144701589,100.0
2024-12-18 18:00:00,12,426,88.6742446815081,100.0
2024-12-18 19:00:00,12,427,84.7186993311291,100.0
2024-12-18 20:00:00,12,428,80.8099213385292,100.0
2024-12-18 21:00:00,12,429,76.89558463387837,100.0
2024-12-18 22:00:00,12,430,73.0308109731304,100.0
2024-12-18 23:00:00,12,431,69.17307333134576,100.0
2024-12-19 00:00:00,12,432,65.33934483478923,100.0
2024-12-19 01:00:00,12,433,61.54274717780408,100.0
2024-12-19 02:00:00,12,434,57.71258152085124,100.0
2024-12-19 03:00:00,12,435,53.85637570201182,100.0
2024-12-19 04:00:00,12,436,50.01752933362097,100.0
2024-12-19 05:00:00,12,437,49.99407749575329,0.47348807608513693
2024-12-19 06:00:00,12,438,49.989078088003716,0.0
2024-12-19 07:00:00,12,439,49.98407918019492,17.28792144106001
2024-12-19 08:00:00,12,440,52.897396994437344,100.0
2024-12-19 09:00:00,12,441,63.675433184841644,100.0
2024-12-19 10:00:00,12,442,76.06955601004489,100.0
2024-12-19 11:00:00,12,443,90.56055901815515,100.0
2024-12-19 12:00:00,12,444,99.99,100.0
2024-12-19 13:00:00,12,445,99.99,100.0
2024-12-19 14:00:00,12,446,99.99,100.0
2024-12-19 15:00:00,12,447,99.99,100.0
2024-12-19 16:00:00,12,448,99.99,100.0
2024-12-19 17:00:00,12,449,96.49812045353255,100.0
2024-12-19 18:00:00,12,450,92.52569382539352,100.0
2024-12-19 19:00:00,12,451,88.60721074856893,100.0
2024-12-19 20:00:00,12,452,84.72814182995174,100.0
2024-12-19 21:00:00,12,453,80.84351122837623,100.0
2024-12-19 22:00:00,12,454,77.00861568803002,100.0
2024-12-19 23:00:00,12,455,73.1865277807485,100.0
2024-12-20 00:00:00,12,456,69.38179591212442,100.0
2024-12-20 01:00:00,12,457,65.60089290021438,100.0
2024-12-20 02:00:00,12,458,61.82999231512787,100.0
2024-12-20 03:00:00,12,459,58.07924245695487,100.0
2024-12-20 04:00:00,12,460,54.322218132170455,100.0
2024-12-20 05:00:00,12,461,50.4803503846115,100.0
2024-12-20 06:00:00,12,462,49.96972092896985,12.810303503205564
2024-12-20 07:00:00,12,463,49.96472395687695,20.914698568046774
2024-12-20 08:00:00,12,464,54.59825605166443,100.0
2024-12-20 09:00:00,12,465,67.01019039778649,100.0
2024-12-20 10:00:00,12,466,81.76345537815364,100.0
2024-12-20 11:00:00,12,467,94.59614425029105,100.0
2024-12-20 12:00:00,12,468,99.99,100.0
2024-12-20 13:00:00,12,469,99.99,100.0
2024-12-20 14:00:00,12,470,99.99,100.0
2024-12-20 15:00:00,12,471,99.99,100.0
2024-12-20 16:00:00,12,472,99.99,100.0
2024-12-20 17:00:00,12,473,96.64877264907338,100.0
2024-12-20 18:00:00,12,474,92.55716417077441,100.0
2024-12-20 19:00:00,12,475,88.52546075182508,100.0
2024-12-20 20:00:00,12,476,84.56030594331672,100.0
2024-12-20 21:00:00,12,477,80.6382447068611,100.0
2024-12-20 22:00:00,12,478,76.77974632170307,100.0
2024-12-20 23:00:00,12,479,72.96503079470253,100.0
2024-12-21 00:00:00,12,480,69.16679562943752,100.0
2024-12-21 01:00:00,12,481,65.40866254933584,100.0
2024-12-21 02:00:00,12,482,61.68100320766662,100.0
2024-12-21 03:00:00,12,483,57.969990510051176,100.0
2024-12-21 04:00:00,12,484,54.24902462543605,100.0
2024-12-21 05:00:00,12,485,50.29692179706268,100.0
2024-12-21 06:00:00,12,486,49.979374099743,6.524936180594423
2024-12-21 07:00:00,12,487,49.97437616233303,8.036258425440908
2024-12-21 08:00:00,12,488,49.9693787247168,68.28459338386374
2024-12-21 09:00:00,12,489,51.175798806324025,100.0
2024-12-21 10:00:00,12,490,53.72090260608915,100.0
2024-12-21 11:00:00,12,491,55.416184939919965,100.0
2024-12-21 12:00:00,12,492,58.07088880012582,100.0
2024-12-21 13:00:00,12,493,60.198461948023805,100.0
2024-12-21 14:00:00,12,494,61.55098497071432,100.0
2024-12-21 15:00:00,12,495,61.726704270774704,100.0
2024-12-21 16:00:00,12,496,59.715312843260946,100.0
2024-12-21 17:00:00,12,497,55.23793144508312,100.0
2024-12-21 18:00:00,12,498,50.565479378282404,100.0
2024-12-21 19:00:00,12,499,49.96524090366607,12.823866229946201
2024-12-21 20:00:00,12,500,49.960244379575705,0.0
2024-12-21 21:00:00,12,501,49.95524835513775,0.0
2024-12-21 22:00:00,12,502,49.95025283030224,0.0
2024-12-21 23:00:00,12,503,49.94525780501921,0.0
2024-12-22 00:00:00,12,504,49.94026327923871,0.0
2024-12-22 01:00:00,12,505,49.935269252910786,0.0
2024-12-22 02:00:00,12,506,49.9302757259855,0.0
2024-12-22 03:00:00,12,507,49.9252826984129,0.0
2024-12-22 04:00:00,12,508,49.92029017014306,0.0
2024-12-22 05:00:00,12,509,49.915298141126044,0.0
2024-12-22 06:00:00,12,510,49.91030661131193,0.0
2024-12-22 07:00:00,12,511,49.90531558065081,10.309750333033332
2024-12-22 08:00:00,12,512,49.90032504909275,98.39083022978522
2024-12-22 09:00:00,12,513,53.20581022165466,100.0
2024-12-22 10:00:00,12,514,58.368476118582095,100.0
2024-12-22 11:00:00,12,515,66.85857040538409,100.0
2024-12-22 12:00:00,12,516,75.3573371682363,100.0
2024-12-22 13:00:00,12,517,83.9836640171163,100.0
2024-12-22 14:00:00,12,518,92.14065933393485,100.0
2024-12-22 15:00:00,12,519,97.75049200507172,100.0
2024-12-22 16:00:00,12,520,98.43812817233282,100.0
2024-12-22 17:00:00,12,521,94.36596165505236,100.0
2024-12-22 18:00:00,12,522,89.75871702025479,100.0
2024-12-22 19:00:00,12,523,85.178356288373,100.0
2024-12-22 20:00:00,12,524,80.50588497401304,100.0
2024-12-22 21:00:00,12,525,75.69196569006405,100.0
2024-12-22 22:00:00,12,526,70.77266009629759,100.0
2024-12-22 23:00:00,12,527,65.8935686947373,100.0
2024-12-23 00:00:00,12,528,61.0707863541468,100.0
2024-12-23 01:00:00,12,529,56.2353621965326,100.0
2024-12-23 02:00:00,12,530,51.407071122931434,100.0
2024-12-23 03:00:00,12,531,49.92095103074636,30.79251498389248
2024-12-23 04:00:00,12,532,49.91595893564328,0.0
2024-12-23 05:00:00,12,533,49.91096733974972,0.0
2024-12-23 06:00:00,12,534,49.90597624301574,0.0
2024-12-23 07:00:00,12,535,49.90098564539144,7.284092274360493
2024-12-23 08:00:00,12,536,49.8959955468269,62.43565232756249
2024-12-23 09:00:00,12,537,50.522910425443136,100.0
2024-12-23 10:00:00,12,538,52.47334869226729,100.0
2024-12-23 11:00:00,12,539,53.17543846284316,100.0
2024-12-23 12:00:00,12,540,55.462232470702524,100.0
2024-12-23 13:00:00,12,541,57.06438135519696,100.0
2024-12-23 14:00:00,12,542,57.79781177537438,100.0
2024-12-23 15:00:00,12,543,57.510131585975685,100.0
2024-12-23 16:00:00,12,544,54.80283858447,100.0
2024-12-23 17:00:00,12,545,49.74224429996781,96.09141599833283
2024-12-23 18:00:00,12,546,49.73727007553781,0.0
2024-12-23 19:00:00,12,547,49.732296348530255,0.0
2024-12-23 20:00:00,12,548,49.7273231188954,0.0
2024-12-23 21:00:00,12,549,49.722350386583514,0.0
2024-12-23 22:00:00,12,550,49.71737815154486,0.0
2024-12-23 23:00:00,12,551,49.7124064137297,0.0
2024-12-24 00:00:00,12,552,49.70743517308833,0.0
2024-12-24 01:00:00,12,553,49.702464429571016,0.0
2024-12-24 02:00:00,12,554,49.69749418312806,0.0
2024-12-24 03:00:00,12,555,49.69252443370974,0.0
2024-12-24 04:00:00,12,556,49.687555181266376,0.0
2024-12-24 05:00:00,12,557,49.682586425748255,0.0
2024-12-24 06:00:00,12,558,49.67761816710568,0.0
2024-12-24 07:00:00,12,559,49.67265040528896,16.369347705998237
2024-12-24 08:00:00,12,560,52.2455717691126,100.0
2024-12-24 09:00:00,12,561,61.33217926955605,100.0
2024-12-24 10:00:00,12,562,73.37251629329305,100.0
2024-12-24 11:00:00,12,563,85.75896711410121,100.0
2024-12-24 12:00:00,12,564,98.15513076550754,100.0
2024-12-24 13:00:00,12,565,99.99,100.0
2024-12-24 14:00:00,12,566,99.99,100.0
2024-12-24 15:00:00,12,567,99.99,100.0
2024-12-24 16:00:00,12,568,99.99,100.0
2024-12-24 17:00:00,12,569,95.78191653463247,100.0
2024-12-24 18:00:00,12,570,91.1281585011029,100.0
2024-12-24 19:00:00,12,571,86.52123764662073,100.0
2024-12-24 20:00:00,12,572,81.97129858780075,100.0
2024-12-24 21:00:00,12,573,77.43721346132239,100.0
2024-12-24 22:00:00,12,574,72.91390603162611,100.0
2024-12-24 23:00:00,12,575,68.42044890605018,100.0
2024-12-25 00:00:00,12,576,63.94738975097858,100.0
2024-12-25 01:00:00,12,577,59.5283242104741,100.0
2024-12-25 02:00:00,12,578,55.29133805489095,100.0
2024-12-25 03:00:00,12,579,51.104647159902804,100.0
2024-12-25 04:00:00,12,580,49.93686648972701,29.464690707154713
2024-12-25 05:00:00,12,581,49.93187280307804,0.0
2024-12-25 06:00:00,12,582,49.92687961579773,0.0
2024-12-25 07:00:00,12,583,49.92188692783615,10.123451426798143
2024-12-25 08:00:00,12,584,49.916894739143366,95.21135333386334
2024-12-25 09:00:00,12,585,54.243673375084036,100.0
2024-12-25 10:00:00,12,586,60.49661077108658,100.0
2024-12-25 11:00:00,12,587,67.07301056387003,100.0
2024-12-25 12:00:00,12,588,74.86531104335153,100.0
2024-12-25 13:00:00,12,589,81.65538171254354,100.0
2024-12-25 14:00:00,12,590,88.92876813479775,100.0
2024-12-25 15:00:00,12,591,93.73709960861443,100.0
2024-12-25 16:00:00,12,592,94.15235999477977,100.0
2024-12-25 17:00:00,12,593,90.53844721015054,100.0
2024-12-25 18:00:00,12,594,86.63276198943491,100.0
2024-12-25 19:00:00,12,595,82.76421480396306,100.0
2024-12-25 20:00:00,12,596,78.94890083011428,100.0
2024-12-25 21:00:00,12,597,75.10387046253845,100.0
2024-12-25 22:00:00,12,598,71.30909615997885,100.0
2024-12-25 23:00:00,12,599,67.54042456155467,100.0
2024-12-26 00:00:00,12,600,63.78910366015705,100.0
2024-12-26 01:00:00,12,601,60.02485880765504,100.0
2024-12-26 02:00:00,12,602,56.28391379935515,100.0
2024-12-26 03:00:00,12,603,52.55069237890043,100.0
2024-12-26 04:00:00,12,604,48.82729362917333,100.0
2024-12-26 05:00:00,12,605,45.047746115744495,100.0
2024-12-26 06:00:00,12,606,41.212755405237374,100.0
2024-12-26 07:00:00,12,607,37.7883164345773,100.0
2024-12-26 08:00:00,12,608,37.39613421200637,100.0
2024-12-26 09:00:00,12,609,39.63376302997006,100.0
2024-12-26 10:00:00,12,610,43.68034342962825,100.0
2024-12-26 11:00:00,12,611,48.19851473878688,100.0
2024-12-26 12:00:00,12,612,54.17188292733871,100.0
2024-12-26 13:00:00,12,613,59.50879799365067,100.0
2024-12-26 14:00:00,12,614,63.97661468994467,100.0
2024-12-26 15:00:00,12,615,67.09671800963612,100.0
2024-12-26 16:00:00,12,616,66.74341148193523,100.0
2024-12-26 17:00:00,12,617,62.03335394901055,100.0
2024-12-26 18:00:00,12,618,56.84435790236145,100.0
2024-12-26 19:00:00,12,619,51.96963412594564,100.0
2024-12-26 20:00:00,12,620,49.89134541249826,50.04881594202952
2024-12-26 21:00:00,12,621,46.066019642394124,100.0
2024-12-26 22:00:00,12,622,42.283073509691796,100.0
2024-12-26 23:00:00,12,623,38.52097926020483,100.0
2024-12-27 00:00:00,12,624,34.798983481789605,100.0
2024-12-27 01:00:00,12,625,34.79550358344142,0.0
2024-12-27 02:00:00,12,626,34.79202403308308,0.0
2024-12-27 03:00:00,12,627,34.78854483067977,0.0
2024-12-27 04:00:00,12,628,34.785065976196705,0.0
2024-12-27 05:00:00,12,629,34.78158746959908,0.0
2024-12-27 06:00:00,12,630,34.77810931085212,0.0
2024-12-27 07:00:00,12,631,34.774631499921036,9.028342106130127
2024-12-27 08:00:00,12,632,34.771154036771044,74.94520638304752
2024-12-27 09:00:00,12,633,36.79539189884278,100.0
2024-12-27 10:00:00,12,634,39.86856606338141,100.0
2024-12-27 11:00:00,12,635,42.549155500165,100.0
2024-12-27 12:00:00,12,636,46.57765597927268,100.0
2024-12-27 13:00:00,12,637,49.45292279161855,100.0
2024-12-27 14:00:00,12,638,51.69629323534623,100.0
2024-12-27 15:00:00,12,639,52.58366676832136,100.0
2024-12-27 16:00:00,12,640,51.28564320507505,100.0
2024-12-27 17:00:00,12,641,49.927341334697125,40.42234573935748
2024-12-27 18:00:00,12,642,49.92234860056366,0.0
2024-12-27 19:00:00,12,643,49.9173563657036,0.0
2024-12-27 20:00:00,12,644,49.91236463006703,0.0
2024-12-27 21:00:00,12,645,49.90737339360402,0.0
2024-12-27 22:00:00,12,646,49.90238265626466,0.0
2024-12-27 23:00:00,12,647,49.897392417999036,0.0
2024-12-28 00:00:00,12,648,49.892402678757236,0.0
2024-12-28 01:00:00,12,649,49.88741343848936,0.0
2024-12-28 02:00:00,12,650,49.88242469714552,0.0
2024-12-28 03:00:00,12,651,49.8774364546758,0.0
2024-12-28 04:00:00,12,652,49.87244871103033,0.0
2024-12-28 05:00:00,12,653,49.86746146615923,0.0
2024-12-28 06:00:00,12,654,49.862474720012614,0.0
2024-12-28 07:00:00,12,655,49.857488472540616,11.120571884540835
2024-12-28 08:00:00,12,656,49.85250272369336,98.67459851597033
2024-12-28 09:00:00,12,657,53.915007372738174,100.0
2024-12-28 10:00:00,12,658,60.24345754071896,100.0
2024-12-28 11:00:00,12,659,69.77137224831387,100.0
2024-12-28 12:00:00,12,660,79.30435897368532,100.0
2024-12-28 13:00:00,12,661,88.33044058060968,100.0
2024-12-28 14:00:00,12,662,96.28777529677268,100.0
2024-12-28 15:00:00,12,663,99.99,100.0
2024-12-28 16:00:00,12,664,99.99,100.0
2024-12-28 17:00:00,12,665,96.43492190446787,100.0
2024-12-28 18:00:00,12,666,92.35960868936299,100.0
2024-12-28 19:00:00,12,667,88.35154839742574,100.0
2024-12-28 20:00:00,12,668,84.41668389321404,100.0
2024-12-28 21:00:00,12,669,80.53138448568511,100.0
2024-12-28 22:00:00,12,670,76.68917066466882,100.0
2024-12-28 23:00:00,12,671,72.89056308541682,100.0
2024-12-29 00:00:00,12,672,69.11595873838668,100.0
2024-12-29 01:00:00,12,673,65.36448028357137,100.0
2024-12-29 02:00:00,12,674,61.627376011543134,100.0
2024-12-29 03:00:00,12,675,57.899394846780616,100.0
2024-12-29 04:00:00,12,676,54.149038048354456,100.0
2024-12-29 05:00:00,12,677,50.302812920384646,100.0
2024-12-29 06:00:00,12,678,49.9790640716267,8.08314254333003
2024-12-29 07:00:00,12,679,49.97406616521955,10.250176389435612
2024-12-29 08:00:00,12,680,49.96906875860302,87.86369296575366
2024-12-29 09:00:00,12,681,52.13355445861705,100.0
2024-12-29 10:00:00,12,682,56.04214575533566,100.0
2024-12-29 11:00:00,12,683,61.37262675290486,100.0
2024-12-29 12:00:00,12,684,68.16965890103253,100.0
2024-12-29 13:00:00,12,685,73.587881831575,100.0
2024-12-29 14:00:00,12,686,78.51951328686927,100.0
2024-12-29 15:00:00,12,687,82.33081728193001,100.0
2024-12-29 16:00:00,12,688,82.8559818712185,100.0
2024-12-29 17:00:00,12,689,79.23422763846146,100.0
2024-12-29 18:00:00,12,690,75.19440716457979,100.0
2024-12-29 19:00:00,12,691,71.24388454462466,100.0
2024-12-29 20:00:00,12,692,67.32385490205597,100.0
2024-12-29 21:00:00,12,693,63.413841598973896,100.0
2024-12-29 22:00:00,12,694,59.57701427891845,100.0
2024-12-29 23:00:00,12,695,55.76331907337511,100.0
2024-12-30 00:00:00,12,696,52.013875834273385,100.0
2024-12-30 01:00:00,12,697,49.88901713438474,57.15643133299393
2024-12-30 02:00:00,12,698,49.8840282326713,0.0
2024-12-30 03:00:00,12,699,49.879039829848026,0.0
2024-12-30 04:00:00,12,700,49.87405192586505,0.0
2024-12-30 05:00:00,12,701,49.86906452067246,0.0
2024-12-30 06:00:00,12,702,49.86407761422039,0.0
2024-12-30 07:00:00,12,703,49.85909120645897,21.346723924637136
2024-12-30 08:00:00,12,704,54.2116514075413,100.0
2024-12-30 09:00:00,12,705,67.16563665336824,100.0
2024-12-30 10:00:00,12,706,80.96264411286964,100.0
2024-12-30 11:00:00,12,707,94.6484082833994,100.0
2024-12-30 12:00:00,12,708,99.99,100.0
2024-12-30 13:00:00,12,709,99.99,100.0
2024-12-30 14:00:00,12,710,99.99,100.0
2024-12-30 15:00:00,12,711,99.99,100.0
2024-12-30 16:00:00,12,712,99.99,100.0
2024-12-30 17:00:00,12,713,96.78372827643308,100.00000000000003
2024-12-30 18:00:00,12,714,92.80094879924232,100.0
2024-12-30 19:00:00,12,715,88.8721139086509,100.0
2024-12-30 20:00:00,12,716,85.01944167816997,100.0
2024-12-30 21:00:00,12,717,81.20687697655889,100.0
2024-12-30 22:00:00,12,718,77.43354085338088,100.0
2024-12-30 23:00:00,12,719,73.6745810987568,100.0
2024-01-01 00:00:00,1,720,49.995,1.0454256245677216
2024-01-01 01:00:00,1,721,49.9900005,1.0501358540678156
2024-01-01 02:00:00,1,722,49.98500149995,1.0557846761960528
2024-01-01 03:00:00,1,723,49.98000299980001,1.0559839842665038
2024-01-01 04:00:00,1,724,49.97500499950003,1.0511718802322159
2024-01-01 05:00:00,1,725,49.97000749900008,1.0310697499019834
2024-01-01 06:00:00,1,726,49.96501049825018,1.0168716889030605
2024-01-01 07:00:00,1,727,49.960013997200356,6.743287249153328
2024-01-01 08:00:00,1,728,51.05202121335596,100.0
2024-01-01 09:00:00,1,729,58.59674566417322,100.0
2024-01-01 10:00:00,1,730,68.09269811497248,100.0
2024-01-01 11:00:00,1,731,77.72691424386461,100.0
2024-01-01 12:00:00,1,732,88.59807081195696,100.0
2024-01-01 13:00:00,1,733,99.99,100.0
2024-01-01 14:00:00,1,734,99.99,100.0
2024-01-01 15:00:00,1,735,99.99,100.0
2024-01-01 16:00:00,1,736,99.99,100.0
2024-01-01 17:00:00,1,737,97.42073121481484,100.0
2024-01-01 18:00:00,1,738,93.52630545072412,100.0
2024-01-01 19:00:00,1,739,89.67854910823974,100.0
2024-01-01 20:00:00,1,740,85.89802293323574,100.0
2024-01-01 21:00:00,1,741,82.08182729587462,100.0
2024-01-01 22:00:00,1,742,78.28596190286902,100.0
2024-01-01 23:00:00,1,743,74.50657498658556,100.0
2024-01-02 00:00:00,1,744,70.74366489917658,100.0
2024-01-02 01:00:00,1,745,66.9848058494485,100.0
2024-01-02 02:00:00,1,746,63.23962176881992,100.0
2024-01-02 03:00:00,1,747,59.52491013172384,100.0
2024-01-02 04:00:00,1,748,55.810569965791466,100.0
2024-01-02 05:00:00,1,749,52.03710533537389,100.0
2024-01-02 06:00:00,1,750,48.160425192851505,100.0
2024-01-02 07:00:00,1,751,44.50773283869975,100.0
2024-01-02 08:00:00,1,752,45.020157186626506,100.0
2024-01-02 09:00:00,1,753,51.21965045086443,100.0
2024-01-02 10:00:00,1,754,59.60068973002569,100.0
2024-01-02 11:00:00,1,755,69.51920107932007,100.0
2024-01-02 12:00:00,1,756,79.31804618354843,100.0
2024-01-02 13:00:00,1,757,89.28108268044004,100.0
2024-01-02 14:00:00,1,758,98.65198268937789,100.0
2024-01-02 15:00:00,1,759,99.99,100.0
2024-01-02 16:00:00,1,760,99.99,100.0
2024-01-02 17:00:00,1,761,97.11492727785412,100.0
2024-01-02 18:00:00,1,762,93.2630541627922,100.0
2024-01-02 19:00:00,1,763,89.43877252896381,100.0
2024-01-02 20:00:00,1,764,85.63849669476272,100.0
2024-01-02 21:00:00,1,765,81.80622811984261,100.0
2024-01-02 22:00:00,1,766,77.98309216861851,100.0
2024-01-02 23:00:00,1,767,74.18763664912564,100.0
2024-01-03 00:00:00,1,768,70.41233431203972,100.0
2024-01-03 01:00:00,1,769,66.64703384170987,100.0
2024-01-03 02:00:00,1,770,62.898208791609875,100.0
2024-01-03 03:00:00,1,771,59.149758624014915,100.0
2024-01-03 04:00:00,1,772,55.38925915792603,100.0
2024-01-03 05:00:00,1,773,51.5827639385397,100.0
2024-01-03 06:00:00,1,774,47.733252360356346,100.0
2024-01-03 07:00:00,1,775,43.96905074365598,100.0
2024-01-03 08:00:00,1,776,43.37208797247648,100.0
2024-01-03 09:00:00,1,777,48.091775305886266,100.0
2024-01-03 10:00:00,1,778,54.778766981887664,100.0
2024-01-03 11:00:00,1,779,62.04087000238885,100.0
2024-01-03 12:00:00,1,780,70.11799024301952,100.0
2024-01-03 13:00:00,1,781,78.02493704061895,100.0
2024-01-03 14:00:00,1,782,85.6628874321863,100.0
2024-01-03 15:00:00,1,783,92.12893611961216,100.0
2024-01-03 16:00:00,1,784,94.8050942460214,100.0
2024-01-03 17:00:00,1,785,91.96556141404861,100.0
2024-01-03 18:00:00,1,786,88.0737810221792,100.0
2024-01-03 19:00:00,1,787,84.24704352073977,100.0
2024-01-03 20:00:00,1,788,80.45306146135293,100.0
2024-01-03 21:00:00,1,789,76.65648400524694,100.0
2024-01-03 22:00:00,1,790,72.85451160497315,100.0
2024-01-03 23:00:00,1,791,69.04626986034211,100.0
2024-01-04 00:00:00,1,792,65.24138373481064,100.0
2024-01-04 01:00:00,1,793,61.45297698807456,100.0
2024-01-04 02:00:00,1,794,57.69137226046542,100.0
2024-01-04 03:00:00,1,795,53.93381844000121,100.0
2024-01-04 04:00:00,1,796,50.170865773005644,100.0
2024-01-04 05:00:00,1,797,46.337769262758464,100.0
2024-01-04 06:00:00,1,798,42.33006812539229,100.0
2024-01-04 07:00:00,1,799,38.37445522135694,100.0
2024-01-04 08:00:00,1,800,39.70082123770007,100.0
2024-01-04 09:00:00,1,801,49.06405543222612,100.0
2024-01-04 10:00:00,1,802,60.56500404596869,100.0
2024-01-04 11:00:00,1,803,71.18220167064567,100.0
2024-01-04 12:00:00,1,804,81.33866076481803,100.0
2024-01-04 13:00:00,1,805,91.85957976435299,100.0
2024-01-04 14:00:00,1,806,99.99,100.0
2024-01-04 15:00:00,1,807,99.99,100.0
2024-01-04 16:00:00,1,808,99.99,100.0
2024-01-04 17:00:00,1,809,97.08940930972679,100.0
2024-01-04 18:00:00,1,810,92.90626947316667,100.0
2024-01-04 19:00:00,1,811,88.76162060558133,100.0
2024-01-04 20:00:00,1,812,84.67320735471237,100.0
2024-01-04 21:00:00,1,813,80.61250106330463,100.0
2024-01-04 22:00:00,1,814,76.62114608961342,100.0
2024-01-04 23:00:00,1,815,72.68688634293304,100.0
2024-01-05 00:00:00,1,816,68.75599481715243,100.0
2024-01-05 01:00:00,1,817,64.81884683892713,100.0
2024-01-05 02:00:00,1,818,60.90186621235469,100.0
2024-01-05 03:00:00,1,819,57.01170046229716,100.0
2024-01-05 04:00:00,1,820,53.15219664187586,100.0
2024-01-05 05:00:00,1,821,49.14083926684668,100.0
2024-01-05 06:00:00,1,822,45.00721648387923,100.0
2024-01-05 07:00:00,1,823,40.81566676345042,100.0
2024-01-05 08:00:00,1,824,38.95126084247138,100.0
2024-01-05 09:00:00,1,825,40.83582934786214,100.0
2024-01-05 10:00:00,1,826,44.6100227455208,100.0
2024-01-05 11:00:00,1,827,48.71385313426298,100.0
2024-01-05 12:00:00,1,828,52.52592476972795,100.0
2024-01-05 13:00:00,1,829,54.89161116408323,100.0
2024-01-05 14:00:00,1,830,56.583779831427684,100.0
2024-01-05 15:00:00,1,831,57.2586641704431,100.0
2024-01-05 16:00:00,1,832,56.11484125755746,100.0
2024-01-05 17:00:00,1,833,52.46844085614645,100.0
2024-01-05 18:00:00,1,834,49.865095051996796,62.55133426668935
2024-01-05 19:00:00,1,835,49.860108542491595,0.9402548490407593
2024-01-05 20:00:00,1,836,49.85512253163735,0.9561253158970578
2024-01-05 21:00:00,1,837,49.85013701938418,0.9652823400613866
2024-01-05 22:00:00,1,838,49.845152005682245,0.9821888697872326
2024-01-05 23:00:00,1,839,49.840167490481676,0.9922503167460286
2024-01-06 00:00:00,1,840,49.83518347373263,1.006307382173283
2024-01-06 01:00:00,1,841,49.830199955385254,0.9972920593074944
2024-01-06 02:00:00,1,842,49.82521693538972,1.0091667257181556
2024-01-06 03:00:00,1,843,49.820234413696184,1.0354595142127327
2024-01-06 04:00:00,1,844,49.81525239025481,1.0237106941768288
2024-01-06 05:00:00,1,845,49.81027086501579,0.9944995174284611
2024-01-06 06:00:00,1,846,49.80528983792929,0.956984074360504
2024-01-06 07:00:00,1,847,49.8003093089455,5.424467915710207
2024-01-06 08:00:00,1,848,50.15943519617563,100.0
2024-01-06 09:00:00,1,849,57.46766506559372,100.0
2024-01-06 10:00:00,1,850,67.1261104085893,100.0
2024-01-06 11:00:00,1,851,77.78906768609635,100.0
2024-01-06 12:00:00,1,852,89.01101738137186,100.0
2024-01-06 13:00:00,1,853,99.96952861592784,100.0
2024-01-06 14:00:00,1,854,99.99,100.0
2024-01-06 15:00:00,1,855,99.99,100.0
2024-01-06 16:00:00,1,856,99.99,100.0
2024-01-06 17:00:00,1,857,97.53981392233162,100.00000000000003
2024-01-06 18:00:00,1,858,93.46281250495085,100.0
2024-01-06 19:00:00,1,859,89.37095433996686,100.0
2024-01-06 20:00:00,1,860,85.37224896728749,100.0
2024-01-06 21:00:00,1,861,81.4532130005022,100.0
2024-01-06 22:00:00,1,862,77.76905277258543,100.0
2024-01-06 23:00:00,1,863,74.12935792075747,100.0
2024-01-07 00:00:00,1,864,70.53552390197488,100.0
2024-01-07 01:00:00,1,865,66.92297558148624,100.0
2024-01-07 02:00:00,1,866,63.15802404702945,100.0
2024-01-07 03:00:00,1,867,59.397123754398265,100.0
2024-01-07 04:00:00,1,868,55.64237415370975,100.0
2024-01-07 05:00:00,1,869,51.812405239296666,100.0
2024-01-07 06:00:00,1,870,49.89961978953828,48.47749090378991
2024-01-07 07:00:00,1,871,49.89462982755933,6.999013132369797
2024-01-07 08:00:00,1,872,50.87108094107443,100.0
2024-01-07 09:00:00,1,873,58.83470771550109,100.0
2024-01-07 10:00:00,1,874,69.1019552899177,100.0
2024-01-07 11:00:00,1,875,79.77765086360378,100.0
2024-01-07 12:00:00,1,876,90.52632610659433,100.0
2024-01-07 13:00:00,1,877,99.99,100.0
2024-01-07 14:00:00,1,878,99.99,100.0
2024-01-07 15:00:00,1,879,99.99,100.0
2024-01-07 16:00:00,1,880,99.99,100.0
2024-01-07 17:00:00,1,881,97.43795709620409,100.0
2024-01-07 18:00:00,1,882,93.37230586241715,100.0
2024-01-07 19:00:00,1,883,89.36585086124119,100.0
2024-01-07 20:00:00,1,884,85.44711548601359,100.0
2024-01-07 21:00:00,1,885,81.5942174726755,100.0
2024-01-07 22:00:00,1,886,77.78440180571062,100.0
2024-01-07 23:00:00,1,887,74.01171458703413,100.0
2024-01-08 00:00:00,1,888,70.24972892534895,100.0
2024-01-08 01:00:00,1,889,66.4784951257076,100.0
2024-01-08 02:00:00,1,890,62.712713099612515,100.0
2024-01-08 03:00:00,1,891,58.954657145064395,100.0
2024-01-08 04:00:00,1,892,55.16390427606219,100.0
2024-01-08 05:00:00,1,893,51.31403458384509,100.0
2024-01-08 06:00:00,1,894,49.925847201032276,35.709465274754365
2024-01-08 07:00:00,1,895,49.92085461631217,2.512223740741587
2024-01-08 08:00:00,1,896,49.91586253085054,54.475776642067366
2024-01-08 09:00:00,1,897,52.304487215372696,100.0
2024-01-08 10:00:00,1,898,56.74900008142193,100.0
2024-01-08 11:00:00,1,899,62.28932650777183,100.0
2024-01-08 12:00:00,1,900,70.66732378005966,100.0
2024-01-08 13:00:00,1,901,78.9044965375478,100.0
2024-01-08 14:00:00,1,902,86.41330606648012,100.0
2024-01-08 15:00:00,1,903,93.87329618985699,100.0
2024-01-08 16:00:00,1,904,97.58396129071477,100.0
2024-01-08 17:00:00,1,905,94.98116992963809,99.99999999999999
2024-01-08 18:00:00,1,906,90.94845290076499,100.0
2024-01-08 19:00:00,1,907,86.98266249827908,100.0
2024-01-08 20:00:00,1,908,83.10616254671258,100.0
2024-01-08 21:00:00,1,909,79.29619568524029,100.0
2024-01-08 22:00:00,1,910,75.52335728717587,100.0
2024-01-08 23:00:00,1,911,71.75387096787634,100.0
2024-01-09 00:00:00,1,912,68.00453523406375,100.0
2024-01-09 01:00:00,1,913,64.26957346876613,100.0
2024-01-09 02:00:00,1,914,60.565083124769494,100.0
2024-01-09 03:00:00,1,915,56.88003691491518,100.0
2024-01-09 04:00:00,1,916,53.205683497951284,100.0
2024-01-09 05:00:00,1,917,49.48252590609671,100.0
2024-01-09 06:00:00,1,918,45.65684772318055,100.0
2024-01-09 07:00:00,1,919,42.17266159420663,100.0
2024-01-09 08:00:00,1,920,45.77487295501947,100.0
2024-01-09 09:00:00,1,921,60.748027277082464,100.0
2024-01-09 10:00:00,1,922,77.6330222213349,100.0
2024-01-09 11:00:00,1,923,93.8305904851295,100.0
2024-01-09 12:00:00,1,924,99.99,100.0
2024-01-09 13:00:00,1,925,99.99,100.0
2024-01-09 14:00:00,1,926,99.99,100.0
2024-01-09 15:00:00,1,927,99.99,100.0
2024-01-09 16:00:00,1,928,99.99,100.0
2024-01-09 17:00:00,1,929,98.69468893029746,100.0
2024-01-09 18:00:00,1,930,94.85072829119389,100.0
2024-01-09 19:00:00,1,931,91.02996263662479,100.0
2024-01-09 20:00:00,1,932,87.22952768341297,100.0
2024-01-09 21:00:00,1,933,83.66378162103148,100.0
2024-01-09 22:00:00,1,934,80.10574162660058,100.0
2024-01-09 23:00:00,1,935,76.415766555971,100.0
2024-01-10 00:00:00,1,936,72.70638684599346,100.0
2024-01-10 01:00:00,1,937,69.03342558896155,100.0
2024-01-10 02:00:00,1,938,65.36450637472751,100.0
2024-01-10 03:00:00,1,939,61.73200156738952,100.0
2024-01-10 04:00:00,1,940,58.096885215607166,100.0
2024-01-10 05:00:00,1,941,54.39301214043585,100.0
2024-01-10 06:00:00,1,942,50.64541249250599,100.0
2024-01-10 07:00:00,1,943,47.12513392671526,100.0
2024-01-10 08:00:00,1,944,49.63619252803005,100.0
2024-01-10 09:00:00,1,945,61.769942584699955,100.0
2024-01-10 10:00:00,1,946,75.66559126871587,100.0
2024-01-10 11:00:00,1,947,89.06625569795091,100.0
2024-01-10 12:00:00,1,948,99.99,100.0
2024-01-10 13:00:00,1,949,99.99,100.0
2024-01-10 14:00:00,1,950,99.99,100.0
2024-01-10 15:00:00,1,951,99.99,100.0
2024-01-10 16:00:00,1,952,99.99,100.0
2024-01-10 17:00:00,1,953,97.83833004935634,100.0
2024-01-10 18:00:00,1,954,93.61895194086458,100.0
2024-01-10 19:00:00,1,955,89.79253486201712,100.0
2024-01-10 20:00:00,1,956,86.0216216249601,100.0
2024-01-10 21:00:00,1,957,82.25178543097385,100.0
2024-01-10 22:00:00,1,958,78.51469898890947,100.0
2024-01-10 23:00:00,1,959,74.80808418061373,100.0
2024-01-11 00:00:00,1,960,71.09221569727649,100.0
2024-01-11 01:00:00,1,961,67.40909156909002,100.0
2024-01-11 02:00:00,1,962,63.693263033266824,100.0
2024-01-11 03:00:00,1,963,59.955057648517126,100.0
2024-01-11 04:00:00,1,964,57.358497407919906,100.0
2024-01-11 05:00:00,1,965,53.80308794191032,100.0
2024-01-11 06:00:00,1,966,49.874084795969814,100.0
2024-01-11 07:00:00,1,967,45.91817900899409,100.0
2024-01-11 08:00:00,1,968,46.12547807018197,100.0
2024-01-11 09:00:00,1,969,53.28175283903982,100.0
2024-01-11 10:00:00,1,970,62.584778454682855,100.0
2024-01-11 11:00:00,1,971,72.12349374422212,100.0
2024-01-11 12:00:00,1,972,81.84648996389183,100.0
2024-01-11 13:00:00,1,973,91.79091732989804,100.0
2024-01-11 14:00:00,1,974,99.99,100.0
2024-01-11 15:00:00,1,975,99.99,100.0
2024-01-11 16:00:00,1,976,99.99,100.0
2024-01-11 17:00:00,1,977,97.61209865155102,100.0
2024-01-11 18:00:00,1,978,93.51078768951841,100.0
2024-01-11 19:00:00,1,979,89.43817340006068,100.0
2024-01-11 20:00:00,1,980,85.44593585913579,100.0
2024-01-11 21:00:00,1,981,81.4843704550262,100.0
2024-01-11 22:00:00,1,982,77.57902235928667,100.0
2024-01-11 23:00:00,1,983,73.70416272348112,100.0
2024-01-12 00:00:00,1,984,69.89513606199115,100.0
2024-01-12 01:00:00,1,985,66.16943458519633,100.0
2024-01-12 02:00:00,1,986,62.408233151511325,100.0
2024-01-12 03:00:00,1,987,58.64740783796969,100.0
2024-01-12 04:00:00,1,988,54.83988685196829,100.0
2024-01-12 05:00:00,1,989,50.95032729984681,100.0
2024-01-12 06:00:00,1,990,46.939190111751834,100.0
2024-01-12 07:00:00,1,991,43.00422746718295,100.0
2024-01-12 08:00:00,1,992,43.55270090538878,100.0
2024-01-12 09:00:00,1,993,50.11383150179655,100.0
2024-01-12 10:00:00,1,994,58.77615786923604,100.0
2024-01-12 11:00:00,1,995,68.41110369884152,100.0
2024-01-12 12:00:00,1,996,78.50634739512567,100.0
2024-01-12 13:00:00,1,997,88.58345452953978,100.0
2024-01-12 14:00:00,1,998,98.69919136920252,100.0
2024-01-12 15:00:00,1,999,99.99,100.0
2024-01-12 16:00:00,1,1000,99.99,100.0
2024-01-12 17:00:00,1,1001,97.88406604764431,100.0
2024-01-12 18:00:00,1,1002,93.82842984831156,100.0
2024-01-12 19:00:00,1,1003,89.809898385989,100.0
2024-01-12 20:00:00,1,1004,85.8078676669955,100.0
2024-01-12 21:00:00,1,1005,81.85995844766232,100.0
2024-01-12 22:00:00,1,1006,77.93816724595624,100.0
2024-01-12 23:00:00,1,1007,74.04319140182261,100.0
2024-01-13 00:00:00,1,1008,70.1986516051896,100.0
2024-01-13 01:00:00,1,1009,66.37059515271912,100.0
2024-01-13 02:00:00,1,1010,62.549571047491135,100.0
2024-01-13 03:00:00,1,1011,58.73557858627094,100.0
2024-01-13 04:00:00,1,1012,54.892569550919504,100.0
2024-01-13 05:00:00,1,1013,50.987474123044706,100.0
2024-01-13 06:00:00,1,1014,46.910756062867776,100.0
2024-01-13 07:00:00,1,1015,42.983810395985174,100.0
2024-01-13 08:00:00,1,1016,45.195833782088215,100.0
2024-01-13 09:00:00,1,1017,56.583132911648846,100.0
2024-01-13 10:00:00,1,1018,69.81979818333289,100.0
2024-01-13 11:00:00,1,1019,79.95520596432497,100.0
2024-01-13 12:00:00,1,1020,89.58500878578586,100.0
2024-01-13 13:00:00,1,1021,99.99,100.0
2024-01-13 14:00:00,1,1022,99.99,100.0
2024-01-13 15:00:00,1,1023,99.99,100.0
2024-01-13 16:00:00,1,1024,99.99,100.0
2024-01-13 17:00:00,1,1025,97.25868926148638,100.0
2024-01-13 18:00:00,1,1026,93.10235301261304,100.0
2024-01-13 19:00:00,1,1027,88.99675921178769,100.0
2024-01-13 20:00:00,1,1028,85.00167776028543,100.0
2024-01-13 21:00:00,1,1029,81.0084311483135,100.0
2024-01-13 22:00:00,1,1030,77.06949273939483,100.0
2024-01-13 23:00:00,1,1031,73.18970914889553,100.0
2024-01-14 00:00:00,1,1032,69.38189501654949,100.0
2024-01-14 01:00:00,1,1033,65.57643580149217,100.0
2024-01-14 02:00:00,1,1034,61.81271402256703,100.0
2024-01-14 03:00:00,1,1035,58.06177681642839,100.0
2024-01-14 04:00:00,1,1036,54.313598205705496,100.0
2024-01-14 05:00:00,1,1037,50.48219591151476,100.0
2024-01-14 06:00:00,1,1038,46.506993494730644,100.0
2024-01-14 07:00:00,1,1039,42.56342034937669,100.0
2024-01-14 08:00:00,1,1040,43.29674560164367,100.0
2024-01-14 09:00:00,1,1041,50.544085176006526,100.0
2024-01-14 10:00:00,1,1042,60.88218805999864,100.0
2024-01-14 11:00:00,1,1043,71.77895122976862,100.0
2024-01-14 12:00:00,1,1044,83.24284414114615,100.0
2024-01-14 13:00:00,1,1045,94.28849527164871,100.0
2024-01-14 14:00:00,1,1046,99.99,100.0
2024-01-14 15:00:00,1,1047,99.99,100.0
2024-01-14 16:00:00,1,1048,99.99,100.0
2024-01-14 17:00:00,1,1049,97.41677479765866,99.99999999999999
2024-01-14 18:00:00,1,1050,93.38473501638835,100.0
2024-01-14 19:00:00,1,1051,89.42389663200336,100.0
2024-01-14 20:00:00,1,1052,85.53045213783611,100.0
2024-01-14 21:00:00,1,1053,81.67262687200777,100.0
2024-01-14 22:00:00,1,1054,77.83440523225394,100.0
2024-01-14 23:00:00,1,1055,74.03412185056725,100.0
2024-01-15 00:00:00,1,1056,70.22891982916614,100.0
2024-01-15 01:00:00,1,1057,66.4256563133615,100.0
2024-01-15 02:00:00,1,1058,62.65961832656938,100.0
2024-01-15 03:00:00,1,1059,58.90351987565977,100.0
2024-01-15 04:00:00,1,1060,55.10714344027071,100.0
2024-01-15 05:00:00,1,1061,51.239051693458826,100.0
2024-01-15 06:00:00,1,1062,47.257666923672794,100.0
2024-01-15 07:00:00,1,1063,43.28492566147137,100.0
2024-01-15 08:00:00,1,1064,43.48023222473291,100.0
2024-01-15 09:00:00,1,1065,50.549461741983826,100.0
2024-01-15 10:00:00,1,1066,59.895171465811735,100.0
2024-01-15 11:00:00,1,1067,70.88865885934254,100.0
2024-01-15 12:00:00,1,1068,82.39199064024143,100.0
2024-01-15 13:00:00,1,1069,93.5855064752738,100.0
2024-01-15 14:00:00,1,1070,99.99,100.0
2024-01-15 15:00:00,1,1071,99.99,100.0
2024-01-15 16:00:00,1,1072,99.99,100.0
2024-01-15 17:00:00,1,1073,97.62860980691181,100.0
2024-01-15 18:00:00,1,1074,93.6402703017048,100.0
2024-01-15 19:00:00,1,1075,89.71524334622532,100.0
2024-01-15 20:00:00,1,1076,85.87307774656156,100.0
2024-01-15 21:00:00,1,1077,82.24321790598889,100.0
2024-01-15 22:00:00,1,1078,78.66876105060993,100.0
2024-01-15 23:00:00,1,1079,75.16897759407549,100.0
2024-01-16 00:00:00,1,1080,71.56956548129742,100.0
2024-01-16 01:00:00,1,1081,68.01950932736544,100.0
2024-01-16 02:00:00,1,1082,64.42843752285337,100.0
2024-01-16 03:00:00,1,1083,60.86193424076674,100.0
2024-01-16 04:00:00,1,1084,57.29118249606182,100.0
2024-01-16 05:00:00,1,1085,53.68080822991601,100.0
2024-01-16 06:00:00,1,1086,49.99635401217489,100.0
2024-01-16 07:00:00,1,1087,49.99135437677367,8.560361747915943
2024-01-16 08:00:00,1,1088,51.8002618613931,100.0
2024-01-16 09:00:00,1,1089,60.657778356190605,100.0
2024-01-16 10:00:00,1,1090,71.8900234383134,100.0
2024-01-16 11:00:00,1,1091,82.7399891619552,100.0
2024-01-16 12:00:00,1,1092,94.17479471583466,100.0
2024-01-16 13:00:00,1,1093,99.99,100.0
2024-01-16 14:00:00,1,1094,99.99,100.0
2024-01-16 15:00:00,1,1095,99.99,100.0
2024-01-16 16:00:00,1,1096,99.99,100.0
2024-01-16 17:00:00,1,1097,97.77006390069054,99.99999999999999
2024-01-16 18:00:00,1,1098,94.02341037109169,100.0
2024-01-16 19:00:00,1,1099,90.30156908880981,100.0
2024-01-16 20:00:00,1,1100,86.60152132211,100.0
2024-01-16 21:00:00,1,1101,82.92918182748538,100.0
2024-01-16 22:00:00,1,1102,79.28063038847691,100.0
2024-01-16 23:00:00,1,1103,75.6709509616013,100.0
2024-01-17 00:00:00,1,1104,72.07338333587978,100.0
2024-01-17 01:00:00,1,1105,68.48258722615253,100.0
2024-01-17 02:00:00,1,1106,64.91042803228493,100.0
2024-01-17 03:00:00,1,1107,61.35766715610059,100.0
2024-01-17 04:00:00,1,1108,57.76809559076148,100.0
2024-01-17 05:00:00,1,1109,54.13459428534879,100.0
2024-01-17 06:00:00,1,1110,50.44267489561324,100.0
2024-01-17 07:00:00,1,1111,46.82313722116875,100.0
2024-01-17 08:00:00,1,1112,46.254077144070166,100.0
2024-01-17 09:00:00,1,1113,50.83482537571506,100.0
2024-01-17 10:00:00,1,1114,57.305042745937115,100.0
2024-01-17 11:00:00,1,1115,64.14929611288717,100.0
2024-01-17 12:00:00,1,1116,72.00820750694726,100.0
2024-01-17 13:00:00,1,1117,78.9185839202175,100.0
2024-01-17 14:00:00,1,1118,85.7747780257243,100.0
2024-01-17 15:00:00,1,1119,92.2643662575265,100.0
2024-01-17 16:00:00,1,1120,94.8231095525897,100.0
2024-01-17 17:00:00,1,1121,91.99177369939663,100.00000000000003
2024-01-17 18:00:00,1,1122,88.15254823573532,100.0
2024-01-17 19:00:00,1,1123,84.30508146587827,100.0
2024-01-17 20:00:00,1,1124,80.51906949723829,100.0
2024-01-17 21:00:00,1,1125,76.75102560959965,100.0
2024-01-17 22:00:00,1,1126,73.02205487000329,100.0
2024-01-17 23:00:00,1,1127,69.30648108340914,100.0
2024-01-18 00:00:00,1,1128,65.58575629772857,100.0
2024-01-18 01:00:00,1,1129,61.87560714405288,100.0
2024-01-18 02:00:00,1,1130,58.18400858226491,100.0
2024-01-18 03:00:00,1,1131,54.507348194994684,100.0
2024-01-18 04:00:00,1,1132,50.805590032917856,100.0
2024-01-18 05:00:00,1,1133,49.95260476453081,23.214799086023664
2024-01-18 06:00:00,1,1134,49.947609504054356,1.0004186108877675
2024-01-18 07:00:00,1,1135,49.94261474310396,6.43620271635734
2024-01-18 08:00:00,1,1136,50.24524768196682,100.0
2024-01-18 09:00:00,1,1137,56.291662525785135,100.0
2024-01-18 10:00:00,1,1138,64.10035746032798,100.0
2024-01-18 11:00:00,1,1139,73.37325731660083,100.0
2024-01-18 12:00:00,1,1140,82.72376586311948,100.0
2024-01-18 13:00:00,1,1141,91.65440602847056,100.0
2024-01-18 14:00:00,1,1142,99.99,100.0
2024-01-18 15:00:00,1,1143,99.99,100.0
2024-01-18 16:00:00,1,1144,99.99,100.0
2024-01-18 17:00:00,1,1145,96.79430079217326,100.0
2024-01-18 18:00:00,1,1146,92.63136628850154,100.0
2024-01-18 19:00:00,1,1147,88.52588017019455,100.0
2024-01-18 20:00:00,1,1148,84.50122927594134,100.0
2024-01-18 21:00:00,1,1149,80.51977117085877,100.0
2024-01-18 22:00:00,1,1150,76.63204428614809,100.0
2024-01-18 23:00:00,1,1151,72.73924908625051,100.0
2024-01-19 00:00:00,1,1152,68.89752812116474,100.0
2024-01-19 01:00:00,1,1153,65.06798513892423,100.0
2024-01-19 02:00:00,1,1154,61.25436037568931,100.0
2024-01-19 03:00:00,1,1155,57.46531389839288,100.0
2024-01-19 04:00:00,1,1156,53.65779344259878,99.99999999999999
2024-01-19 05:00:00,1,1157,49.80250380719713,99.36899754837775
2024-01-19 06:00:00,1,1158,49.79752355681641,0.9968815712409704
2024-01-19 07:00:00,1,1159,49.79254380446072,3.5127749600879574
2024-01-19 08:00:00,1,1160,49.787564550080276,74.40073302884771
2024-01-19 09:00:00,1,1161,53.631918725804084,100.0
2024-01-19 10:00:00,1,1162,59.59486423535224,100.0
2024-01-19 11:00:00,1,1163,66.30829718081716,100.0
2024-01-19 12:00:00,1,1164,73.45684276614503,100.0
2024-01-19 13:00:00,1,1165,80.78450524348715,100.0
2024-01-19 14:00:00,1,1166,87.92887088641676,100.0
2024-01-19 15:00:00,1,1167,94.20143442852724,100.0
2024-01-19 16:00:00,1,1168,96.39482264040326,100.0
2024-01-19 17:00:00,1,1169,93.15832047299665,100.0
2024-01-19 18:00:00,1,1170,88.98129802144254,100.0
2024-01-19 19:00:00,1,1171,84.84201125556933,100.0
2024-01-19 20:00:00,1,1172,80.94992229830571,100.0
2024-01-19 21:00:00,1,1173,77.13246255106027,100.0
2024-01-19 22:00:00,1,1174,73.33773091481639,100.0
2024-01-19 23:00:00,1,1175,69.58708717845927,100.0
2024-01-20 00:00:00,1,1176,65.84005314743982,100.0
2024-01-20 01:00:00,1,1177,62.00937096302662,100.0
2024-01-20 02:00:00,1,1178,58.19969681006849,100.0
2024-01-20 03:00:00,1,1179,54.422183822846925,100.0
2024-01-20 04:00:00,1,1180,50.641675508412256,100.0
2024-01-20 05:00:00,1,1181,46.78109797487046,100.0
2024-01-20 06:00:00,1,1182,42.76040906979576,100.0
2024-01-20 07:00:00,1,1183,38.768340542555435,100.0
2024-01-20 08:00:00,1,1184,38.88279864172042,100.0
2024-01-20 09:00:00,1,1185,45.02000879736875,100.0
2024-01-20 10:00:00,1,1186,52.50612897096087,100.0
2024-01-20 11:00:00,1,1187,61.94030046375663,100.0
2024-01-20 12:00:00,1,1188,71.84735384455155,100.0
2024-01-20 13:00:00,1,1189,81.54202341870314,100.0
2024-01-20 14:00:00,1,1190,89.77295802945963,100.0
2024-01-20 15:00:00,1,1191,97.13392430286893,100.0
2024-01-20 16:00:00,1,1192,99.21132128353173,100.0
2024-01-20 17:00:00,1,1193,95.97825795874337,100.0
2024-01-20 18:00:00,1,1194,91.8314625651768,100.0
2024-01-20 19:00:00,1,1195,87.73139921341647,100.0
2024-01-20 20:00:00,1,1196,83.69406699568974,100.0
2024-01-20 21:00:00,1,1197,79.69316733456249,100.0
2024-01-20 22:00:00,1,1198,75.75606302200714,100.0
2024-01-20 23:00:00,1,1199,71.87442134279178,100.0
2024-01-21 00:00:00,1,1200,68.02978870242022,100.0
2024-01-21 01:00:00,1,1201,64.21334340175484,100.0
2024-01-21 02:00:00,1,1202,60.407453362330884,100.0
2024-01-21 03:00:00,1,1203,56.61593610968691,100.0
2024-01-21 04:00:00,1,1204,52.8040452068549,100.0
2024-01-21 05:00:00,1,1205,48.900676058513525,100.0
2024-01-21 06:00:00,1,1206,44.87290655342846,100.0
2024-01-21 07:00:00,1,1207,40.897612883801635,100.00000000000003
2024-01-21 08:00:00,1,1208,41.55416368747969,100.0
2024-01-21 09:00:00,1,1209,48.18753903040374,100.0
2024-01-21 10:00:00,1,1210,57.57121990517414,100.0
2024-01-21 11:00:00,1,1211,66.92261721436626,100.0
2024-01-21 12:00:00,1,1212,77.46319130368185,100.0
2024-01-21 13:00:00,1,1213,88.50102461010971,100.0
2024-01-21 14:00:00,1,1214,98.97658378824485,100.0
2024-01-21 15:00:00,1,1215,99.99,100.0
2024-01-21 16:00:00,1,1216,99.99,100.0
2024-01-21 17:00:00,1,1217,97.80555494180571,99.99999999999999
2024-01-21 18:00:00,1,1218,93.63040383172529,100.0
2024-01-21 19:00:00,1,1219,89.47295175020902,100.0
2024-01-21 20:00:00,1,1220,85.35563767554767,100.0
2024-01-21 21:00:00,1,1221,81.31817985558737,100.0
2024-01-21 22:00:00,1,1222,77.30159937001116,100.0
2024-01-21 23:00:00,1,1223,73.34054174256606,100.0
2024-01-22 00:00:00,1,1224,69.410853085692,100.0
2024-01-22 01:00:00,1,1225,65.50728062438881,100.0
2024-01-22 02:00:00,1,1226,61.61057307399225,100.0
2024-01-22 03:00:00,1,1227,57.74452810741194,100.0
2024-01-22 04:00:00,1,1228,53.84579702527875,100.0
2024-01-22 05:00:00,1,1229,49.8540122580186,100.0
2024-01-22 06:00:00,1,1230,45.72666104236487,100.0
2024-01-22 07:00:00,1,1231,41.76249541918759,100.0
2024-01-22 08:00:00,1,1232,43.773718436370444,100.0
2024-01-22 09:00:00,1,1233,55.46277451869807,100.0
2024-01-22 10:00:00,1,1234,68.85073917356938,100.0
2024-01-22 11:00:00,1,1235,78.51059208600446,100.0
2024-01-22 12:00:00,1,1236,88.56344087028964,100.0
2024-01-22 13:00:00,1,1237,98.35598074925063,100.0
2024-01-22 14:00:00,1,1238,99.99,100.0
2024-01-22 15:00:00,1,1239,99.99,100.0
2024-01-22 16:00:00,1,1240,99.99,100.0
2024-01-22 17:00:00,1,1241,97.31199341592469,100.0
2024-01-22 18:00:00,1,1242,93.17319504709316,100.0
2024-01-22 19:00:00,1,1243,89.08105149503167,100.0
2024-01-22 20:00:00,1,1244,85.08693399977818,100.0
2024-01-22 21:00:00,1,1245,81.12423560158523,100.0
2024-01-22 22:00:00,1,1246,77.2037207811931,100.0
2024-01-22 23:00:00,1,1247,73.33431942834228,100.0
2024-01-23 00:00:00,1,1248,69.47653681876187,100.0
2024-01-23 01:00:00,1,1249,65.64981505897765,100.0
2024-01-23 02:00:00,1,1250,61.8255077831452,100.0
2024-01-23 03:00:00,1,1251,58.04449247563724,100.0
2024-01-23 04:00:00,1,1252,54.24394960694408,100.0
2024-01-23 05:00:00,1,1253,50.401118726713264,100.0
2024-01-23 06:00:00,1,1254,46.453414146035925,100.0
2024-01-23 07:00:00,1,1255,42.72788899065895,100.0
2024-01-23 08:00:00,1,1256,44.50788121690547,100.0
2024-01-23 09:00:00,1,1257,54.18331079209962,100.0
2024-01-23 10:00:00,1,1258,65.34912044619625,100.0
2024-01-23 11:00:00,1,1259,75.56183315320976,100.0
2024-01-23 12:00:00,1,1260,84.81865422816452,100.0
2024-01-23 13:00:00,1,1261,94.88782311247476,100.0
2024-01-23 14:00:00,1,1262,99.99,100.0
2024-01-23 15:00:00,1,1263,99.99,100.0
2024-01-23 16:00:00,1,1264,99.99,100.0
2024-01-23 17:00:00,1,1265,97.30991284301702,100.0
2024-01-23 18:00:00,1,1266,93.3254754827845,100.0
2024-01-23 19:00:00,1,1267,89.34042684176863,100.0
2024-01-23 20:00:00,1,1268,85.38145157405893,100.0
2024-01-23 21:00:00,1,1269,81.43679742071933,100.0
2024-01-23 22:00:00,1,1270,77.58246065135039,100.0
2024-01-23 23:00:00,1,1271,73.7604832891791,100.0
2024-01-24 00:00:00,1,1272,69.95191386638881,100.0
2024-01-24 01:00:00,1,1273,66.13207632982804,100.0
2024-01-24 02:00:00,1,1274,62.37869959321838,100.0
2024-01-24 03:00:00,1,1275,58.6274135039853,100.0
2024-01-24 04:00:00,1,1276,54.88734194961601,100.0
2024-01-24 05:00:00,1,1277,51.10123081725699,100.0
2024-01-24 06:00:00,1,1278,47.179779931071465,100.0
2024-01-24 07:00:00,1,1279,43.49390320658012,100.0
2024-01-24 08:00:00,1,1280,46.15953372176797,100.0
2024-01-24 09:00:00,1,1281,59.94997264317078,100.0
2024-01-24 10:00:00,1,1282,74.78602000849078,100.0
2024-01-24 11:00:00,1,1283,89.57240324789845,100.0
2024-01-24 12:00:00,1,1284,99.99,100.0
2024-01-24 13:00:00,1,1285,99.99,100.0
2024-01-24 14:00:00,1,1286,99.99,100.0
2024-01-24 15:00:00,1,1287,99.99,100.0
2024-01-24 16:00:00,1,1288,99.99,100.0
2024-01-24 17:00:00,1,1289,98.53429152402673,100.0
2024-01-24 18:00:00,1,1290,94.61665041457638,100.0
2024-01-24 19:00:00,1,1291,90.726896393635,100.0
2024-01-24 20:00:00,1,1292,86.86805106218671,100.0
2024-01-24 21:00:00,1,1293,83.0030179109884,100.0
2024-01-24 22:00:00,1,1294,79.19327222493145,100.0
2024-01-24 23:00:00,1,1295,75.41563208377575,100.0
2024-01-25 00:00:00,1,1296,71.65867368460617,100.0
2024-01-25 01:00:00,1,1297,67.92223770043563,100.0
2024-01-25 02:00:00,1,1298,64.19960362218123,100.0
2024-01-25 03:00:00,1,1299,60.5161353373991,100.0
2024-01-25 04:00:00,1,1300,56.81786602733108,100.0
2024-01-25 05:00:00,1,1301,53.03649777805737,100.0
2024-01-25 06:00:00,1,1302,49.131248066517855,100.0
2024-01-25 07:00:00,1,1303,45.26803226060315,100.0
2024-01-25 08:00:00,1,1304,45.26047004488592,100.0
2024-01-25 09:00:00,1,1305,50.49887466258637,100.0
2024-01-25 10:00:00,1,1306,57.730425795681775,100.0
2024-01-25 11:00:00,1,1307,66.55528542152163,100.0
2024-01-25 12:00:00,1,1308,75.21858273437802,100.0
2024-01-25 13:00:00,1,1309,84.02895867563115,100.0
2024-01-25 14:00:00,1,1310,93.28863697947352,100.0
2024-01-25 15:00:00,1,1311,99.99,100.0
2024-01-25 16:00:00,1,1312,99.99,100.0
2024-01-25 17:00:00,1,1313,96.83619740879934,100.0
2024-01-25 18:00:00,1,1314,92.72285355922124,100.0
2024-01-25 19:00:00,1,1315,88.6784183917262,100.0
2024-01-25 20:00:00,1,1316,84.6727137421582,100.0
2024-01-25 21:00:00,1,1317,80.67576700243538,100.0
2024-01-25 22:00:00,1,1318,76.74137227510268,100.0
2024-01-25 23:00:00,1,1319,72.83846420098979,100.0
2024-01-26 00:00:00,1,1320,68.9467712755922,100.0
2024-01-26 01:00:00,1,1321,65.08221195169095,100.0
2024-01-26 02:00:00,1,1322,61.21928917399039,100.0
2024-01-26 03:00:00,1,1323,57.39666515495991,100.0
2024-01-26 04:00:00,1,1324,53.56774594339912,100.0
2024-01-26 05:00:00,1,1325,49.66049656203943,100.0
2024-01-26 06:00:00,1,1326,45.62430975764522,100.0
2024-01-26 07:00:00,1,1327,41.735005809245436,100.0
2024-01-26 08:00:00,1,1328,45.08984144955184,100.0
2024-01-26 09:00:00,1,1329,58.84323792117582,100.0
2024-01-26 10:00:00,1,1330,74.68890051278471,100.0
2024-01-26 11:00:00,1,1331,90.2389208826252,100.0
2024-01-26 12:00:00,1,1332,99.99,100.0
2024-01-26 13:00:00,1,1333,99.99,100.0
2024-01-26 14:00:00,1,1334,99.99,100.0
2024-01-26 15:00:00,1,1335,99.99,100.0
2024-01-26 16:00:00,1,1336,99.99,100.0
2024-01-26 17:00:00,1,1337,98.26113152323889,100.0
2024-01-26 18:00:00,1,1338,94.21159588996385,100.0
2024-01-26 19:00:00,1,1339,90.20436455870868,100.0
2024-01-26 20:00:00,1,1340,86.2637776515372,100.0
2024-01-26 21:00:00,1,1341,82.41155269814604,100.0
2024-01-26 22:00:00,1,1342,78.5901667806201,100.0
2024-01-26 23:00:00,1,1343,74.8294180527845,100.0
2024-01-27 00:00:00,1,1344,71.09684100643192,100.0
2024-01-27 01:00:00,1,1345,67.38509228890473,100.0
2024-01-27 02:00:00,1,1346,63.69107553451474,100.0
2024-01-27 03:00:00,1,1347,60.022531381863566,100.0
2024-01-27 04:00:00,1,1348,56.33222930959245,100.00000000000003
2024-01-27 05:00:00,1,1349,52.562740228123786,100.0
2024-01-27 06:00:00,1,1350,48.66226068333997,100.0
2024-01-27 07:00:00,1,1351,44.75911358828186,100.0
2024-01-27 08:00:00,1,1352,45.53849760242568,100.0
2024-01-27 09:00:00,1,1353,53.348801293847444,100.0
2024-01-27 10:00:00,1,1354,63.273217104876124,100.0
2024-01-27 11:00:00,1,1355,74.21048848802327,100.0
2024-01-27 12:00:00,1,1356,85.06569788857966,100.0
2024-01-27 13:00:00,1,1357,95.39360384679455,100.0
2024-01-27 14:00:00,1,1358,99.99,100.0
2024-01-27 15:00:00,1,1359,99.99,100.0
2024-01-27 16:00:00,1,1360,99.99,100.0
2024-01-27 17:00:00,1,1361,97.40149775132546,100.00000000000003
2024-01-27 18:00:00,1,1362,93.3492061149357,100.0
2024-01-27 19:00:00,1,1363,89.34297290120823,100.0
2024-01-27 20:00:00,1,1364,85.41494278203791,100.0
2024-01-27 21:00:00,1,1365,81.44747302927081,100.0
2024-01-27 22:00:00,1,1366,77.52055321724862,100.0
2024-01-27 23:00:00,1,1367,73.66882874253588,100.0
2024-01-28 00:00:00,1,1368,69.85271801154632,100.0
2024-01-28 01:00:00,1,1369,66.03027025807698,100.0
2024-01-28 02:00:00,1,1370,62.24172402401737,100.0
2024-01-28 03:00:00,1,1371,58.49450247112973,100.0
2024-01-28 04:00:00,1,1372,54.7025824105882,100.0
2024-01-28 05:00:00,1,1373,50.84018801555339,100.0
2024-01-28 06:00:00,1,1374,49.950784000170955,22.758347268405963
2024-01-28 07:00:00,1,1375,49.94578892177094,6.468749180823549
2024-01-28 08:00:00,1,1376,51.548615550049625,100.0
2024-01-28 09:00:00,1,1377,60.418980884102304,100.0
2024-01-28 10:00:00,1,1378,71.45296837189144,100.0
2024-01-28 11:00:00,1,1379,81.36961574586607,100.0
2024-01-28 12:00:00,1,1380,91.21796444235443,100.0
2024-01-28 13:00:00,1,1381,99.99,100.0
2024-01-28 14:00:00,1,1382,99.99,100.0
2024-01-28 15:00:00,1,1383,99.99,100.0
2024-01-28 16:00:00,1,1384,99.99,100.0
2024-01-28 17:00:00,1,1385,97.22222247478174,99.99999999999999
2024-01-28 18:00:00,1,1386,93.13765544284706,100.0
2024-01-28 19:00:00,1,1387,89.09047278339983,100.0
2024-01-28 20:00:00,1,1388,85.11665945726003,100.0
2024-01-28 21:00:00,1,1389,81.1859655665607,100.0
2024-01-28 22:00:00,1,1390,77.31937489638135,100.0
2024-01-28 23:00:00,1,1391,73.47926017285994,100.0
2024-01-29 00:00:00,1,1392,69.67529195929501,100.0
2024-01-29 01:00:00,1,1393,65.90828798100898,100.0
2024-01-29 02:00:00,1,1394,62.112300148542566,99.99999999999999
2024-01-29 03:00:00,1,1395,58.32554660581826,100.0
2024-01-29 04:00:00,1,1396,54.52365177377839,100.0
2024-01-29 05:00:00,1,1397,50.638887114388,100.0
2024-01-29 06:00:00,1,1398,49.96137772496439,17.57835019285251
2024-01-29 07:00:00,1,1399,49.95638158719189,5.2299892612626415
2024-01-29 08:00:00,1,1400,50.28679798987279,100.0
2024-01-29 09:00:00,1,1401,57.02406447165627,100.0
2024-01-29 10:00:00,1,1402,66.09308351001015,100.0
2024-01-29 11:00:00,1,1403,75.66397906432623,100.0
2024-01-29 12:00:00,1,1404,85.13822398258871,100.0
2024-01-29 13:00:00,1,1405,94.7244667808166,100.0
2024-01-29 14:00:00,1,1406,99.99,100.0
2024-01-29 15:00:00,1,1407,99.99,100.0
2024-01-29 16:00:00,1,1408,99.99,100.0
2024-01-29 17:00:00,1,1409,97.56704453458855,100.0
2024-01-29 18:00:00,1,1410,93.46463613563387,100.0
2024-01-29 19:00:00,1,1411,89.37127700086333,100.0
2024-01-29 20:00:00,1,1412,85.33571906419624,100.0
2024-01-29 21:00:00,1,1413,81.38402946143344,100.0
2024-01-29 22:00:00,1,1414,77.47319411848885,100.0
2024-01-29 23:00:00,1,1415,73.60275472642947,100.0
2024-01-30 00:00:00,1,1416,69.76930948556725,100.0
2024-01-30 01:00:00,1,1417,65.93607389633581,100.0
2024-01-30 02:00:00,1,1418,62.09992983941609,100.0
2024-01-30 03:00:00,1,1419,58.309766381170824,100.0
2024-01-30 04:00:00,1,1420,54.49437110009456,100.0
2024-01-30 05:00:00,1,1421,50.62354662495841,100.0
2024-01-30 06:00:00,1,1422,46.67321546875571,100.0
2024-01-30 07:00:00,1,1423,42.83865975093594,100.0
2024-01-30 08:00:00,1,1424,41.342807780525,100.0
2024-01-30 09:00:00,1,1425,43.48945101621041,100.0
2024-01-30 10:00:00,1,1426,47.7181243162417,100.0
2024-01-30 11:00:00,1,1427,52.42671500785715,100.0
2024-01-30 12:00:00,1,1428,56.62465203947525,100.0
2024-01-30 13:00:00,1,1429,59.331593617472656,100.0
2024-01-30 14:00:00,1,1430,61.37599843973689,100.0
2024-01-30 15:00:00,1,1431,62.62467251014824,100.0
2024-01-30 16:00:00,1,1432,61.828388508554845,100.0
2024-01-30 17:00:00,1,1433,58.543950729741134,100.0
2024-01-30 18:00:00,1,1434,54.650793512550486,100.0
2024-01-30 19:00:00,1,1435,50.776094199147906,100.0
2024-01-30 20:00:00,1,1436,46.93076805577684,100.0
2024-01-30 21:00:00,1,1437,43.07370830414193,100.0
2024-01-30 22:00:00,1,1438,39.27068225174669,100.0
2024-01-30 23:00:00,1,1439,35.48388781006644,100.0
2024-01-31 00:00:00,1,1440,31.7044090103331,100.0
2024-01-31 01:00:00,1,1441,27.915224340666484,100.0
2024-01-31 02:00:00,1,1442,24.135063102598867,100.0
2024-01-31 03:00:00,1,1443,20.367717252920077,100.0
2024-01-31 04:00:00,1,1444,16.57902026940445,100.0
2024-01-31 05:00:00,1,1445,12.751402948642534,100.0
2024-01-31 06:00:00,1,1446,8.859720530257691,100.0
2024-01-31 07:00:00,1,1447,5.235002354635255,100.0
2024-01-31 08:00:00,1,1448,6.626356198027325,100.0
2024-01-31 09:00:00,1,1449,14.880497781076327,100.0
2024-01-31 10:00:00,1,1450,25.78911526160696,100.0
2024-01-31 11:00:00,1,1451,37.19146797326559,100.0
2024-01-31 12:00:00,1,1452,48.349815397259185,100.0
2024-01-31 13:00:00,1,1453,59.28070191256787,100.0
2024-01-31 14:00:00,1,1454,69.95109591596122,100.0
2024-01-31 15:00:00,1,1455,80.1835567093654,100.0
2024-01-31 16:00:00,1,1456,85.59116542968083,100.0
2024-01-31 17:00:00,1,1457,83.29310692061526,100.0
2024-01-31 18:00:00,1,1458,79.45827621339244,100.0
2024-01-31 19:00:00,1,1459,75.64414981503245,100.0
2024-01-31 20:00:00,1,1460,71.83328731652658,100.0
2024-01-31 21:00:00,1,1461,68.05247892090561,100.0
2024-01-31 22:00:00,1,1462,64.3086860220243,100.0
2024-01-31 23:00:00,1,1463,60.58250915727732,100.0
2024-02-01 00:00:00,2,1464,56.7036178897677,100.0
2024-02-01 01:00:00,2,1465,52.87148631462888,100.0
2024-02-01 02:00:00,2,1466,49.04621250630806,100.0
2024-02-01 03:00:00,2,1467,45.20487235931169,100.0
2024-02-01 04:00:00,2,1468,41.360591575531394,100.0
2024-02-01 05:00:00,2,1469,37.46052409212631,100.0
2024-02-01 06:00:00,2,1470,33.46162845532097,100.0
2024-02-01 07:00:00,2,1471,29.75896060383215,100.0
2024-02-01 08:00:00,2,1472,30.9952428276799,100.0
2024-02-01 09:00:00,2,1473,38.4987659483489,100.0
2024-02-01 10:00:00,2,1474,48.08594067410371,100.0
2024-02-01 11:00:00,2,1475,57.78034149048277,100.0
2024-02-01 12:00:00,2,1476,67.03693150240689,100.0
2024-02-01 13:00:00,2,1477,76.79770783907979,100.0
2024-02-01 14:00:00,2,1478,86.13485020380504,100.0
2024-02-01 15:00:00,2,1479,94.68574990902053,100.0
2024-02-01 16:00:00,2,1480,99.99,100.0
2024-02-01 17:00:00,2,1481,99.36674604367842,100.0
2024-02-01 18:00:00,2,1482,95.55931254908658,100.0
2024-02-01 19:00:00,2,1483,91.73641949973958,100.0
2024-02-01 20:00:00,2,1484,87.92055828129477,100.0
2024-02-01 21:00:00,2,1485,84.08198024131819,100.0
2024-02-01 22:00:00,2,1486,80.22716220515244,100.0
2024-02-01 23:00:00,2,1487,76.39915282924257,100.0
2024-02-02 00:00:00,2,1488,72.61789805751435,100.0
2024-02-02 01:00:00,2,1489,68.87341890211147,100.0
2024-02-02 02:00:00,2,1490,65.17236122706954,100.0
2024-02-02 03:00:00,2,1491,61.511220931505136,100.0
2024-02-02 04:00:00,2,1492,57.820698800719406,100.0
2024-02-02 05:00:00,2,1493,54.01487869594176,100.0
2024-02-02 06:00:00,2,1494,50.08047306377511,100.0
2024-02-02 07:00:00,2,1495,46.20824782557158,100.0
2024-02-02 08:00:00,2,1496,45.339834562275804,100.0
2024-02-02 09:00:00,2,1497,49.15950482298575,100.0
2024-02-02 10:00:00,2,1498,54.80295979200057,100.0
2024-02-02 11:00:00,2,1499,61.91319525263438,100.0
2024-02-02 12:00:00,2,1500,69.25677197866894,100.0
2024-02-02 13:00:00,2,1501,76.50151867827137,100.0
2024-02-02 14:00:00,2,1502,83.01873263268476,100.0
2024-02-02 15:00:00,2,1503,88.19158563510803,100.0
2024-02-02 16:00:00,2,1504,91.12895008092998,100.0
2024-02-02 17:00:00,2,1505,89.27117724791667,100.0
2024-02-02 18:00:00,2,1506,85.17355324079293,100.0
2024-02-02 19:00:00,2,1507,81.1168649562314,100.0
2024-02-02 20:00:00,2,1508,77.10695414374239,100.0
2024-02-02 21:00:00,2,1509,73.05772206068781,100.0
2024-02-02 22:00:00,2,1510,69.0319933084952,100.0
2024-02-02 23:00:00,2,1511,65.06301324481775,100.0
2024-02-03 00:00:00,2,1512,61.15392597764847,100.0
2024-02-03 01:00:00,2,1513,57.25520393160182,100.0
2024-02-03 02:00:00,2,1514,53.37997016541338,100.0
2024-02-03 03:00:00,2,1515,49.53819664265111,100.0
2024-02-03 04:00:00,2,1516,45.71325616329749,100.0
2024-02-03 05:00:00,2,1517,41.72998411934141,100.0
2024-02-03 06:00:00,2,1518,37.585071573140695,100.0
2024-02-03 07:00:00,2,1519,33.45879367820635,100.0
2024-02-03 08:00:00,2,1520,33.003387394047074,100.0
2024-02-03 09:00:00,2,1521,37.95661264556433,100.0
2024-02-03 10:00:00,2,1522,44.66076900866065,100.0
2024-02-03 11:00:00,2,1523,51.36142655517597,100.0
2024-02-03 12:00:00,2,1524,59.683790405019685,100.0
2024-02-03 13:00:00,2,1525,68.32121292622843,100.0
2024-02-03 14:00:00,2,1526,76.63926425563186,100.0
2024-02-03 15:00:00,2,1527,84.67919810550659,100.0
2024-02-03 16:00:00,2,1528,90.51170295004951,100.0
2024-02-03 17:00:00,2,1529,89.77307507231224,100.0
2024-02-03 18:00:00,2,1530,85.69041800121384,100.0
2024-02-03 19:00:00,2,1531,81.58083167327173,100.0
2024-02-03 20:00:00,2,1532,77.51470333640785,100.0
2024-02-03 21:00:00,2,1533,73.53490068933172,100.0
2024-02-03 22:00:00,2,1534,69.52242330247074,100.0
2024-02-03 23:00:00,2,1535,65.53677034180076,100.0
2024-02-04 00:00:00,2,1536,61.604537291268144,100.0
2024-02-04 01:00:00,2,1537,57.72221905014649,100.0
2024-02-04 02:00:00,2,1538,53.86023766564073,100.0
2024-02-04 03:00:00,2,1539,50.038189752983456,100.0
2024-02-04 04:00:00,2,1540,47.13276088204522,100.0
2024-02-04 05:00:00,2,1541,43.77772856855837,100.0
2024-02-04 06:00:00,2,1542,39.68230782195541,100.0
2024-02-04 07:00:00,2,1543,35.75992390478356,100.0
2024-02-04 08:00:00,2,1544,36.4107371490688,100.0
2024-02-04 09:00:00,2,1545,42.69434788316372,100.0
2024-02-04 10:00:00,2,1546,50.30502087958101,100.0
2024-02-04 11:00:00,2,1547,57.81343115639545,100.0
2024-02-04 12:00:00,2,1548,66.573068718728,100.0
2024-02-04 13:00:00,2,1549,75.20842398334794,100.0
2024-02-04 14:00:00,2,1550,83.6376189613787,100.0
2024-02-04 15:00:00,2,1551,91.9740120122265,100.0
2024-02-04 16:00:00,2,1552,98.3637244496417,100.0
2024-02-04 17:00:00,2,1553,97.91514649067045,100.0
2024-02-04 18:00:00,2,1554,93.9376247730739,100.0
2024-02-04 19:00:00,2,1555,89.91978234300596,100.0
2024-02-04 20:00:00,2,1556,85.9718119080787,100.0
2024-02-04 21:00:00,2,1557,82.07708262709947,100.0
2024-02-04 22:00:00,2,1558,78.21266575623604,100.0
2024-02-04 23:00:00,2,1559,74.3881826007697,100.0
2024-02-05 00:00:00,2,1560,70.61045369686295,100.0
2024-02-05 01:00:00,2,1561,66.85620097350024,100.0
2024-02-05 02:00:00,2,1562,63.135396395459395,100.0
2024-02-05 03:00:00,2,1563,59.42826298107088,100.0
2024-02-05 04:00:00,2,1564,55.731474592419694,100.0
2024-02-05 05:00:00,2,1565,51.922538639264246,100.0
2024-02-05 06:00:00,2,1566,49.89382387445262,50.15084959717401
2024-02-05 07:00:00,2,1567,49.88883449206517,13.47569834144097
2024-02-05 08:00:00,2,1568,52.638813336501435,100.0
2024-02-05 09:00:00,2,1569,62.33136012010431,100.0
2024-02-05 10:00:00,2,1570,73.4873102305214,100.0
2024-02-05 11:00:00,2,1571,85.18225039101685,100.0
2024-02-05 12:00:00,2,1572,97.68147719356448,100.0
2024-02-05 13:00:00,2,1573,99.99,100.0
2024-02-05 14:00:00,2,1574,99.99,100.0
2024-02-05 15:00:00,2,1575,99.99,100.0
2024-02-05 16:00:00,2,1576,99.99,100.0
2024-02-05 17:00:00,2,1577,99.99,100.0
2024-02-05 18:00:00,2,1578,95.88332483027921,100.0
2024-02-05 19:00:00,2,1579,91.67682582230422,100.0
2024-02-05 20:00:00,2,1580,87.55666654118413,100.0
2024-02-05 21:00:00,2,1581,83.48994062083344,100.0
2024-02-05 22:00:00,2,1582,79.4731429591807,100.0
2024-02-05 23:00:00,2,1583,75.52289241739321,100.0
2024-02-06 00:00:00,2,1584,71.60943439150805,100.0
2024-02-06 01:00:00,2,1585,67.68639339902958,100.0
2024-02-06 02:00:00,2,1586,63.80346697229715,100.0
2024-02-06 03:00:00,2,1587,59.93755269220055,100.0
2024-02-06 04:00:00,2,1588,56.085149098789714,100.0
2024-02-06 05:00:00,2,1589,52.08771577028233,100.0
2024-02-06 06:00:00,2,1590,49.88513121059446,51.86608848853602
2024-02-06 07:00:00,2,1591,49.8801426974734,15.917162185236167
2024-02-06 08:00:00,2,1592,54.30611818450818,100.0
2024-02-06 09:00:00,2,1593,67.3126620848008,100.0
2024-02-06 10:00:00,2,1594,81.68511843937779,100.0
2024-02-06 11:00:00,2,1595,95.73083280724495,100.0
2024-02-06 12:00:00,2,1596,99.99,100.0
2024-02-06 13:00:00,2,1597,99.99,100.0
2024-02-06 14:00:00,2,1598,99.99,100.0
2024-02-06 15:00:00,2,1599,99.99,100.0
2024-02-06 16:00:00,2,1600,99.99,100.0
2024-02-06 17:00:00,2,1601,99.99,100.0
2024-02-06 18:00:00,2,1602,95.89904949192601,100.0
2024-02-06 19:00:00,2,1603,91.81819025008573,100.0
2024-02-06 20:00:00,2,1604,87.79723499267145,100.0
2024-02-06 21:00:00,2,1605,83.82637840482559,100.0
2024-02-06 22:00:00,2,1606,79.89879094714716,100.0
2024-02-06 23:00:00,2,1607,76.00151918540217,100.0
2024-02-07 00:00:00,2,1608,72.10463715083336,100.0
2024-02-07 01:00:00,2,1609,68.26431593217117,100.0
2024-02-07 02:00:00,2,1610,64.4375028408886,100.0
2024-02-07 03:00:00,2,1611,60.64414515096469,100.0
2024-02-07 04:00:00,2,1612,56.84136747235067,100.0
2024-02-07 05:00:00,2,1613,52.92977759896,100.0
2024-02-07 06:00:00,2,1614,49.84081659888421,77.3750817667063
2024-02-07 07:00:00,2,1615,49.83583251722432,14.40337313649912
2024-02-07 08:00:00,2,1616,52.02614441190191,100.0
2024-02-07 09:00:00,2,1617,59.410675698037906,100.0
2024-02-07 10:00:00,2,1618,68.74503297578576,100.0
2024-02-07 11:00:00,2,1619,79.11620048018251,100.0
2024-02-07 12:00:00,2,1620,89.4081863394045,100.0
2024-02-07 13:00:00,2,1621,99.60707412507867,100.0
2024-02-07 14:00:00,2,1622,99.99,100.0
2024-02-07 15:00:00,2,1623,99.99,100.0
2024-02-07 16:00:00,2,1624,99.99,100.0
2024-02-07 17:00:00,2,1625,99.14475893077453,100.0
2024-02-07 18:00:00,2,1626,95.35219756885051,100.0
2024-02-07 19:00:00,2,1627,91.49957728175063,100.0
2024-02-07 20:00:00,2,1628,87.64734225667947,100.0
2024-02-07 21:00:00,2,1629,83.85166358281397,100.0
2024-02-07 22:00:00,2,1630,80.07631310160765,100.0
2024-02-07 23:00:00,2,1631,76.32443856310309,100.0
2024-02-08 00:00:00,2,1632,72.58623829524691,100.0
2024-02-08 01:00:00,2,1633,68.8648607134739,100.0
2024-02-08 02:00:00,2,1634,65.16380389425083,100.0
2024-02-08 03:00:00,2,1635,61.4695917343702,100.0
2024-02-08 04:00:00,2,1636,57.769274442045045,100.0
2024-02-08 05:00:00,2,1637,53.98988265815555,100.0
2024-02-08 06:00:00,2,1638,50.14139860254674,100.0
2024-02-08 07:00:00,2,1639,49.987558712490184,12.761269392270133
2024-02-08 08:00:00,2,1640,50.70137706967917,100.0
2024-02-08 09:00:00,2,1641,56.3768597896496,100.0
2024-02-08 10:00:00,2,1642,63.84240942609273,100.0
2024-02-08 11:00:00,2,1643,72.03074850758303,100.0
2024-02-08 12:00:00,2,1644,80.45584329760862,100.0
2024-02-08 13:00:00,2,1645,88.88959872999779,100.0
2024-02-08 14:00:00,2,1646,96.78030734827973,100.0
2024-02-08 15:00:00,2,1647,99.99,100.0
2024-02-08 16:00:00,2,1648,99.99,100.0
2024-02-08 17:00:00,2,1649,99.5190325207433,100.0
2024-02-08 18:00:00,2,1650,95.73994613060671,100.0
2024-02-08 19:00:00,2,1651,91.86751343179566,100.0
2024-02-08 20:00:00,2,1652,88.02189115470675,100.0
2024-02-08 21:00:00,2,1653,84.2130509306937,100.0
2024-02-08 22:00:00,2,1654,80.42104045675946,100.0
2024-02-08 23:00:00,2,1655,76.6427082670671,100.0
2024-02-09 00:00:00,2,1656,72.87472822298963,100.0
2024-02-09 01:00:00,2,1657,69.11692430137568,100.0
2024-02-09 02:00:00,2,1658,65.38924410940479,100.0
2024-02-09 03:00:00,2,1659,61.671910997848975,100.0
2024-02-09 04:00:00,2,1660,57.9218768995548,100.0
2024-02-09 05:00:00,2,1661,54.06302533212597,100.0
2024-02-09 06:00:00,2,1662,50.039196049606204,100.0
2024-02-09 07:00:00,2,1663,49.99293725631572,8.925709507268618
2024-02-09 08:00:00,2,1664,50.59134038122767,100.0
2024-02-09 09:00:00,2,1665,56.33773407139936,100.0
2024-02-09 10:00:00,2,1666,63.77093661286815,100.0
2024-02-09 11:00:00,2,1667,72.13966342666247,100.0
2024-02-09 12:00:00,2,1668,81.71341867492113,100.0
2024-02-09 13:00:00,2,1669,89.86745231532194,100.0
2024-02-09 14:00:00,2,1670,97.38900073836082,100.0
2024-02-09 15:00:00,2,1671,99.99,100.0
2024-02-09 16:00:00,2,1672,99.99,100.0
2024-02-09 17:00:00,2,1673,99.32912402839673,100.0
2024-02-09 18:00:00,2,1674,95.36668983798775,100.0
2024-02-09 19:00:00,2,1675,91.27590951971698,100.0
2024-02-09 20:00:00,2,1676,87.26830757357024,100.0
2024-02-09 21:00:00,2,1677,83.32060228611992,100.0
2024-02-09 22:00:00,2,1678,79.38659085239289,100.0
2024-02-09 23:00:00,2,1679,75.53224235516602,100.0
2024-02-10 00:00:00,2,1680,71.73777519129068,100.0
2024-02-10 01:00:00,2,1681,67.9603113281249,100.0
2024-02-10 02:00:00,2,1682,64.19652429453994,100.0
2024-02-10 03:00:00,2,1683,60.452887276513344,100.0
2024-02-10 04:00:00,2,1684,56.70629985138993,100.0
2024-02-10 05:00:00,2,1685,52.801373026358625,100.0
2024-02-10 06:00:00,2,1686,49.84757405847074,72.42259321602162
2024-02-10 07:00:00,2,1687,49.84258930106489,8.425758896745508
2024-02-10 08:00:00,2,1688,50.590126702488256,100.0
2024-02-10 09:00:00,2,1689,57.78206993313546,100.0
2024-02-10 10:00:00,2,1690,66.55592131855641,100.0
2024-02-10 11:00:00,2,1691,76.359782855424,100.0
2024-02-10 12:00:00,2,1692,86.3798648527379,100.0
2024-02-10 13:00:00,2,1693,96.60439135044486,100.0
2024-02-10 14:00:00,2,1694,99.99,100.0
2024-02-10 15:00:00,2,1695,99.99,100.0
2024-02-10 16:00:00,2,1696,99.99,100.0
2024-02-10 17:00:00,2,1697,99.38792210261032,100.0
2024-02-10 18:00:00,2,1698,95.35603310843373,100.0
2024-02-10 19:00:00,2,1699,91.30165134668407,100.0
2024-02-10 20:00:00,2,1700,87.270948418701,100.0
2024-02-10 21:00:00,2,1701,83.32656763796479,100.0
2024-02-10 22:00:00,2,1702,79.42562832775208,100.0
2024-02-10 23:00:00,2,1703,75.56147660231858,100.0
2024-02-11 00:00:00,2,1704,71.72413447050987,100.0
2024-02-11 01:00:00,2,1705,67.95332151301342,100.0
2024-02-11 02:00:00,2,1706,64.18953517840997,100.0
2024-02-11 03:00:00,2,1707,60.363129565202776,100.0
2024-02-11 04:00:00,2,1708,56.520657726500524,100.0
2024-02-11 05:00:00,2,1709,52.58932628722943,100.0
2024-02-11 06:00:00,2,1710,48.493024380854614,100.0
2024-02-11 07:00:00,2,1711,44.65410611934636,100.0
2024-02-11 08:00:00,2,1712,45.808630123618656,100.0
2024-02-11 09:00:00,2,1713,53.20670701979936,100.0
2024-02-11 10:00:00,2,1714,62.794247317699295,100.0
2024-02-11 11:00:00,2,1715,72.99901083439654,100.0
2024-02-11 12:00:00,2,1716,83.43496948985087,100.0
2024-02-11 13:00:00,2,1717,93.80933049500284,100.0
2024-02-11 14:00:00,2,1718,99.99,100.0
2024-02-11 15:00:00,2,1719,99.99,100.0
2024-02-11 16:00:00,2,1720,99.99,100.0
2024-02-11 17:00:00,2,1721,99.33250253960539,100.0
2024-02-11 18:00:00,2,1722,95.31473950525356,100.0
2024-02-11 19:00:00,2,1723,91.280310497656,100.0
2024-02-11 20:00:00,2,1724,87.30245606066237,100.0
2024-02-11 21:00:00,2,1725,83.36804644155788,100.0
2024-02-11 22:00:00,2,1726,79.44382958787442,100.0
2024-02-11 23:00:00,2,1727,75.57967604231489,100.0
2024-02-12 00:00:00,2,1728,71.7754048106117,100.0
2024-02-12 01:00:00,2,1729,67.98463810128945,100.0
2024-02-12 02:00:00,2,1730,64.20754955183267,100.0
2024-02-12 03:00:00,2,1731,60.45061234808583,100.0
2024-02-12 04:00:00,2,1732,56.67427720120436,100.0
2024-02-12 05:00:00,2,1733,52.7429303999858,100.0
2024-02-12 06:00:00,2,1734,48.60356610075428,100.0
2024-02-12 07:00:00,2,1735,44.979539169458434,100.0
2024-02-12 08:00:00,2,1736,49.79468835374855,100.0
2024-02-12 09:00:00,2,1737,63.43436917289278,100.0
2024-02-12 10:00:00,2,1738,77.66684066730593,100.0
2024-02-12 11:00:00,2,1739,91.63587902488585,100.0
2024-02-12 12:00:00,2,1740,99.99,100.0
2024-02-12 13:00:00,2,1741,99.99,100.0
2024-02-12 14:00:00,2,1742,99.99,100.0
2024-02-12 15:00:00,2,1743,99.99,100.0
2024-02-12 16:00:00,2,1744,99.99,100.0
2024-02-12 17:00:00,2,1745,99.99,100.0
2024-02-12 18:00:00,2,1746,95.95211614829833,99.99999999999999
2024-02-12 19:00:00,2,1747,91.91762340303647,100.0
2024-02-12 20:00:00,2,1748,87.95300431794684,100.0
2024-02-12 21:00:00,2,1749,84.02185441481524,100.0
2024-02-12 22:00:00,2,1750,80.08777285587531,100.0
2024-02-12 23:00:00,2,1751,76.18050788354356,100.0
2024-02-13 00:00:00,2,1752,72.28675773296679,100.0
2024-02-13 01:00:00,2,1753,68.39339695740507,100.0
2024-02-13 02:00:00,2,1754,64.53349823797045,100.0
2024-02-13 03:00:00,2,1755,60.67731027920641,100.0
2024-02-13 04:00:00,2,1756,56.788435219188706,100.0
2024-02-13 05:00:00,2,1757,52.74788452962387,100.0
2024-02-13 06:00:00,2,1758,49.850388960991005,68.74969932638918
2024-02-13 07:00:00,2,1759,49.8454039220949,5.829122626312861
2024-02-13 08:00:00,2,1760,49.8404193817027,79.9899454325476
2024-02-13 09:00:00,2,1761,54.25597242507663,100.0
2024-02-13 10:00:00,2,1762,61.003591841184445,100.0
2024-02-13 11:00:00,2,1763,69.3234448682568,100.0
2024-02-13 12:00:00,2,1764,77.91598271931842,100.0
2024-02-13 13:00:00,2,1765,85.52126109090266,100.0
2024-02-13 14:00:00,2,1766,92.1740169095079,100.0
2024-02-13 15:00:00,2,1767,98.05704137381207,100.0
2024-02-13 16:00:00,2,1768,99.99,100.0
2024-02-13 17:00:00,2,1769,98.15187145244279,100.0
2024-02-13 18:00:00,2,1770,93.95639146919734,100.0
2024-02-13 19:00:00,2,1771,89.76005946695437,100.0
2024-02-13 20:00:00,2,1772,85.62696776721205,100.0
2024-02-13 21:00:00,2,1773,81.59998209044879,100.0
2024-02-13 22:00:00,2,1774,77.67926681399906,100.0
2024-02-13 23:00:00,2,1775,73.80531541232102,100.0
2024-02-14 00:00:00,2,1776,69.96482412583269,100.0
2024-02-14 01:00:00,2,1777,66.1511400669253,100.0
2024-02-14 02:00:00,2,1778,62.351136459618296,100.0
2024-02-14 03:00:00,2,1779,58.57793603112429,100.0
2024-02-14 04:00:00,2,1780,54.78516429788136,100.0
2024-02-14 05:00:00,2,1781,50.88375435720403,100.0
2024-02-14 06:00:00,2,1782,49.94849126411745,23.398408853034365
2024-02-14 07:00:00,2,1783,49.943496414991046,14.386123994861697
2024-02-14 08:00:00,2,1784,52.93562694344847,100.0
2024-02-14 09:00:00,2,1785,62.56137996120346,100.0
2024-02-14 10:00:00,2,1786,74.68253650018784,100.0
2024-02-14 11:00:00,2,1787,85.87558873225096,100.0
2024-02-14 12:00:00,2,1788,98.71686557778341,100.0
2024-02-14 13:00:00,2,1789,99.99,100.0
2024-02-14 14:00:00,2,1790,99.99,100.0
2024-02-14 15:00:00,2,1791,99.99,100.0
2024-02-14 16:00:00,2,1792,99.99,100.0
2024-02-14 17:00:00,2,1793,99.99,100.0
2024-02-14 18:00:00,2,1794,96.0778800372248,100.0
2024-02-14 19:00:00,2,1795,92.1259690217295,100.0
2024-02-14 20:00:00,2,1796,88.20087637578801,100.0
2024-02-14 21:00:00,2,1797,84.30592418836203,100.0
2024-02-14 22:00:00,2,1798,80.43795966254382,100.0
2024-02-14 23:00:00,2,1799,76.58018125763732,100.0
2024-02-15 00:00:00,2,1800,72.83198110311578,100.0
2024-02-15 01:00:00,2,1801,68.95851443000885,100.0
2024-02-15 02:00:00,2,1802,65.11185828202149,100.0
2024-02-15 03:00:00,2,1803,61.27223634124618,100.0
2024-02-15 04:00:00,2,1804,57.4461224579227,100.0
2024-02-15 05:00:00,2,1805,53.52449779663759,100.0
2024-02-15 06:00:00,2,1806,49.80951866595484,92.69897273972275
2024-02-15 07:00:00,2,1807,49.80453771408825,8.258529405857761
2024-02-15 08:00:00,2,1808,50.434841802940426,100.0
2024-02-15 09:00:00,2,1809,56.4299253408579,100.0
2024-02-15 10:00:00,2,1810,64.6469644960533,100.0
2024-02-15 11:00:00,2,1811,73.43883671016,100.0
2024-02-15 12:00:00,2,1812,82.40253074738871,100.0
2024-02-15 13:00:00,2,1813,91.460562026572,100.0
2024-02-15 14:00:00,2,1814,99.99,100.0
2024-02-15 15:00:00,2,1815,99.99,100.0
2024-02-15 16:00:00,2,1816,99.99,100.0
2024-02-15 17:00:00,2,1817,99.23493526690356,100.0
2024-02-15 18:00:00,2,1818,95.29206952269769,100.0
2024-02-15 19:00:00,2,1819,91.3071643682043,100.0
2024-02-15 20:00:00,2,1820,87.33263201662224,100.0
2024-02-15 21:00:00,2,1821,83.36847143067125,100.0
2024-02-15 22:00:00,2,1822,79.43113043923113,100.0
2024-02-15 23:00:00,2,1823,75.53705522639879,100.0
2024-02-16 00:00:00,2,1824,71.65334373348364,100.0
2024-02-16 01:00:00,2,1825,67.7733453825164,100.0
2024-02-16 02:00:00,2,1826,64.01605159918648,100.0
2024-02-16 03:00:00,2,1827,60.23603513758127,100.0
2024-02-16 04:00:00,2,1828,56.406875091516305,100.0
2024-02-16 05:00:00,2,1829,52.41273436120828,100.0
2024-02-16 06:00:00,2,1830,49.86802667959094,60.55596489245942
2024-02-16 07:00:00,2,1831,49.86303987692298,7.8532619244406465
2024-02-16 08:00:00,2,1832,50.215433666334874,100.0
2024-02-16 09:00:00,2,1833,55.595553784102336,100.0
2024-02-16 10:00:00,2,1834,63.26434810834858,100.0
2024-02-16 11:00:00,2,1835,71.20385647441204,100.0
2024-02-16 12:00:00,2,1836,80.00415138377733,100.0
2024-02-16 13:00:00,2,1837,88.40861964791347,100.0
2024-02-16 14:00:00,2,1838,95.65720698847998,100.0
2024-02-16 15:00:00,2,1839,99.99,100.0
2024-02-16 16:00:00,2,1840,99.99,100.0
2024-02-16 17:00:00,2,1841,99.1057991436577,100.0
2024-02-16 18:00:00,2,1842,94.94209988094703,100.0
2024-02-16 19:00:00,2,1843,90.75546863232199,100.0
2024-02-16 20:00:00,2,1844,86.66847420697043,100.0
2024-02-16 21:00:00,2,1845,82.65468346275769,100.0
2024-02-16 22:00:00,2,1846,78.65126841001529,100.0
2024-02-16 23:00:00,2,1847,74.70442482648131,100.0
2024-02-17 00:00:00,2,1848,70.79437341815388,100.0
2024-02-17 01:00:00,2,1849,66.89801209816179,100.0
2024-02-17 02:00:00,2,1850,63.01848928035807,100.0
2024-02-17 03:00:00,2,1851,59.15597826882929,100.0
2024-02-17 04:00:00,2,1852,55.273904883609895,100.0
2024-02-17 05:00:00,2,1853,51.27987745032265,100.0
2024-02-17 06:00:00,2,1854,47.10426196553793,100.0
2024-02-17 07:00:00,2,1855,47.099551539341384,5.468900113946351
2024-02-17 08:00:00,2,1856,47.09484158418745,72.79639432563282
2024-02-17 09:00:00,2,1857,50.89250050867297,100.0
2024-02-17 10:00:00,2,1858,56.49272222556546,100.0
2024-02-17 11:00:00,2,1859,63.555814764416375,100.0
2024-02-17 12:00:00,2,1860,70.9307340733875,100.0
2024-02-17 13:00:00,2,1861,78.32381706363981,100.0
2024-02-17 14:00:00,2,1862,84.67800470691023,100.0
2024-02-17 15:00:00,2,1863,89.75931804936663,100.0
2024-02-17 16:00:00,2,1864,92.40936694313969,100.0
2024-02-17 17:00:00,2,1865,90.48666169025577,100.0
2024-02-17 18:00:00,2,1866,86.33284124922221,100.0
2024-02-17 19:00:00,2,1867,82.17681887571125,100.0
2024-02-17 20:00:00,2,1868,78.10398139852985,100.0
2024-02-17 21:00:00,2,1869,74.08107279120209,100.0
2024-02-17 22:00:00,2,1870,70.10161350718049,100.0
2024-02-17 23:00:00,2,1871,66.15894965993544,100.0
2024-02-18 00:00:00,2,1872,62.226654391471016,100.0
2024-02-18 01:00:00,2,1873,58.34427393863935,100.0
2024-02-18 02:00:00,2,1874,54.50865352709702,100.0
2024-02-18 03:00:00,2,1875,50.78243416220355,100.0
2024-02-18 04:00:00,2,1876,49.9538233726954,22.094951532195157
2024-02-18 05:00:00,2,1877,49.94882799035813,0.0
2024-02-18 06:00:00,2,1878,49.9438331075591,0.0
2024-02-18 07:00:00,2,1879,49.93883872424835,7.783948970946479
2024-02-18 08:00:00,2,1880,49.98019590086223,100.0
2024-02-18 09:00:00,2,1881,54.43298844632216,100.0
2024-02-18 10:00:00,2,1882,61.38594266727814,100.0
2024-02-18 11:00:00,2,1883,68.3774304908753,100.0
2024-02-18 12:00:00,2,1884,75.58936725955634,100.0
2024-02-18 13:00:00,2,1885,83.84961364841004,100.0
2024-02-18 14:00:00,2,1886,91.23742022461256,100.0
2024-02-18 15:00:00,2,1887,97.91685072311309,100.0
2024-02-18 16:00:00,2,1888,99.99,100.0
2024-02-18 17:00:00,2,1889,99.29448521542228,100.0
2024-02-18 18:00:00,2,1890,95.24652380242429,100.0
2024-02-18 19:00:00,2,1891,91.1293323223048,100.0
2024-02-18 20:00:00,2,1892,87.10844595068329,100.0
2024-02-18 21:00:00,2,1893,83.14745756620074,100.0
2024-02-18 22:00:00,2,1894,79.20681390534841,100.0
2024-02-18 23:00:00,2,1895,75.2863379457172,100.0
2024-02-19 00:00:00,2,1896,71.3926772121342,100.0
2024-02-19 01:00:00,2,1897,67.51602969861773,100.0
2024-02-19 02:00:00,2,1898,63.629795537456715,100.0
2024-02-19 03:00:00,2,1899,59.82006975220676,100.0
2024-02-19 04:00:00,2,1900,56.0173744811326,100.0
2024-02-19 05:00:00,2,1901,52.0794438285888,100.0
2024-02-19 06:00:00,2,1902,47.979868139661214,100.0
2024-02-19 07:00:00,2,1903,44.00830958105145,100.0
2024-02-19 08:00:00,2,1904,44.30586048106462,100.0
2024-02-19 09:00:00,2,1905,50.42983164435787,100.0
2024-02-19 10:00:00,2,1906,57.802969405374824,100.0
2024-02-19 11:00:00,2,1907,65.8993434508482,100.0
2024-02-19 12:00:00,2,1908,75.45099205674013,100.0
2024-02-19 13:00:00,2,1909,84.21651909964837,100.0
2024-02-19 14:00:00,2,1910,91.8187464158203,100.0
2024-02-19 15:00:00,2,1911,99.25507217508415,100.0
2024-02-19 16:00:00,2,1912,99.99,100.0
2024-02-19 17:00:00,2,1913,99.26325530181985,100.0
2024-02-19 18:00:00,2,1914,95.19546943696766,100.0
2024-02-19 19:00:00,2,1915,91.06183419622833,100.0
2024-02-19 20:00:00,2,1916,87.00455708357126,100.0
2024-02-19 21:00:00,2,1917,82.94121114496497,100.0
2024-02-19 22:00:00,2,1918,78.9344426686557,100.0
2024-02-19 23:00:00,2,1919,74.90812624440231,100.0
2024-02-20 00:00:00,2,1920,70.94835789189038,100.0
2024-02-20 01:00:00,2,1921,67.01558368260275,100.0
2024-02-20 02:00:00,2,1922,63.16247228609287,100.0
2024-02-20 03:00:00,2,1923,59.316395742319905,100.0
2024-02-20 04:00:00,2,1924,55.46405426460406,100.0
2024-02-20 05:00:00,2,1925,51.47980714083784,100.0
2024-02-20 06:00:00,2,1926,49.91712320209875,37.25750955335969
2024-02-20 07:00:00,2,1927,49.912131489778545,14.137995677308297
2024-02-20 08:00:00,2,1928,52.73551200457081,100.0
2024-02-20 09:00:00,2,1929,62.968315329767066,100.0
2024-02-20 10:00:00,2,1930,74.94685984146075,100.0
2024-02-20 11:00:00,2,1931,86.69448161008137,100.0
2024-02-20 12:00:00,2,1932,99.23525567606212,100.0
2024-02-20 13:00:00,2,1933,99.99,100.0
2024-02-20 14:00:00,2,1934,99.99,100.0
2024-02-20 15:00:00,2,1935,99.99,100.0
2024-02-20 16:00:00,2,1936,99.99,100.0
2024-02-20 17:00:00,2,1937,99.99,100.0
2024-02-20 18:00:00,2,1938,95.82054901163367,100.0
2024-02-20 19:00:00,2,1939,91.64712900129008,100.0
2024-02-20 20:00:00,2,1940,87.53362223144934,100.0
2024-02-20 21:00:00,2,1941,83.51974497243417,100.0
2024-02-20 22:00:00,2,1942,79.45342274424036,100.0
2024-02-20 23:00:00,2,1943,75.4503278175698,100.0
2024-02-21 00:00:00,2,1944,71.48403069124008,100.0
2024-02-21 01:00:00,2,1945,67.53790383147799,100.0
2024-02-21 02:00:00,2,1946,63.59549635520051,100.0
2024-02-21 03:00:00,2,1947,59.74272696742338,100.0
2024-02-21 04:00:00,2,1948,55.9598130674827,100.0
2024-02-21 05:00:00,2,1949,51.978841138634834,100.0
2024-02-21 06:00:00,2,1950,49.890860881341005,50.786968887403546
2024-02-21 07:00:00,2,1951,49.88587179525287,8.514960845763065
2024-02-21 08:00:00,2,1952,50.943827094201474,100.0
2024-02-21 09:00:00,2,1953,57.55995849117017,100.0
2024-02-21 10:00:00,2,1954,65.37830864645375,100.0
2024-02-21 11:00:00,2,1955,73.84307036836621,100.0
2024-02-21 12:00:00,2,1956,83.3314276141805,100.0
2024-02-21 13:00:00,2,1957,91.29318855290883,100.0
2024-02-21 14:00:00,2,1958,99.23410740667997,100.0
2024-02-21 15:00:00,2,1959,99.99,100.0
2024-02-21 16:00:00,2,1960,99.99,100.0
2024-02-21 17:00:00,2,1961,99.36966348226518,100.0
2024-02-21 18:00:00,2,1962,95.53085761601763,100.0
2024-02-21 19:00:00,2,1963,91.56255243670806,100.0
2024-02-21 20:00:00,2,1964,87.62439203716733,100.0
2024-02-21 21:00:00,2,1965,83.7130486321188,100.0
2024-02-21 22:00:00,2,1966,79.81539544460533,100.0
2024-02-21 23:00:00,2,1967,75.97097837931513,100.0
2024-02-22 00:00:00,2,1968,72.15336893418375,100.0
2024-02-22 01:00:00,2,1969,68.3692139700464,100.0
2024-02-22 02:00:00,2,1970,64.58876219220411,100.0
2024-02-22 03:00:00,2,1971,60.85173549198502,100.0
2024-02-22 04:00:00,2,1972,57.10178341124143,100.0
2024-02-22 05:00:00,2,1973,53.312484064059106,100.0
2024-02-22 06:00:00,2,1974,49.82067616759723,89.71585521360171
2024-02-22 07:00:00,2,1975,49.815694099980476,6.44015786358839
2024-02-22 08:00:00,2,1976,49.81071253057048,82.94352711288184
2024-02-22 09:00:00,2,1977,53.79782677444741,100.0
2024-02-22 10:00:00,2,1978,60.05231860587188,100.0
2024-02-22 11:00:00,2,1979,67.30926508647752,100.0
2024-02-22 12:00:00,2,1980,75.11931003667921,100.0
2024-02-22 13:00:00,2,1981,82.65928524911,100.0
2024-02-22 14:00:00,2,1982,90.12403630508302,100.0
2024-02-22 15:00:00,2,1983,95.42105461300994,100.0
2024-02-22 16:00:00,2,1984,99.03400969298075,100.0
2024-02-22 17:00:00,2,1985,97.50584392992188,100.0
2024-02-22 18:00:00,2,1986,93.69720243510572,100.0
2024-02-22 19:00:00,2,1987,89.85139718911647,100.0
2024-02-22 20:00:00,2,1988,86.02575016050685,100.0
2024-02-22 21:00:00,2,1989,82.22043432139185,100.0
2024-02-22 22:00:00,2,1990,78.42862310911852,100.0
2024-02-22 23:00:00,2,1991,74.64384061956368,100.0
2024-02-23 00:00:00,2,1992,70.88918455750868,100.0
2024-02-23 01:00:00,2,1993,67.13822873185855,100.0
2024-02-23 02:00:00,2,1994,63.33480164488642,100.0
2024-02-23 03:00:00,2,1995,59.554853308276634,100.0
2024-02-23 04:00:00,2,1996,55.755509329645506,100.0
2024-02-23 05:00:00,2,1997,51.83737850047186,100.0
2024-02-23 06:00:00,2,1998,47.74447655967434,100.0
2024-02-23 07:00:00,2,1999,43.742111446144186,100.0
2024-02-23 08:00:00,2,2000,43.50088547776903,100.0
2024-02-23 09:00:00,2,2001,48.094710464290166,100.0
2024-02-23 10:00:00,2,2002,54.60139243311768,100.0
2024-02-23 11:00:00,2,2003,61.04414235167962,100.0
2024-02-23 12:00:00,2,2004,69.7539037794622,100.0
2024-02-23 13:00:00,2,2005,78.25085646027608,100.0
2024-02-23 14:00:00,2,2006,86.7170305437396,100.0
2024-02-23 15:00:00,2,2007,95.12965326868806,100.0
2024-02-23 16:00:00,2,2008,99.99,100.0
2024-02-23 17:00:00,2,2009,99.08879637288702,100.0
2024-02-23 18:00:00,2,2010,94.93488011098209,100.0
2024-02-23 19:00:00,2,2011,90.75489912593132,100.0
2024-02-23 20:00:00,2,2012,86.69765270678127,100.0
2024-02-23 21:00:00,2,2013,82.71028222317084,100.0
2024-02-23 22:00:00,2,2014,78.74325910140057,100.0
2024-02-23 23:00:00,2,2015,74.87585084209105,100.0
2024-02-24 00:00:00,2,2016,71.0319277312611,100.0
2024-02-24 01:00:00,2,2017,67.25453445284131,100.0
2024-02-24 02:00:00,2,2018,63.44112142290119,100.0
2024-02-24 03:00:00,2,2019,59.63806404665998,100.0
2024-02-24 04:00:00,2,2020,55.8089637977041,100.0
2024-02-24 05:00:00,2,2021,51.857754903034106,100.0
2024-02-24 06:00:00,2,2022,47.69538071369864,100.0
2024-02-24 07:00:00,2,2023,47.69061117562727,7.255241942243608
2024-02-24 08:00:00,2,2024,48.578177208131336,100.0
2024-02-24 09:00:00,2,2025,55.19215126900262,100.0
2024-02-24 10:00:00,2,2026,63.97219888590811,100.0
2024-02-24 11:00:00,2,2027,73.75184294337511,100.0
2024-02-24 12:00:00,2,2028,82.27325387611924,100.0
2024-02-24 13:00:00,2,2029,91.1630975582885,100.0
2024-02-24 14:00:00,2,2030,99.99,100.0
2024-02-24 15:00:00,2,2031,99.99,100.0
2024-02-24 16:00:00,2,2032,99.99,100.0
2024-02-24 17:00:00,2,2033,99.00181955228086,100.0
2024-02-24 18:00:00,2,2034,94.8249115390649,100.0
2024-02-24 19:00:00,2,2035,90.6251679140163,100.0
2024-02-24 20:00:00,2,2036,86.5150881110829,100.0
2024-02-24 21:00:00,2,2037,82.47156475622887,100.0
2024-02-24 22:00:00,2,2038,78.46816801535712,100.0
2024-02-24 23:00:00,2,2039,74.51469320026536,100.0
2024-02-25 00:00:00,2,2040,70.61795984829506,100.0
2024-02-25 01:00:00,2,2041,66.73474026491772,100.0
2024-02-25 02:00:00,2,2042,62.87833218195097,100.0
2024-02-25 03:00:00,2,2043,59.03228405218841,100.0
2024-02-25 04:00:00,2,2044,55.18662052723883,100.0
2024-02-25 05:00:00,2,2045,51.23547386689589,100.0
2024-02-25 06:00:00,2,2046,49.92998156213109,31.58042950132899
2024-02-25 07:00:00,2,2047,49.92498856397488,5.512025124904293
2024-02-25 08:00:00,2,2048,49.91999606511849,86.22221289657041
2024-02-25 09:00:00,2,2049,53.99740095318756,100.0
2024-02-25 10:00:00,2,2050,60.37531041969705,100.0
2024-02-25 11:00:00,2,2051,68.46247544754998,100.0
2024-02-25 12:00:00,2,2052,77.16500443269958,100.0
2024-02-25 13:00:00,2,2053,85.36035272870515,100.0
2024-02-25 14:00:00,2,2054,92.20600134034173,100.0
2024-02-25 15:00:00,2,2055,98.02965582678583,100.0
2024-02-25 16:00:00,2,2056,99.99,100.0
2024-02-25 17:00:00,2,2057,98.13205792853637,100.0
2024-02-25 18:00:00,2,2058,94.0694636649425,100.0
2024-02-25 19:00:00,2,2059,89.99876169408081,100.0
2024-02-25 20:00:00,2,2060,86.01438587037029,100.0
2024-02-25 21:00:00,2,2061,82.06680597509029,100.0
2024-02-25 22:00:00,2,2062,78.14271924545346,100.0
2024-02-25 23:00:00,2,2063,74.2587471861364,100.0
2024-02-26 00:00:00,2,2064,70.44130896412433,100.0
2024-02-26 01:00:00,2,2065,66.62757725673312,100.0
2024-02-26 02:00:00,2,2066,62.83732533016626,100.0
2024-02-26 03:00:00,2,2067,59.083849919640215,100.0
2024-02-26 04:00:00,2,2068,55.310976219800224,100.0
2024-02-26 05:00:00,2,2069,51.40618892713208,100.0
2024-02-26 06:00:00,2,2070,49.92099745746109,35.97319014670122
2024-02-26 07:00:00,2,2071,49.91600535771534,5.762368736288587
2024-02-26 08:00:00,2,2072,49.911013757179575,83.9728532092075
2024-02-26 09:00:00,2,2073,53.881690233470714,100.0
2024-02-26 10:00:00,2,2074,59.57732768325229,100.0
2024-02-26 11:00:00,2,2075,67.45671764822536,100.0
2024-02-26 12:00:00,2,2076,75.63780275809218,100.0
2024-02-26 13:00:00,2,2077,83.33368382443564,100.0
2024-02-26 14:00:00,2,2078,90.1560278910595,100.0
2024-02-26 15:00:00,2,2079,95.1414545364672,100.0
2024-02-26 16:00:00,2,2080,98.10735584691412,100.0
2024-02-26 17:00:00,2,2081,96.30345118164331,100.0
2024-02-26 18:00:00,2,2082,92.16001348175496,100.0
2024-02-26 19:00:00,2,2083,88.010057932618,100.0
2024-02-26 20:00:00,2,2084,83.93663713153092,100.0
2024-02-26 21:00:00,2,2085,79.929769112623,100.0
2024-02-26 22:00:00,2,2086,75.97282336662289,100.0
2024-02-26 23:00:00,2,2087,72.04602126444829,100.0
2024-02-27 00:00:00,2,2088,68.14288523807429,100.0
2024-02-27 01:00:00,2,2089,64.29298588220749,100.0
2024-02-27 02:00:00,2,2090,60.73115168432618,100.0
2024-02-27 03:00:00,2,2091,57.2160454731087,100.0
2024-02-27 04:00:00,2,2092,53.65824374006692,100.0
2024-02-27 05:00:00,2,2093,49.8064680775513,100.0
2024-02-27 06:00:00,2,2094,45.6343247045025,100.0
2024-02-27 07:00:00,2,2095,42.15253819732626,100.0
2024-02-27 08:00:00,2,2096,47.061077336378695,100.0
2024-02-27 09:00:00,2,2097,60.628345747524335,100.0
2024-02-27 10:00:00,2,2098,75.04505373300951,100.0
2024-02-27 11:00:00,2,2099,90.17792406285436,100.0
2024-02-27 12:00:00,2,2100,99.99,100.0
2024-02-27 13:00:00,2,2101,99.99,100.0
2024-02-27 14:00:00,2,2102,99.99,100.0
2024-02-27 15:00:00,2,2103,99.99,100.0
2024-02-27 16:00:00,2,2104,99.99,100.0
2024-02-27 17:00:00,2,2105,99.99,100.0
2024-02-27 18:00:00,2,2106,95.90955423715849,100.0
2024-02-27 19:00:00,2,2107,91.79229645399552,100.0
2024-02-27 20:00:00,2,2108,87.76154446150171,100.0
2024-02-27 21:00:00,2,2109,83.76741804711855,100.0
2024-02-27 22:00:00,2,2110,79.80676376542635,100.0
2024-02-27 23:00:00,2,2111,75.9061764356009,100.0
2024-02-28 00:00:00,2,2112,72.03240234296072,100.0
2024-02-28 01:00:00,2,2113,68.17878926458481,100.0
2024-02-28 02:00:00,2,2114,64.37858289235804,100.0
2024-02-28 03:00:00,2,2115,60.61830381447852,100.0
2024-02-28 04:00:00,2,2116,56.86172553530542,100.0
2024-02-28 05:00:00,2,2117,52.989855887755255,100.0
2024-02-28 06:00:00,2,2118,49.00585618382674,100.0
2024-02-28 07:00:00,2,2119,45.30382808413304,100.0
2024-02-28 08:00:00,2,2120,45.071295233803035,100.0
2024-02-28 09:00:00,2,2121,49.590952463308845,100.0
2024-02-28 10:00:00,2,2122,56.992471424815825,100.0
2024-02-28 11:00:00,2,2123,65.11198801777408,100.0
2024-02-28 12:00:00,2,2124,73.58369702263833,100.0
2024-02-28 13:00:00,2,2125,82.37335000216656,100.0
2024-02-28 14:00:00,2,2126,89.51216764045272,100.0
2024-02-28 15:00:00,2,2127,95.89404700424596,100.0
2024-02-28 16:00:00,2,2128,99.54649372024386,100.0
2024-02-28 17:00:00,2,2129,98.14573264042245,100.0
2024-02-28 18:00:00,2,2130,94.21319041842617,100.0
2024-02-28 19:00:00,2,2131,90.19532043179368,100.0
2024-02-28 20:00:00,2,2132,86.23402335986302,100.0
2024-02-28 21:00:00,2,2133,82.2699726347777,100.0
2024-02-28 22:00:00,2,2134,78.36913898406532,100.0
2024-02-28 23:00:00,2,2135,74.42897315507122,100.0
2024-02-29 00:00:00,2,2136,70.50232543791776,100.0
2024-02-29 01:00:00,2,2137,66.63906604277324,100.0
2024-02-29 02:00:00,2,2138,62.80926569361775,100.0
2024-02-29 03:00:00,2,2139,58.99297241975493,100.0
2024-02-29 04:00:00,2,2140,55.26630462297219,100.0
2024-02-29 05:00:00,2,2141,51.460739957612326,100.0
2024-02-29 06:00:00,2,2142,49.9181266377044,38.80457897592366
2024-02-29 07:00:00,2,2143,49.91313482504062,17.060181739725135
2024-02-29 08:00:00,2,2144,55.02025735066163,100.0
2024-02-29 09:00:00,2,2145,67.7224876404232,100.0
2024-02-29 10:00:00,2,2146,83.34030197904818,100.0
2024-02-29 11:00:00,2,2147,98.48457378726474,100.0
2024-02-29 12:00:00,2,2148,99.99,100.0
2024-02-29 13:00:00,2,2149,99.99,100.0
2024-02-29 14:00:00,2,2150,99.99,100.0
2024-02-29 15:00:00,2,2151,99.99,100.0
2024-02-29 16:00:00,2,2152,99.99,100.0
2024-02-29 17:00:00,2,2153,99.99,100.0
2024-02-29 18:00:00,2,2154,96.07788832480017,100.0
2024-02-29 19:00:00,2,2155,92.12265253767748,100.0
2024-02-29 20:00:00,2,2156,88.20088499418303,100.0
2024-02-29 21:00:00,2,2157,84.3159071182911,100.0
2024-02-29 22:00:00,2,2158,80.4479415941799,100.0
2024-02-29 23:00:00,2,2159,76.610110815872,100.0
