date,cumulative_baseline_co2_kg,cumulative_solar_co2_kg
2024-01-01 00:00:00,711.6718612169474,705.1618612169474
2024-01-01 01:00:00,1420.151623257292,1407.131623257292
2024-01-01 02:00:00,2124.840767525421,2105.310767525421
2024-01-01 03:00:00,2829.3969076611916,2803.356907661191
2024-01-01 04:00:00,3537.1783980066543,3504.6283980066537
2024-01-01 05:00:00,4258.759067084306,4219.699067084305
2024-01-01 06:00:00,4990.414799188109,4944.8447991881085
2024-01-01 07:00:00,5733.37588254238,5643.96838254238
2024-01-01 08:00:00,6444.914739626969,5761.78213254238
2024-01-01 09:00:00,7151.99795827755,6048.86713254238
2024-01-01 10:00:00,7834.076400044743,6384.199632542381
2024-01-01 11:00:00,8508.473853168236,6722.235882542381
2024-01-01 12:00:00,9218.183903432897,7097.2658825423805
2024-01-01 13:00:00,9926.497410307793,7487.93338254238
2024-01-01 14:00:00,10632.450093833328,7894.4933825423805
2024-01-01 15:00:00,11359.217924072958,8285.05588254238
2024-01-01 16:00:00,12098.554644820462,8518.57588254238
2024-01-01 17:00:00,12843.344534994661,8550.88588254238
2024-01-01 18:00:00,13590.628252650582,8552.025882542379
2024-01-01 19:00:00,14327.437894883275,8552.95588254238
2024-01-01 20:00:00,15051.545642475736,8553.88588254238
2024-01-01 21:00:00,16513.460563293578,8554.81588254238
2024-01-01 22:00:00,17967.794248566992,8555.74588254238
2024-01-01 23:00:00,19416.009743751914,8556.67588254238
2024-01-02 00:00:00,20858.10704884835,8557.60588254238
2024-01-02 01:00:00,22298.80781055502,8558.535882542381
2024-01-02 02:00:00,23734.45441523207,8559.465882542381
2024-01-02 03:00:00,25158.662664526295,8560.395882542382
2024-01-02 04:00:00,26582.87091382052,8561.325882542382
2024-01-02 05:00:00,28029.68986561568,8562.255882542382
2024-01-02 06:00:00,29515.87804058894,8563.185882542382
2024-01-02 07:00:00,31000.669672172437,8569.339632542382
2024-01-02 08:00:00,32436.316276849488,8672.670882542381
2024-01-02 09:00:00,33778.926490941805,8919.86338254238
2024-01-02 10:00:00,35037.47809338359,9219.233382542381
2024-01-02 11:00:00,36269.49537141986,9557.430882542381
2024-01-02 12:00:00,37458.48581263817,9889.815882542382
2024-01-02 13:00:00,38655.32349766564,10227.038382542381
2024-01-02 14:00:00,39965.547205528674,10555.78963254238
2024-01-02 15:00:00,41392.28253333771,10841.74588254238
2024-01-02 16:00:00,42859.51761944989,11004.42838254238
2024-01-02 17:00:00,44336.794517555136,11028.705882542381
2024-01-02 18:00:00,45815.20195078543,11029.84588254238
2024-01-02 19:00:00,47279.9099583828,11030.77588254238
2024-01-02 20:00:00,48735.640187045974,11031.705882542381
2024-01-02 21:00:00,50203.67329795231,11032.635882542381
2024-01-02 22:00:00,51668.38130554968,11033.565882542382
2024-01-02 23:00:00,53122.71499082309,11034.495882542382
2024-01-03 00:00:00,54569.533942618255,11035.425882542382
2024-01-03 01:00:00,56012.69528077356,11036.355882542382
2024-01-03 02:00:00,57449.73842884037,11037.285882542383
2024-01-03 03:00:00,58886.78157690718,11038.215882542383
2024-01-03 04:00:00,60328.546371672724,11039.145882542383
2024-01-03 05:00:00,61787.93421397576,11040.075882542384
2024-01-03 06:00:00,63263.81456869124,11041.005882542384
2024-01-03 07:00:00,64748.340192010015,11044.493382542383
2024-01-03 08:00:00,66166.09774088486,11119.028382542383
2024-01-03 09:00:00,67457.03584955592,11324.040882542384
2024-01-03 10:00:00,68675.35370195928,11576.303382542384
2024-01-03 11:00:00,69847.053605971,11840.805882542385
2024-01-03 12:00:00,71010.10824137942,12126.237132542385
2024-01-03 13:00:00,72222.04189542957,12410.265882542384
2024-01-03 14:00:00,73547.09556405059,12694.305882542385
2024-01-03 15:00:00,74985.26924724245,12954.593382542385
2024-01-03 16:00:00,76446.05363293525,13116.567132542385
2024-01-03 17:00:00,77940.62106824708,13142.757132542385
2024-01-03 18:00:00,79434.39047876478,13143.897132542384
2024-01-03 19:00:00,80900.22902148719,13144.827132542385
2024-01-03 20:00:00,82353.76468196645,13145.757132542385
2024-01-03 21:00:00,83808.43087757076,13146.687132542385
2024-01-03 22:00:00,85265.29164135898,13147.617132542386
2024-01-03 23:00:00,86724.67948366202,13148.547132542386
2024-01-04 00:00:00,88182.93679084002,13149.477132542386
2024-01-04 01:00:00,89635.07590792951,13150.407132542387
2024-01-04 02:00:00,91077.17321302595,13151.337132542387
2024-01-04 03:00:00,92517.87397473262,13152.267132542387
2024-01-04 04:00:00,93960.7693046232,13153.197132542387
2024-01-04 05:00:00,95430.46496718402,13154.127132542388
2024-01-04 06:00:00,96966.66269592405,13155.057132542388
2024-01-04 07:00:00,98576.87722432156,13161.840882542388
2024-01-04 08:00:00,100212.49554199954,13299.075882542389
2024-01-04 09:00:00,101758.73508273263,13642.24588254239
2024-01-04 10:00:00,103205.8200427925,14035.50463254239
2024-01-04 11:00:00,104607.68359785051,14402.70838254239
2024-01-04 12:00:00,105993.05464049608,14756.783382542391
2024-01-04 13:00:00,107399.90585051752,15121.81963254239
2024-01-04 14:00:00,108912.09633336686,15500.14588254239
2024-01-04 15:00:00,110540.19991756658,15862.87963254239
2024-01-04 16:00:00,112179.47584888441,16080.84463254239
2024-01-04 17:00:00,113811.17054465781,16114.16713254239
2024-01-04 18:00:00,115415.53289123155,16115.31088254239
2024-01-04 19:00:00,117002.00618200307,16116.24088254239
2024-01-04 20:00:00,118567.26531366342,16117.17088254239
2024-01-04 21:00:00,120122.15012299981,16118.10088254239
2024-01-04 22:00:00,121650.8331182616,16119.03088254239
2024-01-04 23:00:00,123157.9694440813,16119.960882542391
2024-01-05 00:00:00,124663.97523477598,16120.890882542391
2024-01-05 01:00:00,126172.50810398546,16121.820882542392
2024-01-05 02:00:00,127673.52623971668,16122.750882542392
2024-01-05 03:00:00,129164.50256345485,16123.680882542392
2024-01-05 04:00:00,130643.97402974401,16124.610882542393
2024-01-05 05:00:00,132181.3022936091,16125.540882542393
2024-01-05 06:00:00,133765.2485058658,16126.470882542393
2024-01-05 07:00:00,135414.56624917669,16130.100882542392
2024-01-05 08:00:00,137038.48020320712,16187.408382542393
2024-01-05 09:00:00,137817.31915126508,16334.464632542393
2024-01-05 10:00:00,138556.52286788024,16526.30338254239
2024-01-05 11:00:00,139266.2329181449,16723.140882542393
2024-01-05 12:00:00,139972.18560167044,16911.840882542394
2024-01-05 13:00:00,140689.3106323141,17063.880882542395
2024-01-05 14:00:00,141449.16324047788,17203.542132542396
2024-01-05 15:00:00,142262.51676088286,17323.122132542398
2024-01-05 16:00:00,143085.34682571838,17398.9433825424
2024-01-05 17:00:00,143900.4959019102,17414.359632542397
2024-01-05 18:00:00,144704.47263098392,17716.589440386815
2024-01-05 19:00:00,145495.7474654174,18501.354274820293
2024-01-05 20:00:00,146273.88814178048,19272.98495118337
2024-01-05 21:00:00,147044.64708879768,20037.233898200557
2024-01-05 22:00:00,147802.1388736121,20788.215683014987
2024-01-05 23:00:00,148551.94966978283,21531.516479185717
2024-01-06 00:00:00,149291.28639053032,22264.34319993322
2024-01-06 01:00:00,150037.30656892885,23003.853378331736
2024-01-06 02:00:00,150774.54847459172,23734.585283994595
2024-01-06 03:00:00,151493.07004862512,24446.596858028002
2024-01-06 04:00:00,152219.83787886475,25166.854688267635
2024-01-06 05:00:00,152967.9528723479,25908.459681750795
2024-01-06 06:00:00,153745.3952770161,26679.392086418993
2024-01-06 07:00:00,154550.6355453472,27446.412354750108
2024-01-06 08:00:00,155345.83400168526,27555.394854750106
2024-01-06 09:00:00,156104.5893257571,27842.712354750107
2024-01-06 10:00:00,156821.1490888382,28186.628604750105
2024-01-06 11:00:00,157515.0981494184,28554.181104750107
2024-01-06 12:00:00,158204.55832053148,28935.912354750108
2024-01-06 13:00:00,158894.01849164456,29310.739854750107
2024-01-06 14:00:00,159624.41068449095,29694.154854750108
2024-01-06 15:00:00,160413.32469557508,30063.762354750106
2024-01-06 16:00:00,161211.58224695738,30305.427354750107
2024-01-06 17:00:00,162005.38415990566,30346.692354750106
2024-01-06 18:00:00,162787.4484581733,30347.843604750105
2024-01-06 19:00:00,163570.64329156603,30348.773604750106
2024-01-06 20:00:00,164336.21507742122,30349.703604750106
2024-01-06 21:00:00,165086.72414528683,30350.633604750106
2024-01-06 22:00:00,165792.67682881237,30351.563604750107
2024-01-06 23:00:00,166490.25025199933,30352.493604750107
2024-01-07 00:00:00,167179.17840658297,30353.423604750107
2024-01-07 01:00:00,167871.7309237734,30354.353604750107
2024-01-07 02:00:00,168593.31159285104,30355.283604750108
2024-01-07 03:00:00,169314.19399023382,30356.213604750108
2024-01-07 04:00:00,170033.97910352465,30357.14360475011
2024-01-07 05:00:00,170768.12866311017,30358.07360475011
2024-01-07 06:00:00,171531.20662148367,30752.160515264262
2024-01-07 07:00:00,172335.7486181199,31507.431261900492
2024-01-07 08:00:00,173132.90888541023,31632.90626190049
2024-01-07 09:00:00,173889.13713096725,31937.15876190049
2024-01-07 10:00:00,174622.05640232845,32299.14626190049
2024-01-07 11:00:00,175360.56184724873,32672.60876190049
2024-01-07 12:00:00,176108.67684073187,33049.22126190049
2024-01-07 13:00:00,176868.13043649858,33423.3812619005
2024-01-07 14:00:00,177636.79456843113,33799.49501190049
2024-01-07 15:00:00,178424.31203612548,34149.62501190049
2024-01-07 16:00:00,179220.6077765555,34375.71626190049
2024-01-07 17:00:00,180013.84442194126,34414.49126190049
2024-01-07 18:00:00,180793.81390512426,34415.65001190049
2024-01-07 19:00:00,181560.78223436922,34416.58001190049
2024-01-07 20:00:00,182311.15829810247,34417.51001190049
2024-01-07 21:00:00,183049.0984754602,34418.44001190049
2024-01-07 22:00:00,183778.92540074408,34419.37001190049
2024-01-07 23:00:00,184501.76960907914,34420.300011900494
2024-01-08 00:00:00,185222.65200646193,34421.230011900494
2024-01-08 01:00:00,185945.36321066463,34422.160011900494
2024-01-08 02:00:00,186667.11013490774,34423.090011900495
2024-01-08 03:00:00,187387.46051576108,34424.020011900495
2024-01-08 04:00:00,188114.09534186835,34424.950011900495
2024-01-08 05:00:00,188852.03551922608,34425.880011900495
2024-01-08 06:00:00,189608.82903234562,34913.35660825102
2024-01-08 07:00:00,190395.78123247746,35683.010058382846
2024-01-08 08:00:00,191181.46989335187,36094.18996925727
2024-01-08 09:00:00,191958.38028149062,36254.29996925727
2024-01-08 10:00:00,192714.60852704765,36465.93871925727
2024-01-08 11:00:00,193446.96253084633,36703.44496925727
2024-01-08 12:00:00,194154.0457494969,37012.489969257265
2024-01-08 13:00:00,194920.18280291464,37325.232469257266
2024-01-08 14:00:00,195751.69138738656,37626.998719257266
2024-01-08 15:00:00,196597.7306733186,37929.31621925726
2024-01-08 16:00:00,197442.3734158609,38132.802469257265
2024-01-08 17:00:00,198248.17895175453,38171.93746925727
2024-01-08 18:00:00,199021.99699381596,38173.10371925727
2024-01-08 19:00:00,199781.28433441723,38174.03371925727
2024-01-08 20:00:00,200523.68015020897,38174.96371925727
2024-01-08 21:00:00,201983.33400077673,38175.89371925727
2024-01-08 22:00:00,203429.02241744683,38176.82371925727
2024-01-08 23:00:00,204873.5802989919,38177.75371925727
2024-01-09 00:00:00,206310.62344705872,38178.68371925727
2024-01-09 01:00:00,207742.3464298312,38179.61371925727
2024-01-09 02:00:00,209162.63105722086,38180.54371925727
2024-01-09 03:00:00,210575.66695939697,38181.47371925727
2024-01-09 04:00:00,211984.7792396685,38182.40371925727
2024-01-09 05:00:00,213412.57860053642,38183.33371925727
2024-01-09 06:00:00,214879.4811763177,38184.26371925727
2024-01-09 07:00:00,216344.18918391506,38193.15871925727
2024-01-09 08:00:00,217772.32105511386,38377.33246925727
2024-01-09 09:00:00,219185.35695728997,38859.83746925727
2024-01-09 10:00:00,220596.9963160763,39392.61121925727
2024-01-09 11:00:00,222016.41641660564,39907.82371925727
2024-01-09 12:00:00,223465.7624469156,40406.79496925727
2024-01-09 13:00:00,224898.61596481313,40918.039969257276
2024-01-09 14:00:00,226351.88561702767,41463.50371925728
2024-01-09 15:00:00,227813.80053784553,42015.26371925728
2024-01-09 16:00:00,229289.4148842963,42382.07371925728
2024-01-09 17:00:00,230767.8223175266,42443.944969257274
2024-01-09 18:00:00,232243.70267224207,42445.118719257276
2024-01-09 19:00:00,233707.01413644967,42446.04871925728
2024-01-09 20:00:00,235162.74436511286,42446.97871925728
2024-01-09 21:00:00,236529.42832716205,42447.90871925728
2024-01-09 22:00:00,237893.3192024317,42448.83871925728
2024-01-09 23:00:00,239307.48563973288,42449.76871925728
2024-01-10 00:00:00,240729.1668105123,42450.69871925728
2024-01-10 01:00:00,242137.14855565882,42451.62871925728
2024-01-10 02:00:00,243543.73375741555,42452.55871925728
2024-01-10 03:00:00,244936.61953353937,42453.48871925728
2024-01-10 04:00:00,246330.63584478822,42454.41871925728
2024-01-10 05:00:00,247750.92047217788,42455.34871925728
2024-01-10 06:00:00,249187.9636202447,42456.27871925728
2024-01-10 07:00:00,250649.87854106256,42464.15371925728
2024-01-10 08:00:00,252227.44055496607,42628.962469257276
2024-01-10 09:00:00,254030.11206288624,43061.101219257274
2024-01-10 10:00:00,255907.0663787286,43544.28496925727
2024-01-10 11:00:00,257820.33082270483,44016.74746925727
2024-01-10 12:00:00,259677.99953935522,44481.33121925727
2024-01-10 13:00:00,261427.8684067291,44955.71371925727
2024-01-10 14:00:00,263185.25200758124,45455.76496925727
2024-01-10 15:00:00,264964.1822778754,45956.58496925727
2024-01-10 16:00:00,266681.66463902005,46282.42246925727
2024-01-10 17:00:00,268398.88099189993,46338.87871925727
2024-01-10 18:00:00,270018.00679716544,46340.08621925727
2024-01-10 19:00:00,271483.51282955694,46341.01621925727
2024-01-10 20:00:00,272928.070711102,46341.94621925727
2024-01-10 21:00:00,274372.36258438235,46342.87621925727
2024-01-10 22:00:00,275804.35157541954,46343.80621925727
2024-01-10 23:00:00,277224.9022110739,46344.73621925727
2024-01-11 00:00:00,278649.1104603681,46345.66621925727
2024-01-11 01:00:00,280061.0158274192,46346.59621925727
2024-01-11 02:00:00,281485.4900849781,46347.52621925727
2024-01-11 03:00:00,282918.60961114033,46348.45621925727
2024-01-11 04:00:00,283918.0026616817,46349.38621925727
2024-01-11 05:00:00,285281.89353695133,46350.31621925727
2024-01-11 06:00:00,286787.899327646,46351.24621925727
2024-01-11 07:00:00,288369.31846138794,46356.241219257274
2024-01-11 08:00:00,289942.09232652653,46460.116219257274
2024-01-11 09:00:00,291422.96033620543,46741.133719257276
2024-01-11 10:00:00,292844.64150698483,47074.969969257276
2024-01-11 11:00:00,294236.4632500498,47413.16746925728
2024-01-11 12:00:00,295615.38359227596,47755.43371925728
2024-01-11 13:00:00,296996.8310130169,48103.711219257275
2024-01-11 14:00:00,298453.9577850699,48460.321219257276
2024-01-11 15:00:00,300040.4310758414,48798.76996925728
2024-01-11 16:00:00,301659.8893914379,49029.59746925728
2024-01-11 17:00:00,303265.38227313664,49073.69746925728
2024-01-11 18:00:00,304839.2866734003,49074.882469257274
2024-01-11 19:00:00,306398.361112906,49075.812469257275
2024-01-11 20:00:00,307927.0441081678,49076.742469257275
2024-01-11 21:00:00,309444.2222459806,49077.672469257275
2024-01-11 22:00:00,310940.1862246822,49078.602469257276
2024-01-11 23:00:00,312424.711848001,49079.532469257276
2024-01-12 00:00:00,313884.36569856876,49080.462469257276
2024-01-12 01:00:00,315312.4975697675,49081.39246925728
2024-01-12 02:00:00,316754.2623645331,49082.32246925728
2024-01-12 03:00:00,318196.02715929865,49083.25246925728
2024-01-12 04:00:00,319655.6810098664,49084.18246925728
2024-01-12 05:00:00,321146.6573336046,49085.11246925728
2024-01-12 06:00:00,322683.98559746967,49086.04246925728
2024-01-12 07:00:00,324276.5770783297,49092.226219257274
2024-01-12 08:00:00,325864.446912491,49206.016219257275
2024-01-12 09:00:00,327407.0953416504,49475.22496925727
2024-01-12 10:00:00,328876.5249959465,49795.17496925727
2024-01-12 11:00:00,330387.5849436708,50143.34746925727
2024-01-12 12:00:00,331891.1301579168,50503.18996925727
2024-01-12 13:00:00,333446.3474775841,50865.811219257266
2024-01-12 14:00:00,335030.2936898408,51231.271219257265
2024-01-12 15:00:00,336644.43184014293,51570.14746925727
2024-01-12 16:00:00,338240.9469429075,51801.39121925727
2024-01-12 17:00:00,339815.98187829624,51850.04746925727
2024-01-12 18:00:00,341358.2977971248,51850.34371925727
2024-01-12 19:00:00,342881.9266353569,51850.34371925727
2024-01-12 20:00:00,344399.43728350056,51850.34371925727
2024-01-12 21:00:00,345896.5317973272,51850.34371925727
2024-01-12 22:00:00,347383.85050742555,51850.34371925727
2024-01-12 23:00:00,348861.1274055308,51850.34371925727
2024-01-13 00:00:00,350319.38471270876,51850.34371925727
2024-01-13 01:00:00,351771.5238297983,51850.34371925727
2024-01-13 02:00:00,353221.135868373,51850.34371925727
2024-01-13 03:00:00,354668.2208284329,51850.34371925727
2024-01-13 04:00:00,356126.4781356109,51850.34371925727
2024-01-13 05:00:00,357608.47668041487,51850.34371925727
2024-01-13 06:00:00,359155.846756273,51850.34371925727
2024-01-13 07:00:00,360774.9725615385,51858.37621925727
2024-01-13 08:00:00,362370.09112091333,52016.40121925727
2024-01-13 09:00:00,363868.316169865,52409.85496925727
2024-01-13 10:00:00,365290.26334890915,52847.24371925727
2024-01-13 11:00:00,366671.7107696501,53200.5158699278
2024-01-13 12:00:00,368048.43654369237,53540.21286812858
2024-01-13 13:00:00,369446.3764768458,53908.128046627084
2024-01-13 14:00:00,370918.59921792144,54261.171903521834
2024-01-13 15:00:00,372533.8679033486,54597.66323481403
2024-01-13 16:00:00,374165.562599122,54807.01223629812
2024-01-13 17:00:00,375783.29186099774,54843.4826976139
2024-01-13 18:00:00,377377.2798852475,54844.615103421194
2024-01-13 19:00:00,378947.5266718713,54845.45906325755
2024-01-13 20:00:00,380475.8771568022,54846.29968326715
2024-01-13 21:00:00,382004.560152064,54847.19517770208
2024-01-13 22:00:00,383511.6964778837,54848.024469205084
2024-01-13 23:00:00,384996.4881094672,54848.85292884822
2024-01-14 00:00:00,386456.14196003496,54849.810507345996
2024-01-14 01:00:00,387914.1332589482,54850.711066781456
2024-01-14 02:00:00,389357.2945971035,54851.667078044484
2024-01-14 03:00:00,390795.4682802954,54852.606085109175
2024-01-14 04:00:00,392232.51142836217,54853.53104755519
2024-01-14 05:00:00,393700.8105475332,54854.42384522236
2024-01-14 06:00:00,395224.43938576535,54855.35005536931
2024-01-14 07:00:00,396832.126835648,54862.271757017974
2024-01-14 08:00:00,398440.08029379544,54982.18083130581
2024-01-14 09:00:00,400011.45761554426,55271.244400451214
2024-01-14 10:00:00,401512.4757512755,55637.27360529444
2024-01-14 11:00:00,402911.546219554,56011.66134595011
2024-01-14 12:00:00,404392.4142292329,56406.11607098408
2024-01-14 13:00:00,405795.07580908504,56784.705601909285
2024-01-14 14:00:00,407345.2389717227,57159.56925862332
2024-01-14 15:00:00,408965.4953121133,57507.96608893253
2024-01-14 16:00:00,410578.23691902566,57735.48823016083
2024-01-14 17:00:00,412156.0649411939,57773.21977096968
2024-01-14 18:00:00,413703.43501705205,57774.3912668324
2024-01-14 19:00:00,415219.54912180593,57775.29088974517
2024-01-14 20:00:00,416710.5254455441,57776.210758381676
2024-01-14 21:00:00,418187.8023436493,57777.11120633784
2024-01-14 22:00:00,419658.6285413352,57778.064954949
2024-01-14 23:00:00,421114.69128032925,57778.98799444533
2024-01-15 00:00:00,422572.94858750724,57779.92233850131
2024-01-15 01:00:00,424030.0753595602,57780.82302996567
2024-01-15 02:00:00,425474.36723284057,57781.796701336054
2024-01-15 03:00:00,426914.73548421636,57782.75228868863
2024-01-15 04:00:00,428370.79822321044,57783.723162090195
2024-01-15 05:00:00,429854.19331140415,57784.68988103379
2024-01-15 06:00:00,431380.34922815114,57785.62898573182
2024-01-15 07:00:00,432979.39140943054,57791.31932906414
2024-01-15 08:00:00,433769.56895977206,57895.34560236551
2024-01-15 09:00:00,434526.22946875927,58176.093559909175
2024-01-15 10:00:00,435248.5084095318,58512.4757917159
2024-01-15 11:00:00,435961.8760734363,58891.13561729276
2024-01-15 12:00:00,436675.37674147316,59283.25930090172
2024-01-15 13:00:00,437410.0915686212,59669.911162759134
2024-01-15 14:00:00,438180.71751150605,60063.72707475659
2024-01-15 15:00:00,438971.427078377,60419.13680709844
2024-01-15 16:00:00,439758.37927850883,60656.71520421604
2024-01-15 17:00:00,440529.53723792307,60697.25882319438
2024-01-15 18:00:00,441295.1090237783,60698.45465106137
2024-01-15 19:00:00,442046.3163633388,60699.34927332625
2024-01-15 20:00:00,442782.29472974426,60700.29910509146
2024-01-15 21:00:00,443478.0393461113,60701.25335810098
2024-01-15 22:00:00,444163.1768829227,60702.18905688035
2024-01-15 23:00:00,444834.3489858365,60703.14425682808
2024-01-16 00:00:00,445523.97541211505,60704.03151715191
2024-01-16 01:00:00,446204.79031462484,60704.98110880065
2024-01-16 02:00:00,446893.02019751363,60705.87492164699
2024-01-16 03:00:00,447576.89419506764,60706.79927994166
2024-01-16 04:00:00,448261.46646431653,60707.701539827474
2024-01-16 05:00:00,448954.1519856393,60708.66834584187
2024-01-16 06:00:00,449660.6699367274,60709.596055272625
2024-01-16 07:00:00,450322.63150347536,61321.97460536803
2024-01-16 08:00:00,450954.9996507736,61448.759782434514
2024-01-16 09:00:00,451630.79364728683,61766.486213032134
2024-01-16 10:00:00,452270.6765280633,62142.24617321969
2024-01-16 11:00:00,452854.56466911687,62500.975363220874
2024-01-16 12:00:00,453432.9996407437,62874.44352349511
2024-01-16 13:00:00,454084.75314033317,63234.46356640819
2024-01-16 14:00:00,454762.9079601958,63602.006896989384
2024-01-16 15:00:00,455475.7103565378,63946.974890356214
2024-01-16 16:00:00,456193.5336588763,64173.83687230005
2024-01-16 17:00:00,456916.5108713437,64211.71776862436
2024-01-16 18:00:00,457635.59771293966,64212.8439304283
2024-01-16 19:00:00,459061.20250562363,64213.76498719221
2024-01-16 20:00:00,460478.1620297043,64214.65452217119
2024-01-16 21:00:00,461885.0132397258,64215.56163630469
2024-01-16 22:00:00,463282.95317287924,64216.46809577853
2024-01-16 23:00:00,464666.927672135,64217.4163520759
2024-01-17 00:00:00,466045.84801436117,64218.32783375872
2024-01-17 01:00:00,467422.3077801387,64219.2378239247
2024-01-17 02:00:00,468791.4523186365,64220.124754410805
2024-01-17 03:00:00,470154.21265878115,64221.06494389386
2024-01-17 04:00:00,471530.9384328234,64221.995193043025
2024-01-17 05:00:00,472923.8242089472,64222.88348056689
2024-01-17 06:00:00,474339.3871896381,64223.792894688064
2024-01-17 07:00:00,475771.11017241055,64227.42277741579
2024-01-17 08:00:00,477176.89734937315,64301.87916356452
2024-01-17 09:00:00,478582.68452633574,64510.420657455776
2024-01-17 10:00:00,479283.4832997324,64768.44020011995
2024-01-17 11:00:00,479985.5123613533,65036.474594352
2024-01-17 12:00:00,480689.50323392655,65331.47642539642
2024-01-17 13:00:00,481400.90908687876,65602.4618691451
2024-01-17 14:00:00,482118.1671216548,65872.77102983797
2024-01-17 15:00:00,482862.5247483988,66136.83719610634
2024-01-17 16:00:00,483602.95875323826,66296.97635603612
2024-01-17 17:00:00,484345.35456903,66322.75010880952
2024-01-17 18:00:00,485082.59647469287,66323.9331254958
2024-01-17 19:00:00,485819.2731127932,66324.84061406717
2024-01-17 20:00:00,486544.64439964306,66325.78549258345
2024-01-17 21:00:00,487266.7903362832,66326.74499424807
2024-01-17 22:00:00,487981.38828841207,66327.68012792355
2024-01-17 23:00:00,488693.49241305917,66328.61288542734
2024-01-18 00:00:00,489406.99308109604,66329.58903702142
2024-01-18 01:00:00,490118.5319381806,66330.56232102109
2024-01-18 02:00:00,490826.3134285261,66331.49774231228
2024-01-18 03:00:00,491531.5678403567,66332.4633274922
2024-01-18 04:00:00,492241.144886489,66333.36437725327
2024-01-18 05:00:00,492966.51617333887,66891.25161226903
2024-01-18 06:00:00,493725.10524224525,67643.20024822811
2024-01-18 07:00:00,494516.51308081107,68390.03855059111
2024-01-18 08:00:00,495310.4479978917,68497.37667749287
2024-01-18 09:00:00,496070.3006060555,68751.62258438292
2024-01-18 10:00:00,496789.3874476514,69047.16911356547
2024-01-18 11:00:00,497482.77124066907,69378.05887495085
2024-01-18 12:00:00,498157.8669654874,69708.72957082749
2024-01-18 13:00:00,498843.5697698614,70029.70048775818
2024-01-18 14:00:00,499556.3721662034,70354.06188235994
2024-01-18 15:00:00,500345.9844489824,70634.52951074095
2024-01-18 16:00:00,501156.24562331004,70799.42990385676
2024-01-18 17:00:00,501965.1102542479,70824.87003599343
2024-01-18 18:00:00,502763.3678056302,70826.0025569511
2024-01-18 19:00:00,503549.05646650464,70826.91861424303
2024-01-18 20:00:00,504319.68240938947,70827.8621088557
2024-01-18 21:00:00,505082.1951002004,70828.80781879324
2024-01-18 22:00:00,505827.11799450696,70829.77168637679
2024-01-18 23:00:00,506572.606156376,70830.67659360674
2024-01-19 00:00:00,507308.71752691385,70831.61328999726
2024-01-19 01:00:00,508042.73408236704,70832.56826552059
2024-01-19 02:00:00,508773.2592793458,70833.45582067136
2024-01-19 03:00:00,509499.8941054531,70834.43181386885
2024-01-19 04:00:00,510229.721030737,70835.35901870865
2024-01-19 05:00:00,510973.24738165375,70840.96018732319
2024-01-19 06:00:00,511748.19595884025,71609.14910990118
2024-01-19 07:00:00,512562.1147468078,72398.0506544119
2024-01-19 08:00:00,513367.78727856907,72679.22520041102
2024-01-19 09:00:00,514127.7728908652,72875.53176784197
2024-01-19 10:00:00,514842.5370981595,73121.95375670059
2024-01-19 11:00:00,515521.52319384937,73383.67081967057
2024-01-19 12:00:00,516200.3762854069,73656.84040359543
2024-01-19 13:00:00,516896.1209017739,73936.85431579374
2024-01-19 14:00:00,517622.19046031864,74215.85404770117
2024-01-19 15:00:00,518425.4689176975,74481.579239812
2024-01-19 16:00:00,519247.0686943087,74642.25365026167
2024-01-19 17:00:00,520060.9874822762,74667.34784542014
2024-01-19 18:00:00,520861.7721121733,74668.45299265084
2024-01-19 19:00:00,521653.74521830166,74669.34309015612
2024-01-19 20:00:00,522399.0671250053,74670.26349105206
2024-01-19 21:00:00,523130.0245854142,74671.15171252545
2024-01-19 22:00:00,523857.35768321634,74672.1176679203
2024-01-19 23:00:00,524575.7462531173,74673.0037362801
2024-01-20 00:00:00,525293.5695554558,74673.8959766005
2024-01-20 01:00:00,526027.7191150413,74674.83325665361
2024-01-20 02:00:00,526757.5460403252,74675.72009928507
2024-01-20 03:00:00,528205.7615355101,74676.64689990076
2024-01-20 04:00:00,529655.3735740847,74677.58086585179
2024-01-20 05:00:00,531135.1775507048,74678.49101418824
2024-01-20 06:00:00,532676.4294364745,74679.42946168147
2024-01-20 07:00:00,534285.7794380116,74685.29429327277
2024-01-20 08:00:00,535866.1345386946,74787.1808756943
2024-01-20 09:00:00,537342.0148934101,75041.04741383174
2024-01-20 10:00:00,538779.058041477,75328.00396089125
2024-01-20 11:00:00,540237.315348655,75667.57573054532
2024-01-20 12:00:00,541634.1247466834,76015.77733988853
2024-01-20 13:00:00,543103.5544009795,76362.95418254507
2024-01-20 14:00:00,544672.4046442136,76677.84713338874
2024-01-20 15:00:00,546297.9811498985,76973.41094492236
2024-01-20 16:00:00,547936.9910729516,77130.77851524485
2024-01-20 17:00:00,549552.2597583787,77155.1755252801
2024-01-20 18:00:00,551142.3906627902,77156.29043774435
2024-01-20 19:00:00,552712.637449414,77157.26274021545
2024-01-20 20:00:00,554258.876990147,77158.2148646287
2024-01-20 21:00:00,555791.1510969825,77159.14991955558
2024-01-20 22:00:00,557299.4179579273,77160.09030958498
2024-01-20 23:00:00,558786.4706597609,77161.01283239078
2024-01-21 00:00:00,560259.8239359616,77161.94897385137
2024-01-21 01:00:00,561722.0048650441,77162.847227971
2024-01-21 02:00:00,563180.2621722221,77163.74190328324
2024-01-21 03:00:00,564633.5318244367,77164.65719809225
2024-01-21 04:00:00,566094.3162101295,77165.54923540537
2024-01-21 05:00:00,567590.0141805664,77166.44149200528
2024-01-21 06:00:00,569133.46063452,77167.35395344306
2024-01-21 07:00:00,570746.2022414324,77173.83422076619
2024-01-21 08:00:00,572336.5991541084,77290.62104453555
2024-01-21 09:00:00,573833.6936679351,77558.87878266948
2024-01-21 10:00:00,575229.3725308385,77893.19920035174
2024-01-21 11:00:00,576589.871800733,78224.49593735716
2024-01-21 12:00:00,577928.624894987,78585.75540530475
2024-01-21 13:00:00,579336.8726483982,78964.47310815578
2024-01-21 14:00:00,580849.0631312475,79334.91811402804
2024-01-21 15:00:00,582421.8369963862,79676.28059882358
2024-01-21 16:00:00,584054.6622272846,79914.93893630049
2024-01-21 17:00:00,585671.3274561015,79964.33225439356
2024-01-21 18:00:00,587258.9312819982,79964.62004909624
2024-01-21 19:00:00,588835.3627607767,79964.62004909624
2024-01-21 20:00:00,590396.6982705324,79964.62004909624
2024-01-21 21:00:00,591927.8418422429,79964.62004909624
2024-01-21 22:00:00,593451.2046722103,79964.62004909624
2024-01-21 23:00:00,594953.6193513313,79964.62004909624
2024-01-22 00:00:00,596444.2631647385,79964.62004909624
2024-01-22 01:00:00,597925.1311744174,79964.62004909624
2024-01-22 02:00:00,599403.5386076478,79964.62004909624
2024-01-22 03:00:00,600870.4411834291,79964.62004909624
2024-01-22 04:00:00,602349.9126497182,79964.62004909624
2024-01-22 05:00:00,603864.8962193471,79964.62004909624
2024-01-22 06:00:00,605431.5518943972,79964.62004909624
2024-01-22 07:00:00,607059.6554785969,79972.32678540447
2024-01-22 08:00:00,608693.6112446204,80127.49114780218
2024-01-22 09:00:00,610262.7939981853,80533.31777817532
2024-01-22 10:00:00,611758.7579768869,80979.31159045904
2024-01-22 11:00:00,613218.14581919,81324.9366136774
2024-01-22 12:00:00,614775.8237153059,81687.07321939769
2024-01-22 13:00:00,616374.8658965853,82044.97063100907
2024-01-22 14:00:00,618012.7452845133,82401.39034589745
2024-01-22 15:00:00,619654.548294346,82747.59082758872
2024-01-22 16:00:00,621291.297147149,82953.5408337098
2024-01-22 17:00:00,622899.2506052965,82990.6664075705
2024-01-22 18:00:00,624485.7238960679,82991.74583545305
2024-01-22 19:00:00,626050.7170194635,82992.58108495998
2024-01-22 20:00:00,627579.4000147253,82993.46558332999
2024-01-22 21:00:00,629095.780127744,82994.31794276506
2024-01-22 22:00:00,630596.7982634752,82995.20272643853
2024-01-22 23:00:00,632077.6662731541,82996.03288134054
2024-01-23 00:00:00,633555.7411960535,82996.95525032148
2024-01-23 01:00:00,635022.9762821656,82997.92873531277
2024-01-23 02:00:00,636488.814824888,82998.86319669792
2024-01-23 03:00:00,637938.1608551979,82999.78607949555
2024-01-23 04:00:00,639395.2876272509,83000.72245188194
2024-01-23 05:00:00,640868.6409034516,83001.65951286744
2024-01-23 06:00:00,642382.2279296907,83002.61105610868
2024-01-23 07:00:00,643900.8026108933,83009.14224012887
2024-01-23 08:00:00,645425.8279925152,83151.41536488791
2024-01-23 09:00:00,646939.1490104896,83500.75709819976
2024-01-23 10:00:00,648450.2089582139,83889.20742966142
2024-01-23 11:00:00,649957.3452840337,84252.35791439416
2024-01-23 12:00:00,651468.405231758,84590.62294503875
2024-01-23 13:00:00,652980.5957146074,84950.36270852195
2024-01-23 14:00:00,654492.7861974568,85328.02768016442
2024-01-23 15:00:00,656012.7574220491,85675.95116158699
2024-01-23 16:00:00,657537.5167954062,85887.65463515089
2024-01-23 17:00:00,659064.8032472782,85919.68910257096
2024-01-23 18:00:00,660594.5502755989,85920.88957470677
2024-01-23 19:00:00,662120.7061923458,85921.84161901356
2024-01-23 20:00:00,663636.8202970998,85922.7758891802
2024-01-23 21:00:00,665147.8802448241,85923.72503150819
2024-01-23 22:00:00,666625.1571429294,85924.69861613898
2024-01-23 23:00:00,668089.8651505267,85925.64610292992
2024-01-24 00:00:00,669549.5190010945,85926.58709720982
2024-01-24 01:00:00,671012.8304653021,85927.4800016187
2024-01-24 02:00:00,672451.004148494,85928.37132355166
2024-01-24 03:00:00,673889.4438399506,85929.32001368089
2024-01-24 04:00:00,675322.8293743776,85930.21028064049
2024-01-24 05:00:00,676774.9684914671,85931.170213626
2024-01-24 06:00:00,678278.5137057131,85932.11939415312
2024-01-24 07:00:00,679798.2189220407,85939.66470631788
2024-01-24 08:00:00,681277.6903883298,86102.40132901889
2024-01-24 09:00:00,682692.1228338957,86553.86742313589
2024-01-24 10:00:00,684077.4938765413,87031.07223738692
2024-01-24 11:00:00,685451.426563804,87506.294119171
2024-01-24 12:00:00,686814.1869039487,87952.81473600303
2024-01-24 13:00:00,688180.5383556669,88425.7105517031
2024-01-24 14:00:00,689579.8748322101,88906.63615386398
2024-01-24 15:00:00,691014.1248934974,89411.63142835758
2024-01-24 16:00:00,692481.0274692788,89730.48662454897
2024-01-24 17:00:00,693975.5949045906,89789.5580552982
2024-01-24 18:00:00,695479.1401188367,89790.71039185757
2024-01-24 19:00:00,696968.719899185,89791.64296806073
2024-01-24 20:00:00,698447.39334068,89792.61881378676
2024-01-24 21:00:00,699927.1973173001,89793.50917686727
2024-01-24 22:00:00,701386.8511678679,89794.44418531572
2024-01-24 23:00:00,702835.0666630528,89795.41783045154
2024-01-25 00:00:00,704274.3708813697,89796.3167884867
2024-01-25 01:00:00,705706.0938641422,89797.2204517336
2024-01-25 02:00:00,707132.8291919512,89798.13133967067
2024-01-25 03:00:00,708545.8650941274,89799.10745198854
2024-01-25 04:00:00,709964.2211615979,89800.05576601873
2024-01-25 05:00:00,711413.8332001725,89800.97499678905
2024-01-25 06:00:00,712911.1937222639,89801.92704715469
2024-01-25 07:00:00,714480.043965498,89808.33633429519
2024-01-25 08:00:00,716117.0588265657,89910.57766485543
2024-01-25 09:00:00,717733.7240553827,90149.6048998198
2024-01-25 10:00:00,719346.7316705597,90440.87379032196
2024-01-25 11:00:00,720909.4637237053,90770.95285469622
2024-01-25 12:00:00,722459.6268863429,91096.01752402926
2024-01-25 13:00:00,724018.4353175838,91425.51620038957
2024-01-25 14:00:00,725607.4356868701,91768.74998927313
2024-01-25 15:00:00,727221.3078289075,92066.6928547582
2024-01-25 16:00:00,728821.4805453119,92230.21459916572
2024-01-25 17:00:00,730415.4685695617,92255.16604811006
2024-01-25 18:00:00,731993.0305834652,92256.29199635262
2024-01-25 19:00:00,733541.7972027131,92257.24520713452
2024-01-25 20:00:00,735075.4678529383,92258.16525515328
2024-01-25 21:00:00,736606.6114246488,92259.1258674258
2024-01-25 22:00:00,738113.7477504686,92260.06229200243
2024-01-25 23:00:00,739608.3151857804,92260.95169860258
2024-01-26 00:00:00,741099.2915095185,92261.8737768163
2024-01-26 01:00:00,742579.8935109327,92262.78270367399
2024-01-26 02:00:00,744059.6974875528,92263.67144659518
2024-01-26 03:00:00,745525.5360302752,92264.63536577618
2024-01-26 04:00:00,746993.8351494463,92265.59446557003
2024-01-26 05:00:00,748492.3262066627,92266.57093931365
2024-01-26 06:00:00,750039.9622907855,92267.5471265395
2024-01-26 07:00:00,751659.420606382,92276.49143304164
2024-01-26 08:00:00,753294.7729157952,92467.10477015351
2024-01-26 09:00:00,754935.1793822381,92931.71652651428
2024-01-26 10:00:00,756553.2411544448,93450.03307750414
2024-01-26 11:00:00,758128.5420980982,93957.93794344059
2024-01-26 12:00:00,759693.5352214938,94457.92248933105
2024-01-26 13:00:00,761239.5087539622,94987.17259244408
2024-01-26 14:00:00,762819.5313443143,95553.18143109979
2024-01-26 15:00:00,764429.7458727119,96078.94154404805
2024-01-26 16:00:00,766038.8298659844,96453.2373940217
2024-01-26 17:00:00,767633.9484253592,96512.10507118626
2024-01-26 18:00:00,769187.7692016368,96513.26617333105
2024-01-26 19:00:00,770722.5703869871,96514.23376008964
2024-01-26 20:00:00,772231.3692644612,96515.14964784807
2024-01-26 21:00:00,773706.983610912,96516.08094887056
2024-01-26 22:00:00,775171.4256102446,96517.03732860074
2024-01-26 23:00:00,776612.392380216,96517.95770707949
2024-01-27 00:00:00,778042.9848278635,96518.88990209116
2024-01-27 01:00:00,779466.0625420327,96519.83828278522
2024-01-27 02:00:00,780882.6895557825,96520.79585466036
2024-01-27 03:00:00,782289.2747575392,96521.72207391351
2024-01-27 04:00:00,783704.8377382301,96522.68388841511
2024-01-27 05:00:00,785150.5261549002,96523.63889776505
2024-01-27 06:00:00,786645.093590212,96524.52855771099
2024-01-27 07:00:00,788234.0939594983,96531.24765080988
2024-01-27 08:00:00,789853.2197647638,96653.07296941093
2024-01-27 09:00:00,791448.6043324034,96958.45921818032
2024-01-27 10:00:00,793001.2945735559,97316.83772050326
2024-01-27 11:00:00,794485.8201968747,97697.63881338634
2024-01-27 12:00:00,795946.6045825675,98074.8251222576
2024-01-27 13:00:00,797415.2362120694,98438.65265890754
2024-01-27 14:00:00,798879.9442196668,98809.03515804066
2024-01-27 15:00:00,800424.78721701,99160.37042817684
2024-01-27 16:00:00,802010.1299726565,99378.06800430756
2024-01-27 17:00:00,803585.1649080452,99415.26211105565
2024-01-27 18:00:00,805140.0497173816,99416.4222118121
2024-01-27 19:00:00,806673.7203676068,99417.34079940687
2024-01-27 20:00:00,808177.2655818529,99418.22454074414
2024-01-27 21:00:00,809697.2368064452,99419.1887927471
2024-01-27 22:00:00,811200.7820206912,99420.08015282881
2024-01-27 23:00:00,812676.6623754067,99421.01919969046
2024-01-28 00:00:00,814138.5772962245,99421.92216917753
2024-01-28 01:00:00,815603.2853038219,99422.8401230831
2024-01-28 02:00:00,817055.4244209114,99423.76868372071
2024-01-28 03:00:00,818492.2015607135,99424.70968141446
2024-01-28 04:00:00,819945.7372211927,99425.62749038295
2024-01-28 05:00:00,820686.0382218998,99426.55400611155
2024-01-28 06:00:00,821457.8944530089,100023.70153052929
2024-01-28 07:00:00,822257.9808112112,100778.50175645719
2024-01-28 08:00:00,823060.7272520605,100921.16037749419
2024-01-28 09:00:00,823829.5243881254,101250.84969940734
2024-01-28 10:00:00,824570.1246481303,101633.98087662447
2024-01-28 11:00:00,825277.3408709132,101983.56146103356
2024-01-28 12:00:00,825985.8206329535,102331.5285735308
2024-01-28 13:00:00,826702.3803960347,102699.98128735817
2024-01-28 14:00:00,827444.7762118265,103078.24860165443
2024-01-28 15:00:00,828226.0092342669,103444.13237209382
2024-01-28 16:00:00,829023.5685139544,103653.97992616371
2024-01-28 17:00:00,829818.0686985976,103687.78865889114
2024-01-28 18:00:00,830601.9618036852,103688.98805407272
2024-01-28 19:00:00,831376.4781174415,103689.89361616435
2024-01-28 20:00:00,832137.0289973002,103690.7865819343
2024-01-28 21:00:00,832889.4998761181,103691.68429783425
2024-01-28 22:00:00,833629.9338809577,103692.59067190299
2024-01-28 23:00:00,834365.3469798006,103693.4891152707
2024-01-29 00:00:00,835093.910365827,103694.38078881978
2024-01-29 01:00:00,835816.0563024672,103695.33923425425
2024-01-29 02:00:00,836543.2231451039,103696.22791002876
2024-01-29 03:00:00,837269.2927036487,103697.18974523403
2024-01-29 04:00:00,837997.7230855428,103698.07804733347
2024-01-29 05:00:00,838741.9477081544,103698.96324388425
2024-01-29 06:00:00,839512.0083834768,104334.60827441695
2024-01-29 07:00:00,840314.0565526313,105099.95278959414
2024-01-29 08:00:00,841109.122004837,105208.16348652507
2024-01-29 09:00:00,841935.6096833124,105488.92101103261
2024-01-29 10:00:00,842753.9841097138,105830.05015664075
2024-01-29 11:00:00,843534.6518645918,106179.69843413043
2024-01-29 12:00:00,844334.1729552315,106529.1848755164
2024-01-29 13:00:00,845108.5562648554,106878.50163638373
2024-01-29 14:00:00,846672.418853126,107220.39399147808
2024-01-29 15:00:00,848282.8993897883,107552.77239889144
2024-01-29 16:00:00,849875.4908706483,107782.54427792718
2024-01-29 17:00:00,851477.0601304425,107825.32890926606
2024-01-29 18:00:00,853050.6985224414,107826.47111000172
2024-01-29 19:00:00,854617.0881892268,107827.36546273567
2024-01-29 20:00:00,856162.1971948348,107828.29296719238
2024-01-29 21:00:00,857675.784221074,107829.23283466732
2024-01-29 22:00:00,859174.2752782904,107830.19020358616
2024-01-29 23:00:00,860656.539831359,107831.08362661641
2024-01-30 00:00:00,862125.9694856552,107832.04437422134
2024-01-30 01:00:00,863595.665148216,107833.01762172404
2024-01-30 02:00:00,865065.3608107767,107833.91268136582
2024-01-30 03:00:00,866518.6304629913,107834.86415204102
2024-01-30 04:00:00,867981.9419271989,107835.8349177035
2024-01-30 05:00:00,869465.3370153926,107836.73527237865
2024-01-30 06:00:00,870978.9240416317,107837.62495653151
2024-01-30 07:00:00,872493.9076112607,107841.3424833272
2024-01-30 08:00:00,873944.6501849603,107896.58560887455
2024-01-30 09:00:00,875312.7306903993,108038.69570929935
2024-01-30 10:00:00,876650.3532495282,108233.70358213154
2024-01-30 11:00:00,877933.776624721,108437.96580327676
2024-01-30 12:00:00,879164.6633676322,108625.51727900148
2024-01-30 13:00:00,880406.7224576615,108774.53742820027
2024-01-30 14:00:00,881718.0767006496,108910.45872722728
2024-01-30 15:00:00,883111.2949871043,109030.55953234047
2024-01-30 16:00:00,884578.1975628856,109103.47605539738
2024-01-30 17:00:00,886066.6468081089,109118.63779176558
2024-01-30 18:00:00,887562.6107868105,109119.80286514161
2024-01-30 19:00:00,889048.532953519,109120.76949715184
2024-01-30 20:00:00,890523.2827731095,109121.72633669247
2024-01-30 21:00:00,892001.6902063398,109122.6239424563
2024-01-30 22:00:00,893459.9475135178,109123.5364326086
2024-01-30 23:00:00,894912.0866306073,109124.4430420986
2024-01-31 00:00:00,896361.4326609172,109125.33985300126
2024-01-31 01:00:00,897814.7023131318,109126.24237564843
2024-01-31 02:00:00,899265.4448868315,109127.19228360808
2024-01-31 03:00:00,900711.1333035015,109128.12172388638
2024-01-31 04:00:00,902165.466988775,109129.07540496852
2024-01-31 05:00:00,903633.766107946,109129.96847615938
2024-01-31 06:00:00,905127.2030081329,109130.90186892507
2024-01-31 07:00:00,906615.6522533562,109137.85532445452
2024-01-31 08:00:00,908037.5994324003,109263.3590374943
2024-01-31 09:00:00,909385.2638035222,109564.84147599593
2024-01-31 10:00:00,910639.8917840595,109930.39247872618
2024-01-31 11:00:00,911871.9090620957,110307.55335414049
2024-01-31 12:00:00,913102.5297967421,110678.23512082115
2024-01-31 13:00:00,914357.1577772794,111044.46029535121
2024-01-31 14:00:00,915662.061319848,111407.0007091977
2024-01-31 15:00:00,917079.0208439288,111765.0469939525
2024-01-31 16:00:00,918567.4700891521,112000.60582685411
2024-01-31 17:00:00,920067.3576897583,112039.96775321472
2024-01-31 18:00:00,921539.3144225692,112041.07655199809
2024-01-31 19:00:00,923000.098808262,112041.96974696593
2024-01-31 20:00:00,924460.8831939548,112042.9314078517
2024-01-31 21:00:00,925910.4952325295,112043.89960166815
2024-01-31 22:00:00,927345.0113020815,112044.79452307086
2024-01-31 23:00:00,928773.1431732803,112045.69996233207
2024-02-01 00:00:00,930244.9669019588,112045.69996233207
2024-02-01 01:00:00,931699.1675830998,112045.69996233207
2024-02-01 02:00:00,933150.9076877922,112045.69996233207
2024-02-01 03:00:00,934608.8989867055,112045.69996233207
2024-02-01 04:00:00,936068.1538248762,112045.69996233207
2024-02-01 05:00:00,937548.7558262903,112045.69996233207
2024-02-01 06:00:00,939067.0644992281,112045.69996233207
2024-02-01 07:00:00,940590.4273291955,112053.04246233207
2024-02-01 08:00:00,942068.5022520949,112178.03746233207
2024-02-01 09:00:00,943522.7029332359,112466.48746233206
2024-02-01 10:00:00,944954.292911876,112808.38246233207
2024-02-01 11:00:00,946351.9668367647,113151.00496233207
2024-02-01 12:00:00,947720.7123628655,113480.32246233207
2024-02-01 13:00:00,949089.4578889662,113822.93371233207
2024-02-01 14:00:00,950490.9224316272,114156.46621233207
2024-02-01 15:00:00,951907.4164412447,114470.26996233208
2024-02-01 16:00:00,953355.3659281649,114712.90621233208
2024-02-01 17:00:00,954825.9261175861,114790.24996233208
2024-02-01 18:00:00,956293.9592284925,114791.80246233208
2024-02-01 19:00:00,957743.1722546701,114791.80246233208
2024-02-01 20:00:00,959189.8582023329,114791.80246233208
2024-02-01 21:00:00,960645.3224227313,114791.80246233208
2024-02-01 22:00:00,962107.1043394168,114791.80246233208
2024-02-01 23:00:00,963558.8444441092,114791.80246233208
2024-02-02 00:00:00,964992.9615012641,114791.80246233208
2024-02-02 01:00:00,966413.2461286538,114791.80246233208
2024-02-02 02:00:00,967817.1712477633,114791.80246233208
2024-02-02 03:00:00,969206.0668999164,114791.80246233208
2024-02-02 04:00:00,970606.2679033199,114791.80246233208
2024-02-02 05:00:00,972050.4267724679,114791.80246233208
2024-02-02 06:00:00,973543.59766439,114791.80246233208
2024-02-02 07:00:00,975104.667165881,114797.51371233207
2024-02-02 08:00:00,976728.5811199114,114878.49121233207
2024-02-02 09:00:00,978392.7288239802,115083.14746233207
2024-02-02 10:00:00,980073.169534263,115336.83121233206
2024-02-02 11:00:00,981747.3590503249,115628.74246233207
2024-02-02 12:00:00,983431.5903783799,115927.44121233207
2024-02-02 13:00:00,985101.9892766696,116222.69371233207
2024-02-02 14:00:00,986744.7233154287,116497.08871233207
2024-02-02 15:00:00,987572.3747800622,116736.90496233208
2024-02-02 16:00:00,988394.3735690705,116917.19371233208
2024-02-02 17:00:00,989207.5940853431,116974.93621233208
2024-02-02 18:00:00,989999.434187339,116976.79996233208
2024-02-02 19:00:00,990768.6635868341,116976.79996233208
2024-02-02 20:00:00,991529.0814625605,116976.79996233208
2024-02-02 21:00:00,992297.0473227982,116976.79996233208
2024-02-02 22:00:00,993060.624046668,116976.79996233208
2024-02-02 23:00:00,994566.363829098,116976.79996233208
2024-02-03 00:00:00,996049.4929090269,116976.79996233208
2024-02-03 01:00:00,997528.8313711837,116976.79996233208
2024-02-03 02:00:00,998999.3915606049,116976.79996233208
2024-02-03 03:00:00,1000457.3828595182,116976.79996233208
2024-02-03 04:00:00,1001909.1229642106,116976.79996233208
2024-02-03 05:00:00,1003421.1804429275,116976.79996233208
2024-02-03 06:00:00,1004994.8188349265,116976.79996233208
2024-02-03 07:00:00,1006637.5528736856,116981.55121233208
2024-02-03 08:00:00,1008315.5330075198,117075.68746233208
2024-02-03 09:00:00,1010009.8061475678,117312.02746233207
2024-02-03 10:00:00,1011705.3428268733,117594.54121233207
2024-02-03 11:00:00,1012537.4166789077,117875.01871233206
2024-02-03 12:00:00,1013366.9634524273,118197.87871233207
2024-02-03 13:00:00,1014196.5102259469,118529.05246233207
2024-02-03 14:00:00,1015031.077905463,118852.47121233206
2024-02-03 15:00:00,1015866.2773546079,119168.67121233206
2024-02-03 16:00:00,1016696.4558977563,119426.16871233206
2024-02-03 17:00:00,1017507.149335514,119510.17621233207
2024-02-03 18:00:00,1018297.7258982527,119512.23871233207
2024-02-03 19:00:00,1019076.9971097409,119512.23871233207
2024-02-03 20:00:00,1019848.0885670889,119512.23871233207
2024-02-03 21:00:00,1020602.85376719,119512.23871233207
2024-02-03 22:00:00,1021363.903412545,119512.23871233207
2024-02-03 23:00:00,1022875.9608912619,119512.23871233207
2024-02-04 00:00:00,1024367.8682439266,119512.23871233207
2024-02-04 01:00:00,1025840.9555118625,119512.23871233207
2024-02-04 02:00:00,1027306.4615442541,119512.23871233207
2024-02-04 03:00:00,1028756.9381096892,119512.23871233207
2024-02-04 04:00:00,1029859.2098566098,119512.23871233207
2024-02-04 05:00:00,1031132.4584156772,119512.23871233207
2024-02-04 06:00:00,1032687.2102208813,119512.23871233207
2024-02-04 07:00:00,1034308.5970963968,119520.50371233207
2024-02-04 08:00:00,1035986.577230231,119642.59996233207
2024-02-04 09:00:00,1036828.6928942585,119913.33496233207
2024-02-04 10:00:00,1037670.1767886573,120218.93371233207
2024-02-04 11:00:00,1038516.6815890527,120522.48871233207
2024-02-04 12:00:00,1039340.5756869471,120856.16746233207
2024-02-04 13:00:00,1040152.5326639623,121185.10621233207
2024-02-04 14:00:00,1040962.5943320914,121508.40496233208
2024-02-04 15:00:00,1041763.8777274848,121828.18621233208
2024-02-04 16:00:00,1042572.0440867278,122097.61621233207
2024-02-04 17:00:00,1043368.2733250916,122186.72371233207
2024-02-04 18:00:00,1044145.017458065,122189.57371233207
2024-02-04 19:00:00,1044906.6988730486,122189.57371233207
2024-02-04 20:00:00,1045655.1796278958,122189.57371233207
2024-02-04 21:00:00,1046393.6185707499,122189.57371233207
2024-02-04 22:00:00,1047126.3715869456,122189.57371233207
2024-02-04 23:00:00,1047851.6098696631,122189.57371233207
2024-02-05 00:00:00,1048568.0366286119,122189.57371233207
2024-02-05 01:00:00,1049280.0742511929,122189.57371233207
2024-02-05 02:00:00,1049985.82742852,122189.57371233207
2024-02-05 03:00:00,1050689.0535273321,122189.57371233207
2024-02-05 04:00:00,1051390.3843172581,122189.57371233207
2024-02-05 05:00:00,1052113.0955214608,122189.57371233207
2024-02-05 06:00:00,1052879.797842441,122571.76830545948
2024-02-05 07:00:00,1053685.4703742021,123282.44208722076
2024-02-05 08:00:00,1054507.4691632104,123457.69833722076
2024-02-05 09:00:00,1055335.1206278438,123816.38583722076
2024-02-05 10:00:00,1056145.182295973,124211.41458722076
2024-02-05 11:00:00,1056920.696140722,124616.33958722076
2024-02-05 12:00:00,1057658.5033139472,125037.74958722077
2024-02-05 13:00:00,1058426.4691741848,125439.95958722077
2024-02-05 14:00:00,1059159.8539600093,125839.04583722076
2024-02-05 15:00:00,1059946.04138638,126231.04458722076
2024-02-05 16:00:00,1060763.6510390206,126558.00708722076
2024-02-05 17:00:00,1061582.5242309184,126672.80583722076
2024-02-05 18:00:00,1062381.280547797,126675.34458722077
2024-02-05 19:00:00,1063178.7733254181,126675.34458722077
2024-02-05 20:00:00,1063959.9398457923,126675.34458722077
2024-02-05 21:00:00,1064731.0313031403,126675.34458722077
2024-02-05 22:00:00,1065492.712718124,126675.34458722077
2024-02-05 23:00:00,1066241.8252426,126675.34458722077
2024-02-06 00:00:00,1066984.0215521932,126675.34458722077
2024-02-06 01:00:00,1067728.1131706724,126675.34458722077
2024-02-06 02:00:00,1068464.6568046403,126675.34458722077
2024-02-06 03:00:00,1069198.0415904648,126675.34458722077
2024-02-06 04:00:00,1069928.9325488075,126675.34458722077
2024-02-06 05:00:00,1070687.4551156478,126675.34458722077
2024-02-06 06:00:00,1071492.4958777803,127062.84219529688
2024-02-06 07:00:00,1072315.758206046,127771.44452356256
2024-02-06 08:00:00,1073129.6104919473,127989.79202356256
2024-02-06 09:00:00,1073909.5134730642,128429.73452356257
2024-02-06 10:00:00,1074709.5333292002,128908.17452356257
2024-02-06 11:00:00,1075511.4152431893,129378.28577356257
2024-02-06 12:00:00,1076292.5817635634,129833.30327356257
2024-02-06 13:00:00,1077078.7691899342,130286.07452356258
2024-02-06 14:00:00,1077842.3459138041,130744.53452356259
2024-02-06 15:00:00,1078619.7218164061,131209.27577356258
2024-02-06 16:00:00,1079431.6787934212,131588.0370235626
2024-02-06 17:00:00,1080238.61486444,131702.7870235626
2024-02-06 18:00:00,1081029.8231968072,131704.7557735626
2024-02-06 19:00:00,1081803.4417326702,131704.7557735626
2024-02-06 20:00:00,1082565.7549172826,131704.7557735626
2024-02-06 21:00:00,1083318.6248084975,131704.7557735626
2024-02-06 22:00:00,1084063.3481966055,131704.7557735626
2024-02-06 23:00:00,1084802.385658055,131704.7557735626
2024-02-07 00:00:00,1085541.4231195047,131704.7557735626
2024-02-07 01:00:00,1086269.7869993327,131704.7557735626
2024-02-07 02:00:00,1086995.657051679,131704.7557735626
2024-02-07 03:00:00,1087715.2426587713,131704.7557735626
2024-02-07 04:00:00,1088436.6903237167,131704.7557735626
2024-02-07 05:00:00,1089178.88663331,131704.7557735626
2024-02-07 06:00:00,1089936.178911926,131876.09253238648
2024-02-07 07:00:00,1090702.2494632776,132545.61558373802
2024-02-07 08:00:00,1091444.445772871,132696.166833738
2024-02-07 09:00:00,1092175.3367312136,132982.014333738
2024-02-07 10:00:00,1092899.3114746737,133318.33308373802
2024-02-07 11:00:00,1093608.8220187398,133680.15558373803
2024-02-07 12:00:00,1094298.2156877867,134037.40683373803
2024-02-07 13:00:00,1095015.2742163641,134395.69308373804
2024-02-07 14:00:00,1095724.7847604302,134734.70058373804
2024-02-07 15:00:00,1096438.0859222685,135039.44058373803
2024-02-07 16:00:00,1097157.039759732,135267.93558373803
2024-02-07 17:00:00,1097892.9516240715,135340.08558373802
2024-02-07 18:00:00,1098626.336409896,135341.91183373804
2024-02-07 19:00:00,1099356.59559861,135341.91183373804
2024-02-07 20:00:00,1100086.8547873239,135341.91183373804
2024-02-07 21:00:00,1100806.4403944162,135341.91183373804
2024-02-07 22:00:00,1101522.2353837362,135341.91183373804
2024-02-07 23:00:00,1102233.6412366885,135341.91183373804
2024-02-08 00:00:00,1102942.5200111258,135341.91183373804
2024-02-08 01:00:00,1103648.273188453,135341.91183373804
2024-02-08 02:00:00,1104350.2357480077,135341.91183373804
2024-02-08 03:00:00,1105050.968019338,135341.91183373804
2024-02-08 04:00:00,1105752.9305788928,135341.91183373804
2024-02-08 05:00:00,1106469.9891074703,135341.91183373804
2024-02-08 06:00:00,1107200.2482961842,135341.91183373804
2024-02-08 07:00:00,1107929.8757152695,135986.53328231402
2024-02-08 08:00:00,1108636.260662225,136093.74953231402
2024-02-08 09:00:00,1109321.265194904,136328.87828231402
2024-02-08 10:00:00,1109978.006349457,136607.60078231402
2024-02-08 11:00:00,1110623.4089017264,136903.94828231403
2024-02-08 12:00:00,1111302.7607587802,137210.79203231403
2024-02-08 13:00:00,1111986.501752202,137518.43453231402
2024-02-08 14:00:00,1112686.6022539036,137813.85203231403
2024-02-08 15:00:00,1113401.1337039664,138089.85203231403
2024-02-08 16:00:00,1114129.4975837944,138323.99828231402
2024-02-08 17:00:00,1114870.4303541302,138405.66578231403
2024-02-08 18:00:00,1115608.2375273556,138408.36578231404
2024-02-08 19:00:00,1116342.2540828087,138408.36578231404
2024-02-08 20:00:00,1117071.2497322655,138408.36578231404
2024-02-08 21:00:00,1117793.3291668394,138408.36578231404
2024-02-08 22:00:00,1118512.283004303,138408.36578231404
2024-02-08 23:00:00,1119228.7097632517,138408.36578231404
2024-02-09 00:00:00,1119943.2412133145,138408.36578231404
2024-02-09 01:00:00,1120655.9106055242,138408.36578231404
2024-02-09 02:00:00,1121362.9273221085,138408.36578231404
2024-02-09 03:00:00,1122068.048729807,138408.36578231404
2024-02-09 04:00:00,1122779.4545827592,138408.36578231404
2024-02-09 05:00:00,1123511.6090803593,138408.36578231404
2024-02-09 06:00:00,1124275.1858042292,138408.36578231404
2024-02-09 07:00:00,1125079.594796733,139148.97056489668
2024-02-09 08:00:00,1125890.9200041194,139266.2668148967
2024-02-09 09:00:00,1126711.0567352746,139520.1530648967
2024-02-09 10:00:00,1127526.1393094002,139817.8168148967
2024-02-09 11:00:00,1128367.6232037991,140143.42181489672
2024-02-09 12:00:00,1129208.4753285693,140500.68431489673
2024-02-09 13:00:00,1130051.8545318542,140820.92306489672
2024-02-09 14:00:00,1130884.5601535174,141123.20306489672
2024-02-09 15:00:00,1131719.1278330334,141407.1643148967
2024-02-09 16:00:00,1132541.1266220417,141637.20431489672
2024-02-09 17:00:00,1133345.5356145455,141722.29556489672
2024-02-09 18:00:00,1134129.1959624013,141726.37181489673
2024-02-09 19:00:00,1134904.7098071503,141726.37181489673
2024-02-09 20:00:00,1135664.4959132478,141726.37181489673
2024-02-09 21:00:00,1136412.976668095,141726.37181489673
2024-02-09 22:00:00,1137158.9303444272,141726.37181489673
2024-02-09 23:00:00,1137889.82130277,141726.37181489673
2024-02-10 00:00:00,1138609.4069098623,141726.37181489673
2024-02-10 01:00:00,1139325.833668811,141726.37181489673
2024-02-10 02:00:00,1140039.733349245,141726.37181489673
2024-02-10 03:00:00,1140749.8756629399,141726.37181489673
2024-02-10 04:00:00,1141460.6497462634,141726.37181489673
2024-02-10 05:00:00,1142201.5825165992,141726.37181489673
2024-02-10 06:00:00,1142975.2010524622,141939.7157454879
2024-02-10 07:00:00,1143788.4215687348,142692.98126176052
2024-02-10 08:00:00,1144618.6001118831,142816.55876176053
2024-02-10 09:00:00,1145410.440213879,143104.95251176052
2024-02-10 10:00:00,1146185.3222889993,143432.8787617605
2024-02-10 11:00:00,1146947.003703983,143786.2862617605
2024-02-10 12:00:00,1147730.664051839,144148.1575117605
2024-02-10 13:00:00,1148450.8481775268,144507.5012617605
2024-02-10 14:00:00,1149149.685139971,144861.88751176052
2024-02-10 15:00:00,1150642.856031893,145206.6550117605
2024-02-10 16:00:00,1152239.105126393,145456.44869102328
2024-02-10 17:00:00,1153834.0906816355,145542.0720080849
2024-02-10 18:00:00,1155401.4113773475,145544.49868118318
2024-02-10 19:00:00,1156938.6066370802,145544.49868118318
2024-02-10 20:00:00,1158466.957122011,145544.49868118318
2024-02-10 21:00:00,1159962.655092448,145544.49868118318
2024-02-10 22:00:00,1161441.9935546047,145544.49868118318
2024-02-10 23:00:00,1162907.4995869962,145544.49868118318
2024-02-11 00:00:00,1164362.9638073947,145544.49868118318
2024-02-11 01:00:00,1165793.2902467775,145544.49868118318
2024-02-11 02:00:00,1167221.0896076453,145544.49868118318
2024-02-11 03:00:00,1168672.8297123378,145544.49868118318
2024-02-11 04:00:00,1170130.821011251,145544.49868118318
2024-02-11 05:00:00,1171622.7283639158,145544.49868118318
2024-02-11 06:00:00,1173177.4801691198,145544.49868118318
2024-02-11 07:00:00,1174776.2563421344,145553.3539473942
2024-02-11 08:00:00,1176338.589382883,145681.5025341625
2024-02-11 09:00:00,1177789.065948318,145966.9835852654
2024-02-11 10:00:00,1179155.284395904,146304.84119483523
2024-02-11 11:00:00,1180452.4071967297,146654.64990009327
2024-02-11 12:00:00,1181755.7811917763,147010.96085338463
2024-02-11 13:00:00,1183105.7066331482,147368.5875849543
2024-02-11 14:00:00,1184495.7993224924,147710.24630157815
2024-02-11 15:00:00,1185968.8865904284,148052.21861456937
2024-02-11 16:00:00,1187548.7761766482,148303.27349382258
2024-02-11 17:00:00,1189152.5400046264,148388.1291066742
2024-02-11 18:00:00,1190713.6095061174,148390.50047359738
2024-02-11 19:00:00,1192243.2235303058,148390.50047359738
2024-02-11 20:00:00,1193751.4903912505,148390.50047359738
2024-02-11 21:00:00,1195243.3977439152,148390.50047359738
2024-02-11 22:00:00,1196731.580980874,148390.50047359738
2024-02-11 23:00:00,1198197.0870132654,148390.50047359738
2024-02-12 00:00:00,1199639.982343156,148390.50047359738
2024-02-12 01:00:00,1201077.890018083,148390.50047359738
2024-02-12 02:00:00,1202510.7435359803,148390.50047359738
2024-02-12 03:00:00,1203936.0823203996,148390.50047359738
2024-02-12 04:00:00,1205368.935838297,148390.50047359738
2024-02-12 05:00:00,1206860.8431909618,148390.50047359738
2024-02-12 06:00:00,1208431.954504446,148390.50047359738
2024-02-12 07:00:00,1210062.1196526971,148406.42199283405
2024-02-12 08:00:00,1211692.2848009483,148635.15281857664
2024-02-12 09:00:00,1213239.521872674,149090.96105372973
2024-02-12 10:00:00,1214745.261655104,149559.81292053228
2024-02-12 11:00:00,1216326.4147805814,150026.48243460967
2024-02-12 12:00:00,1217812.0709390251,150480.05442720946
2024-02-12 13:00:00,1219219.786675907,150948.06436433148
2024-02-12 14:00:00,1220653.9037330619,151416.33812240505
2024-02-12 15:00:00,1222216.2367738103,151880.2004513544
2024-02-12 16:00:00,1223807.4317112805,152243.92417823826
2024-02-12 17:00:00,1225398.6266487506,152361.58017862134
2024-02-12 18:00:00,1226960.959689499,152363.55416125697
2024-02-12 19:00:00,1228490.5737136875,152363.55416125697
2024-02-12 20:00:00,1229993.7864176026,152363.55416125697
2024-02-12 21:00:00,1230739.108324306,152363.55416125697
2024-02-12 22:00:00,1231485.0620006383,152363.55416125697
2024-02-12 23:00:00,1232225.9947709742,152363.55416125697
2024-02-13 00:00:00,1232964.4337138282,152363.55416125697
2024-02-13 01:00:00,1233702.8726566823,152363.55416125697
2024-02-13 02:00:00,1234435.0271542824,152363.55416125697
2024-02-13 03:00:00,1235166.5498822539,152363.55416125697
2024-02-13 04:00:00,1235904.3570554792,152363.55416125697
2024-02-13 05:00:00,1236671.0593764593,152363.55416125697
2024-02-13 06:00:00,1237470.4474629667,152613.36534183953
2024-02-13 07:00:00,1238283.0362096105,153384.50814330514
2024-02-13 08:00:00,1239072.9810027203,153621.56107857867
2024-02-13 09:00:00,1239795.0604372942,153828.16256535385
2024-02-13 10:00:00,1240481.3285092306,154091.67555817193
2024-02-13 11:00:00,1241134.9108156401,154392.49929554845
2024-02-13 12:00:00,1241787.2295827921,154700.3636211417
2024-02-13 13:00:00,1242461.5605338495,154985.01897299732
2024-02-13 14:00:00,1243163.5230934042,155248.07940194505
2024-02-13 15:00:00,1243908.2464815122,155496.24432938252
2024-02-13 16:00:00,1244719.5716888986,155679.10986650322
2024-02-13 17:00:00,1245534.6542630242,155737.57276927255
2024-02-13 18:00:00,1246344.7159311534,155739.41099693323
2024-02-13 19:00:00,1247140.3133998886,155739.41099693323
2024-02-13 20:00:00,1247923.9737477445,155739.41099693323
2024-02-13 21:00:00,1248687.5504716143,155739.41099693323
2024-02-13 22:00:00,1249431.0103204648,155739.41099693323
2024-02-13 23:00:00,1250165.6586455468,155739.41099693323
2024-02-14 00:00:00,1250894.0225253748,155739.41099693323
2024-02-14 01:00:00,1251617.3654992061,155739.41099693323
2024-02-14 02:00:00,1252338.1813945228,155739.41099693323
2024-02-14 03:00:00,1253053.9763838428,155739.41099693323
2024-02-14 04:00:00,1253773.5619909351,155739.41099693323
2024-02-14 05:00:00,1254513.8629916422,155739.41099693323
2024-02-14 06:00:00,1255269.259961372,156318.0570952222
2024-02-14 07:00:00,1256017.1089465905,156971.7679084213
2024-02-14 08:00:00,1256759.3052561837,157143.42204239836
2024-02-14 09:00:00,1257497.7441990378,157489.20085187163
2024-02-14 10:00:00,1258229.2669270092,157899.8155491716
2024-02-14 11:00:00,1258955.735497951,158285.40413763875
2024-02-14 12:00:00,1259666.5095812746,158712.43904330043
2024-02-14 13:00:00,1260381.0410313373,159128.12027235475
2024-02-14 14:00:00,1261115.0575867905,159514.10369409394
2024-02-14 15:00:00,1261861.6430327515,159922.34290552375
2024-02-14 16:00:00,1262618.3035417388,160241.91785853315
2024-02-14 17:00:00,1263380.6167263512,160360.50200322198
2024-02-14 18:00:00,1264141.6663717062,160362.9485675613
2024-02-14 19:00:00,1264890.778896182,160362.9485675613
2024-02-14 20:00:00,1265634.8705146613,160362.9485675613
2024-02-14 21:00:00,1266373.3094575154,160362.9485675613
2024-02-14 22:00:00,1267106.6942433398,160362.9485675613
2024-02-14 23:00:00,1267838.2169713113,160362.9485675613
2024-02-15 00:00:00,1268548.9910546348,160362.9485675613
2024-02-15 01:00:00,1269283.6393797167,160362.9485675613
2024-02-15 02:00:00,1270013.266798802,160362.9485675613
2024-02-15 03:00:00,1270741.63067863,160362.9485675613
2024-02-15 04:00:00,1271467.5007309762,160362.9485675613
2024-02-15 05:00:00,1272211.5923494555,160362.9485675613
2024-02-15 06:00:00,1272972.0102251817,160418.46688396012
2024-02-15 07:00:00,1273737.4490069046,161128.5934271696
2024-02-15 08:00:00,1274467.7081956186,161236.59551200704
2024-02-15 09:00:00,1275136.3864710506,161478.09416735204
2024-02-15 10:00:00,1275737.1661369137,161769.5996386949
2024-02-15 11:00:00,1276319.7242366436,162073.97773885165
2024-02-15 12:00:00,1276870.2283404754,162378.894307473
2024-02-15 13:00:00,1277449.6608430948,162689.93332425
2024-02-15 14:00:00,1278056.1264356163,162998.76534700755
2024-02-15 15:00:00,1278732.3194445267,163268.41489674558
2024-02-15 16:00:00,1279478.273120859,163510.55793566813
2024-02-15 17:00:00,1280250.6281174645,163589.40522937468
2024-02-15 18:00:00,1281019.2257473308,163592.06321298232
2024-02-15 19:00:00,1281774.6227170606,163592.06321298232
2024-02-15 20:00:00,1282528.1243779042,163592.06321298232
2024-02-15 21:00:00,1283279.7307298619,163592.06321298232
2024-02-15 22:00:00,1284026.3161758229,163592.06321298232
2024-02-15 23:00:00,1284764.755118677,163592.06321298232
2024-02-16 00:00:00,1285501.2987526448,163592.06321298232
2024-02-16 01:00:00,1286237.2106169842,163592.06321298232
2024-02-16 02:00:00,1286949.880009194,163592.06321298232
2024-02-16 03:00:00,1287666.9385377713,163592.06321298232
2024-02-16 04:00:00,1288393.4071087132,163592.06321298232
2024-02-16 05:00:00,1289151.2979059247,163592.06321298232
2024-02-16 06:00:00,1289948.1589139174,163906.3773487332
2024-02-16 07:00:00,1290768.2956450726,164670.1575299568
2024-02-16 08:00:00,1291576.4620043156,164780.58400473016
2024-02-16 09:00:00,1292340.637246781,165017.83433712143
2024-02-16 10:00:00,1293047.6539633654,165308.1883054251
2024-02-16 11:00:00,1293732.6584960443,165602.93570000527
2024-02-16 12:00:00,1294424.579243606,165921.223059888
2024-02-16 13:00:00,1295153.5748930627,166233.75041107732
2024-02-16 14:00:00,1295929.7205074404,166521.77266597803
2024-02-16 15:00:00,1296729.1085939477,166811.23230299875
2024-02-16 16:00:00,1297550.4756133272,167050.1920185725
2024-02-16 17:00:00,1298374.3697112217,167132.4144102841
2024-02-16 18:00:00,1299185.694918608,167135.16771375627
2024-02-16 19:00:00,1299979.4303294902,167135.16771375627
2024-02-16 20:00:00,1300754.3124046104,167135.16771375627
2024-02-16 21:00:00,1301515.3620499654,167135.16771375627
2024-02-16 22:00:00,1302274.5163864344,167135.16771375627
2024-02-16 23:00:00,1303022.9971412816,167135.16771375627
2024-02-17 00:00:00,1303764.5616812462,167135.16771375627
2024-02-17 01:00:00,1305242.6366041456,167135.16771375627
2024-02-17 02:00:00,1306714.4603328242,167135.16771375627
2024-02-17 03:00:00,1308179.9663652156,167135.16771375627
2024-02-17 04:00:00,1309653.0536331516,167135.16771375627
2024-02-17 05:00:00,1311168.8352275747,167135.16771375627
2024-02-17 06:00:00,1312753.778970824,167135.16771375627
2024-02-17 07:00:00,1313582.693974715,167924.4167507539
2024-02-17 08:00:00,1314432.9893928824,168233.10081407218
2024-02-17 09:00:00,1315293.326623043,168440.71530161888
2024-02-17 10:00:00,1316154.927392461,168695.9383334303
2024-02-17 11:00:00,1317008.9801773678,168988.73305670018
2024-02-17 12:00:00,1317861.769423017,169289.595214821
2024-02-17 13:00:00,1318703.8850870444,169589.62062427905
2024-02-17 14:00:00,1319543.4736725572,169862.00752090514
2024-02-17 15:00:00,1320383.0622580699,170100.91109861908
2024-02-17 16:00:00,1321220.1570161008,170275.52927902172
2024-02-17 17:00:00,1322025.829547862,170330.78902305014
2024-02-17 18:00:00,1322827.7114618511,170332.5760878283
2024-02-17 19:00:00,1323615.794197108,170332.5760878283
2024-02-17 20:00:00,1324388.1491937134,170332.5760878283
2024-02-17 21:00:00,1325151.0941479546,170332.5760878283
2024-02-17 22:00:00,1325905.8593480557,170332.5760878283
2024-02-17 23:00:00,1326653.7083332741,170332.5760878283
2024-02-18 00:00:00,1327399.6620096064,170332.5760878283
2024-02-18 01:00:00,1328136.2056435742,170332.5760878283
2024-02-18 02:00:00,1328863.9377537735,170332.5760878283
2024-02-18 03:00:00,1329570.9544703579,170332.5760878283
2024-02-18 04:00:00,1330279.2014751665,170884.3362601963
2024-02-18 05:00:00,1331028.3139996424,171633.44878467213
2024-02-18 06:00:00,1331805.6899022444,172410.82468727414
2024-02-18 07:00:00,1332619.5421881457,173169.2458573712
2024-02-18 08:00:00,1333453.4780980332,173274.70773284545
2024-02-18 09:00:00,1334302.5099769433,173498.15872793787
2024-02-18 10:00:00,1335145.889180228,173786.71516595752
2024-02-18 11:00:00,1335990.5319227704,174076.46198905134
2024-02-18 12:00:00,1336829.5219896876,174371.32249639957
2024-02-18 13:00:00,1337662.2276113508,174693.00628302322
2024-02-18 14:00:00,1338489.2473063557,174991.039829917
2024-02-18 15:00:00,1339311.246095364,175269.8218670388
2024-02-18 16:00:00,1340131.3828265192,175509.66613212953
2024-02-18 17:00:00,1340937.0553582804,175594.09257045315
2024-02-18 18:00:00,1341725.1380935372,175596.6900619189
2024-02-18 19:00:00,1342505.6728442828,175596.6900619189
2024-02-18 20:00:00,1343267.9860288952,175596.6900619189
2024-02-18 21:00:00,1344018.993862257,175596.6900619189
2024-02-18 22:00:00,1344766.2110778468,175596.6900619189
2024-02-18 23:00:00,1345509.6709266973,175596.6900619189
2024-02-19 00:00:00,1346248.1098695514,175596.6900619189
2024-02-19 01:00:00,1346983.389964262,175596.6900619189
2024-02-19 02:00:00,1347720.5653678586,175596.6900619189
2024-02-19 03:00:00,1348443.2765720612,175596.6900619189
2024-02-19 04:00:00,1349886.1719019518,175596.6900619189
2024-02-19 05:00:00,1351380.6063331312,175596.6900619189
2024-02-19 06:00:00,1352936.6216775926,175596.6900619189
2024-02-19 07:00:00,1354568.0503651013,175604.43436930949
2024-02-19 08:00:00,1356234.6586456187,175716.54427971458
2024-02-19 09:00:00,1357889.9615748858,175981.29057202552
2024-02-19 10:00:00,1359496.2524813786,176275.86582305093
2024-02-19 11:00:00,1361113.848739122,176590.2015007093
2024-02-19 12:00:00,1362647.2533810826,176937.59703977086
2024-02-19 13:00:00,1364117.8135705036,177260.40046047987
2024-02-19 14:00:00,1365636.1222434414,177555.59501856723
2024-02-19 15:00:00,1367251.2579247362,177852.49500546738
2024-02-19 16:00:00,1368870.1177217371,178086.10619199
2024-02-19 17:00:00,1370491.5045972527,178170.41845893668
2024-02-19 18:00:00,1372100.3225822605,178174.58578056053
2024-02-19 19:00:00,1372883.9829301164,178174.58578056053
2024-02-19 20:00:00,1373653.2123296114,178174.58578056053
2024-02-19 21:00:00,1374423.6720173308,178174.58578056053
2024-02-19 22:00:00,1375183.4581234283,178174.58578056053
2024-02-19 23:00:00,1375947.0348472982,178174.58578056053
2024-02-20 00:00:00,1376698.04268066,178174.58578056053
2024-02-20 01:00:00,1377443.9963569923,178174.58578056053
2024-02-20 02:00:00,1378174.887315335,178174.58578056053
2024-02-20 03:00:00,1378904.5147344202,178174.58578056053
2024-02-20 04:00:00,1379635.405692763,178174.58578056053
2024-02-20 05:00:00,1380391.4344321215,178174.58578056053
2024-02-20 06:00:00,1381185.8016126323,178672.99153290378
2024-02-20 07:00:00,1381991.4741443936,179378.9963604156
2024-02-20 08:00:00,1382800.2722732653,179554.53440529827
2024-02-20 09:00:00,1383560.6901489915,179919.03666046078
2024-02-20 10:00:00,1384271.464232315,180323.30552475047
2024-02-20 11:00:00,1384953.3431678838,180717.91649916532
2024-02-20 12:00:00,1385626.4105796837,181132.33146732452
2024-02-20 13:00:00,1386319.5948665028,181518.6877204124
2024-02-20 14:00:00,1387029.1054105689,181933.0045836302
2024-02-20 15:00:00,1387779.4814743022,182339.8628882712
2024-02-20 16:00:00,1388589.5431424314,182657.9524487087
2024-02-20 17:00:00,1389414.0690099546,182773.39615800424
2024-02-20 18:00:00,1390224.1306780837,182775.85700211022
2024-02-20 19:00:00,1391015.339010451,182775.85700211022
2024-02-20 20:00:00,1391795.241991568,182775.85700211022
2024-02-20 21:00:00,1392556.2916369229,182775.85700211022
2024-02-20 22:00:00,1393327.383094271,182775.85700211022
2024-02-20 23:00:00,1394086.53743074,182775.85700211022
2024-02-21 00:00:00,1394838.7755523263,182775.85700211022
2024-02-21 01:00:00,1395587.2563071735,182775.85700211022
2024-02-21 02:00:00,1396335.105292392,182775.85700211022
2024-02-21 03:00:00,1397065.9962507347,182775.85700211022
2024-02-21 04:00:00,1397783.6865489408,182775.85700211022
2024-02-21 05:00:00,1398539.0835186706,182775.85700211022
2024-02-21 06:00:00,1399318.3547301588,183159.3599858714
2024-02-21 07:00:00,1400079.4043755138,183863.70693682245
2024-02-21 08:00:00,1400797.7264433487,183981.472200332
2024-02-21 09:00:00,1401487.7518820243,184241.98558986318
2024-02-21 10:00:00,1402184.061765954,184534.94244745956
2024-02-21 11:00:00,1402901.75206416,184847.6049654578
2024-02-21 12:00:00,1403637.0321588707,185189.42790419067
2024-02-21 13:00:00,1404410.018925105,185495.8115439333
2024-02-21 14:00:00,1405183.637460968,185801.74657820436
2024-02-21 15:00:00,1405949.7080123196,186099.15308015925
2024-02-21 16:00:00,1406715.1467940426,186320.6835840272
2024-02-21 17:00:00,1407479.322036508,186401.7085235926
2024-02-21 18:00:00,1408240.371681863,186405.89499841628
2024-02-21 19:00:00,1408992.6098034494,186405.89499841628
2024-02-21 20:00:00,1409739.1952494103,186405.89499841628
2024-02-21 21:00:00,1410480.759789375,186405.89499841628
2024-02-21 22:00:00,1411219.7972508245,186405.89499841628
2024-02-21 23:00:00,1411948.7929002813,186405.89499841628
2024-02-22 00:00:00,1412672.7676437413,186405.89499841628
2024-02-22 01:00:00,1413390.4579419475,186405.89499841628
2024-02-22 02:00:00,1414107.516470525,186405.89499841628
2024-02-22 03:00:00,1414816.3952449623,186405.89499841628
2024-02-22 04:00:00,1415527.8010979146,186405.89499841628
2024-02-22 05:00:00,1416246.7549353782,186405.89499841628
2024-02-22 06:00:00,1416985.1938782323,186481.83712845854
2024-02-22 07:00:00,1417729.9172663402,187184.59432495548
2024-02-22 08:00:00,1418484.6824664413,187391.58425647017
2024-02-22 09:00:00,1419235.6902998032,187590.5258820769
2024-02-22 10:00:00,1419978.5183790252,187848.1293305025
2024-02-22 11:00:00,1420703.124892114,188129.8545678037
2024-02-22 12:00:00,1421427.7314052028,188426.15558279437
2024-02-22 13:00:00,1422147.3170122951,188714.7417301975
2024-02-22 14:00:00,1422855.5640171038,188999.95061529687
2024-02-22 15:00:00,1423566.969870056,189228.5226986973
2024-02-22 16:00:00,1424299.1243676562,189415.3804180389
2024-02-22 17:00:00,1425035.0362319956,189471.30706374795
2024-02-22 18:00:00,1425772.2116355922,189473.22130680675
2024-02-22 19:00:00,1427230.2029345054,189473.22130680675
2024-02-22 20:00:00,1428680.6794999405,189473.22130680675
2024-02-22 21:00:00,1430123.574829831,189473.22130680675
2024-02-22 22:00:00,1431561.482504758,189473.22130680675
2024-02-22 23:00:00,1432996.8631011704,189473.22130680675
2024-02-23 00:00:00,1434420.9383463322,189473.22130680675
2024-02-23 01:00:00,1435843.7500522367,189473.22130680675
2024-02-23 02:00:00,1437286.6453821273,189473.22130680675
2024-02-23 03:00:00,1438720.7624392821,189473.22130680675
2024-02-23 04:00:00,1440162.3942299152,189473.22130680675
2024-02-23 05:00:00,1441649.3139276165,189473.22130680675
2024-02-23 06:00:00,1443202.8021935632,189473.22130680675
2024-02-23 07:00:00,1444800.3148273204,189478.11357287472
2024-02-23 08:00:00,1446466.9231078378,189576.65079859365
2024-02-23 09:00:00,1448123.4895763623,189801.20291178598
2024-02-23 10:00:00,1449787.637280431,190076.58431839923
2024-02-23 11:00:00,1451407.7606166892,190347.54873594956
2024-02-23 12:00:00,1452949.9435313854,190673.32299748043
2024-02-23 13:00:00,1454482.0846340884,190992.89177821638
2024-02-23 14:00:00,1455258.2302484661,191312.93226037608
2024-02-23 15:00:00,1456054.45948683,191634.09608995228
2024-02-23 16:00:00,1456879.617123982,191902.09481831198
2024-02-23 17:00:00,1457697.2267766225,191983.12779817544
2024-02-23 18:00:00,1458500.372229869,191985.09096150057
2024-02-23 19:00:00,1459292.8441014937,191985.09096150057
2024-02-23 20:00:00,1460062.0735009888,191985.09096150057
2024-02-23 21:00:00,1460818.1022403473,191985.09096150057
2024-02-23 22:00:00,1461570.3403619337,191985.09096150057
2024-02-23 23:00:00,1462303.7251477581,191985.09096150057
2024-02-24 00:00:00,1463032.720797215,191985.09096150057
2024-02-24 01:00:00,1464465.5743151123,191985.09096150057
2024-02-24 02:00:00,1465912.2602627752,191985.09096150057
2024-02-24 03:00:00,1467355.1555926658,191985.09096150057
2024-02-24 04:00:00,1468808.0927345494,191985.09096150057
2024-02-24 05:00:00,1470307.5813227585,191985.09096150057
2024-02-24 06:00:00,1471887.4709089783,191985.09096150057
2024-02-24 07:00:00,1472701.9217134751,192747.83768667656
2024-02-24 08:00:00,1473515.7739993765,192873.05407336305
2024-02-24 09:00:00,1474322.0783007664,193148.03931703613
2024-02-24 10:00:00,1475107.0021878798,193477.377052309
2024-02-24 11:00:00,1475869.947142121,193830.29832894055
2024-02-24 12:00:00,1476604.5954672028,194146.59355591648
2024-02-24 13:00:00,1477343.6329286525,194473.15642027263
2024-02-24 14:00:00,1478077.6494841056,194808.066287268
2024-02-24 15:00:00,1478846.8788836007,195128.58816548093
2024-02-24 16:00:00,1479651.9196457332,195378.86321398147
2024-02-24 17:00:00,1480459.4874863806,195456.5750612658
2024-02-24 18:00:00,1481263.8964788844,195458.14985170297
2024-02-24 19:00:00,1482060.1257172483,195458.14985170297
2024-02-24 20:00:00,1482839.3969287365,195458.14985170297
2024-02-24 21:00:00,1483606.0992497166,195458.14985170297
2024-02-24 22:00:00,1484365.2535861856,195458.14985170297
2024-02-24 23:00:00,1485114.9978802903,195458.14985170297
2024-02-25 00:00:00,1485854.03534174,195458.14985170297
2024-02-25 01:00:00,1486590.5789757078,195458.14985170297
2024-02-25 02:00:00,1487322.1017036792,195458.14985170297
2024-02-25 03:00:00,1488051.7291227644,195458.14985170297
2024-02-25 04:00:00,1488781.3565418497,195458.14985170297
2024-02-25 05:00:00,1489531.1008359543,195458.14985170297
2024-02-25 06:00:00,1490313.530895586,195993.48513795543
2024-02-25 07:00:00,1491106.0027672106,196747.73591699236
2024-02-25 08:00:00,1491885.2739786988,196939.09035584587
2024-02-25 09:00:00,1492636.2818120606,197140.40857628433
2024-02-25 10:00:00,1493353.9721102668,197398.11848464864
2024-02-25 11:00:00,1494036.449564431,197696.42848115842
2024-02-25 12:00:00,1494705.7596094918,198009.3092435626
2024-02-25 13:00:00,1495383.2161576594,198309.88302747745
2024-02-25 14:00:00,1496082.0531201037,198577.62896709677
2024-02-25 15:00:00,1496816.0696755568,198822.8931005395
2024-02-25 16:00:00,1497597.8679655597,199000.40423177826
2024-02-25 17:00:00,1498389.7080675557,199055.49120727676
2024-02-25 18:00:00,1499174.631954669,199057.34351672552
2024-02-25 19:00:00,1499946.3551816458,199057.34351672552
2024-02-25 20:00:00,1500701.7521513756,199057.34351672552
2024-02-25 21:00:00,1501450.2329062228,199057.34351672552
2024-02-25 22:00:00,1502194.324524702,199057.34351672552
2024-02-25 23:00:00,1502930.86815867,199057.34351672552
2024-02-26 00:00:00,1503654.84290213,199057.34351672552
2024-02-26 01:00:00,1504378.1858759613,199057.34351672552
2024-02-26 02:00:00,1505097.139713425,199057.34351672552
2024-02-26 03:00:00,1505809.177336006,199057.34351672552
2024-02-26 04:00:00,1506524.972325326,199057.34351672552
2024-02-26 05:00:00,1507265.9050956618,199057.34351672552
2024-02-26 06:00:00,1508047.7033856646,199557.90402130203
2024-02-26 07:00:00,1508848.3550114294,200318.18621046832
2024-02-26 08:00:00,1509657.7849099298,200532.87740103193
2024-02-26 09:00:00,1510438.951430304,200735.15651039936
2024-02-26 10:00:00,1511214.465275053,200982.13773516097
2024-02-26 11:00:00,1511913.3022374972,201277.02225839737
2024-02-26 12:00:00,1512581.9805129291,201576.09782299996
2024-02-26 13:00:00,1513307.2187956467,201869.49511539613
2024-02-26 14:00:00,1514084.5946982487,202146.4397498283
2024-02-26 15:00:00,1514873.90772173,202376.549713089
2024-02-26 16:00:00,1515675.1911171235,202555.01837507117
2024-02-26 17:00:00,1516482.1271881422,202613.27139171923
2024-02-26 18:00:00,1517282.1470442782,202615.0861302861
2024-02-26 19:00:00,1518855.785436277,202615.0861302861
2024-02-26 20:00:00,1520400.4954294881,202615.0861302861
2024-02-26 21:00:00,1521920.0676416834,202615.0861302861
2024-02-26 22:00:00,1523420.8197691499,202615.0861302861
2024-02-26 23:00:00,1524910.266545366,202615.0861302861
2024-02-27 00:00:00,1526390.8685467802,202615.0861302861
2024-02-27 01:00:00,1527851.3869242084,202615.0861302861
2024-02-27 02:00:00,1529202.5759048378,202615.0861302861
2024-02-27 03:00:00,1530536.1418379298,202615.0861302861
2024-02-27 04:00:00,1531886.0672793018,202615.0861302861
2024-02-27 05:00:00,1533347.8491959872,202615.0861302861
2024-02-27 06:00:00,1534931.5293999792,202615.0861302861
2024-02-27 07:00:00,1536506.4313312354,202630.92519373464
2024-02-27 08:00:00,1538046.153669483,202856.45377980784
2024-02-27 09:00:00,1538749.3797682952,203301.54998563475
2024-02-27 10:00:00,1539413.0038866976,203764.08755941884
2024-02-27 11:00:00,1540047.7328573451,204241.89944454245
2024-02-27 12:00:00,1540666.1355707457,204710.82547142444
2024-02-27 13:00:00,1541305.88544739,205150.27805712144
2024-02-27 14:00:00,1541977.0575503036,205588.4322611257
2024-02-27 15:00:00,1542690.9572307377,206031.76490525267
2024-02-27 16:00:00,1543462.0486880857,206426.95965965092
2024-02-27 17:00:00,1544259.541465707,206536.44920820853
2024-02-27 18:00:00,1545049.4862588167,206538.5095284519
2024-02-27 19:00:00,1545830.0210095623,206538.5095284519
2024-02-27 20:00:00,1546594.1962520278,206538.5095284519
2024-02-27 21:00:00,1547351.4885306437,206538.5095284519
2024-02-27 22:00:00,1548853.5041973677,206538.5095284519
2024-02-27 23:00:00,1550332.8426595244,206538.5095284519
2024-02-28 00:00:00,1551802.1393096882,206538.5095284519
2024-02-28 01:00:00,1553263.9212263736,206538.5095284519
2024-02-28 02:00:00,1554705.5530170067,206538.5095284519
2024-02-28 03:00:00,1556132.1553406834,206538.5095284519
2024-02-28 04:00:00,1557557.4941251026,206538.5095284519
2024-02-28 05:00:00,1559026.7907752665,206538.5095284519
2024-02-28 06:00:00,1560538.8482539835,206538.5095284519
2024-02-28 07:00:00,1562039.60038145,206544.49097640326
2024-02-28 08:00:00,1563424.705415831,206625.6444408884
2024-02-28 09:00:00,1564671.5526546251,206822.64125701596
2024-02-28 10:00:00,1565790.1839098257,207087.48252042997
2024-02-28 11:00:00,1566893.7191960039,207370.2963295778
2024-02-28 12:00:00,1567434.8132574712,207661.06645858954
2024-02-28 13:00:00,1567982.8235338212,207961.09119414233
2024-02-28 14:00:00,1568567.2769424373,208222.2470741736
2024-02-28 15:00:00,1569210.185667225,208470.80723654915
2024-02-28 16:00:00,1569924.085347659,208656.42370610166
2024-02-28 17:00:00,1570670.67079362,208716.711930628
2024-02-28 18:00:00,1571431.0886693462,208718.5900660265
2024-02-28 19:00:00,1572192.7700843299,208718.5900660265
2024-02-28 20:00:00,1572943.7779176917,208718.5900660265
2024-02-28 21:00:00,1573695.3842696494,208718.5900660265
2024-02-28 22:00:00,1574435.0535007278,208718.5900660265
2024-02-28 23:00:00,1575182.2707163175,208718.5900660265
2024-02-29 00:00:00,1575926.9941044254,208718.5900660265
2024-02-29 01:00:00,1576659.7471206211,208718.5900660265
2024-02-29 02:00:00,1577386.215691563,208718.5900660265
2024-02-29 03:00:00,1578110.190435023,208718.5900660265
2024-02-29 04:00:00,1578817.2071516074,208718.5900660265
2024-02-29 05:00:00,1579539.2865861813,208718.5900660265
2024-02-29 06:00:00,1580292.1564773961,209179.311965719
2024-02-29 07:00:00,1581046.2899078685,209820.8709291176
2024-02-29 08:00:00,1581760.8213579312,210044.73012620737
2024-02-29 09:00:00,1582467.2063048868,210467.47569762467
2024-02-29 10:00:00,1583167.9385762173,210966.28168423334
2024-02-29 11:00:00,1583880.607968427,211454.15802274743
2024-02-29 12:00:00,1584631.6158017889,211903.5183926345
2024-02-29 13:00:00,1585397.6863531405,212348.5192380371
2024-02-29 14:00:00,1586165.652213378,212809.8876591003
2024-02-29 15:00:00,1586925.4383194756,213279.11298712544
2024-02-29 16:00:00,1587682.098828463,213639.4917059115
2024-02-29 17:00:00,1588440.6213953032,213755.87776515516
2024-02-29 18:00:00,1589197.9136739192,213757.8548555017
2024-02-29 19:00:00,1589947.6579680238,213757.8548555017
2024-02-29 20:00:00,1590691.1178168743,213757.8548555017
2024-02-29 21:00:00,1591427.6614508422,213757.8548555017
2024-02-29 22:00:00,1592161.0462366666,213757.8548555017
2024-02-29 23:00:00,1592888.778346866,213757.8548555017
2024-03-01 00:00:00,1593614.0166295834,213757.8548555017
2024-03-01 01:00:00,1594336.0960641573,213757.8548555017
2024-03-01 02:00:00,1595053.1545927348,213757.8548555017
2024-03-01 03:00:00,1595769.5813516835,213757.8548555017
2024-03-01 04:00:00,1596488.535189147,213757.8548555017
2024-03-01 05:00:00,1597229.467959483,213757.8548555017
2024-03-01 06:00:00,1598006.843862085,213757.9823555017
2024-03-01 07:00:00,1598811.2528545887,213804.4111055017
2024-03-01 08:00:00,1599642.0631673657,214081.6673555017
2024-03-01 09:00:00,1600475.9990772533,214520.2336055017
2024-03-01 10:00:00,1601311.198526398,214990.93360550172
2024-03-01 11:00:00,1602121.891964156,215461.75360550173
2024-03-01 12:00:00,1602855.9085196091,215966.01610550174
2024-03-01 13:00:00,1603506.3652289081,216446.21860550175
2024-03-01 14:00:00,1604163.7049020566,216919.64110550174
2024-03-01 15:00:00,1604865.0356919826,217379.25985550173
2024-03-01 16:00:00,1605624.1900284516,217790.21860550172
2024-03-01 17:00:00,1606409.7456851937,217993.4573555017
2024-03-01 18:00:00,1607183.3642210567,218010.2873555017
2024-03-01 19:00:00,1607952.5936205518,218010.2873555017
2024-03-01 20:00:00,1608719.9277111606,218010.2873555017
2024-03-01 21:00:00,1609472.165832747,218010.2873555017
2024-03-01 22:00:00,1610221.9101268516,218010.2873555017
2024-03-01 23:00:00,1610960.3490697057,218010.2873555017
2024-03-02 00:00:00,1611684.3238131658,218010.2873555017
2024-03-02 01:00:00,1612406.4032477397,218010.2873555017
2024-03-02 02:00:00,1613124.0935459458,218010.2873555017
2024-03-02 03:00:00,1613836.7629381556,218010.2873555017
2024-03-02 04:00:00,1614551.2943882183,218010.2873555017
2024-03-02 05:00:00,1615291.5953889254,218010.2873555017
2024-03-02 06:00:00,1616068.3395218987,218010.4223555017
2024-03-02 07:00:00,1616851.3681001258,218049.96235550172
2024-03-02 08:00:00,1617618.070421106,218291.21860550172
2024-03-02 09:00:00,1618376.5929879462,218680.69735550173
2024-03-02 10:00:00,1619130.0946487898,219095.93860550172
2024-03-02 11:00:00,1619872.2909583831,219507.90610550172
2024-03-02 12:00:00,1620633.340603738,219955.38235550173
2024-03-02 13:00:00,1621422.0551086236,220391.88985550174
2024-03-02 14:00:00,1622230.8532374953,220817.42860550174
2024-03-02 15:00:00,1623050.3581990218,221221.36360550174
2024-03-02 16:00:00,1623872.35698803,221573.94985550173
2024-03-02 17:00:00,1624676.1342109053,221759.56735550173
2024-03-02 18:00:00,1625457.3007312794,221773.55860550172
2024-03-02 19:00:00,1626225.8983611458,221773.55860550172
2024-03-02 20:00:00,1626980.6635612468,221773.55860550172
2024-03-02 21:00:00,1627727.8807768365,221773.55860550172
2024-03-02 22:00:00,1628473.8344531688,221773.55860550172
2024-03-02 23:00:00,1629209.1145478794,221773.55860550172
2024-03-03 00:00:00,1629935.5831188213,221773.55860550172
2024-03-03 01:00:00,1630658.9260926526,221773.55860550172
2024-03-03 02:00:00,1631378.511699745,221773.55860550172
2024-03-03 03:00:00,1632091.1810919547,221773.55860550172
2024-03-03 04:00:00,1632809.5031597896,221773.55860550172
2024-03-03 05:00:00,1633551.6994693829,221773.55860550172
2024-03-03 06:00:00,1634327.2133141318,221773.6711055017
2024-03-03 07:00:00,1635123.4425524957,221805.2911055017
2024-03-03 08:00:00,1635924.7259478893,222000.5911055017
2024-03-03 09:00:00,1636719.724898029,222343.76485550168
2024-03-03 10:00:00,1637492.0798946344,222713.28985550167
2024-03-03 11:00:00,1638254.3930792469,223098.05860550166
2024-03-03 12:00:00,1639002.2420644653,223534.68610550166
2024-03-03 13:00:00,1639755.743725309,223959.00985550167
2024-03-03 14:00:00,1640548.8473665623,224370.63610550168
2024-03-03 15:00:00,1641344.4448352975,224754.56110550166
2024-03-03 16:00:00,1642121.1889682708,225083.03110550166
2024-03-03 17:00:00,1642902.9872582736,225268.00735550167
2024-03-03 18:00:00,1643669.0578096253,225286.53985550167
2024-03-03 19:00:00,1644423.8230097264,225286.53985550167
2024-03-03 20:00:00,1645161.6301829517,225286.53985550167
2024-03-03 21:00:00,1645889.9940627797,225286.53985550167
2024-03-03 22:00:00,1646618.3579426077,225286.53985550167
2024-03-03 23:00:00,1647332.2576230417,225286.53985550167
2024-03-04 00:00:00,1648037.3790307401,225286.53985550167
2024-03-04 01:00:00,1648736.2159931844,225286.53985550167
2024-03-04 02:00:00,1649430.0320496322,225286.53985550167
2024-03-04 03:00:00,1650123.2163364512,225286.53985550167
2024-03-04 04:00:00,1650823.9486077817,225286.53985550167
2024-03-04 05:00:00,1651549.1868904992,225286.53985550167
2024-03-04 06:00:00,1652307.7094573395,225286.71985550167
2024-03-04 07:00:00,1653099.5495593355,225333.16735550168
2024-03-04 08:00:00,1653911.5065363506,225592.4311055017
2024-03-04 09:00:00,1654729.116188991,225997.95235550168
2024-03-04 10:00:00,1655559.9265017682,226430.17360550168
2024-03-04 11:00:00,1656394.4941812842,226860.26485550168
2024-03-04 12:00:00,1657234.082766797,227324.2148555017
2024-03-04 13:00:00,1658037.8599896722,227788.1048555017
2024-03-04 14:00:00,1658845.4278303196,228246.8198555017
2024-03-04 15:00:00,1659649.8368228234,228685.1273555017
2024-03-04 16:00:00,1660454.2458153272,229066.7573555017
2024-03-04 17:00:00,1661244.8223780657,229281.4936055017
2024-03-04 18:00:00,1662034.7671711755,229301.51110550168
2024-03-04 19:00:00,1662810.2810159244,229301.51110550168
2024-03-04 20:00:00,1663571.962430908,229301.51110550168
2024-03-04 21:00:00,1664324.2005524945,229301.51110550168
2024-03-04 22:00:00,1665065.1333228303,229301.51110550168
2024-03-04 23:00:00,1665801.0451871697,229301.51110550168
2024-03-05 00:00:00,1666528.1455277402,229301.51110550168
2024-03-05 01:00:00,1667247.7311348326,229301.51110550168
2024-03-05 02:00:00,1667972.9694175501,229301.51110550168
2024-03-05 03:00:00,1668699.437988492,229301.51110550168
2024-03-05 04:00:00,1669427.1700986912,229301.51110550168
2024-03-05 05:00:00,1670173.1237750235,229301.51110550168
2024-03-05 06:00:00,1670960.5747406518,229301.85610550168
2024-03-05 07:00:00,1671776.289084406,229368.82735550168
2024-03-05 08:00:00,1672608.9947060691,229691.31235550166
2024-03-05 09:00:00,1673447.9847729863,230169.86860550166
2024-03-05 10:00:00,1674290.1004370137,230669.32360550165
2024-03-05 11:00:00,1675133.4796402985,231161.23360550165
2024-03-05 12:00:00,1675973.0682258112,231660.92860550166
2024-03-05 13:00:00,1676817.7109683536,232155.06235550166
2024-03-05 14:00:00,1677649.1530507593,232641.27610550166
2024-03-05 15:00:00,1678466.7627033999,233096.69485550167
2024-03-05 16:00:00,1679275.5608322716,233484.54610550168
2024-03-05 17:00:00,1680066.13739501,233674.31485550167
2024-03-05 18:00:00,1680847.935685013,233688.97735550167
2024-03-05 19:00:00,1681614.0062363646,233688.97735550167
2024-03-05 20:00:00,1682367.5078972082,233688.97735550167
2024-03-05 21:00:00,1683119.7460187946,233688.97735550167
2024-03-05 22:00:00,1683860.0470195017,233688.97735550167
2024-03-05 23:00:00,1684597.854192727,233688.97735550167
2024-03-06 00:00:00,1685328.7451510697,233688.97735550167
2024-03-06 01:00:00,1686057.7408005265,233688.97735550167
2024-03-06 02:00:00,1686781.0837743578,233688.97735550167
2024-03-06 03:00:00,1687500.0376118214,233688.97735550167
2024-03-06 04:00:00,1688218.991449285,233688.97735550167
2024-03-06 05:00:00,1688957.4303921391,233688.97735550167
2024-03-06 06:00:00,1689713.4591314977,233689.31110550166
2024-03-06 07:00:00,1690468.8561012275,233739.65860550167
2024-03-06 08:00:00,1691216.0733168172,233985.14860550166
2024-03-06 09:00:00,1691959.5331656677,234370.72360550167
2024-03-06 10:00:00,1692694.8132603783,234781.78735550167
2024-03-06 11:00:00,1693431.988663975,235213.87735550167
2024-03-06 12:00:00,1694171.6578950533,235648.13860550168
2024-03-06 13:00:00,1694902.548853396,236058.89110550168
2024-03-06 14:00:00,1695625.8918272273,236448.91360550167
2024-03-06 15:00:00,1696345.4774343197,236804.28985550167
2024-03-06 16:00:00,1697067.5568688936,237097.53985550167
2024-03-06 17:00:00,1697795.2889790928,237253.78360550167
2024-03-06 18:00:00,1698522.3893196634,237268.62610550167
2024-03-06 19:00:00,1699242.5734453513,237268.62610550167
2024-03-06 20:00:00,1699958.3684346713,237268.62610550167
2024-03-06 21:00:00,1700672.2681151053,237268.62610550167
2024-03-06 22:00:00,1701389.3266436828,237268.62610550167
2024-03-06 23:00:00,1702104.489863374,237268.62610550167
2024-03-07 00:00:00,1702810.2430407011,237268.62610550167
2024-03-07 01:00:00,1703503.4273275202,237268.62610550167
2024-03-07 02:00:00,1703503.4273275202,237268.62610550167
2024-03-07 03:00:00,1703687.5715487704,237268.62610550167
2024-03-07 04:00:00,1704043.8896193586,237268.62610550167
2024-03-07 05:00:00,1704752.768393796,237268.62610550167
2024-03-07 06:00:00,1705482.3958128812,237268.83985550166
2024-03-07 07:00:00,1706193.5024065357,237300.83110550165
2024-03-07 08:00:00,1706861.44915924,237464.09860550164
2024-03-07 09:00:00,1707521.7814253664,237739.53235550164
2024-03-07 10:00:00,1708176.8267772316,238045.78735550164
2024-03-07 11:00:00,1708843.011225182,238367.94610550164
2024-03-07 12:00:00,1709545.0402868032,238737.98860550165
2024-03-07 13:00:00,1710261.167786454,239072.84860550164
2024-03-07 14:00:00,1710979.0575908588,239387.04985550165
2024-03-07 15:00:00,1711689.2996576529,239669.70610550165
2024-03-07 16:00:00,1712396.615633535,239905.93360550166
2024-03-07 17:00:00,1713105.6939141708,240035.88235550167
2024-03-07 18:00:00,1713813.6084086488,240054.89860550166
2024-03-07 19:00:00,1714514.4736841116,240054.89860550166
2024-03-07 20:00:00,1715209.4535267176,240054.89860550166
2024-03-07 21:00:00,1715897.9826689041,240054.89860550166
2024-03-07 22:00:00,1716583.5524691457,240054.89860550166
2024-03-07 23:00:00,1717263.835355126,240054.89860550166
2024-03-08 00:00:00,1717941.7906687902,240054.89860550166
2024-03-08 01:00:00,1718616.7866405093,240054.89860550166
2024-03-08 02:00:00,1719287.0942165628,240054.89860550166
2024-03-08 03:00:00,1719956.8032740206,240054.89860550166
2024-03-08 04:00:00,1720628.8731548279,240054.89860550166
2024-03-08 05:00:00,1721321.4921740845,240054.89860550166
2024-03-08 06:00:00,1722048.193502258,240055.25860550164
2024-03-08 07:00:00,1722800.1656155796,240103.49485550163
2024-03-08 08:00:00,1723576.8099954536,240344.67610550162
2024-03-08 09:00:00,1724356.3804662395,240720.81235550164
2024-03-08 10:00:00,1725137.1147231837,241130.10235550164
2024-03-08 11:00:00,1725894.939018329,241564.44235550164
2024-03-08 12:00:00,1726581.107337166,242035.49860550163
2024-03-08 13:00:00,1727189.1357282428,242475.39235550162
2024-03-08 14:00:00,1727803.6148197388,242896.49110550163
2024-03-08 15:00:00,1728459.2254391667,243293.54860550162
2024-03-08 16:00:00,1729168.9022383983,243634.29985550162
2024-03-08 17:00:00,1729903.2513041825,243821.52985550163
2024-03-08 18:00:00,1730626.4280228484,243841.88860550165
2024-03-08 19:00:00,1731345.4816134113,243841.88860550165
2024-03-08 20:00:00,1732062.7728992205,243841.88860550165
2024-03-08 21:00:00,1732765.9657469995,243841.88860550165
2024-03-08 22:00:00,1733466.8310224623,243841.88860550165
2024-03-08 23:00:00,1734157.1224694026,243841.88860550165
2024-03-09 00:00:00,1734833.8807458754,243841.88860550165
2024-03-09 01:00:00,1735508.8767175945,243841.88860550165
2024-03-09 02:00:00,1736179.7828122436,243841.88860550165
2024-03-09 03:00:00,1736845.967260194,243841.88860550165
2024-03-09 04:00:00,1737513.9140128982,243841.88860550165
2024-03-09 05:00:00,1738205.9677645923,243841.88860550165
2024-03-09 06:00:00,1738932.0705741702,243842.84860550164
2024-03-09 07:00:00,1739664.058816605,243923.03485550164
2024-03-09 08:00:00,1740380.7848348515,244264.81360550164
2024-03-09 09:00:00,1741089.8631154874,244727.03485550164
2024-03-09 10:00:00,1741794.2530004578,245217.09985550164
2024-03-09 11:00:00,1742488.0690569056,245725.91110550164
2024-03-09 12:00:00,1743199.5081608908,246247.89235550165
2024-03-09 13:00:00,1743936.7833175866,246784.29235550165
2024-03-09 14:00:00,1744692.845307978,247316.72485550164
2024-03-09 15:00:00,1745458.9158593297,247833.64735550163
2024-03-09 16:00:00,1746227.3139829976,248308.3523555016
2024-03-09 17:00:00,1746978.6875777235,248580.19735550162
2024-03-09 18:00:00,1747708.9135154046,248608.8811055016
2024-03-09 19:00:00,1748427.4018384048,248608.8811055016
2024-03-09 20:00:00,1749132.9555095332,248608.8811055016
2024-03-09 21:00:00,1749831.4599616467,248608.8811055016
2024-03-09 22:00:00,1750528.800627602,248608.8811055016
2024-03-09 23:00:00,1751216.1327325974,248608.8811055016
2024-03-10 00:00:00,1751216.1327325974,248608.8811055016
2024-03-10 01:00:00,1751216.1327325974,248608.8811055016
2024-03-10 02:00:00,1751216.1327325974,248608.8811055016
2024-03-10 03:00:00,1751216.1327325974,248608.8811055016
2024-03-10 04:00:00,1751216.1327325974,248608.8811055016
2024-03-10 05:00:00,1751216.1327325974,248608.8811055016
2024-03-10 06:00:00,1751216.1327325974,248610.19735550162
2024-03-10 07:00:00,1751216.1327325974,248709.1261055016
2024-03-10 08:00:00,1751216.1327325974,249102.6886055016
2024-03-10 09:00:00,1751216.1327325974,249619.85485550162
2024-03-10 10:00:00,1751216.1327325974,250136.99485550163
2024-03-10 11:00:00,1751216.1327325974,250692.48610550162
2024-03-10 12:00:00,1751624.0564065408,251229.54610550162
2024-03-10 13:00:00,1752378.3228411456,251766.66985550162
2024-03-10 14:00:00,1753144.5928986957,252294.1861055016
2024-03-10 15:00:00,1753926.6571969634,252796.6823555016
2024-03-10 16:00:00,1754769.604136818,252988.83952837874
2024-03-10 17:00:00,1755624.4216954857,253007.4847581326
2024-03-10 18:00:00,1756498.6578574777,253007.4847581326
2024-03-10 19:00:00,1757313.973188835,253007.4847581326
2024-03-10 20:00:00,1758046.1941885012,253007.4847581326
2024-03-10 21:00:00,1758763.3192191448,253007.4847581326
2024-03-10 22:00:00,1759476.8198871817,253007.4847581326
2024-03-10 23:00:00,1760187.095205009,253007.4847581326
2024-03-11 00:00:00,1760889.12426663,253007.4847581326
2024-03-11 01:00:00,1761588.7925049015,253007.4847581326
2024-03-11 02:00:00,1762285.9336646583,253007.4847581326
2024-03-11 03:00:00,1762980.447992801,253007.4847581326
2024-03-11 04:00:00,1763676.890880863,253007.4847581326
2024-03-11 05:00:00,1764394.7141832015,253007.84058306954
2024-03-11 06:00:00,1765155.8303306228,253074.99013596782
2024-03-11 07:00:00,1765945.3096092695,253394.06857611297
2024-03-11 08:00:00,1766725.8443600151,253882.93727815402
2024-03-11 09:00:00,1767443.102394791,254378.93915074694
2024-03-11 10:00:00,1768096.9507094652,254893.21433228432
2024-03-11 11:00:00,1768711.5628050936,255377.7762754121
2024-03-11 12:00:00,1769309.2833759123,255855.42234401987
2024-03-11 13:00:00,1769895.8315996132,256349.9063971047
2024-03-11 14:00:00,1770476.6606456225,256809.0109445579
2024-03-11 15:00:00,1771090.175457159,257192.98000549196
2024-03-11 16:00:00,1771749.4769412598,257383.1753753877
2024-03-11 17:00:00,1772455.9948923478,257398.27742941887
2024-03-11 18:00:00,1773210.1283228202,257398.27742941887
2024-03-11 19:00:00,1773968.0191200317,257398.27742941887
2024-03-11 20:00:00,1774709.5836599963,257398.27742941887
2024-03-11 21:00:00,1775444.996758839,257398.27742941887
2024-03-11 22:00:00,1776179.1463184247,257398.27742941887
2024-03-11 23:00:00,1776906.479416227,257398.27742941887
2024-03-12 00:00:00,1777621.7756400506,257398.27742941887
2024-03-12 01:00:00,1778338.3354031318,257398.27742941887
2024-03-12 02:00:00,1779058.1205164227,257398.27742941887
2024-03-12 03:00:00,1779777.7726255811,257398.27742941887
2024-03-12 04:00:00,1780496.859467177,257398.27742941887
2024-03-12 05:00:00,1781238.690015406,257398.40578764968
2024-03-12 06:00:00,1782017.528963464,257444.7581421442
2024-03-12 07:00:00,1782820.6744167106,257709.35521925043
2024-03-12 08:00:00,1783615.7398689163,258152.37782074214
2024-03-12 09:00:00,1784345.9990576303,258610.27853560777
2024-03-12 10:00:00,1785010.487702893,259076.90957802322
2024-03-12 11:00:00,1785637.103421467,259573.78066785127
2024-03-12 12:00:00,1786226.710740212,260043.1692973798
2024-03-12 13:00:00,1786810.5988812654,260524.52398659952
2024-03-12 14:00:00,1787423.5484252393,260981.9258886787
2024-03-12 15:00:00,1788066.6566562254,261402.61917249172
2024-03-12 16:00:00,1788747.3385546028,261597.6412756538
2024-03-12 17:00:00,1789491.5631772145,261614.65151491654
2024-03-12 18:00:00,1790248.356690334,261614.65151491654
2024-03-12 19:00:00,1790999.431025762,261614.65151491654
2024-03-12 20:00:00,1791738.0694748147,261614.65151491654
2024-03-12 21:00:00,1792467.8964000985,261614.65151491654
2024-03-12 22:00:00,1793188.2467809517,261614.65151491654
2024-03-12 23:00:00,1793897.2585595215,261614.65151491654
2024-03-13 00:00:00,1794599.852888705,261614.65151491654
2024-03-13 01:00:00,1795302.5802220209,261614.65151491654
2024-03-13 02:00:00,1796000.28664934,261614.65151491654
2024-03-13 03:00:00,1796695.3329940122,261614.65151491654
2024-03-13 04:00:00,1797386.7549760775,261614.65151491654
2024-03-13 05:00:00,1798096.8972897723,261615.61120453497
2024-03-13 06:00:00,1798821.5703049272,261697.36224553466
2024-03-13 07:00:00,1799553.3590411632,262046.5780247696
2024-03-13 08:00:00,1800282.4876947522,262491.622869166
2024-03-13 09:00:00,1800995.290091094,262985.5293376143
2024-03-13 10:00:00,1801688.6738841117,263473.2584132193
2024-03-13 11:00:00,1802389.4726575084,263986.01998994005
2024-03-13 12:00:00,1803087.7443523903,264499.3238848649
2024-03-13 13:00:00,1803774.7106960216,265047.74834150006
2024-03-13 14:00:00,1804481.0956429772,265584.31798471406
2024-03-13 15:00:00,1805168.8932624357,266050.6840201413
2024-03-13 16:00:00,1805874.014670134,266335.96195160644
2024-03-13 17:00:00,1806584.9882596561,266365.30729376373
2024-03-13 18:00:00,1807295.2635774834,266365.30729376373
2024-03-13 19:00:00,1808008.0659738253,266365.30729376373
2024-03-13 20:00:00,1808713.4533897883,266365.30729376373
2024-03-13 21:00:00,1809414.3851673172,266365.30729376373
2024-03-13 22:00:00,1810111.526327074,266365.30729376373
2024-03-13 23:00:00,1810807.969215136,266365.30729376373
2024-03-14 00:00:00,1811501.2200040214,266365.30729376373
2024-03-14 01:00:00,1812194.4707929068,266365.30729376373
2024-03-14 02:00:00,1812885.1945032773,266365.30729376373
2024-03-14 03:00:00,1813575.219941953,266365.30729376373
2024-03-14 04:00:00,1814262.3192897167,266365.30729376373
2024-03-14 05:00:00,1814970.1007800621,266365.30729376373
2024-03-14 06:00:00,1815687.2258107057,266366.6837786918
2024-03-14 07:00:00,1816411.3335582982,266462.653903057
2024-03-14 08:00:00,1817125.3994938976,266854.2631892171
2024-03-14 09:00:00,1817832.6157166804,267379.9581170305
2024-03-14 10:00:00,1818534.8110334668,267883.3753976516
2024-03-14 11:00:00,1819222.3426446607,268466.2236752734
2024-03-14 12:00:00,1819918.6525285903,269021.6529153812
2024-03-14 13:00:00,1820612.6015891705,269536.7075628007
2024-03-14 14:00:00,1821278.7527860878,270081.4244101564
2024-03-14 15:00:00,1821942.5431596558,270560.6128932176
2024-03-14 16:00:00,1822645.2704929716,270749.1351281572
2024-03-14 17:00:00,1823341.879636199,270767.6301068215
2024-03-14 18:00:00,1824050.193143074,270767.6301068215
2024-03-14 19:00:00,1824768.7147171074,270767.6301068215
2024-03-14 20:00:00,1825480.253574192,270767.6301068215
2024-03-14 21:00:00,1826189.2653527618,270767.6301068215
2024-03-14 22:00:00,1826895.2180362875,270767.6301068215
2024-03-14 23:00:00,1827599.7741764232,270767.6301068215
2024-03-15 00:00:00,1828301.2712215148,270767.6301068215
2024-03-15 01:00:00,1828997.1820930473,270767.6301068215
2024-03-15 02:00:00,1829686.1102476309,270767.6301068215
2024-03-15 03:00:00,1830375.7366739095,270767.6301068215
2024-03-15 04:00:00,1831062.1377499783,270767.6301068215
2024-03-15 05:00:00,1831776.3366897102,270767.76349910005
2024-03-15 06:00:00,1832535.6240303114,270807.34194877173
2024-03-15 07:00:00,1833323.2745021381,271059.27106209943
2024-03-15 08:00:00,1834088.314271464,271459.8996522787
2024-03-15 09:00:00,1834840.7851502819,271870.6165483523
2024-03-15 10:00:00,1835552.3240073666,272284.2209031142
2024-03-15 11:00:00,1836197.2610451726,272733.15060933837
2024-03-15 12:00:00,1836869.8296914762,273157.08592905314
2024-03-15 13:00:00,1837553.171672501,273562.32196251943
2024-03-15 14:00:00,1838223.9447630176,273984.7298345916
2024-03-15 15:00:00,1838909.6475673916,274339.96624098055
2024-03-15 16:00:00,1839620.4881527813,274527.55817185837
2024-03-15 17:00:00,1840330.0651989137,274542.01019905973
2024-03-15 18:00:00,1841066.741837014,274542.01019905973
2024-03-15 19:00:00,1841803.983742677,274542.01019905973
2024-03-15 20:00:00,1842527.5262227068,274542.01019905973
2024-03-15 21:00:00,1843240.3286190487,274542.01019905973
2024-03-15 22:00:00,1843953.1310153906,274542.01019905973
2024-03-15 23:00:00,1844654.7610646144,274542.01019905973
2024-03-16 00:00:00,1845347.4465859372,274542.01019905973
2024-03-16 01:00:00,1846035.8094729583,274542.01019905973
2024-03-16 02:00:00,1846719.151453983,274542.01019905973
2024-03-16 03:00:00,1847401.7951633127,274542.01019905973
2024-03-16 04:00:00,1848084.4388726423,274542.01019905973
2024-03-16 05:00:00,1848788.4297452157,274542.33214679174
2024-03-16 06:00:00,1849535.7134628715,274590.29222829023
2024-03-16 07:00:00,1850313.3221227052,274836.9981288669
2024-03-16 08:00:00,1851119.2606627312,275215.3172294183
2024-03-16 09:00:00,1851912.497308117,275610.1712840538
2024-03-16 10:00:00,1852648.608678655,276047.428559997
2024-03-16 11:00:00,1853472.5692786155,276462.6409240726
2024-03-16 12:00:00,1854416.765614228,276855.24489151395
2024-03-16 13:00:00,1855247.8419352698,277252.8742042687
2024-03-16 14:00:00,1856055.4762779833,277595.5368464896
2024-03-16 15:00:00,1856814.0653468897,277877.08751489746
2024-03-16 16:00:00,1857628.1171389895,278033.478479761
2024-03-16 17:00:00,1858359.0745993985,278048.4919942122
2024-03-16 18:00:00,1859107.0565887494,278048.4919942122
2024-03-16 19:00:00,1859862.5865626116,278048.4919942122
2024-03-16 20:00:00,1860606.2459176609,278048.4919942122
2024-03-16 21:00:00,1861343.620827456,278048.4919942122
2024-03-16 22:00:00,1862084.620099858,278048.4919942122
2024-03-16 23:00:00,1862820.0331987008,278048.4919942122
2024-03-17 00:00:00,1863543.5756787306,278048.4919942122
2024-03-17 01:00:00,1864266.4198870657,278048.4919942122
2024-03-17 02:00:00,1864988.0005561432,278048.4919942122
2024-03-17 03:00:00,1865707.7856694341,278048.4919942122
2024-03-17 04:00:00,1866426.87251103,278048.4919942122
2024-03-17 05:00:00,1867171.7954053364,278048.82327724516
2024-03-17 06:00:00,1867958.1823379057,278098.91795550584
2024-03-17 07:00:00,1868767.7452405386,278342.29992680065
2024-03-17 08:00:00,1869551.4720904608,278738.2586502372
2024-03-17 09:00:00,1870271.2572037517,279148.5555259384
2024-03-17 10:00:00,1870933.2187704996,279591.8923889057
2024-03-17 11:00:00,1871554.2483155143,280013.7859598001
2024-03-17 12:00:00,1872165.236048536,280444.0850932515
2024-03-17 13:00:00,1872752.9148073618,280833.6338736362
2024-03-17 14:00:00,1873349.5048430555,281187.3888024603
2024-03-17 15:00:00,1873959.7943043823,281480.29397380346
2024-03-17 16:00:00,1874620.3593277405,281640.2462797895
2024-03-17 17:00:00,1875319.3292943172,281654.93215620593
2024-03-17 18:00:00,1876067.8765512304,281654.93215620593
2024-03-17 19:00:00,1876826.6318753022,281654.93215620593
2024-03-17 20:00:00,1877570.8564979138,281654.93215620593
2024-03-17 21:00:00,1878315.6463880881,281654.93215620593
2024-03-17 22:00:00,1879057.9091997475,281654.93215620593
2024-03-17 23:00:00,1879792.6240268955,281654.93215620593
2024-03-18 00:00:00,1880517.4300461828,281654.93215620593
2024-03-18 01:00:00,1881245.860428077,281654.93215620593
2024-03-18 02:00:00,1881968.1393688496,281654.93215620593
2024-03-18 03:00:00,1882690.9835771846,281654.93215620593
2024-03-18 04:00:00,1883417.0531357294,281654.93215620593
2024-03-18 05:00:00,1884166.1656602053,281655.0654617232
2024-03-18 06:00:00,1884946.700410951,281702.3676976467
2024-03-18 07:00:00,1885753.2042185394,281989.07482523104
2024-03-18 08:00:00,1886540.1564186711,282425.95160684304
2024-03-18 09:00:00,1887278.096596029,282915.2497988981
2024-03-18 10:00:00,1887960.1750377961,283365.6669102718
2024-03-18 11:00:00,1888597.5640910908,283881.9023048518
2024-03-18 12:00:00,1889210.5136350647,284340.09582295694
2024-03-18 13:00:00,1889802.6480323244,284793.2598326129
2024-03-18 14:00:00,1890385.9709058155,285273.86024281883
2024-03-18 15:00:00,1891007.0004508302,285676.45744450047
2024-03-18 16:00:00,1891670.7908243982,285882.97587062855
2024-03-18 17:00:00,1892386.7853199167,285899.129970507
2024-03-18 18:00:00,1893144.975376426,285899.129970507
2024-03-18 19:00:00,1893906.7897955421,285899.129970507
2024-03-18 20:00:00,1894656.7335958453,285899.129970507
2024-03-18 21:00:00,1895395.9373124605,285899.129970507
2024-03-18 22:00:00,1896133.8774898183,285899.129970507
2024-03-18 23:00:00,1896871.6846630436,285899.129970507
2024-03-19 00:00:00,1897602.6421234526,285899.129970507
2024-03-19 01:00:00,1898331.0725053467,285899.129970507
2024-03-19 02:00:00,1899052.6531744243,285899.129970507
2024-03-19 03:00:00,1899773.13655941,285899.129970507
2024-03-19 04:00:00,1900492.2234010058,285899.129970507
2024-03-19 05:00:00,1901225.1426723672,285899.129970507
2024-03-19 06:00:00,1901993.2415367372,285900.3831648875
2024-03-19 07:00:00,1902781.4572761264,285997.28827564046
2024-03-19 08:00:00,1903571.6348264678,286386.2043625835
2024-03-19 09:00:00,1904356.0599480849,286909.31869512174
2024-03-19 10:00:00,1905133.6686079185,287428.0257396406
2024-03-19 11:00:00,1905934.4532378158,288000.11030161206
2024-03-19 12:00:00,1906742.785852224,288542.64195426507
2024-03-19 13:00:00,1907557.4029118866,289096.51160003664
2024-03-19 14:00:00,1908367.6640862143,289615.49619816255
2024-03-19 15:00:00,1909178.4905281044,290111.5688890478
2024-03-19 16:00:00,1909983.7307964354,290310.19471432327
2024-03-19 17:00:00,1910765.6620905707,290328.9257533827
2024-03-19 18:00:00,1911528.0417772492,290328.9257533827
2024-03-19 19:00:00,1912290.5544680601,290328.9257533827
2024-03-19 20:00:00,1913031.553740462,290328.9257533827
2024-03-19 21:00:00,1913770.0591853822,290328.9257533827
2024-03-19 22:00:00,1914499.886110666,290328.9257533827
2024-03-19 23:00:00,1915222.730319001,290328.9257533827
2024-03-20 00:00:00,1915938.7248145195,290328.9257533827
2024-03-20 01:00:00,1916653.8880342108,290328.9257533827
2024-03-20 02:00:00,1917362.8998127806,290328.9257533827
2024-03-20 03:00:00,1918066.890685354,290328.9257533827
2024-03-20 04:00:00,1918767.8224628828,290328.9257533827
2024-03-20 05:00:00,1919489.4031319604,290329.8534670276
2024-03-20 06:00:00,1920225.5145024983,290411.4508529022
2024-03-20 07:00:00,1920964.7182191135,290770.0593149082
2024-03-20 08:00:00,1921703.9219357288,291249.81116831925
2024-03-20 09:00:00,1922443.8239240388,291746.544520202
2024-03-20 10:00:00,1923909.3299564302,292267.98405359406
2024-03-20 11:00:00,1925370.114342123,292766.67753851524
2024-03-20 12:00:00,1926840.674531544,293290.70446935616
2024-03-20 13:00:00,1928291.1510969792,293802.262618541
2024-03-20 14:00:00,1929735.4429702596,294343.22872145346
2024-03-20 15:00:00,1931173.6166534515,294810.45159384777
2024-03-20 16:00:00,1932584.1254771128,295088.91394776036
2024-03-20 17:00:00,1933966.9694412437,295116.5982680566
2024-03-20 18:00:00,1934668.4664863353,295116.5982680566
2024-03-20 19:00:00,1935381.8341502398,295116.5982680566
2024-03-20 20:00:00,1936087.0885620704,295116.5982680566
2024-03-20 21:00:00,1936788.0203395993,295116.5982680566
2024-03-20 22:00:00,1937485.7267669186,295116.5982680566
2024-03-20 23:00:00,1938184.1314659328,295116.5982680566
2024-03-21 00:00:00,1938875.6864521306,295116.5982680566
2024-03-21 01:00:00,1939572.1293401925,295116.5982680566
2024-03-21 02:00:00,1940262.9860546954,295116.5982680566
2024-03-21 03:00:00,1940952.4462258085,295116.5982680566
2024-03-21 04:00:00,1941641.374380392,295116.5982680566
2024-03-21 05:00:00,1942352.7802333443,295117.58333572414
2024-03-21 06:00:00,1943084.4359654482,295193.8350999842
2024-03-21 07:00:00,1943816.6569651144,295552.42286902515
2024-03-21 08:00:00,1944508.0789471797,296028.51403684926
2024-03-21 09:00:00,1945128.576475665,296530.00104531815
2024-03-21 10:00:00,1945687.459839835,297031.4540994805
2024-03-21 11:00:00,1946194.671098584,297527.60926300194
2024-03-21 12:00:00,1946668.099307714,298077.19042310765
2024-03-21 13:00:00,1947135.24307159,298602.5916595144
2024-03-21 14:00:00,1947609.9348199773,299109.4654040226
2024-03-21 15:00:00,1948114.7852553767,299577.9189915905
2024-03-21 16:00:00,1948683.0454108783,299860.26253078453
2024-03-21 17:00:00,1949309.1291129226,299888.69564745727
2024-03-21 18:00:00,1950002.5129059402,299888.69564745727
2024-03-21 19:00:00,1950721.599747536,299888.69564745727
2024-03-21 20:00:00,1951435.100415573,299888.69564745727
2024-03-21 21:00:00,1952149.6983677018,299888.69564745727
2024-03-21 22:00:00,1952869.3504768603,299888.69564745727
2024-03-21 23:00:00,1953590.9311459379,299888.69564745727
2024-03-22 00:00:00,1954307.490909019,299888.69564745727
2024-03-22 01:00:00,1955024.748943795,299888.69564745727
2024-03-22 02:00:00,1955741.3087068761,299888.69564745727
2024-03-22 03:00:00,1956454.6763707807,299888.69564745727
2024-03-22 04:00:00,1956958.263266923,299888.69564745727
2024-03-22 05:00:00,1957674.823030004,299889.0182797481
2024-03-22 06:00:00,1958433.5783540758,299938.8740212391
2024-03-22 07:00:00,1959231.2706378954,300189.8483848301
2024-03-22 08:00:00,1960008.879297729,300583.2483765556
2024-03-22 09:00:00,1960723.477249858,300998.39682452154
2024-03-22 10:00:00,1961382.2134663963,301422.8002892763
2024-03-22 11:00:00,1962002.0127231868,301865.54768364754
2024-03-22 12:00:00,1962598.4697547483,302264.3818710468
2024-03-22 13:00:00,1963185.450241879,302649.4691275873
2024-03-22 14:00:00,1963770.1696587598,302995.45838399907
2024-03-22 15:00:00,1964365.5294062293,303297.5459688055
2024-03-22 16:00:00,1965017.8481733813,303450.65614900476
2024-03-22 17:00:00,1965712.4955056563,303465.49295896036
2024-03-22 18:00:00,1966453.4947780583,303465.49295896036
2024-03-22 19:00:00,1967215.3091971744,303465.49295896036
2024-03-22 20:00:00,1967669.0527947152,303465.49295896036
2024-03-22 21:00:00,1968386.7430929213,303465.49295896036
2024-03-22 22:00:00,1969105.2646669548,303465.49295896036
2024-03-22 23:00:00,1969820.5608907784,303465.49295896036
2024-03-23 00:00:00,1970523.8534916567,303465.49295896036
2024-03-23 01:00:00,1971224.7852691857,303465.49295896036
2024-03-23 02:00:00,1971919.2995973283,303465.49295896036
2024-03-23 03:00:00,1972608.2277519119,303465.49295896036
2024-03-23 04:00:00,1973299.516729845,303465.49295896036
2024-03-23 05:00:00,1974018.6035714408,303465.70824523014
2024-03-23 06:00:00,1974771.606466788,303497.25876918744
2024-03-23 07:00:00,1975563.5795729165,303652.7578670686
2024-03-23 08:00:00,1976341.5872451472,303928.6895673066
2024-03-23 09:00:00,1977061.2393543057,304227.5729101953
2024-03-23 10:00:00,1977769.0208446512,304560.74734924134
2024-03-23 11:00:00,1978489.903242034,304929.2425863449
2024-03-23 12:00:00,1979220.2954348803,305250.0586086346
2024-03-23 13:00:00,1979914.9427671554,305562.27569981705
2024-03-23 14:00:00,1980586.8131417641,305835.29077599384
2024-03-23 15:00:00,1981237.3363531292,306077.4564468073
2024-03-23 16:00:00,1981881.7081233729,306201.8038601101
2024-03-23 17:00:00,1982560.5612149304,306220.36696368095
2024-03-23 18:00:00,1983295.9743137732,306220.36696368095
2024-03-23 19:00:00,1984043.3910355614,306220.36696368095
2024-03-23 20:00:00,1984782.5947521767,306220.36696368095
2024-03-23 21:00:00,1985511.0251340708,306220.36696368095
2024-03-23 22:00:00,1986237.0946926156,306220.36696368095
2024-03-23 23:00:00,1986957.9770899983,306220.36696368095
2024-03-24 00:00:00,1987672.0430255977,306220.36696368095
2024-03-24 01:00:00,1988384.8454219396,306220.36696368095
2024-03-24 02:00:00,1989106.9913585798,306220.36696368095
2024-03-24 03:00:00,1989826.0782001757,306220.36696368095
2024-03-24 04:00:00,1990544.599774209,306220.36696368095
2024-03-24 05:00:00,1991289.3896643834,306220.74405772844
2024-03-24 06:00:00,1992063.7729740073,306270.643442673
2024-03-24 07:00:00,1992848.8963673192,306520.3405523465
2024-03-24 08:00:00,1993608.1837079204,306898.8085780638
2024-03-24 09:00:00,1994324.1782034389,307319.2254429387
2024-03-24 10:00:00,1994993.554750566,307763.6616211573
2024-03-24 11:00:00,1995597.692770771,308252.7186081028
2024-03-24 12:00:00,1996210.6423147449,308705.26867383526
2024-03-24 13:00:00,1996950.544303055,309146.5612497799
2024-03-24 14:00:00,1997736.9312356242,309531.3572449746
2024-03-24 15:00:00,1998525.1469750134,309887.3413021363
2024-03-24 16:00:00,1999292.5475676886,310065.6223664426
2024-03-24 17:00:00,2000051.8349082898,310085.1440465765
2024-03-24 18:00:00,2000801.2134410304,310085.1440465765
2024-03-24 19:00:00,2001550.4589696385,310085.1440465765
2024-03-24 20:00:00,2002281.5494341797,310085.1440465765
2024-03-24 21:00:00,2003005.0919142095,310085.1440465765
2024-03-24 22:00:00,2003725.9743115923,310085.1440465765
2024-03-24 23:00:00,2004438.7767079342,310085.1440465765
2024-03-25 00:00:00,2005138.4449462057,310085.1440465765
2024-03-25 01:00:00,2005842.435818779,310085.1440465765
2024-03-25 02:00:00,2006543.2345921758,310085.1440465765
2024-03-25 03:00:00,2007239.1454637083,310085.1440465765
2024-03-25 04:00:00,2007936.8518910275,310085.1440465765
2024-03-25 05:00:00,2008660.8266344876,310085.4901782559
2024-03-25 06:00:00,2009412.033974048,310131.64102255803
2024-03-25 07:00:00,2010196.459095665,310362.73427216243
2024-03-25 08:00:00,2010989.1304734882,310726.2990910507
2024-03-25 09:00:00,2011793.539465992,311142.50700629526
2024-03-25 10:00:00,2012583.5507611681,311583.4043878675
2024-03-25 11:00:00,2013368.1421379505,312055.049582952
2024-03-25 12:00:00,2014130.6548287615,312475.2341828257
2024-03-25 13:00:00,2014991.7568326832,312886.1684863552
2024-03-25 14:00:00,2015896.8499533825,313293.4204974522
2024-03-25 15:00:00,2016773.0479263267,313647.046354594
2024-03-25 16:00:00,2017678.141047026,313829.3858360597
2024-03-25 17:00:00,2018674.8407638872,313850.2983694599
2024-03-25 18:00:00,2019668.6143898363,313850.2983694599
2024-03-25 19:00:00,2020650.38439284,313850.2983694599
2024-03-25 20:00:00,2021614.5645993396,313850.2983694599
2024-03-25 21:00:00,2022528.4692438075,313850.2983694599
2024-03-25 22:00:00,2023363.3361826215,313850.2983694599
2024-03-25 23:00:00,2024144.569205062,313850.2983694599
2024-03-26 00:00:00,2024848.5600776353,313850.2983694599
2024-03-26 01:00:00,2025546.8317725172,313850.2983694599
2024-03-26 02:00:00,2026238.2537545825,313850.2983694599
2024-03-26 03:00:00,2026931.6375476,313850.2983694599
2024-03-26 04:00:00,2027630.6075141768,313850.2983694599
2024-03-26 05:00:00,2028352.753450817,313850.4154731872
2024-03-26 06:00:00,2029091.9571674322,313880.7879810265
2024-03-26 07:00:00,2029871.3613830528,314073.75258377317
2024-03-26 08:00:00,2030668.3553951776,314406.76037626347
2024-03-26 09:00:00,2031454.6093236145,314787.1070791828
2024-03-26 10:00:00,2032225.2352664992,315183.3386350631
2024-03-26 11:00:00,2032955.760463478,315621.4082662364
2024-03-26 12:00:00,2033683.6255778095,316058.1757918312
2024-03-26 13:00:00,2034441.6826301864,316486.51996432344
2024-03-26 14:00:00,2035191.6264304896,316856.6509816641
2024-03-26 15:00:00,2035933.3239745866,317198.0623616687
2024-03-26 16:00:00,2036645.4280992337,317381.93473664037
2024-03-26 17:00:00,2037365.778480087,317401.1759497751
2024-03-26 18:00:00,2038092.9453227236,317401.1759497751
2024-03-26 19:00:00,2038822.6392438752,317401.1759497751
2024-03-26 20:00:00,2039546.181723905,317401.1759497751
2024-03-26 21:00:00,2040260.2476595044,317401.1759497751
2024-03-26 22:00:00,2040965.502071335,317401.1759497751
2024-03-26 23:00:00,2041662.5102269594,317401.1759497751
2024-03-27 00:00:00,2042353.2339373298,317401.1759497751
2024-03-27 01:00:00,2043040.8985526562,317401.1759497751
2024-03-27 02:00:00,2043725.3378177728,317401.1759497751
2024-03-27 03:00:00,2044407.9815271024,317401.1759497751
2024-03-27 04:00:00,2045098.705237473,317401.1759497751
2024-03-27 05:00:00,2045813.469444767,317401.3024012276
2024-03-27 06:00:00,2046542.598098356,317448.3564131154
2024-03-27 07:00:00,2047274.9521021547,317723.60226939403
2024-03-27 08:00:00,2047957.030543922,318164.789202003
2024-03-27 09:00:00,2048571.9418988482,318653.85864855855
2024-03-27 10:00:00,2049104.4571937784,319109.96137771057
2024-03-27 11:00:00,2049591.7178326736,319616.2809537979
2024-03-27 12:00:00,2050063.882502546,320095.09892909665
2024-03-27 13:00:00,2050566.7711269932,320561.78927902324
2024-03-27 14:00:00,2051094.7975324562,321013.8338818955
2024-03-27 15:00:00,2051611.518586669,321438.1889917777
2024-03-27 16:00:00,2052196.8032711123,321634.15122525115
2024-03-27 17:00:00,2052881.9408079237,321651.3999999763
2024-03-27 18:00:00,2053583.9698695447,321651.3999999763
2024-03-27 19:00:00,2054299.2660933684,321651.3999999763
2024-03-27 20:00:00,2055015.260588887,321651.3999999763
2024-03-27 21:00:00,2055731.2550844054,321651.3999999763
2024-03-27 22:00:00,2056441.6634063649,321651.3999999763
2024-03-27 23:00:00,2057148.8796291477,321651.3999999763
2024-03-28 00:00:00,2057854.8323126733,321651.3999999763
2024-03-28 01:00:00,2058558.1249135516,321651.3999999763
2024-03-28 02:00:00,2059255.8313408708,321651.3999999763
2024-03-28 03:00:00,2059950.877685543,321651.3999999763
2024-03-28 04:00:00,2060644.8267461231,321651.3999999763
2024-03-28 05:00:00,2061358.8926817225,321651.7416955333
2024-03-28 06:00:00,2062089.8501421316,321700.85052053304
2024-03-28 07:00:00,2062811.4308112091,321936.6766526689
2024-03-28 08:00:00,2063476.4514730014,322329.2563737366
2024-03-28 09:00:00,2064064.2632359595,322760.53388016135
2024-03-28 10:00:00,2064593.6861848123,323185.7268635854
2024-03-28 11:00:00,2065075.7596625455,323613.9248633409
2024-03-28 12:00:00,2065532.6953592629,324020.91102344636
2024-03-28 13:00:00,2065992.9894103224,324400.5106849004
2024-03-28 14:00:00,2066457.074079154,324770.0610238138
2024-03-28 15:00:00,2066938.4492851924,325048.6540486308
2024-03-28 16:00:00,2067480.8733879833,325203.0151068067
2024-03-28 17:00:00,2068088.8020259608,325217.3067255075
2024-03-28 18:00:00,2068766.3915782608,325217.3067255075
2024-03-28 19:00:00,2069470.3824508341,325217.3067255075
2024-03-28 20:00:00,2070174.3733234075,325217.3067255075
2024-03-28 21:00:00,2070876.568640194,325217.3067255075
2024-03-28 22:00:00,2071578.597701815,325217.3067255075
2024-03-28 23:00:00,2072275.6058574393,325217.3067255075
2024-03-29 00:00:00,2072965.232283718,325217.3067255075
2024-03-29 01:00:00,2073654.8587099966,325217.3067255075
2024-03-29 02:00:00,2074334.2770691165,325217.3067255075
2024-03-29 03:00:00,2075009.9380614974,325217.3067255075
2024-03-29 04:00:00,2075688.791153055,325217.3067255075
2024-03-29 05:00:00,2076386.4975803741,325217.4780495091
2024-03-29 06:00:00,2077123.1742184744,325266.09113359096
2024-03-29 07:00:00,2077893.1018896643,325537.61225982936
2024-03-29 08:00:00,2078686.3385350502,325956.89937106404
2024-03-29 09:00:00,2079480.1404479984,326391.6787141829
2024-03-29 10:00:00,2080267.2256522626,326827.58002842515
2024-03-29 11:00:00,2080929.752486573,327273.91139849916
2024-03-29 12:00:00,2081585.429608067,327716.7465245251
2024-03-29 13:00:00,2082212.7435983357,328190.3484229743
2024-03-29 14:00:00,2082880.424342775,328638.74778428586
2024-03-29 15:00:00,2083590.1343930396,329034.77437368955
2024-03-29 16:00:00,2084285.3469928773,329246.08355861745
2024-03-29 17:00:00,2085010.7182797273,329266.1637464625
2024-03-29 18:00:00,2085736.0895665772,329266.1637464625
2024-03-29 19:00:00,2086470.8043937252,329266.1637464625
2024-03-29 20:00:00,2087196.7409481376,329266.1637464625
2024-03-29 21:00:00,2087917.7896006857,329266.1637464625
2024-03-29 22:00:00,2088631.2902687227,329266.1637464625
2024-03-29 23:00:00,2089335.8464088584,329266.1637464625
2024-03-30 00:00:00,2090030.360737001,329266.1637464625
2024-03-30 01:00:00,2090722.4809907614,329266.1637464625
2024-03-30 02:00:00,2091407.7515317053,329266.1637464625
2024-03-30 03:00:00,2092092.1907968218,329266.1637464625
2024-03-30 04:00:00,2092778.026605328,329266.1637464625
2024-03-30 05:00:00,2093486.340112203,329266.2736339501
2024-03-30 06:00:00,2094228.7359279948,329298.3958388219
2024-03-30 07:00:00,2094992.3791539308,329493.4687953259
2024-03-30 08:00:00,2095727.7922527737,329820.60417178436
2024-03-30 09:00:00,2096411.1342337984,330206.97302601906
2024-03-30 10:00:00,2097133.2801704386,330575.6664094336
2024-03-30 11:00:00,2097811.5679944335,330996.4672006325
2024-03-30 12:00:00,2098574.645952807,331406.8129587719
2024-03-30 13:00:00,2099323.891481415,331830.32706806017
2024-03-30 14:00:00,2100108.4828581973,332200.11185839673
2024-03-30 15:00:00,2100881.037361001,332544.0451159808
2024-03-30 16:00:00,2101574.9864215814,332728.5200273071
2024-03-30 17:00:00,2102313.4918665015,332746.8801229986
2024-03-30 18:00:00,2103055.887682293,332746.8801229986
2024-03-30 19:00:00,2103797.0199588276,332746.8801229986
2024-03-30 20:00:00,2104524.3530566297,332746.8801229986
2024-03-30 21:00:00,2105249.0260717846,332746.8801229986
2024-03-30 22:00:00,2105963.092007384,332746.8801229986
2024-03-30 23:00:00,2106678.388231208,332746.8801229986
2024-03-31 00:00:00,2107382.944371344,332746.8801229986
2024-03-31 01:00:00,2108088.764050737,332746.8801229986
2024-03-31 02:00:00,2108803.362002866,332746.8801229986
2024-03-31 03:00:00,2109512.3737814357,332746.8801229986
2024-03-31 04:00:00,2110015.8276734455,332746.8801229986
2024-03-31 05:00:00,2110695.2460325654,332747.1987090255
2024-03-31 06:00:00,2111458.8892585016,332799.920258241
2024-03-31 07:00:00,2112232.5742964307,333037.94976099103
2024-03-31 08:00:00,2112986.1424593404,333412.22712733416
2024-03-31 09:00:00,2113675.2036180566,333803.0527304342
2024-03-31 10:00:00,2114292.475796332,334218.20591524447
2024-03-31 11:00:00,2114865.75685783,334655.5959586375
2024-03-31 12:00:00,2115421.4481228236,335084.08285060164
2024-03-31 13:00:00,2115967.6295923535,335478.6712081299
2024-03-31 14:00:00,2116517.0364120933,335834.31086082855
2024-03-31 15:00:00,2117093.542823801,336133.49209914246
2024-03-31 16:00:00,2117703.96528926,336286.2161700215
2024-03-31 17:00:00,2118372.0782971294,336300.9266030525
2024-03-31 18:00:00,2119083.051886651,336300.9266030525
2024-03-31 19:00:00,2119815.40589045,336300.9266030525
2024-03-31 20:00:00,2120535.1910037408,336300.9266030525
2024-03-31 21:00:00,2121249.955211035,336300.9266030525
2024-03-31 22:00:00,2121953.946083608,336300.9266030525
2024-03-31 23:00:00,2122654.179589442,336300.9266030525
2024-04-01 00:00:00,2123343.1077440255,336300.9266030525
2024-04-01 01:00:00,2124030.7723593516,336300.9266030525
2024-04-01 02:00:00,2124725.2866874943,336300.9266030525
2024-04-01 03:00:00,2125419.2357480745,336300.9266030525
2024-04-01 04:00:00,2126115.1466196068,336300.9266030525
2024-04-01 05:00:00,2126841.6151905484,336300.9266030525
2024-04-01 06:00:00,2127597.1451644106,336308.4078530525
2024-04-01 07:00:00,2128368.46937899,336391.91660305246
2024-04-01 08:00:00,2129100.1251110937,336597.66410305246
2024-04-01 09:00:00,2129804.115983667,336876.34160305245
2024-04-01 10:00:00,2130573.6113914265,337221.2703530525
2024-04-01 11:00:00,2131302.0417733206,337626.16160305246
2024-04-01 12:00:00,2132038.020139726,338056.6916030525
2024-04-01 13:00:00,2132783.3420464294,338490.4541030525
2024-04-01 14:00:00,2133532.5875750375,338897.4378530525
2024-04-01 15:00:00,2134320.238046864,339245.9816030525
2024-04-01 16:00:00,2135200.32639068,339530.18660305254
2024-04-01 17:00:00,2136109.2101291516,339681.07910305256
2024-04-01 18:00:00,2137040.1393025615,339717.13910305256
2024-04-01 19:00:00,2137965.3492982797,339717.27785305254
2024-04-01 20:00:00,2138867.9485914973,339717.27785305254
2024-04-01 21:00:00,2139756.0171832545,339717.27785305254
2024-04-01 22:00:00,2140622.7053607353,339717.27785305254
2024-04-01 23:00:00,2141476.9576518405,339717.27785305254
2024-04-02 00:00:00,2142322.2986660777,339717.27785305254
2024-04-02 01:00:00,2144040.5790520166,339717.27785305254
2024-04-02 02:00:00,2145749.083634227,339717.27785305254
2024-04-02 03:00:00,2147449.8074746947,339717.27785305254
2024-04-02 04:00:00,2149165.8932924494,339717.27785305254
2024-04-02 05:00:00,2150914.3656164333,339717.27785305254
2024-04-02 06:00:00,2151801.868940628,339727.5078530525
2024-04-02 07:00:00,2152686.845186308,339861.5816030525
2024-04-02 08:00:00,2153564.838715039,340184.6328530525
2024-04-02 09:00:00,2154455.5673894435,340563.7916030525
2024-04-02 10:00:00,2155349.3551588925,340989.89285305253
2024-04-02 11:00:00,2156252.486468639,341409.5441030525
2024-04-02 12:00:00,2157159.5414002906,341846.31410305254
2024-04-02 13:00:00,2158056.554519949,342284.6666030525
2024-04-02 14:00:00,2158982.4627873623,342695.1078530525
2024-04-02 15:00:00,2159900.6900661318,343068.95285305247
2024-04-02 16:00:00,2160837.205413101,343391.5803530525
2024-04-02 17:00:00,2161758.6580420802,343577.59910305246
2024-04-02 18:00:00,2162705.2484520753,343619.56535305246
2024-04-02 19:00:00,2163652.3708785996,343619.70410305244
2024-04-02 20:00:00,2164585.694126392,343619.70410305244
2024-04-02 21:00:00,2165514.661488849,343619.70410305244
2024-04-02 22:00:00,2166444.892390564,343619.70410305244
2024-04-02 23:00:00,2167373.3277364923,343619.70410305244
2024-04-03 00:00:00,2168292.818554519,343619.70410305244
2024-04-03 01:00:00,2169208.6850099396,343619.70410305244
2024-04-03 02:00:00,2170103.7363186455,343619.70410305244
2024-04-03 03:00:00,2170991.9379145354,343619.70410305244
2024-04-03 04:00:00,2171866.8723482224,343619.70410305244
2024-04-03 05:00:00,2172653.2592807915,343619.70410305244
2024-04-03 06:00:00,2173380.5923785935,343638.5253530524
2024-04-03 07:00:00,2174095.1903307224,343824.7991030524
2024-04-03 08:00:00,2174767.7589770257,344200.1253530524
2024-04-03 09:00:00,2175367.441358797,344617.1516030524
2024-04-03 10:00:00,2175898.6931144693,345069.2216030524
2024-04-03 11:00:00,2176422.2638814985,345594.5778530524
2024-04-03 12:00:00,2176898.0529139778,346122.16535305243
2024-04-03 13:00:00,2177377.6325642294,346655.72285305243
2024-04-03 14:00:00,2177852.3243126166,347182.1216030524
2024-04-03 15:00:00,2178348.2302201153,347689.0466030524
2024-04-03 16:00:00,2178900.8291390315,348160.7103530524
2024-04-03 17:00:00,2179513.645678873,348469.59785305243
2024-04-03 18:00:00,2180189.306671254,348518.04785305244
2024-04-03 19:00:00,2180897.0881615994,348518.22410305246
2024-04-03 20:00:00,2181597.886934996,348518.22410305246
2024-04-03 21:00:00,2182296.989905705,348518.22410305246
2024-04-03 22:00:00,2182989.1101594656,348518.22410305246
2024-04-03 23:00:00,2183681.0974090933,348518.22410305246
2024-04-04 00:00:00,2184373.9159345482,348518.22410305246
2024-04-04 01:00:00,2185067.8649951285,348518.22410305246
2024-04-04 02:00:00,2185755.5296104546,348518.22410305246
2024-04-04 03:00:00,2186442.6289582183,348518.22410305246
2024-04-04 04:00:00,2187129.728305982,348518.22410305246
2024-04-04 05:00:00,2187836.24625707,348518.22410305246
2024-04-04 06:00:00,2188556.031370361,348542.01035305246
2024-04-04 07:00:00,2189255.6996086324,348774.06035305245
2024-04-04 08:00:00,2189907.619363387,349225.89410305244
2024-04-04 09:00:00,2190498.4902213896,349711.47785305243
2024-04-04 10:00:00,2191025.253087595,350233.7966030524
2024-04-04 11:00:00,2191692.8008279023,350778.2553530524
2024-04-04 12:00:00,2192329.6246136343,351308.8766030524
2024-04-04 13:00:00,2193019.0847847476,351843.24785305245
2024-04-04 14:00:00,2193804.2081780597,352358.44910305244
2024-04-04 15:00:00,2194614.336348255,352833.97160305246
2024-04-04 16:00:00,2195477.267158997,353258.22785305243
2024-04-04 17:00:00,2196327.1968158004,353537.06660305243
2024-04-04 18:00:00,2197194.7162691085,353590.03535305243
2024-04-04 19:00:00,2198062.102718284,353590.2491030524
2024-04-04 20:00:00,2198928.3918833677,353590.2491030524
2024-04-04 21:00:00,2199784.4729812928,353590.2491030524
2024-04-04 22:00:00,2200538.7394158975,353590.2491030524
2024-04-04 23:00:00,2201231.291933088,353590.2491030524
2024-04-05 00:00:00,2201918.2582767196,353590.2491030524
2024-04-05 01:00:00,2202598.5079116668,353590.2491030524
2024-04-05 02:00:00,2203277.9262707867,353590.2491030524
2024-04-05 03:00:00,2203955.5158230867,353590.2491030524
2024-04-05 04:00:00,2204636.895993159,353590.2491030524
2024-04-05 05:00:00,2205342.2834091224,353590.2491030524
2024-04-05 06:00:00,2206080.22358648,353614.0878530524
2024-04-05 07:00:00,2206819.4273030953,353859.1091030524
2024-04-05 08:00:00,2207553.0448461515,354343.6241030524
2024-04-05 09:00:00,2208351.302397534,354876.4691030524
2024-04-05 10:00:00,2209085.451957119,355438.4366030524
2024-04-05 11:00:00,2209805.8023379724,356008.1553530524
2024-04-05 12:00:00,2210548.896425459,356559.4428530524
2024-04-05 13:00:00,2211357.2290398674,357117.5591030524
2024-04-05 14:00:00,2212178.1305447835,357661.83410305245
2024-04-05 15:00:00,2213024.1698307157,358177.24535305245
2024-04-05 16:00:00,2213916.1287933444,358652.4003530525
2024-04-05 17:00:00,2214857.5320421774,358970.2878530525
2024-04-05 18:00:00,2215829.7922497177,359016.2066030525
2024-04-05 19:00:00,2216822.3023364097,359016.4428530525
2024-04-05 20:00:00,2218769.349830005,359016.4428530525
2024-04-05 21:00:00,2220681.2177305915,359016.4428530525
2024-04-05 22:00:00,2222485.2857819013,359016.4428530525
2024-04-05 23:00:00,2224256.3688083864,359016.4428530525
2024-04-06 00:00:00,2225973.5851612664,359016.4428530525
2024-04-06 01:00:00,2227677.1020885133,359016.4428530525
2024-04-06 02:00:00,2229357.6758029284,359016.4428530525
2024-04-06 03:00:00,2231018.1658933572,359016.4428530525
2024-04-06 04:00:00,2232686.5032275952,359016.4428530525
2024-04-06 05:00:00,2234419.879582557,359016.4428530525
2024-04-06 06:00:00,2236236.5165243745,359034.6341030525
2024-04-06 07:00:00,2238102.032484834,359201.7416030525
2024-04-06 08:00:00,2239996.609848214,359545.4891030525
2024-04-06 09:00:00,2241806.7960896124,359950.3916030525
2024-04-06 10:00:00,2243667.257893042,360403.7066030525
2024-04-06 11:00:00,2245546.473279135,360859.6953530525
2024-04-06 12:00:00,2247403.01146066,361290.27785305254
2024-04-06 13:00:00,2249271.0544996345,361722.40160305257
2024-04-06 14:00:00,2251136.570460094,362131.30910305254
2024-04-06 15:00:00,2252800.9841724276,362502.96410305257
2024-04-06 16:00:00,2254363.7162255733,362829.12035305257
2024-04-06 17:00:00,2255898.5174109237,363039.33410305256
2024-04-06 18:00:00,2257393.3508545,363082.08410305256
2024-04-06 19:00:00,2258874.218864179,363082.40285305254
2024-04-06 20:00:00,2260326.091973004,363082.40285305254
2024-04-06 21:00:00,2261759.477507431,363082.40285305254
2024-04-06 22:00:00,2263191.2004902037,363082.40285305254
2024-04-06 23:00:00,2264593.0640452616,363082.40285305254
2024-04-07 00:00:00,2265977.3045527823,363082.40285305254
2024-04-07 01:00:00,2267361.279052038,363082.40285305254
2024-04-07 02:00:00,2268736.8742909553,363082.40285305254
2024-04-07 03:00:00,2270102.1617096146,363082.40285305254
2024-04-07 04:00:00,2270784.8054189445,363082.40285305254
2024-04-07 05:00:00,2271484.473657216,363082.40285305254
2024-04-07 06:00:00,2272229.2635473902,363097.57160305255
2024-04-07 07:00:00,2272998.6259510177,363248.77535305254
2024-04-07 08:00:00,2273774.4058040315,363560.36660305253
2024-04-07 09:00:00,2274560.6597324684,363919.06160305254
2024-04-07 10:00:00,2275317.453245588,364317.48035305255
2024-04-07 11:00:00,2276064.1716956813,364750.7216030526
2024-04-07 12:00:00,2276797.7892387374,365200.1741030526
2024-04-07 13:00:00,2277557.076579339,365646.3978530526
2024-04-07 14:00:00,2278317.627459198,366063.5441030526
2024-04-07 15:00:00,2279092.143772954,366435.80285305256
2024-04-07 16:00:00,2279860.242637324,366762.94160305255
2024-04-07 17:00:00,2280606.9610874173,366977.98535305256
2024-04-07 18:00:00,2281350.487438334,367004.91785305255
2024-04-07 19:00:00,2282089.8241590816,367005.15035305254
2024-04-07 20:00:00,2282815.760713494,367005.15035305254
2024-04-07 21:00:00,2283536.8093660423,367005.15035305254
2024-04-07 22:00:00,2284250.310034079,367005.15035305254
2024-04-07 23:00:00,2284954.16790252,367005.15035305254
2024-04-08 00:00:00,2285647.5516955378,367005.15035305254
2024-04-08 01:00:00,2286339.671949298,367005.15035305254
2024-04-08 02:00:00,2287029.830392106,367005.15035305254
2024-04-08 03:00:00,2287719.290563219,367005.15035305254
2024-04-08 04:00:00,2288411.976084542,367005.15035305254
2024-04-08 05:00:00,2289124.778480884,367005.15035305254
2024-04-08 06:00:00,2289875.1545446175,367014.4091030525
2024-04-08 07:00:00,2290659.0476497053,367089.4616030525
2024-04-08 08:00:00,2291448.3606731864,367246.6991030525
2024-04-08 09:00:00,2292246.751228701,367438.6916030525
2024-04-08 10:00:00,2293028.1172552737,367670.0178530525
2024-04-08 11:00:00,2293818.9930773103,367936.62785305246
2024-04-08 12:00:00,2294609.0043724864,368013.75035305246
2024-04-08 13:00:00,2295389.106859802,368239.98035305244
2024-04-08 14:00:00,2296169.7746146796,368555.0441030524
2024-04-08 15:00:00,2296949.1788303,368837.1753530524
2024-04-08 16:00:00,2297722.431604799,369079.6653530524
2024-04-08 17:00:00,2298482.417217095,369235.0316030524
2024-04-08 18:00:00,2299227.207107269,369274.2866030524
2024-04-08 19:00:00,2299967.6411121087,369274.6841030524
2024-04-08 20:00:00,2300698.5985725177,369274.6841030524
2024-04-08 21:00:00,2301422.7063201102,369274.6841030524
2024-04-08 22:00:00,2302138.002543934,369274.6841030524
2024-04-08 23:00:00,2302849.541401019,369274.6841030524
2024-04-09 00:00:00,2303552.2687343345,369274.6841030524
2024-04-09 01:00:00,2304249.975161654,369274.6841030524
2024-04-09 02:00:00,2304948.246856536,369274.6841030524
2024-04-09 03:00:00,2305644.157728068,369274.6841030524
2024-04-09 04:00:00,2306341.8641553875,369274.6841030524
2024-04-09 05:00:00,2307061.6492686784,369274.6841030524
2024-04-09 06:00:00,2307814.1201474965,369283.1666030524
2024-04-09 07:00:00,2308582.2190118665,369371.7491030524
2024-04-09 08:00:00,2309375.32265312,369564.7053530524
2024-04-09 09:00:00,2310162.274853252,369812.9216030524
2024-04-09 10:00:00,2310933.5990678314,370093.1816030524
2024-04-09 11:00:00,2311688.5637741312,370391.2053530524
2024-04-09 12:00:00,2312467.9679897516,370712.9928530524
2024-04-09 13:00:00,2313382.437901782,371024.86910305236
2024-04-09 14:00:00,2314221.6274748975,371317.6466030524
2024-04-09 15:00:00,2315080.767667867,371583.7653530524
2024-04-09 16:00:00,2315949.9829238625,371807.79035305243
2024-04-09 17:00:00,2316824.9173575495,371967.0491030524
2024-04-09 18:00:00,2317692.303806725,372013.2491030524
2024-04-09 19:00:00,2318582.3342094347,372013.6878530524
2024-04-09 20:00:00,2319452.247737125,372013.6878530524
2024-04-09 21:00:00,2320297.7217554944,372013.6878530524
2024-04-09 22:00:00,2321132.9877067055,372013.6878530524
2024-04-09 23:00:00,2321958.344850056,372013.6878530524
2024-04-10 00:00:00,2322745.297050188,372013.6878530524
2024-04-10 01:00:00,2323443.5687450697,372013.6878530524
2024-04-10 02:00:00,2324138.216077345,372013.6878530524
2024-04-10 03:00:00,2324829.505055278,372013.6878530524
2024-04-10 04:00:00,2325523.4541158583,372013.6878530524
2024-04-10 05:00:00,2326233.0311619905,372013.6878530524
2024-04-10 06:00:00,2326954.611831068,372030.7128530524
2024-04-10 07:00:00,2327681.2466571755,372186.61535305245
2024-04-10 08:00:00,2328453.668155847,372490.82285305246
2024-04-10 09:00:00,2329182.7968094363,372836.1528530525
2024-04-10 10:00:00,2329848.5157429236,373215.2591030525
2024-04-10 11:00:00,2330485.9047962185,373579.7816030525
2024-04-10 12:00:00,2331109.5944238803,373973.14535305253
2024-04-10 13:00:00,2331729.9256972,374364.28535305255
2024-04-10 14:00:00,2332376.0930232303,374729.40785305254
2024-04-10 15:00:00,2333030.506605467,375094.4429221897
2024-04-10 16:00:00,2333734.49747804,375425.468305967
2024-04-10 17:00:00,2334501.3328031525,375637.4918947533
2024-04-10 18:00:00,2335324.595131418,375679.4977663195
2024-04-10 19:00:00,2336163.086432839,375679.754903455
2024-04-10 20:00:00,2336983.2896660604,375679.754903455
2024-04-10 21:00:00,2337791.6222804687,375679.754903455
2024-04-10 22:00:00,2338562.9464950482,375679.754903455
2024-04-10 23:00:00,2339260.087654805,375679.754903455
2024-04-11 00:00:00,2339954.6019829474,375679.754903455
2024-04-11 01:00:00,2340646.0239650127,375679.754903455
2024-04-11 02:00:00,2341334.9521195963,375679.754903455
2024-04-11 03:00:00,2342022.749739055,375679.754903455
2024-04-11 04:00:00,2342709.0178109915,375679.754903455
2024-04-11 05:00:00,2343412.31041187,375679.754903455
2024-04-11 06:00:00,2344127.606635694,375687.47838913614
2024-04-11 07:00:00,2344828.538413223,375766.82477163395
2024-04-11 08:00:00,2345465.927466518,375967.58510079054
2024-04-11 09:00:00,2346045.49297327,376251.46244185226
2024-04-11 10:00:00,2346607.335679385,376594.8816632261
2024-04-11 11:00:00,2347256.5953514925,376996.4911801715
2024-04-11 12:00:00,2347921.78226845,377408.94667031773
2024-04-11 13:00:00,2348593.0873754965,377850.02121958515
2024-04-11 14:00:00,2349315.366316269,378260.81681158853
2024-04-11 15:00:00,2350070.8962901314,378623.765419842
2024-04-11 16:00:00,2350880.459192764,378914.33584606485
2024-04-11 17:00:00,2351750.5057245865,379058.6863088433
2024-04-11 18:00:00,2352669.431275051,379092.9855228816
2024-04-11 19:00:00,2353600.360448461,379093.12407863844
2024-04-11 20:00:00,2354489.1273119133,379093.12407863844
2024-04-11 21:00:00,2355343.3796030185,379093.12407863844
2024-04-11 22:00:00,2356175.453455053,379093.12407863844
2024-04-11 23:00:00,2356939.7949526836,379093.12407863844
2024-04-12 00:00:00,2357640.0284585175,379093.12407863844
2024-04-12 01:00:00,2358338.8654209618,379093.12407863844
2024-04-12 02:00:00,2359032.2492139796,379093.12407863844
2024-04-12 03:00:00,2359722.4076567874,379093.12407863844
2024-04-12 04:00:00,2360415.09317811,379093.12407863844
2024-04-12 05:00:00,2361132.218208754,379093.12407863844
2024-04-12 06:00:00,2361872.120197064,379117.6971160853
2024-04-12 07:00:00,2362678.6240046523,379370.4787575848
2024-04-12 08:00:00,2363524.6632905845,379872.0409932732
2024-04-12 09:00:00,2364323.619113662,380407.15241583326
2024-04-12 10:00:00,2365168.3948603366,380953.7376913078
2024-04-12 11:00:00,2366032.722214468,381527.97239410935
2024-04-12 12:00:00,2366910.017471504,382100.74092362454
2024-04-12 13:00:00,2367817.637670718,382632.4817331821
2024-04-12 14:00:00,2368732.1075827484,383177.39252185024
2024-04-12 15:00:00,2369693.760710733,383669.341141065
2024-04-12 16:00:00,2370702.0650381423,384136.8826767715
2024-04-12 17:00:00,2371742.3568593836,384439.08911669126
2024-04-12 18:00:00,2372788.933125879,384485.448635456
2024-04-12 19:00:00,2373838.0032198564,384485.68561984727
2024-04-12 20:00:00,2374822.300301375,384485.68561984727
2024-04-12 21:00:00,2375768.89071137,384485.68561984727
2024-04-12 22:00:00,2376692.837167831,384485.68561984727
2024-04-12 23:00:00,2377610.499179038,384485.68561984727
2024-04-13 00:00:00,2378501.7598699722,384485.68561984727
2024-04-13 01:00:00,2379384.2422881704,384485.68561984727
2024-04-13 02:00:00,2380264.8958995487,384485.68561984727
2024-04-13 03:00:00,2381140.5286049303,384485.68561984727
2024-04-13 04:00:00,2382026.0701181726,384485.68561984727
2024-04-13 05:00:00,2382947.522747152,384485.68561984727
2024-04-13 06:00:00,2383910.439414394,384503.7931930464
2024-04-13 07:00:00,2384901.552957696,384670.65988612
2024-04-13 08:00:00,2385885.8500392144,385030.3578684853
2024-04-13 09:00:00,2386828.649831437,385416.2686511986
2024-04-13 10:00:00,2387763.9016391486,385847.9764867533
2024-04-13 11:00:00,2388697.3578910735,386294.3550354549
2024-04-13 12:00:00,2389616.981713233,386744.5686023718
2024-04-13 13:00:00,2390577.238297828,387181.1407585538
2024-04-13 14:00:00,2391536.397598331,387581.3959982103
2024-04-13 15:00:00,2392531.301759405,387948.7959909058
2024-04-13 16:00:00,2393547.0210671932,388263.6719653297
2024-04-13 17:00:00,2394529.3563377596,388479.39125154563
2024-04-13 18:00:00,2395471.59086242,388521.2962261866
2024-04-13 19:00:00,2396409.3697486464,388521.60087620333
2024-04-13 20:00:00,2397324.5379323717,388521.60087620333
2024-04-13 21:00:00,2398222.0830685594,388521.60087620333
2024-04-13 22:00:00,2399097.582769809,388521.60087620333
2024-04-13 23:00:00,2399976.8398377975,388521.60087620333
2024-04-14 00:00:00,2400837.941841719,388521.60087620333
2024-04-14 01:00:00,2401656.449272253,388521.60087620333
2024-04-14 02:00:00,2402382.3858266654,388521.60087620333
2024-04-14 03:00:00,2403103.434479214,388521.60087620333
2024-04-14 04:00:00,2403826.278687549,388521.60087620333
2024-04-14 05:00:00,2404569.2397709033,388521.60087620333
2024-04-14 06:00:00,2405340.563985483,388536.8376241564
2024-04-14 07:00:00,2406162.163762094,388695.5972342679
2024-04-14 08:00:00,2407069.783961308,388998.06848891184
2024-04-14 09:00:00,2407933.9783113073,389349.60714292864
2024-04-14 10:00:00,2408771.7713410333,389746.48980983254
2024-04-14 11:00:00,2409598.2590195085,390195.0053172454
2024-04-14 12:00:00,2410433.1259583225,390627.9347019142
2024-04-14 13:00:00,2411311.817758749,391067.6195221267
2024-04-14 14:00:00,2412197.359271991,391495.0217314405
2024-04-14 15:00:00,2413120.607456757,391874.0092777174
2024-04-14 16:00:00,2414097.3565537645,392216.51071619254
2024-04-14 17:00:00,2415094.2225257913,392422.81664555456
2024-04-14 18:00:00,2416119.2853738777,392449.21708722546
2024-04-14 19:00:00,2417155.6535732145,392449.45104527246
2024-04-14 20:00:00,2418160.034278719,392449.45104527246
2024-04-14 21:00:00,2419107.8549769386,392449.45104527246
2024-04-14 22:00:00,2420029.44061005,392449.45104527246
2024-04-14 23:00:00,2420937.0608092644,392449.45104527246
2024-04-15 00:00:00,2421826.5259444118,392449.45104527246
2024-04-15 01:00:00,2422699.4985671462,392449.45104527246
2024-04-15 02:00:00,2423494.131755922,392449.45104527246
2024-04-15 03:00:00,2424204.407073749,392449.45104527246
2024-04-15 04:00:00,2424910.359757275,392449.45104527246
2024-04-15 05:00:00,2425640.1866825586,392449.45104527246
2024-04-15 06:00:00,2426385.109576865,392457.8167141774
2024-04-15 07:00:00,2427219.810260514,392546.0092675969
2024-04-15 08:00:00,2428104.2544896645,392740.7292681492
2024-04-15 09:00:00,2428933.9342673165,393001.260095959
2024-04-15 10:00:00,2429727.03790857,393285.44929383876
2024-04-15 11:00:00,2430488.154055991,393577.8671896832
2024-04-15 12:00:00,2431250.666746802,393914.828033571
2024-04-15 13:00:00,2432016.2385326573,394234.8940414551
2024-04-15 14:00:00,2432849.7089280817,394538.5642796961
2024-04-15 15:00:00,2433733.986902067,394808.5276546521
2024-04-15 16:00:00,2434612.5456983605,395037.7735839329
2024-04-15 17:00:00,2435515.6770081073,395204.84470873256
2024-04-15 18:00:00,2436428.8833808806,395249.14964088536
2024-04-15 19:00:00,2437325.198228844,395249.58144908835
2024-04-15 20:00:00,2438204.4552968326,395249.58144908835
2024-04-15 21:00:00,2439088.8995259833,395249.58144908835
2024-04-15 22:00:00,2439970.683672487,395249.58144908835
2024-04-15 23:00:00,2440842.5590111297,395249.58144908835
2024-04-16 00:00:00,2441707.285377658,395249.58144908835
2024-04-16 01:00:00,2442564.6300148405,395249.58144908835
2024-04-16 02:00:00,2443409.2727573826,395249.58144908835
2024-04-16 03:00:00,2444257.9388749287,395249.58144908835
2024-04-16 04:00:00,2445091.9412868824,395249.58144908835
2024-04-16 05:00:00,2445941.737939554,395249.58144908835
2024-04-16 06:00:00,2446826.015913539,395259.24489074433
2024-04-16 07:00:00,2447735.43166854,395337.18259103806
2024-04-16 08:00:00,2448664.9642985603,395492.83356762026
2024-04-16 09:00:00,2449616.575614552,395688.4241292569
2024-04-16 10:00:00,2450562.6007569847,395920.88689290214
2024-04-16 11:00:00,2451536.2575079147,396192.76927297853
2024-04-16 12:00:00,2452475.865200961,396272.73716328817
2024-04-16 13:00:00,2453438.2166006407,396506.70591328543
2024-04-16 14:00:00,2454401.831539578,396810.59109156905
2024-04-16 15:00:00,2455348.953966102,397084.57192160713
2024-04-16 16:00:00,2456361.580927813,397322.0306200505
2024-04-16 17:00:00,2457329.5185010517,397469.97078156547
2024-04-16 18:00:00,2458341.447191068,397509.41805431974
2024-04-16 19:00:00,2459360.358598033,397509.80421078566
2024-04-16 20:00:00,2460404.973053576,397509.80421078566
2024-04-16 21:00:00,2461382.4204222783,397509.80421078566
2024-04-16 22:00:00,2462324.6549469386,397509.80421078566
2024-04-16 23:00:00,2463236.0325128916,397509.80421078566
2024-04-17 00:00:00,2464124.2341087814,397509.80421078566
2024-04-17 01:00:00,2464987.2979236552,397509.80421078566
2024-04-17 02:00:00,2465834.733752977,397509.80421078566
2024-04-17 03:00:00,2466666.242337449,397509.80421078566
2024-04-17 04:00:00,2467481.557668806,397509.80421078566
2024-04-17 05:00:00,2468310.539174763,397509.80421078566
2024-04-17 06:00:00,2469144.0095701874,397517.4498922667
2024-04-17 07:00:00,2469966.839635023,397603.64288064995
2024-04-17 08:00:00,2470778.2313444754,397809.9310534018
2024-04-17 09:00:00,2471608.6093938225,398083.12401465233
2024-04-17 10:00:00,2472455.878967979,398414.9438748916
2024-04-17 11:00:00,2473296.1658251868,398815.84474472236
2024-04-17 12:00:00,2474130.1682371404,399260.3143628355
2024-04-17 13:00:00,2475017.671561335,399689.8453637925
2024-04-17 14:00:00,2475921.501142777,400108.34743102925
2024-04-17 15:00:00,2476836.503071337,400470.6839887322
2024-04-17 16:00:00,2477752.203271592,400750.3522455276
2024-04-17 17:00:00,2478723.233190908,400907.74651280645
2024-04-17 18:00:00,2479752.219660899,400944.04084640025
2024-04-17 19:00:00,2480800.059466652,400944.1852462978
2024-04-17 20:00:00,2481828.3476649486,400944.1852462978
2024-04-17 21:00:00,2482849.653146296,400944.1852462978
2024-04-17 22:00:00,2483837.142326991,400944.1852462978
2024-04-17 23:00:00,2484813.1931523033,400944.1852462978
2024-04-18 00:00:00,2485732.118702768,400944.1852462978
2024-04-18 01:00:00,2486629.6638389556,400944.1852462978
2024-04-18 02:00:00,2487507.1253511575,400944.1852462978
2024-04-18 03:00:00,2488374.511800333,400944.1852462978
2024-04-18 04:00:00,2489232.9537216076,400944.1852462978
2024-04-18 05:00:00,2490065.1605777745,400944.1852462978
2024-04-18 06:00:00,2490796.816309878,400962.15332250274
2024-04-18 07:00:00,2491624.5342765776,401132.3860547105
2024-04-18 08:00:00,2492385.783428131,401480.6954923645
2024-04-18 09:00:00,2493098.0205569104,401872.1128396662
2024-04-18 10:00:00,2493774.9118375154,402346.5544721449
2024-04-18 11:00:00,2494441.8943102597,402811.77884115686
2024-04-18 12:00:00,2495093.8140650145,403254.4961835207
2024-04-18 13:00:00,2495746.9641079935,403680.57238177216
2024-04-18 14:00:00,2496412.683041481,404086.7291256909
2024-04-18 15:00:00,2497102.8414842887,404453.50456204964
2024-04-18 16:00:00,2497855.844379636,404788.38769748353
2024-04-18 17:00:00,2498652.7053876286,405005.9662441956
2024-04-18 18:00:00,2499455.451828478,405048.5977489084
2024-04-18 19:00:00,2500163.3663229556,405048.92216670414
2024-04-18 20:00:00,2500866.658923834,405048.92216670414
2024-04-18 21:00:00,2501567.457697231,405048.92216670414
2024-04-18 22:00:00,2502268.788487157,405048.92216670414
2024-04-18 23:00:00,2502967.193186171,405048.92216670414
2024-04-19 00:00:00,2503658.615168236,405048.92216670414
2024-04-19 01:00:00,2504345.016244305,405048.92216670414
2024-04-19 02:00:00,2505028.7572377264,405048.92216670414
2024-04-19 03:00:00,2505710.702675361,405048.92216670414
2024-04-19 04:00:00,2506393.346384691,405048.92216670414
2024-04-19 05:00:00,2507096.6389855696,405048.92216670414
2024-04-19 06:00:00,2507830.0902734604,405058.5797904105
2024-04-19 07:00:00,2508593.1682318337,405137.19422060257
2024-04-19 08:00:00,2509378.158621013,405293.9309842819
2024-04-19 09:00:00,2510180.3397943,405477.1495605025
2024-04-19 10:00:00,2511045.9306876888,405714.99956548976
2024-04-19 11:00:00,2511950.4585408256,405986.62301840686
2024-04-19 12:00:00,2512897.0489508207,406066.354305426
2024-04-19 13:00:00,2513951.006946662,406281.98366129404
2024-04-19 14:00:00,2515106.7796058236,406609.84107536316
2024-04-19 15:00:00,2516212.409707086,406902.62692793447
2024-04-19 16:00:00,2517246.9823506363,407151.47765965195
2024-04-19 17:00:00,2518250.1327679167,407302.4906304296
2024-04-19 18:00:00,2519228.6774207107,407342.04143806506
2024-04-19 19:00:00,2520197.180261512,407342.43368047767
2024-04-19 20:00:00,2521111.0849059797,407342.43368047767
2024-04-19 21:00:00,2521978.471355155,407342.43368047767
2024-04-19 22:00:00,2522818.758212363,407342.43368047767
2024-04-19 23:00:00,2523625.8272875138,407342.43368047767
2024-04-20 00:00:00,2524340.0262272456,407342.43368047767
2024-04-20 01:00:00,2525051.5650843303,407342.43368047767
2024-04-20 02:00:00,2525771.9154651836,407342.43368047767
2024-04-20 03:00:00,2526543.771696293,407342.43368047767
2024-04-20 04:00:00,2527399.7197900857,407342.43368047767
2024-04-20 05:00:00,2528270.1985853384,407342.43368047767
2024-04-20 06:00:00,2529158.2671770956,407365.8953102861
2024-04-20 07:00:00,2530066.5856480044,407614.39243073046
2024-04-20 08:00:00,2530950.33160546,408106.80538116203
2024-04-20 09:00:00,2531756.1371413535,408649.00607857155
2024-04-20 10:00:00,2532537.3701637937,409216.9386705445
2024-04-20 11:00:00,2533338.7200612533,409766.8498826083
2024-04-20 12:00:00,2534020.233235458,410342.24950918125
2024-04-20 13:00:00,2534770.7423033235,410875.79282097
2024-04-20 14:00:00,2535538.1428959984,411446.74866552575
2024-04-20 15:00:00,2536329.550734564,411969.94042640476
2024-04-20 16:00:00,2537156.171417172,412458.25379927945
2024-04-20 17:00:00,2538027.481488252,412779.9475116371
2024-04-20 18:00:00,2538932.009341389,412825.01743994746
2024-04-20 19:00:00,2539847.3105292465,412825.25433408737
2024-04-20 20:00:00,2540732.8520424888,412825.25433408737
2024-04-20 21:00:00,2541597.17939662,412825.25433408737
2024-04-20 22:00:00,2542438.1645255224,412825.25433408737
2024-04-20 23:00:00,2543230.1376316505,412825.25433408737
2024-04-21 00:00:00,2543940.97821704,412825.25433408737
2024-04-21 01:00:00,2544637.9863726646,412825.25433408737
2024-04-21 02:00:00,2545327.612798943,412825.25433408737
2024-04-21 03:00:00,2546011.4867964974,412825.25433408737
2024-04-21 04:00:00,2546694.6625223565,412825.25433408737
2024-04-21 05:00:00,2547402.976029231,412825.25433408737
2024-04-21 06:00:00,2548134.631761335,412832.61976850836
2024-04-21 07:00:00,2548909.5803385214,412915.87789428723
2024-04-21 08:00:00,2549753.0925459387,413112.61783511477
2024-04-21 09:00:00,2550587.0949578923,413394.9438308344
2024-04-21 10:00:00,2551441.3472489975,413755.66804523027
2024-04-21 11:00:00,2552289.3150948486,414160.5837332982
2024-04-21 12:00:00,2553151.115370465,414581.41405664745
2024-04-21 13:00:00,2554063.191208113,415017.1968984045
2024-04-21 14:00:00,2555124.830192598,415410.5772075998
2024-04-21 15:00:00,2556154.514934284,415743.4357579069
2024-04-21 16:00:00,2557031.411178923,416035.9720249573
2024-04-21 17:00:00,2557910.1029793494,416193.8150405476
2024-04-21 18:00:00,2558769.9414440137,416231.65935892164
2024-04-21 19:00:00,2559624.7590026814,416231.79907378607
2024-04-21 20:00:00,2560450.1161460318,416231.79907378607
2024-04-21 21:00:00,2561170.5995310172,416231.79907378607
2024-04-21 22:00:00,2561883.4019273594,416231.79907378607
2024-04-21 23:00:00,2562593.1119776242,416231.79907378607
2024-04-22 00:00:00,2563291.383672506,416231.79907378607
2024-04-22 01:00:00,2563982.8056545714,416231.79907378607
2024-04-22 02:00:00,2564674.792904199,416231.79907378607
2024-04-22 03:00:00,2565361.7592478306,416231.79907378607
2024-04-22 04:00:00,2566051.385674109,416231.79907378607
2024-04-22 05:00:00,2566767.2471654955,416231.79907378607
2024-04-22 06:00:00,2567509.509977155,416250.01069497503
2024-04-22 07:00:00,2568260.0190450205,416427.2350808464
2024-04-22 08:00:00,2568968.897819458,416797.1206411778
2024-04-22 09:00:00,2569640.768194067,417233.033876425
2024-04-22 10:00:00,2570294.350500476,417701.117186145
2024-04-22 11:00:00,2570973.9018637286,418212.3959810812
2024-04-22 12:00:00,2571673.570102,418764.26135819376
2024-04-22 13:00:00,2572321.000967288,419303.3179315477
2024-04-22 14:00:00,2572995.3984204116,419823.2412158515
2024-04-22 15:00:00,2573631.523934449,420307.1546968494
2024-04-22 16:00:00,2574342.929787401,420779.5110198409
2024-04-22 17:00:00,2575058.9242829196,421080.5468293818
2024-04-22 18:00:00,2575772.9902185192,421126.57647465786
2024-04-22 19:00:00,2576521.5374754327,421126.76136243023
2024-04-22 20:00:00,2577256.8175701434,421126.76136243023
2024-04-22 21:00:00,2577984.682684475,421126.76136243023
2024-04-22 22:00:00,2578700.6771799936,421126.76136243023
2024-04-22 23:00:00,2579410.254226126,421126.76136243023
2024-04-23 00:00:00,2580111.88427535,421126.76136243023
2024-04-23 01:00:00,2580807.6288917167,421126.76136243023
2024-04-23 02:00:00,2581500.3144130395,421126.76136243023
2024-04-23 03:00:00,2582188.5442959284,421126.76136243023
2024-04-23 04:00:00,2582879.8332738616,421126.76136243023
2024-04-23 05:00:00,2583594.4312259904,421126.76136243023
2024-04-23 06:00:00,2584337.9575769072,421135.4652624013
2024-04-23 07:00:00,2585111.077347274,421226.3001051015
2024-04-23 08:00:00,2585865.909049441,421420.7444836007
2024-04-23 09:00:00,2586618.379928259,421662.78018331056
2024-04-23 10:00:00,2587239.409473274,421947.4299257823
2024-04-23 11:00:00,2587829.016792019,422257.9181938831
2024-04-23 12:00:00,2588382.7462460604,422570.7230853729
2024-04-23 13:00:00,2588948.479323047,422872.47027379315
2024-04-23 14:00:00,2589512.9488607766,423178.4362047745
2024-04-23 15:00:00,2590070.6019367226,423446.6862688316
2024-04-23 16:00:00,2590665.7954290267,423665.83863694954
2024-04-23 17:00:00,2591324.531645565,423832.2075975709
2024-04-23 18:00:00,2592179.914471795,423879.7028861948
2024-04-23 19:00:00,2592941.1636233483,423880.1286790346
2024-04-23 20:00:00,2593672.2540878896,423880.1286790346
2024-04-23 21:00:00,2594394.4000245295,423880.1286790346
2024-04-23 22:00:00,2595107.2024208717,423880.1286790346
2024-04-23 23:00:00,2595811.193293445,423880.1286790346
2024-04-24 00:00:00,2596508.3344532014,423880.1286790346
2024-04-24 01:00:00,2597201.5852420866,423880.1286790346
2024-04-24 02:00:00,2597893.007224152,423880.1286790346
2024-04-24 03:00:00,2598580.671839478,423880.1286790346
2024-04-24 04:00:00,2599271.3955498487,423880.1286790346
2024-04-24 05:00:00,2599990.3493873123,423880.1286790346
2024-04-24 06:00:00,2600716.9842134197,423899.12647702877
2024-04-24 07:00:00,2601413.4271014817,424082.87350256083
2024-04-24 08:00:00,2602030.699279757,424456.6985374733
2024-04-24 09:00:00,2602595.734085049,424854.86024046666
2024-04-24 10:00:00,2603096.8271537093,425300.26684647286
2024-04-24 11:00:00,2603578.368614913,425823.6947056061
2024-04-24 12:00:00,2604065.629253808,426374.02175290755
2024-04-24 13:00:00,2604579.6902253735,426909.287793606
2024-04-24 14:00:00,2605235.3673468675,427428.4315188866
2024-04-24 15:00:00,2605913.123154333,427920.33016579034
2024-04-24 16:00:00,2606615.7174835163,428410.0461091146
2024-04-24 17:00:00,2607373.0762641984,428713.06735789834
2024-04-24 18:00:00,2608196.4715965963,428761.11010611604
2024-04-24 19:00:00,2609046.2682492677,428761.29333633516
2024-04-24 20:00:00,2609840.9014380435,428761.29333633516
2024-04-24 21:00:00,2610561.2518188967,428761.29333633516
2024-04-24 22:00:00,2611268.867054077,428761.29333633516
2024-04-24 23:00:00,2611970.364099168,428761.29333633516
2024-04-25 00:00:00,2612669.334065745,428761.29333633516
2024-04-25 01:00:00,2613360.190780248,428761.29333633516
2024-04-25 02:00:00,2614047.1571238795,428761.29333633516
2024-04-25 03:00:00,2614731.596388996,428761.29333633516
2024-04-25 04:00:00,2615420.5245435797,428761.29333633516
2024-04-25 05:00:00,2616130.6668572747,428761.29333633516
2024-04-25 06:00:00,2616837.1848083627,428779.5153440242
2024-04-25 07:00:00,2617521.6240734793,428971.5019892256
2024-04-25 08:00:00,2618150.8998747002,429342.8195747576
2024-04-25 09:00:00,2618758.263245115,429742.2663257445
2024-04-25 10:00:00,2619418.2630009106,430179.2969199345
2024-04-25 11:00:00,2620063.8983104117,430728.4109240848
2024-04-25 12:00:00,2620683.1322996398,431261.35627981427
2024-04-25 13:00:00,2621412.260953229,431808.7332009172
2024-04-25 14:00:00,2622171.7145489957,432335.5999486522
2024-04-25 15:00:00,2622943.570780105,432859.1270627724
2024-04-25 16:00:00,2623756.3590329476,433328.98510205507
2024-04-25 17:00:00,2624592.888523416,433644.9455408233
2024-04-25 18:00:00,2625438.2295376533,433694.8832993525
2024-04-25 19:00:00,2626283.7035560226,433695.0566519867
2024-04-25 20:00:00,2627100.249175604,433695.0566519867
2024-04-25 21:00:00,2627821.8298446815,433695.0566519867
2024-04-25 22:00:00,2628531.0078784167,433695.0566519867
2024-04-25 23:00:00,2629233.7352117323,433695.0566519867
2024-04-26 00:00:00,2629933.2704458716,433695.0566519867
2024-04-26 01:00:00,2630626.521234757,433695.0566519867
2024-04-26 02:00:00,2631317.81021269,433695.0566519867
2024-04-26 03:00:00,2632006.7383672735,433695.0566519867
2024-04-26 04:00:00,2632696.8968100813,433695.0566519867
2024-04-26 05:00:00,2633409.6992064235,433695.0566519867
2024-04-26 06:00:00,2634150.6984788254,433702.7077688265
2024-04-26 07:00:00,2634909.453802897,433786.18527613947
2024-04-26 08:00:00,2635721.5437840447,433997.8213858833
2024-04-26 09:00:00,2636550.6582941343,434263.2670946452
2024-04-26 10:00:00,2637276.0295809843,434615.2220356815
2024-04-26 11:00:00,2637980.7187252524,435009.382590748
2024-04-26 12:00:00,2638842.3859967366,435441.9115551461
2024-04-26 13:00:00,2639675.158120466,435875.88207021705
2024-04-26 14:00:00,2640462.6755881603,436269.81204483134
2024-04-26 15:00:00,2641314.999319346,436614.7502380711
2024-04-26 16:00:00,2642110.7630432467,436889.21477128414
2024-04-26 17:00:00,2642963.0867744326,437045.7116304996
2024-04-26 18:00:00,2643822.226967402,437080.8718177426
2024-04-26 19:00:00,2644695.1995901363,437081.01518576406
2024-04-26 20:00:00,2645499.17631921,437081.01518576406
2024-04-26 21:00:00,2646234.5894180527,437081.01518576406
2024-04-26 22:00:00,2646957.3006222555,437081.01518576406
2024-04-26 23:00:00,2647669.4047469026,437081.01518576406
2024-04-27 00:00:00,2648374.093891171,437081.01518576406
2024-04-27 01:00:00,2649076.122952792,437081.01518576406
2024-04-27 02:00:00,2649771.3355526295,437081.01518576406
2024-04-27 03:00:00,2650467.246424162,437081.01518576406
2024-04-27 04:00:00,2651164.254579786,437081.01518576406
2024-04-27 05:00:00,2651885.3032323346,437081.01518576406
2024-04-27 06:00:00,2652618.9207753907,437089.85899173457
2024-04-27 07:00:00,2653476.8306801356,437163.4613018081
2024-04-27 08:00:00,2654301.356547659,437318.0894449558
2024-04-27 09:00:00,2655114.710068064,437501.79465013684
2024-04-27 10:00:00,2655929.4601318585,437731.56562157505
2024-04-27 11:00:00,2656759.8381812056,437986.3537517536
2024-04-27 12:00:00,2657577.514335912,438064.56934285915
2024-04-27 13:00:00,2658504.5531384507,438283.9896420188
2024-04-27 14:00:00,2659439.8049461623,438586.49409704393
2024-04-27 15:00:00,2660367.5420203954,438866.7073885505
2024-04-27 16:00:00,2661341.764038888,439109.6508689632
2024-04-27 17:00:00,2662336.1029323996,439259.0091605274
2024-04-27 18:00:00,2663331.007093474,439299.0671389346
2024-04-27 19:00:00,2664353.709118211,439299.46056902665
2024-04-27 20:00:00,2665345.520933208,439299.46056902665
2024-04-27 21:00:00,2666290.8478039457,439299.46056902665
2024-04-27 22:00:00,2667212.8324494543,439299.46056902665
2024-04-27 23:00:00,2668111.5081207673,439299.46056902665
2024-04-28 00:00:00,2668991.596464583,439299.46056902665
2024-04-28 01:00:00,2669859.5481813215,439299.46056902665
2024-04-28 02:00:00,2670647.763920711,439299.46056902665
2024-04-28 03:00:00,2671362.528128005,439299.46056902665
2024-04-28 04:00:00,2672063.459905534,439299.46056902665
2024-04-28 05:00:00,2672780.019668615,439299.46056902665
2024-04-28 06:00:00,2673525.6408346165,439308.1467859077
2024-04-28 07:00:00,2674441.3410348715,439398.410394399
2024-04-28 08:00:00,2675324.3887206325,439585.0398135496
2024-04-28 09:00:00,2676216.214679129,439831.5278516959
2024-04-28 10:00:00,2677128.8557843394,440100.355913263
2024-04-28 11:00:00,2678132.0062016197,440404.4531581373
2024-04-28 12:00:00,2678898.9745308645,440724.6538105427
2024-04-28 13:00:00,2679633.6893580128,441037.33333585976
2024-04-28 14:00:00,2680365.9103576792,441320.56868062913
2024-04-28 15:00:00,2681117.6829648023,441589.6748305049
2024-04-28 16:00:00,2681921.659693876,441802.6482769049
2024-04-28 17:00:00,2682752.037743223,441959.89327647205
2024-04-28 18:00:00,2683626.273905215,442005.5648109015
2024-04-28 19:00:00,2684523.6860372704,442006.02285061154
2024-04-28 20:00:00,2685402.3778376966,442006.02285061154
2024-04-28 21:00:00,2686269.63128274,442006.02285061154
2024-04-28 22:00:00,2687093.1596192704,442006.02285061154
2024-04-28 23:00:00,2687883.8691861415,442006.02285061154
2024-04-29 00:00:00,2688601.69248848,442006.02285061154
2024-04-29 01:00:00,2689305.1180934906,442006.02285061154
2024-04-29 02:00:00,2689996.540075556,442006.02285061154
2024-04-29 03:00:00,2690688.5273251836,442006.02285061154
2024-04-29 04:00:00,2691381.079842374,442006.02285061154
2024-04-29 05:00:00,2692094.580510411,442006.02285061154
2024-04-29 06:00:00,2692835.7127869455,442023.45544312283
2024-04-29 07:00:00,2693614.4187308713,442179.32739236066
2024-04-29 08:00:00,2694467.274478587,442495.4007196181
2024-04-29 09:00:00,2695299.481334754,442853.20817025634
2024-04-29 10:00:00,2696159.319799418,443229.9785563399
2024-04-29 11:00:00,2696977.69422582,443596.20979076705
2024-04-29 12:00:00,2697764.6464259517,443977.9309440278
2024-04-29 13:00:00,2698556.0542645175,444351.47037064156
2024-04-29 14:00:00,2699356.8388944147,444711.3340489725
2024-04-29 15:00:00,2700192.237849758,445102.97809450125
2024-04-29 16:00:00,2700993.022479655,445439.90485259815
2024-04-29 17:00:00,2701820.7404463547,445648.2885858786
2024-04-29 18:00:00,2702639.1148727564,445692.08387797355
2024-04-29 19:00:00,2703483.192347736,445692.34521440207
2024-04-29 20:00:00,2704313.4373929505,445692.34521440207
2024-04-29 21:00:00,2705051.3775703083,445692.34521440207
2024-04-29 22:00:00,2705767.372065827,445692.34521440207
2024-04-29 23:00:00,2706478.2126512164,445692.34521440207
2024-04-30 00:00:00,2707180.2417128375,445692.34521440207
2024-04-30 01:00:00,2707877.948140157,445692.34521440207
2024-04-30 02:00:00,2708571.3319331747,445692.34521440207
2024-04-30 03:00:00,2709262.0556435455,445692.34521440207
2024-04-30 04:00:00,2709952.779353916,445692.34521440207
2024-04-30 05:00:00,2710671.3009279496,445692.34521440207
2024-04-30 06:00:00,2711402.391392491,445702.1276788026
2024-04-30 07:00:00,2712230.8076308854,445837.6324210603
2024-04-30 08:00:00,2713044.726418853,446175.2691348889
2024-04-30 09:00:00,2713829.15154047,446566.67409846786
2024-04-30 10:00:00,2714668.2081094533,446980.00432778447
2024-04-30 11:00:00,2715445.6505141216,447409.63981093623
2024-04-30 12:00:00,2716227.0165406945,447840.78041074803
2024-04-30 13:00:00,2716969.8446199163,448280.81320106366
2024-04-30 14:00:00,2717709.1813406637,448707.4810853651
2024-04-30 15:00:00,2718497.397080053,449079.6193118338
2024-04-30 16:00:00,2719379.314230689,449408.87554323603
2024-04-30 17:00:00,2720285.6708906456,449597.6719684525
2024-04-30 18:00:00,2721178.3281249693,449641.00104404095
2024-04-30 19:00:00,2722050.9017353067,449641.1331605884
2024-04-30 20:00:00,2722898.7365770256,449641.1331605884
2024-04-30 21:00:00,2723734.0025282367,449641.1331605884
2024-04-30 22:00:00,2724501.5361250443,449641.1331605884
2024-04-30 23:00:00,2725219.3594273827,449641.1331605884
2024-05-01 00:00:00,2725926.442646033,449641.1331605884
2024-05-01 01:00:00,2726623.5838057897,449641.1331605884
2024-05-01 02:00:00,2727318.0981339323,449641.1331605884
2024-05-01 03:00:00,2728012.0471945126,449641.1331605884
2024-05-01 04:00:00,2728707.958066045,449641.1331605884
2024-05-01 05:00:00,2729416.9698446146,449641.9019105884
2024-05-01 06:00:00,2730128.5087016993,449684.9556605884
2024-05-01 07:00:00,2730814.2115060734,449852.1456605884
2024-05-01 08:00:00,2731547.8290491295,450108.7881605884
2024-05-01 09:00:00,2732263.823544648,450419.9481605884
2024-05-01 10:00:00,2732974.6641300377,450773.1569105884
2024-05-01 11:00:00,2733727.667025385,451152.3044105884
2024-05-01 12:00:00,2734426.636991962,451580.1456605884
2024-05-01 13:00:00,2735091.125637225,452012.7606605884
2024-05-01 14:00:00,2735751.6906605833,452413.1294105884
2024-05-01 15:00:00,2736483.346392687,452764.4969105884
2024-05-01 16:00:00,2737302.984358346,453060.1094105884
2024-05-01 17:00:00,2738081.690302272,453244.1256605884
2024-05-01 18:00:00,2738923.3737028693,453295.75191058835
2024-05-01 19:00:00,2739783.2121675336,453297.60066058836
2024-05-01 20:00:00,2740595.302148681,453297.60066058836
2024-05-01 21:00:00,2741377.9317145115,453297.60066058836
2024-05-01 22:00:00,2742100.7759228465,453297.60066058836
2024-05-01 23:00:00,2742818.599225185,453297.60066058836
2024-05-02 00:00:00,2743525.815447968,453297.60066058836
2024-05-02 01:00:00,2744231.635127361,453297.60066058836
2024-05-02 02:00:00,2744936.7565350593,453297.60066058836
2024-05-02 03:00:00,2745632.501151426,453297.60066058836
2024-05-02 04:00:00,2746327.846755396,453297.60066058836
2024-05-02 05:00:00,2747044.406518477,453298.10316058836
2024-05-02 06:00:00,2747764.8899034625,453325.67691058834
2024-05-02 07:00:00,2748461.199787392,453428.1906605883
2024-05-02 08:00:00,2749199.0069606174,453585.25191058835
2024-05-02 09:00:00,2749940.0062330193,453774.4694105884
2024-05-02 10:00:00,2750745.8117689127,453991.0131605884
2024-05-02 11:00:00,2751446.7435464417,454221.6156605884
2024-05-02 12:00:00,2752108.572109057,454471.65816058835
2024-05-02 13:00:00,2752767.873593158,454719.48066058836
2024-05-02 14:00:00,2753446.0284130205,454949.5581605884
2024-05-02 15:00:00,2754156.1707267156,455165.2769105884
2024-05-02 16:00:00,2754916.7216065745,455350.9844105884
2024-05-02 17:00:00,2755734.397761281,455480.2581605884
2024-05-02 18:00:00,2756593.1389418533,455508.1206605884
2024-05-02 19:00:00,2757474.923088357,455509.2944105884
2024-05-02 20:00:00,2758349.990526176,455509.2944105884
2024-05-02 21:00:00,2759211.22553423,455509.2944105884
2024-05-02 22:00:00,2760064.0812819456,455509.2944105884
2024-05-02 23:00:00,2760885.681058557,455509.2944105884
2024-05-03 00:00:00,2761691.48659445,455509.2944105884
2024-05-03 01:00:00,2762485.2885073987,455509.2944105884
2024-05-03 02:00:00,2763266.521529839,455509.2944105884
2024-05-03 03:00:00,2764043.963934507,455509.2944105884
2024-05-03 04:00:00,2764818.3472441314,455509.2944105884
2024-05-03 05:00:00,2765614.110968032,455510.0819105884
2024-05-03 06:00:00,2766419.783499793,455551.02066058834
2024-05-03 07:00:00,2767253.785911747,455709.94566058833
2024-05-03 08:00:00,2768104.1478319806,455948.5919105883
2024-05-03 09:00:00,2768947.660039398,456230.2844105883
2024-05-03 10:00:00,2769772.451915186,456541.5719105883
2024-05-03 11:00:00,2770584.5418963335,456865.8119105883
2024-05-03 12:00:00,2771404.1798619926,457285.2006605883
2024-05-03 13:00:00,2772255.805321484,457704.6644105883
2024-05-03 14:00:00,2773069.158841889,458093.2469105883
2024-05-03 15:00:00,2773890.7586185,458445.6606605883
2024-05-03 16:00:00,2774747.4049839876,458751.6569105883
2024-05-03 17:00:00,2775646.911931128,458976.2406605883
2024-05-03 18:00:00,2776569.461844199,459029.05191058834
2024-05-03 19:00:00,2777517.8478099806,459031.38441058836
2024-05-03 20:00:00,2778443.756077394,459031.38441058836
2024-05-03 21:00:00,2779350.811009045,459031.38441058836
2024-05-03 22:00:00,2780244.598778494,459031.38441058836
2024-05-03 23:00:00,2781126.51592913,459031.38441058836
2024-05-04 00:00:00,2781994.6006500004,459031.38441058836
2024-05-04 01:00:00,2782856.4009256167,459031.38441058836
2024-05-04 02:00:00,2783713.180295237,459031.38441058836
2024-05-04 03:00:00,2784566.202298118,459031.38441058836
2024-05-04 04:00:00,2785405.2588671013,459031.38441058836
2024-05-04 05:00:00,2786255.620787335,459032.5506605884
2024-05-04 06:00:00,2787123.7055082056,459082.4406605884
2024-05-04 07:00:00,2788027.003073118,459266.26191058836
2024-05-04 08:00:00,2788930.134382865,459528.6756605884
2024-05-04 09:00:00,2789827.6795190526,459839.91816058836
2024-05-04 10:00:00,2790739.0570850056,460185.91566058836
2024-05-04 11:00:00,2791638.996295576,460545.05691058835
2024-05-04 12:00:00,2792432.2329409616,460923.5219105884
2024-05-04 13:00:00,2793248.0802888484,461303.3931605884
2024-05-04 14:00:00,2794068.9817937645,461661.8256605884
2024-05-04 15:00:00,2794943.350959889,461975.3669105884
2024-05-04 16:00:00,2795903.7405486163,462244.1031605884
2024-05-04 17:00:00,2796879.924378061,462404.8244105884
2024-05-04 18:00:00,2797876.225082525,462443.65941058844
2024-05-04 19:00:00,2798833.555576208,462445.61691058846
2024-05-04 20:00:00,2799772.032734129,462445.61691058846
2024-05-04 21:00:00,2800697.9410015424,462445.61691058846
2024-05-04 22:00:00,2801614.339473492,462445.61691058846
2024-05-04 23:00:00,2802525.717039445,462445.61691058846
2024-05-05 00:00:00,2803423.8274431955,462445.61691058846
2024-05-05 01:00:00,2804318.7457477693,462445.61691058846
2024-05-05 02:00:00,2805206.3820760963,462445.61691058846
2024-05-05 03:00:00,2806085.772148217,462445.61691058846
2024-05-05 04:00:00,2806955.120408345,462445.61691058846
2024-05-05 05:00:00,2807840.096654025,462446.33691058843
2024-05-05 06:00:00,2808749.512409026,462481.48941058846
2024-05-05 07:00:00,2809691.613929554,462610.5719105885
2024-05-05 08:00:00,2810660.116770355,462807.6756605885
2024-05-05 09:00:00,2811568.435241264,463057.8456605885
2024-05-05 10:00:00,2812458.4656439736,463343.98941058846
2024-05-05 11:00:00,2813338.4209836572,463668.59316058847
2024-05-05 12:00:00,2814288.0704886965,464035.9806605885
2024-05-05 13:00:00,2815240.380076383,464404.7519105885
2024-05-05 14:00:00,2816112.6544274227,464745.8481605885
2024-05-05 15:00:00,2817045.977675215,465051.6494105885
2024-05-05 16:00:00,2817966.299769069,465309.1131605885
2024-05-05 17:00:00,2818832.289674855,465483.65316058847
2024-05-05 18:00:00,2819707.9223802364,465554.29191058845
2024-05-05 19:00:00,2820608.692866634,465558.03441058844
2024-05-05 20:00:00,2821467.9993147687,465558.03441058844
2024-05-05 21:00:00,2822307.1888878844,465558.03441058844
2024-05-05 22:00:00,2823133.111298797,465558.03441058844
2024-05-05 23:00:00,2823946.5978233344,465558.03441058844
2024-05-06 00:00:00,2824741.7962796725,465558.03441058844
2024-05-06 01:00:00,2825516.8778609913,465558.03441058844
2024-05-06 02:00:00,2826287.503803876,465558.03441058844
2024-05-06 03:00:00,2826993.456487402,465558.03441058844
2024-05-06 04:00:00,2827320.2476406065,465558.03441058844
2024-05-06 05:00:00,2827925.6492000693,465559.26816058846
2024-05-06 06:00:00,2828645.3013092275,465618.29691058845
2024-05-06 07:00:00,2829496.2284970237,465855.1581605885
2024-05-06 08:00:00,2830378.0126435272,466210.3394105885
2024-05-06 09:00:00,2831240.3781867065,466608.8931605885
2024-05-06 10:00:00,2832053.166439549,467040.6644105885
2024-05-06 11:00:00,2832840.118639681,467492.8581605885
2024-05-06 12:00:00,2833621.3516621212,467986.80441058846
2024-05-06 13:00:00,2834406.3420513007,468485.99316058843
2024-05-06 14:00:00,2835199.5786966863,468965.74191058846
2024-05-06 15:00:00,2836007.9113110946,469418.7231605885
2024-05-06 16:00:00,2836843.8755340003,469834.9131605885
2024-05-06 17:00:00,2837716.9811608675,470129.2544105885
2024-05-06 18:00:00,2838625.166627644,470219.6706605885
2024-05-06 19:00:00,2839557.924607874,470224.0019105885
2024-05-06 20:00:00,2840484.9634104124,470224.0019105885
2024-05-06 21:00:00,2841486.285020873,470224.0019105885
2024-05-06 22:00:00,2842469.3185631344,470224.0019105885
2024-05-06 23:00:00,2843317.8516765484,470224.0019105885
2024-05-07 00:00:00,2844055.2265863437,470224.0019105885
2024-05-07 01:00:00,2844950.1448909175,470224.0019105885
2024-05-07 02:00:00,2845821.8539743945,470224.0019105885
2024-05-07 03:00:00,2846684.2195175737,470224.0019105885
2024-05-07 04:00:00,2847539.7353479364,470224.0019105885
2024-05-07 05:00:00,2848402.233895248,470225.4906605885
2024-05-07 06:00:00,2849277.733596497,470299.43691058847
2024-05-07 07:00:00,2850187.3156066635,470599.7744105885
2024-05-07 08:00:00,2851150.9305456006,471024.0606605885
2024-05-07 09:00:00,2852016.9204513864,471488.5656605885
2024-05-07 10:00:00,2852849.1273075533,471983.7344105885
2024-05-07 11:00:00,2853666.80346226,472501.1931605885
2024-05-07 12:00:00,2854519.6592099755,473037.2931605885
2024-05-07 13:00:00,2855452.4171902053,473573.5506605885
2024-05-07 14:00:00,2856371.9080082322,474100.5381605885
2024-05-07 15:00:00,2857310.950433716,474614.02566058846
2024-05-07 16:00:00,2858270.808005914,475096.89816058846
2024-05-07 17:00:00,2859272.1296163746,475461.58566058846
2024-05-07 18:00:00,2860295.5299128066,475569.8144105885
2024-05-07 19:00:00,2861288.605267061,475575.3606605885
2024-05-07 20:00:00,2862222.061518986,475575.3606605885
2024-05-07 21:00:00,2863137.0634475457,475575.3606605885
2024-05-07 22:00:00,2864032.1147562517,475575.3606605885
2024-05-07 23:00:00,2864915.8607137073,475575.3606605885
2024-05-08 00:00:00,2865798.3431319054,475575.3606605885
2024-05-08 01:00:00,2866674.54110485,475575.3606605885
2024-05-08 02:00:00,2867541.2292823307,475575.3606605885
2024-05-08 03:00:00,2868394.6502976087,475575.3606605885
2024-05-08 04:00:00,2869236.8989657685,475575.3606605885
2024-05-08 05:00:00,2870095.5071422085,475576.9169105885
2024-05-08 06:00:00,2870951.022972571,475655.50191058853
2024-05-08 07:00:00,2871856.1160932705,475964.86566058855
2024-05-08 08:00:00,2872706.6110176365,476408.99316058855
2024-05-08 09:00:00,2873551.386764311,476900.13816058857
2024-05-08 10:00:00,2874400.4851452876,477413.08191058855
2024-05-08 11:00:00,2875250.8470655214,477939.82941058854
2024-05-08 12:00:00,2876117.136230605,478480.55316058855
2024-05-08 13:00:00,2876982.5608688286,479029.33191058855
2024-05-08 14:00:00,2877865.6085545896,479569.41066058853
2024-05-08 15:00:00,2878750.4517961373,480094.09566058853
2024-05-08 16:00:00,2879642.9760263287,480589.5906605885
2024-05-08 17:00:00,2880493.4709506948,480965.85816058854
2024-05-08 18:00:00,2881375.3881013305,481072.52691058855
2024-05-08 19:00:00,2882252.1513418374,481078.6244105885
2024-05-08 20:00:00,2883117.043963531,481078.6244105885
2024-05-08 21:00:00,2883971.163250504,481078.6244105885
2024-05-08 22:00:00,2884820.3946356126,481078.6244105885
2024-05-08 23:00:00,2885661.9450320774,481078.6244105885
2024-05-09 00:00:00,2886496.645715726,481078.6244105885
2024-05-09 01:00:00,2887333.873477889,481078.6244105885
2024-05-09 02:00:00,2888173.6283185673,481078.6244105885
2024-05-09 03:00:00,2889017.8387976796,481078.6244105885
2024-05-09 04:00:00,2889872.6563563473,481078.6244105885
2024-05-09 05:00:00,2890751.3481567735,481080.13191058853
2024-05-09 06:00:00,2891638.8514809683,481155.4769105885
2024-05-09 07:00:00,2892517.011264865,481454.6144105885
2024-05-09 08:00:00,2893397.664876243,481888.1594105885
2024-05-09 09:00:00,2894239.3482768405,482357.12691058853
2024-05-09 10:00:00,2895076.0107714413,482852.3069105885
2024-05-09 11:00:00,2895919.5229788586,483384.5444105885
2024-05-09 12:00:00,2896874.891661589,483910.6244105885
2024-05-09 13:00:00,2897800.7999290023,484439.1794105885
2024-05-09 14:00:00,2898699.043336885,484955.1044105885
2024-05-09 15:00:00,2899616.1400805297,485448.2631605885
2024-05-09 16:00:00,2900529.479457435,485903.31441058853
2024-05-09 17:00:00,2901486.111679423,486255.18066058855
2024-05-09 18:00:00,2902496.776830182,486355.66191058856
2024-05-09 19:00:00,2903545.846924159,486361.26066058857
2024-05-09 20:00:00,2904608.6164437695,486361.26066058857
2024-05-09 21:00:00,2905665.234522258,486361.26066058857
2024-05-09 22:00:00,2906692.8244488593,486361.26066058857
2024-05-09 23:00:00,2907610.4864600664,486361.26066058857
2024-05-10 00:00:00,2908523.6928328397,486361.26066058857
2024-05-10 01:00:00,2909436.899205613,486361.26066058857
2024-05-10 02:00:00,2910341.992326312,486361.26066058857
2024-05-10 03:00:00,2911245.821907754,486361.26066058857
2024-05-10 04:00:00,2912152.178567711,486361.26066058857
2024-05-10 05:00:00,2914016.2979847807,486362.93316058855
2024-05-10 06:00:00,2915985.956180877,486429.75441058853
2024-05-10 07:00:00,2918196.1523503433,486673.51191058854
2024-05-10 08:00:00,2920401.29436278,487030.64691058855
2024-05-10 09:00:00,2922589.67785454,487424.58441058855
2024-05-10 10:00:00,2924751.7930301586,487850.1531605885
2024-05-10 11:00:00,2925793.3483906575,488326.95441058854
2024-05-10 12:00:00,2926790.3473668164,488796.66816058854
2024-05-10 13:00:00,2927772.1173698204,489266.93316058855
2024-05-10 14:00:00,2928835.452156993,489722.9894105886
2024-05-10 15:00:00,2929930.90744213,490122.44990053854
2024-05-10 16:00:00,2931073.712198387,490492.57574290014
2024-05-10 17:00:00,2932122.649288232,490754.92367238
2024-05-10 18:00:00,2933200.514776865,490826.543583394
2024-05-10 19:00:00,2934298.6301446497,490830.35882645834
2024-05-10 20:00:00,2935374.6668264624,490830.35882645834
2024-05-10 21:00:00,2936435.6075392524,490830.35882645834
2024-05-10 22:00:00,2937485.8081683544,490830.35882645834
2024-05-10 23:00:00,2938404.1684512566,490830.35882645834
2024-05-11 00:00:00,2939316.2442889046,490830.35882645834
2024-05-11 01:00:00,2940218.6773269568,490830.35882645834
2024-05-11 02:00:00,2941117.486002402,490830.35882645834
2024-05-11 03:00:00,2942011.406775983,490830.35882645834
2024-05-11 04:00:00,2942907.156356384,490830.35882645834
2024-05-11 05:00:00,2943824.2531000287,490831.5343818618
2024-05-11 06:00:00,2944756.3128085635,490891.8202081682
2024-05-11 07:00:00,2945795.341090548,491138.72501162445
2024-05-11 08:00:00,2946874.6031225706,491504.0829994175
2024-05-11 09:00:00,2947901.6277816095,491911.4274720708
2024-05-11 10:00:00,2948923.631534652,492356.4042096862
2024-05-11 11:00:00,2949945.0700201318,492806.03431548004
2024-05-11 12:00:00,2950914.9694043226,493311.96028501913
2024-05-11 13:00:00,2951912.3673928785,493827.5282579917
2024-05-11 14:00:00,2952936.29970584,494321.01498444064
2024-05-11 15:00:00,2953952.7172853234,494763.64555644494
2024-05-11 16:00:00,2955025.694872092,495196.63125530217
2024-05-11 17:00:00,2956052.719531131,495486.5247168822
2024-05-11 18:00:00,2957093.576619935,495580.41635547916
2024-05-11 19:00:00,2958145.1737924274,495584.7105802497
2024-05-11 20:00:00,2959170.934912209,495584.7105802497
2024-05-11 21:00:00,2960106.352975086,495584.7105802497
2024-05-11 22:00:00,2961017.032269344,495584.7105802497
2024-05-11 23:00:00,2961899.647691675,495584.7105802497
2024-05-12 00:00:00,2962744.4234383497,495584.7105802497
2024-05-12 01:00:00,2963575.366755259,495584.7105802497
2024-05-12 02:00:00,2964402.5527054295,495584.7105802497
2024-05-12 03:00:00,2965272.46623312,495584.7105802497
2024-05-12 04:00:00,2966136.793587251,495584.7105802497
2024-05-12 05:00:00,2966866.620512535,495585.42417898955
2024-05-12 06:00:00,2967745.1793088284,495620.5393345518
2024-05-12 07:00:00,2968650.9707012223,495754.307173021
2024-05-12 08:00:00,2969565.4406132526,495947.40551231866
2024-05-12 09:00:00,2970424.0487896926,496195.4290768737
2024-05-12 10:00:00,2971187.825019761,496470.74215405504
2024-05-12 11:00:00,2971954.095077311,496782.95951313234
2024-05-12 12:00:00,2972714.64595717,497138.1104770103
2024-05-12 13:00:00,2973513.0365126845,497500.82185041055
2024-05-12 14:00:00,2974338.2606519023,497858.5037920483
2024-05-12 15:00:00,2975166.5438861647,498175.6645928076
2024-05-12 16:00:00,2975721.5368794636,498439.6574852688
2024-05-12 17:00:00,2976632.349177854,498615.0123297113
2024-05-12 18:00:00,2977536.7440268584,498688.79531070136
2024-05-12 19:00:00,2978435.5527023035,498692.6999085688
2024-05-12 20:00:00,2979323.6212940607,498692.6999085688
2024-05-12 21:00:00,2980196.028649233,498692.6999085688
2024-05-12 22:00:00,2980933.9688265906,498692.6999085688
2024-05-12 23:00:00,2981653.620935749,498692.6999085688
2024-05-13 00:00:00,2982351.4603672004,498692.6999085688
2024-05-13 01:00:00,2983048.601526957,498692.6999085688
2024-05-13 02:00:00,2983738.6269656327,498692.6999085688
2024-05-13 03:00:00,2984424.895037569,498692.6999085688
2024-05-13 04:00:00,2985111.1631095055,498692.6999085688
2024-05-13 05:00:00,2985825.7610616344,498693.44607670006
2024-05-13 06:00:00,2986547.341730712,498735.22679784923
2024-05-13 07:00:00,2987312.913516567,498894.3603136915
2024-05-13 08:00:00,2988135.7435814026,499150.3420881136
2024-05-13 09:00:00,2988906.9015408168,499467.37154989113
2024-05-13 10:00:00,2989652.9217192153,499828.4725255587
2024-05-13 11:00:00,2990391.560168268,500219.805384991
2024-05-13 12:00:00,2991125.8759830194,500640.52857148205
2024-05-13 13:00:00,2991862.5526211197,501059.44880606176
2024-05-13 14:00:00,2992609.969342908,501458.4687039796
2024-05-13 15:00:00,2993379.3317465354,501820.50153083575
2024-05-13 16:00:00,2994181.37991569,502103.31322952424
2024-05-13 17:00:00,2995013.021504294,502288.0979491283
2024-05-13 18:00:00,2995887.955937981,502340.48990938155
2024-05-13 19:00:00,2996788.726424379,502342.3948270956
2024-05-13 20:00:00,2997678.7568270885,502342.3948270956
2024-05-13 21:00:00,2998526.026401245,502342.3948270956
2024-05-13 22:00:00,2999345.664366904,502342.3948270956
2024-05-13 23:00:00,3000150.2063635406,502342.3948270956
2024-05-14 00:00:00,3000936.4602919775,502342.3948270956
2024-05-14 01:00:00,3001695.6146284463,502342.3948270956
2024-05-14 02:00:00,3002395.84813428,502342.3948270956
2024-05-14 03:00:00,3003052.0905233365,502342.3948270956
2024-05-14 04:00:00,3003613.367961889,502342.3948270956
2024-05-14 05:00:00,3004395.2992560244,502344.03741646564
2024-05-14 06:00:00,3005176.6652825973,502410.0069178676
2024-05-14 07:00:00,3005963.6174827293,502652.8927049651
2024-05-14 08:00:00,3006770.68655788,503017.4834571931
2024-05-14 09:00:00,3007595.3454295355,503417.7903076293
2024-05-14 10:00:00,3008428.81582496,503856.3173980654
2024-05-14 11:00:00,3009189.366704819,504312.4475652463
2024-05-14 12:00:00,3009931.7625206104,504795.4053630684
2024-05-14 13:00:00,3010687.425498605,505266.5172194032
2024-05-14 14:00:00,3011463.072347486,505728.0677516666
2024-05-14 15:00:00,3012277.6894071484,506131.8232840231
2024-05-14 16:00:00,3013135.732316026,506511.59350260434
2024-05-14 17:00:00,3014021.406833401,506768.6141343643
2024-05-14 18:00:00,3014924.7043983135,506843.4654747386
2024-05-14 19:00:00,3015821.5512628066,506847.0603914325
2024-05-14 20:00:00,3016711.5816655164,506847.0603914325
2024-05-14 21:00:00,3017570.888113651,506847.0603914325
2024-05-14 22:00:00,3018406.8523365567,506847.0603914325
2024-05-14 23:00:00,3019232.7747474695,506847.0603914325
2024-05-15 00:00:00,3020048.622095356,506847.0603914325
2024-05-15 01:00:00,3020856.9547097646,506847.0603914325
2024-05-15 02:00:00,3021661.496706401,506847.0603914325
2024-05-15 03:00:00,3022465.4734354746,506847.0603914325
2024-05-15 04:00:00,3023271.977243063,506847.0603914325
2024-05-15 05:00:00,3024094.1090362035,506848.54482105345
2024-05-15 06:00:00,3024916.939101039,506922.06821267115
2024-05-15 07:00:00,3025737.840605955,507229.4111345531
2024-05-15 08:00:00,3026592.6581646227,507674.1531838665
2024-05-15 09:00:00,3027448.0409908528,508153.09926535364
2024-05-15 10:00:00,3028333.0172365326,508632.6995546282
2024-05-15 11:00:00,3029260.056039071,509184.55743865826
2024-05-15 12:00:00,3030153.9768126523,509713.6848856927
2024-05-15 13:00:00,3031087.433064577,510239.2725350263
2024-05-15 14:00:00,3032116.253279403,510751.64213398617
2024-05-15 15:00:00,3033097.890278274,511251.5454077287
2024-05-15 16:00:00,3034065.827851513,511707.9037660103
2024-05-15 17:00:00,3035073.99917479,512051.97468477295
2024-05-15 18:00:00,3036088.4549433207,512148.0663138288
2024-05-15 19:00:00,3037119.2369690984,512153.6435214779
2024-05-15 20:00:00,3038138.0153719313,512153.6435214779
2024-05-15 21:00:00,3039154.4329514145,512153.6435214779
2024-05-15 22:00:00,3040148.7718449263,512153.6435214779
2024-05-15 23:00:00,3041053.299698063,512153.6435214779
2024-05-16 00:00:00,3041952.673641071,512153.6435214779
2024-05-16 01:00:00,3042854.0093950313,512153.6435214779
2024-05-16 02:00:00,3043752.252802914,512153.6435214779
2024-05-16 03:00:00,3044650.4962107968,512153.6435214779
2024-05-16 04:00:00,3045546.1127870656,512153.6435214779
2024-05-16 05:00:00,3046459.452163971,512155.34929566947
2024-05-16 06:00:00,3047367.072363185,512219.03762530116
2024-05-16 07:00:00,3048260.860132634,512472.0380628976
2024-05-16 08:00:00,3049166.651525028,512812.7084008661
2024-05-16 09:00:00,3050084.180532103,513222.32142983726
2024-05-16 10:00:00,3050985.516286063,513664.953822555
2024-05-16 11:00:00,3051852.9027352384,514158.1985815249
2024-05-16 12:00:00,3052773.790096655,514607.5857467808
2024-05-16 13:00:00,3053649.9880695995,515069.6981974439
2024-05-16 14:00:00,3054504.2403607047,515542.0823224827
2024-05-16 15:00:00,3055402.9160320177,515946.63023073605
2024-05-16 16:00:00,3056326.297220916,516298.65525488864
2024-05-16 17:00:00,3057301.084506971,516553.7376493524
2024-05-16 18:00:00,3058331.8665327486,516629.77527995943
2024-05-16 19:00:00,3059392.8072455386,516633.5019211958
2024-05-16 20:00:00,3060456.9733085386,516633.5019211958
2024-05-16 21:00:00,3061512.8931153324,516633.5019211958
2024-05-16 22:00:00,3062521.629706172,516633.5019211958
2024-05-16 23:00:00,3063441.1205241987,516633.5019211958
2024-05-17 00:00:00,3064353.761629409,516633.5019211958
2024-05-17 01:00:00,3065261.5148327556,516633.5019211958
2024-05-17 02:00:00,3066159.625236506,516633.5019211958
2024-05-17 03:00:00,3067055.374816907,516633.5019211958
2024-05-17 04:00:00,3067951.6896648705,516633.5019211958
2024-05-17 05:00:00,3068872.444022155,516634.3061228259
2024-05-17 06:00:00,3069815.9420860726,516676.95521838666
2024-05-17 07:00:00,3070805.2600735878,516841.0053294669
2024-05-17 08:00:00,3071899.451819468,517108.3396407511
2024-05-17 09:00:00,3072979.944139715,517408.0690094277
2024-05-17 10:00:00,3073922.178664375,517776.7629164728
2024-05-17 11:00:00,3074843.0660257917,518151.7623004559
2024-05-17 12:00:00,3075748.7244140534,518589.57240644353
2024-05-17 13:00:00,3076648.2313611936,519025.598150373
2024-05-17 14:00:00,3077545.0782256867,519421.1275495405
2024-05-17 15:00:00,3078439.431262698,519777.1707900983
2024-05-17 16:00:00,3079315.0639680796,520072.610287927
2024-05-17 17:00:00,3080179.9565897733,520264.7219977884
2024-05-17 18:00:00,3081025.4306081426,520318.0665340858
2024-05-17 19:00:00,3081870.904626512,520319.84319453547
2024-05-17 20:00:00,3082706.8688494177,520319.84319453547
2024-05-17 21:00:00,3083549.1175175775,520319.84319453547
2024-05-17 22:00:00,3084388.8723582556,520319.84319453547
2024-05-17 23:00:00,3085213.531229911,520319.84319453547
2024-05-18 00:00:00,3086031.9056563126,520319.84319453547
2024-05-18 01:00:00,3086849.7148151514,520319.84319453547
2024-05-18 02:00:00,3087652.9932725304,520319.84319453547
2024-05-18 03:00:00,3088462.556175163,520319.84319453547
2024-05-18 04:00:00,3089267.796443494,520319.84319453547
2024-05-18 05:00:00,3090101.7988554477,520321.3603623875
2024-05-18 06:00:00,3090962.335591807,520393.6449529929
2024-05-18 07:00:00,3091849.7059118696,520696.9648679235
2024-05-18 08:00:00,3092754.6660284363,521119.34912717127
2024-05-18 09:00:00,3093677.34894564,521568.5128475429
2024-05-18 10:00:00,3094582.4420663393,522069.113471232
2024-05-18 11:00:00,3095516.995602356,522602.2414380141
2024-05-18 12:00:00,3096388.8709409987,523137.72468888096
2024-05-18 13:00:00,3097191.4511266826,523677.8758061997
2024-05-18 14:00:00,3098112.338488099,524209.2473575966
2024-05-18 15:00:00,3099058.363630532,524699.7300708339
2024-05-18 16:00:00,3100028.1300105904,525162.5423753875
2024-05-18 17:00:00,3101042.585779121,525541.1943001024
2024-05-18 18:00:00,3102085.238423712,525653.3517194336
2024-05-18 19:00:00,3103156.952471223,525659.0296518764
2024-05-18 20:00:00,3104220.553266661,525659.0296518764
2024-05-18 21:00:00,3105274.6775176674,525659.0296518764
2024-05-18 22:00:00,3106285.2096642936,525659.0296518764
2024-05-18 23:00:00,3107203.004679633,525659.0296518764
2024-05-19 00:00:00,3108096.792449082,525659.0296518764
2024-05-19 01:00:00,3108956.0988972164,525659.0296518764
2024-05-19 02:00:00,3109772.6445167977,525659.0296518764
2024-05-19 03:00:00,3110574.1274183895,525659.0296518764
2024-05-19 04:00:00,3111378.104147463,525659.0296518764
2024-05-19 05:00:00,3112186.4367618714,525659.7935704234
2024-05-19 06:00:00,3113016.8148112185,525701.1541514818
2024-05-19 07:00:00,3113854.1755775143,525864.4640755169
2024-05-19 08:00:00,3114681.3615276846,526101.5685191103
2024-05-19 09:00:00,3115510.4760377742,526394.3003539093
2024-05-19 10:00:00,3116300.6535881157,526714.5968074517
2024-05-19 11:00:00,3117096.4173120162,527038.0246175494
2024-05-19 12:00:00,3117860.1935420847,527439.5818472214
2024-05-19 13:00:00,3118567.276760735,527879.4023337595
2024-05-19 14:00:00,3119275.1912552128,528248.8940143986
2024-05-19 15:00:00,3120008.808798269,528605.9096163288
2024-05-19 16:00:00,3120786.949474632,528921.9002652193
2024-05-19 17:00:00,3121567.051961947,529142.048015186
2024-05-19 18:00:00,3122370.330419326,529196.9624101815
2024-05-19 19:00:00,3123208.2564531844,529199.4084397445
2024-05-19 20:00:00,3124039.7650376563,529199.4084397445
2024-05-19 21:00:00,3124856.3106572377,529199.4084397445
2024-05-19 22:00:00,3125626.3713325597,529199.4084397445
2024-05-19 23:00:00,3126370.5959551716,529199.4084397445
2024-05-20 00:00:00,3127100.9881480183,529199.4084397445
2024-05-20 01:00:00,3127823.134084658,529199.4084397445
2024-05-20 02:00:00,3128535.9364810004,529199.4084397445
2024-05-20 03:00:00,3129246.77706639,529199.4084397445
2024-05-20 04:00:00,3129958.3159234747,529199.4084397445
2024-05-20 05:00:00,3130691.235194836,529200.9279585646
2024-05-20 06:00:00,3131456.1087089963,529274.7151954083
2024-05-20 07:00:00,3132298.9226447186,529569.3970347955
2024-05-20 08:00:00,3133144.2636589557,530009.6112292866
2024-05-20 09:00:00,3133992.0985006746,530469.2718120486
2024-05-20 10:00:00,3134855.1623155484,530957.6968410728
2024-05-20 11:00:00,3135702.431889705,531477.5999378997
2024-05-20 12:00:00,3136542.7187469127,531997.5765135156
2024-05-20 13:00:00,3137389.8553169365,532537.1885831002
2024-05-20 14:00:00,3138248.4634933765,533038.6605694855
2024-05-20 15:00:00,3139101.4854962574,533560.1612997951
2024-05-20 16:00:00,3139959.3954010024,534050.6671730856
2024-05-20 17:00:00,3140803.6058801147,534401.6144360813
2024-05-20 18:00:00,3141632.0221185093,534509.9930908502
2024-05-20 19:00:00,3142451.6600841684,534515.7156319037
2024-05-20 20:00:00,3143266.410147963,534515.7156319037
2024-05-20 21:00:00,3144050.303253051,534515.7156319037
2024-05-20 22:00:00,3144795.79141492,534515.7156319037
2024-05-20 23:00:00,3145538.1872307113,534515.7156319037
2024-05-21 00:00:00,3146263.5585175613,534515.7156319037
2024-05-21 01:00:00,3146986.4027258963,534515.7156319037
2024-05-21 02:00:00,3147694.882487937,534515.7156319037
2024-05-21 03:00:00,3148400.1368997674,534515.7156319037
2024-05-21 04:00:00,3149111.1104892893,534515.7156319037
2024-05-21 05:00:00,3149843.3314889558,534517.449948521
2024-05-21 06:00:00,3150587.5561115677,534587.1600332318
2024-05-21 07:00:00,3151403.4034594544,534821.9388131988
2024-05-21 08:00:00,3152207.380188528,535191.7257058867
2024-05-21 09:00:00,3152969.0616035117,535601.5464026304
2024-05-21 10:00:00,3153728.348944113,536029.61604759
2024-05-21 11:00:00,3154479.5562836737,536494.6306965005
2024-05-21 12:00:00,3155211.079011645,536956.7106739329
2024-05-21 13:00:00,3155960.3245402533,537419.3408888334
2024-05-21 14:00:00,3156743.519373646,537864.1164064637
2024-05-21 15:00:00,3157622.211174072,538281.637440796
2024-05-21 16:00:00,3158465.7233814895,538661.2758177675
2024-05-21 17:00:00,3159392.196916465,538927.0261416377
2024-05-21 18:00:00,3160263.905999942,538998.4095068364
2024-05-21 19:00:00,3161143.861339626,539002.21957713
2024-05-21 20:00:00,3162020.0593125704,539002.21957713
2024-05-21 21:00:00,3162862.30798073,539002.21957713
2024-05-21 22:00:00,3163689.6269350327,539002.21957713
2024-05-21 23:00:00,3164507.3030897393,539002.21957713
2024-05-22 00:00:00,3165314.505169023,539002.21957713
2024-05-22 01:00:00,3166109.005353666,539002.21957713
2024-05-22 02:00:00,3166869.556233525,539002.21957713
2024-05-22 03:00:00,3167582.9238974294,539002.21957713
2024-05-22 04:00:00,3168292.5009435616,539002.21957713
2024-05-22 05:00:00,3169024.85494736,539003.4843776778
2024-05-22 06:00:00,3169753.2853292543,539059.8775793631
2024-05-22 07:00:00,3170452.953567526,539291.1813564977
2024-05-22 08:00:00,3171082.794636309,539639.0440649112
2024-05-22 09:00:00,3171664.188949881,540055.3201344166
2024-05-22 10:00:00,3172300.3144639186,540499.4319527366
2024-05-22 11:00:00,3172974.1466494794,540963.9487188704
2024-05-22 12:00:00,3173646.715295783,541470.7585300868
2024-05-22 13:00:00,3174243.1723273443,541991.6705810876
2024-05-22 14:00:00,3174852.8965211087,542470.2529571957
2024-05-22 15:00:00,3175509.138910165,542902.6440577421
2024-05-22 16:00:00,3176206.1470657894,543325.9106419331
2024-05-22 17:00:00,3176953.4307834455,543609.1670244529
2024-05-22 18:00:00,3177760.4998585964,543702.7748052864
2024-05-22 19:00:00,3178609.0329720103,543707.2342634926
2024-05-22 20:00:00,3179460.2261680714,543707.2342634926
2024-05-22 21:00:00,3180285.583311422,543707.2342634926
2024-05-22 22:00:00,3181093.91592583,543707.2342634926
2024-05-22 23:00:00,3181894.135288165,543707.2342634926
2024-05-23 00:00:00,3182639.0581824714,543707.2342634926
2024-05-23 01:00:00,3183364.4294693214,543707.2342634926
2024-05-23 02:00:00,3184079.7256931453,543707.2342634926
2024-05-23 03:00:00,3184793.226361182,543707.2342634926
2024-05-23 04:00:00,3185508.522585006,543707.2342634926
2024-05-23 05:00:00,3186237.0859710323,543708.0240296607
2024-05-23 06:00:00,3187006.4483746598,543752.89623007
2024-05-23 07:00:00,3187802.2120985603,543915.0678762846
2024-05-23 08:00:00,3188535.663386451,544175.5989126605
2024-05-23 09:00:00,3189247.202243536,544497.8515613809
2024-05-23 10:00:00,3189941.7165716784,544846.3232808246
2024-05-23 11:00:00,3190619.871391541,545222.8589248857
2024-05-23 12:00:00,3191291.1764985872,545647.2167892127
2024-05-23 13:00:00,3191969.4643225824,546070.9102255777
2024-05-23 14:00:00,3192663.4133831626,546475.1742600498
2024-05-23 15:00:00,3193361.8180821766,546819.3617247648
2024-05-23 16:00:00,3194140.5240261024,547115.1613566222
2024-05-23 17:00:00,3194925.514415282,547296.2291187071
2024-05-23 18:00:00,3195780.3319739494,547348.0774722217
2024-05-23 19:00:00,3196664.7762031,547349.9806643629
2024-05-23 20:00:00,3197545.296810346,547349.9806643629
2024-05-23 21:00:00,3198428.344496107,547349.9806643629
2024-05-23 22:00:00,3199313.320741787,547349.9806643629
2024-05-23 23:00:00,3200197.0666992427,547349.9806643629
2024-05-24 00:00:00,3201065.018415981,547349.9806643629
2024-05-24 01:00:00,3201900.9826388867,547349.9806643629
2024-05-24 02:00:00,3202724.2449671524,547349.9806643629
2024-05-24 03:00:00,3203538.16375512,547349.9806643629
2024-05-24 04:00:00,3204347.028386058,547349.9806643629
2024-05-24 05:00:00,3205170.4237184557,547351.5280123228
2024-05-24 06:00:00,3206003.3288463173,547432.7422447365
2024-05-24 07:00:00,3206837.331258271,547738.1618832339
2024-05-24 08:00:00,3207657.6674956246,548164.1849932788
2024-05-24 09:00:00,3208461.644224698,548638.1631136332
2024-05-24 10:00:00,3209276.79330089,549151.1847264606
2024-05-24 11:00:00,3210112.8905279282,549686.4609865814
2024-05-24 12:00:00,3210936.418864459,550231.3964940362
2024-05-24 13:00:00,3211757.320369375,550794.2814983436
2024-05-24 14:00:00,3212578.221874291,551318.8301368344
2024-05-24 15:00:00,3213444.344784209,551838.3945396504
2024-05-24 16:00:00,3214349.4379049083,552354.1639693966
2024-05-24 17:00:00,3215291.1404130394,552721.8387682001
2024-05-24 18:00:00,3216283.5174955986,552826.8232999285
2024-05-24 19:00:00,3217313.601249682,552832.6890285227
2024-05-24 20:00:00,3218243.2668838343,552832.6890285227
2024-05-24 21:00:00,3219161.6271667364,552832.6890285227
2024-05-24 22:00:00,3220076.2300828993,552832.6890285227
2024-05-24 23:00:00,3220988.172916415,552832.6890285227
2024-05-25 00:00:00,3221886.9815918603,552832.6890285227
2024-05-25 01:00:00,3222775.7484553126,552832.6890285227
2024-05-25 02:00:00,3223658.9291452058,552832.6890285227
2024-05-25 03:00:00,3224538.1862131944,552832.6890285227
2024-05-25 04:00:00,3225422.0651747826,552832.6890285227
2024-05-25 05:00:00,3226332.744469041,552833.945251669
2024-05-25 06:00:00,3227259.7832715795,552894.3545845548
2024-05-25 07:00:00,3228199.390964626,553128.6132086987
2024-05-25 08:00:00,3229211.8849222045,553473.775104937
2024-05-25 09:00:00,3230195.4837320284,553856.6199878479
2024-05-25 10:00:00,3231169.705750521,554297.0132740125
2024-05-25 11:00:00,3232133.1876853253,554769.223795333
2024-05-25 12:00:00,3233089.254639751,555276.9999637451
2024-05-25 13:00:00,3234040.1676840475,555769.2770161369
2024-05-25 14:00:00,3234994.272827521,556235.8938555104
2024-05-25 15:00:00,3235980.3654648266,556697.9213768995
2024-05-25 16:00:00,3237047.0586063415,557102.5854968388
2024-05-25 17:00:00,3238089.8442550646,557404.2311436228
2024-05-25 18:00:00,3239155.1408531894,557493.9561425487
2024-05-25 19:00:00,3240248.6343273744,557498.4095557882
2024-05-25 20:00:00,3241333.6155370884,557498.4095557882
2024-05-25 21:00:00,3242391.497154834,557498.4095557882
2024-05-25 22:00:00,3243332.335136105,557498.4095557882
2024-05-25 23:00:00,3244265.7913880297,557498.4095557882
2024-05-26 00:00:00,3245185.9804777517,557498.4095557882
2024-05-26 01:00:00,3246101.6806780067,557498.4095557882
2024-05-26 02:00:00,3247013.7565156547,557498.4095557882
2024-05-26 03:00:00,3247922.6402541264,557498.4095557882
2024-05-26 04:00:00,3248835.4143634695,557498.4095557882
2024-05-26 05:00:00,3249787.1586835934,557499.5206713208
2024-05-26 06:00:00,3250861.931826149,557551.8524464003
2024-05-26 07:00:00,3251968.825466669,557739.1435530208
2024-05-26 08:00:00,3253091.3803437743,557990.4425025793
2024-05-26 09:00:00,3254207.48452046,558291.0499677422
2024-05-26 10:00:00,3255311.1860618033,558625.1463928056
2024-05-26 11:00:00,3256371.4285028987,558999.1163136774
2024-05-26 12:00:00,3257416.6082260045,559363.9413922109
2024-05-26 13:00:00,3258436.2179046646,559754.5062324399
2024-05-26 14:00:00,3259478.305281693,560095.6177078509
2024-05-26 15:00:00,3260576.4206494777,560406.6744946662
2024-05-26 16:00:00,3261673.8377455673,560670.3531858689
2024-05-26 17:00:00,3262790.108177419,560832.990860497
2024-05-26 18:00:00,3263913.361326219,560873.1651333458
2024-05-26 19:00:00,3265019.556695044,560875.1250411386
2024-05-26 20:00:00,3266094.895105162,560875.1250411386
2024-05-26 21:00:00,3267167.0081650703,560875.1250411386
2024-05-26 22:00:00,3268196.526651591,560875.1250411386
2024-05-26 23:00:00,3269149.4015068403,560875.1250411386
2024-05-27 00:00:00,3270096.5239333645,560875.1250411386
2024-05-27 01:00:00,3271044.9098991463,560875.1250411386
2024-05-27 02:00:00,3271982.12351781,560875.1250411386
2024-05-27 03:00:00,3272919.2041323413,560875.1250411386
2024-05-27 04:00:00,3273853.757668358,560875.1250411386
2024-05-27 05:00:00,3274829.9414978027,560875.8792143787
2024-05-27 06:00:00,3275899.560730229,560916.4217090313
2024-05-27 07:00:00,3277005.756099054,561077.1239835183
2024-05-27 08:00:00,3278123.9550908245,561306.3645719197
2024-05-27 09:00:00,3279237.698444161,561593.0098718527
2024-05-27 10:00:00,3280296.710597032,561901.0369252679
2024-05-27 11:00:00,3281336.304146579,562235.889370171
2024-05-27 12:00:00,3282368.216707482,562641.3629547647
2024-05-27 13:00:00,3283353.2120606955,563049.559096206
2024-05-27 14:00:00,3284402.282154673,563455.943260326
2024-05-27 15:00:00,3285502.7583458065,563823.6624844775
2024-05-27 16:00:00,3286614.5398881906,564133.6311978204
2024-05-27 17:00:00,3287702.0149253863,564358.9177606198
2024-05-27 18:00:00,3288804.5859316047,564412.9515723834
2024-05-27 19:00:00,3289898.212409922,564415.3617282396
2024-05-27 20:00:00,3290964.905551437,564415.3617282396
2024-05-27 21:00:00,3291928.9527538037,564415.3617282396
2024-05-27 22:00:00,3292864.7698290776,564415.3617282396
2024-05-27 23:00:00,3293789.979824796,564415.3617282396
2024-05-28 00:00:00,3294698.2982957046,564415.3617282396
2024-05-28 01:00:00,3295604.7879597936,564415.3617282396
2024-05-28 02:00:00,3296494.8183625033,564415.3617282396
2024-05-28 03:00:00,3297376.037241444,564415.3617282396
2024-05-28 04:00:00,3298240.9298631377,564415.3617282396
2024-05-28 05:00:00,3299118.3913753396,564416.5592486884
2024-05-28 06:00:00,3300024.7480352963,564465.199519553
2024-05-28 07:00:00,3300953.017126059,564656.402718554
2024-05-28 08:00:00,3301865.6582312696,564920.3753486075
2024-05-28 09:00:00,3302741.989208346,565237.7398364297
2024-05-28 10:00:00,3303650.307679255,565573.7340721859
2024-05-28 11:00:00,3304554.7025282593,565930.7410724426
2024-05-28 12:00:00,3305451.7156479177,566313.7228044797
2024-05-28 13:00:00,3306358.770579569,566712.4973148314
2024-05-28 14:00:00,3307283.9805752872,567068.4560535739
2024-05-28 15:00:00,3308248.726049349,567368.3799599058
2024-05-28 16:00:00,3309240.537864346,567637.0327812341
2024-05-28 17:00:00,3310284.4540481945,567791.8154013637
2024-05-28 18:00:00,3311320.1239758367,567831.804620564
2024-05-28 19:00:00,3312343.9232846657,567833.7309072155
2024-05-28 20:00:00,3313301.819045911,567833.7309072155
2024-05-28 21:00:00,3314253.430361903,567833.7309072155
2024-05-28 22:00:00,3315198.624228508,567833.7309072155
2024-05-28 23:00:00,3316135.0065713446,567833.7309072155
2024-05-29 00:00:00,3317065.9357447545,567833.7309072155
2024-05-29 01:00:00,3317988.6186619583,567833.7309072155
2024-05-29 02:00:00,3318908.109479985,567833.7309072155
2024-05-29 03:00:00,3319820.6175810634,567833.7309072155
2024-05-29 04:00:00,3320725.0124300676,567833.7309072155
2024-05-29 05:00:00,3321642.1091737123,567834.526475109
2024-05-29 06:00:00,3322565.3573584785,567873.515344189
2024-05-29 07:00:00,3323568.507775759,568026.6468848775
2024-05-29 08:00:00,3324569.1311145243,568275.4705334918
2024-05-29 09:00:00,3325555.22375183,568544.1880469031
2024-05-29 10:00:00,3326525.688403583,568840.8030861581
2024-05-29 11:00:00,3327473.5091018025,569174.3608345292
2024-05-29 12:00:00,3328420.631528327,569597.4549772809
2024-05-29 13:00:00,3329336.331728582,570018.7727009528
2024-05-29 14:00:00,3330245.2154670535,570398.4757800606
2024-05-29 15:00:00,3331190.542337791,570752.6469667822
2024-05-29 16:00:00,3332119.5097002485,571068.8134164595
2024-05-29 17:00:00,3333125.1539450106,571287.2453475159
2024-05-29 18:00:00,3334165.445766252,571337.9196479613
2024-05-29 19:00:00,3335228.3482899945,571340.3386110435
2024-05-29 20:00:00,3336283.5698250933,571340.3386110435
2024-05-29 21:00:00,3337327.619013074,571340.3386110435
2024-05-29 22:00:00,3338348.924494421,571340.3386110435
2024-05-29 23:00:00,3339289.0642039967,571340.3386110435
2024-05-30 00:00:00,3340224.316011708,571340.3386110435
2024-05-30 01:00:00,3341158.3375311955,571340.3386110435
2024-05-30 02:00:00,3342089.831972168,571340.3386110435
2024-05-30 03:00:00,3343021.32641314,571340.3386110435
2024-05-30 04:00:00,3343946.5364088584,571340.3386110435
2024-05-30 05:00:00,3344890.5997403385,571342.0383387203
2024-05-30 06:00:00,3345830.207433385,571410.3799674779
2024-05-30 07:00:00,3346739.0911718565,571655.4235897704
2024-05-30 08:00:00,3347722.6899816804,572005.287035708
2024-05-30 09:00:00,3348681.284014621,572408.4389456533
2024-05-30 10:00:00,3349640.4433151237,572818.0729367876
2024-05-30 11:00:00,3350551.8208810766,573298.9193033514
2024-05-30 12:00:00,3351464.461986287,573756.7267447842
2024-05-30 13:00:00,3352368.8568352913,574219.3410483695
2024-05-30 14:00:00,3353278.272590292,574657.6629649344
2024-05-30 15:00:00,3354220.5071149524,575074.3931997808
2024-05-30 16:00:00,3355175.7427935507,575431.9659056563
2024-05-30 17:00:00,3356253.741286316,575679.017392456
2024-05-30 18:00:00,3357320.434427831,575753.9048660368
2024-05-30 19:00:00,3358372.031600323,575757.7027684606
2024-05-30 20:00:00,3359421.6669618627,575757.7027684606
2024-05-30 21:00:00,3360459.4317045896,575757.7027684606
2024-05-30 22:00:00,3361446.7878811527,575757.7027684606
2024-05-30 23:00:00,3362379.5458613825,575757.7027684606
2024-05-31 00:00:00,3363310.34203066,575757.7027684606
2024-05-31 01:00:00,3364228.702313562,575757.7027684606
2024-05-31 02:00:00,3365093.029667693,575757.7027684606
2024-05-31 03:00:00,3365979.834720193,575757.7027684606
2024-05-31 04:00:00,3366864.2789493436,575757.7027684606
2024-05-31 05:00:00,3367756.9361836673,575759.1561654304
2024-05-31 06:00:00,3368639.9838694283,575831.0751879227
2024-05-31 07:00:00,3369564.0633300217,576117.7094489362
2024-05-31 08:00:00,3370520.6955520096,576530.8787587808
2024-05-31 09:00:00,3371486.671314296,576981.8979415521
2024-05-31 10:00:00,3372447.060903023,577490.0356075905
2024-05-31 11:00:00,3373386.236332639,578048.095916817
2024-05-31 12:00:00,3374315.7689626594,578571.3583334389
2024-05-31 13:00:00,3375247.1303994996,579099.9509097794
2024-05-31 14:00:00,3376155.4488704083,579612.244977385
2024-05-31 15:00:00,3377074.9396884353,580085.6550132674
2024-05-31 16:00:00,3377985.0537151312,580529.4930777093
2024-05-31 17:00:00,3378879.972019705,580870.6277230757
2024-05-31 18:00:00,3379746.660197186,580974.0376351675
2024-05-31 19:00:00,3380603.3065626733,580979.3906040416
2024-05-31 20:00:00,3381444.2916915757,580979.3906040416
2024-05-31 21:00:00,3382277.063815305,580979.3906040416
2024-05-31 22:00:00,3383092.911163192,580979.3906040416
2024-05-31 23:00:00,3383838.9313415904,580979.3906040416
2024-06-01 00:00:00,3384574.344440433,580979.3906040416
2024-06-01 01:00:00,3385306.698444232,580979.3906040416
2024-06-01 02:00:00,3386027.048825085,580979.3906040416
2024-06-01 03:00:00,3386749.327765858,580979.3906040416
2024-06-01 04:00:00,3387468.4146074536,580979.3906040416
2024-06-01 05:00:00,3388213.204497628,580982.8218540417
2024-06-01 06:00:00,3388978.0780117884,581059.2356040416
2024-06-01 07:00:00,3389804.0004227012,581279.0418540416
2024-06-01 08:00:00,3390692.0690144585,581591.1018540417
2024-06-01 09:00:00,3391569.5305266604,581951.4956040417
2024-06-01 10:00:00,3392431.1977981445,582352.4681040418
2024-06-01 11:00:00,3393287.2788960696,582763.6968540418
2024-06-01 12:00:00,3394150.2097068112,583208.3268540418
2024-06-01 13:00:00,3395037.014759311,583645.1981040417
2024-06-01 14:00:00,3395920.195449204,584067.0693540417
2024-06-01 15:00:00,3396801.414328145,584453.5743540417
2024-06-01 16:00:00,3397668.235509758,584803.3406040417
2024-06-01 17:00:00,3398522.354796731,585051.1218540417
2024-06-01 18:00:00,3399374.678527917,585156.0956040417
2024-06-01 19:00:00,3400227.7005307977,585166.4906040417
2024-06-01 20:00:00,3401071.212738215,585166.4906040417
2024-06-01 21:00:00,3401905.780417731,585166.4906040417
2024-06-01 22:00:00,3402734.761923688,585166.4906040417
2024-06-01 23:00:00,3403516.127950261,585166.4906040417
2024-06-02 00:00:00,3404254.0681276186,585166.4906040417
2024-06-02 01:00:00,3404985.15859216,585166.4906040417
2024-06-02 02:00:00,3405714.9855174436,585166.4906040417
2024-06-02 03:00:00,3406441.620343551,585166.4906040417
2024-06-02 04:00:00,3407001.0689752838,585166.4906040417
2024-06-02 05:00:00,3407702.699024508,585171.0206040418
2024-06-02 06:00:00,3408557.5165831754,585262.7456040417
2024-06-02 07:00:00,3409406.0496965894,585518.3756040417
2024-06-02 08:00:00,3410242.013919495,585859.7718540417
2024-06-02 09:00:00,3411076.7146031437,586243.7156040417
2024-06-02 10:00:00,3411876.2356937835,586661.0418540417
2024-06-02 11:00:00,3412682.041229677,587104.8768540417
2024-06-02 12:00:00,3413486.5832263133,587568.0018540417
2024-06-02 13:00:00,3414232.071388182,588031.0406040417
2024-06-02 14:00:00,3414993.3205397357,588471.8943540417
2024-06-02 15:00:00,3415759.590597286,588891.5531040416
2024-06-02 16:00:00,3416540.956623859,589263.0956040416
2024-06-02 17:00:00,3417371.201669073,589534.8468540416
2024-06-02 18:00:00,3418235.3960190723,589660.3668540416
2024-06-02 19:00:00,3419100.986912461,589673.4993540415
2024-06-02 20:00:00,3419937.5164029296,589673.4993540415
2024-06-02 21:00:00,3420764.004081405,589673.4993540415
2024-06-02 22:00:00,3421581.114968549,589673.4993540415
2024-06-02 23:00:00,3422389.979599487,589673.4993540415
2024-06-03 00:00:00,3423190.065957689,589673.4993540415
2024-06-03 01:00:00,3423986.361698119,589673.4993540415
2024-06-03 02:00:00,3424774.5774375084,589673.4993540415
2024-06-03 03:00:00,3425560.266098383,589673.4993540415
2024-06-03 04:00:00,3426344.69122,589673.4993540415
2024-06-03 05:00:00,3427153.0238344083,589677.8381040415
2024-06-03 06:00:00,3427981.440072803,589770.1893540415
2024-06-03 07:00:00,3428821.194913481,590037.2343540415
2024-06-03 08:00:00,3429658.987943207,590403.0431040415
2024-06-03 09:00:00,3430482.9485431677,590828.9193540415
2024-06-03 10:00:00,3431282.6026379396,591287.3456040415
2024-06-03 11:00:00,3431986.5935105127,591758.7168540414
2024-06-03 12:00:00,3432718.9475143114,592259.8668540415
2024-06-03 13:00:00,3433461.908597666,592753.8356040415
2024-06-03 14:00:00,3434286.567469321,593233.0818540414
2024-06-03 15:00:00,3435138.891200507,593686.8843540414
2024-06-03 16:00:00,3435981.838140362,594101.2743540414
2024-06-03 17:00:00,3436816.5388240106,594417.2606040414
2024-06-03 18:00:00,3437638.138600622,594556.9968540414
2024-06-03 19:00:00,3438468.9489133987,594573.0618540413
2024-06-03 20:00:00,3439304.9131363044,594573.0618540413
2024-06-03 21:00:00,3440135.856453214,594573.0618540413
2024-06-03 22:00:00,3440950.4735128763,594573.0618540413
2024-06-03 23:00:00,3441759.5043989797,594573.0618540413
2024-06-04 00:00:00,3442555.9663945753,594573.0618540413
2024-06-04 01:00:00,3443348.6377723985,594573.0618540413
2024-06-04 02:00:00,3444134.326433273,594573.0618540413
2024-06-04 03:00:00,3444921.278633405,594573.0618540413
2024-06-04 04:00:00,3445666.2015277115,594573.0618540413
2024-06-04 05:00:00,3446463.1955398363,594577.7081040413
2024-06-04 06:00:00,3447286.025604672,594679.2506040413
2024-06-04 07:00:00,3448131.499623041,594969.6056040413
2024-06-04 08:00:00,3448989.5425319187,595366.1081040412
2024-06-04 09:00:00,3449846.321901539,595802.0943540412
2024-06-04 10:00:00,3450708.5544405854,596269.5993540412
2024-06-04 11:00:00,3451568.958172812,596747.5031040412
2024-06-04 12:00:00,3452381.613421522,597241.0856040412
2024-06-04 13:00:00,3453213.953281821,597727.8281040413
2024-06-04 14:00:00,3454018.362274325,598190.4881040413
2024-06-04 15:00:00,3454831.71579473,598628.8293540414
2024-06-04 16:00:00,3455639.3501374437,599032.1718540414
2024-06-04 17:00:00,3456482.862344861,599342.2968540414
2024-06-04 18:00:00,3457348.2869830844,599471.2743540414
2024-06-04 19:00:00,3458241.5094849705,599486.2481040414
2024-06-04 20:00:00,3459130.841615985,599486.2481040414
2024-06-04 21:00:00,3460009.6996715767,599486.2481040414
2024-06-04 22:00:00,3460868.3078480167,599486.2481040414
2024-06-04 23:00:00,3461713.648862254,599486.2481040414
2024-06-05 00:00:00,3462552.7054312374,599486.2481040414
2024-06-05 01:00:00,3463395.6523710922,599486.2481040414
2024-06-05 02:00:00,3464232.181861561,599486.2481040414
2024-06-05 03:00:00,3465064.3887177277,599486.2481040414
2024-06-05 04:00:00,3465901.616479891,599486.2481040414
2024-06-05 05:00:00,3466763.283751375,599490.1106040415
2024-06-05 06:00:00,3467628.7083895984,599577.6356040415
2024-06-05 07:00:00,3468468.995246806,599833.7981040415
2024-06-05 08:00:00,3469357.6291061263,600186.0206040415
2024-06-05 09:00:00,3470265.116301208,600581.2143540415
2024-06-05 10:00:00,3471206.652554173,601007.7693540415
2024-06-05 11:00:00,3472107.988308133,601456.0181040416
2024-06-05 12:00:00,3473020.064145781,601902.7293540416
2024-06-05 13:00:00,3473898.7559462073,602340.8756040416
2024-06-05 14:00:00,3474747.8543271837,602757.3018540416
2024-06-05 15:00:00,3475625.3158393856,603144.4406040417
2024-06-05 16:00:00,3476470.6568536228,603490.6143540416
2024-06-05 17:00:00,3477250.061069243,603767.5518540416
2024-06-05 18:00:00,3478069.1337673394,603896.4168540416
2024-06-05 19:00:00,3478927.176676217,603910.9031040416
2024-06-05 20:00:00,3479792.2023020433,603910.9031040416
2024-06-05 21:00:00,3480645.7563214535,603910.9031040416
2024-06-05 22:00:00,3481498.7783243344,603910.9031040416
2024-06-05 23:00:00,3482348.707981138,603910.9031040416
2024-06-06 00:00:00,3483158.8361513335,603910.9031040416
2024-06-06 01:00:00,3483954.0346076717,603910.9031040416
2024-06-06 02:00:00,3484734.8353666817,603910.9031040416
2024-06-06 03:00:00,3485511.7457548203,603910.9031040416
2024-06-06 04:00:00,3486282.9037142345,603910.9031040416
2024-06-06 05:00:00,3487073.6132811056,603916.7193540416
2024-06-06 06:00:00,3487860.5654812376,604030.4868540416
2024-06-06 07:00:00,3488629.3626173027,604349.7768540416
2024-06-06 08:00:00,3489358.624275024,604775.1018540416
2024-06-06 09:00:00,3490072.823214756,605243.4168540415
2024-06-06 10:00:00,3490771.7931813328,605735.6081040415
2024-06-06 11:00:00,3491461.4196076114,606253.0518540415
2024-06-06 12:00:00,3492162.3513851403,606762.7931040415
2024-06-06 13:00:00,3492879.476415784,607266.3168540415
2024-06-06 14:00:00,3493672.014789475,607755.8718540416
2024-06-06 15:00:00,3494415.674144524,608212.9293540416
2024-06-06 16:00:00,3495141.045431374,608624.0831040416
2024-06-06 17:00:00,3495913.599934178,608946.7256040416
2024-06-06 18:00:00,3496735.7317273184,609081.0056040416
2024-06-06 19:00:00,3497599.360809755,609094.8393540416
2024-06-06 20:00:00,3498458.6672578896,609094.8393540416
2024-06-06 21:00:00,3499312.919548995,609094.8393540416
2024-06-06 22:00:00,3500163.2814692287,609094.8393540416
2024-06-06 23:00:00,3500999.2456921344,609094.8393540416
2024-06-07 00:00:00,3501840.2308210367,609094.8393540416
2024-06-07 01:00:00,3502676.1950439424,609094.8393540416
2024-06-07 02:00:00,3503513.5558102382,609094.8393540416
2024-06-07 03:00:00,3504346.4609381,609094.8393540416
2024-06-07 04:00:00,3505172.948616575,609094.8393540416
2024-06-07 05:00:00,3506027.20090768,609101.3006040417
2024-06-07 06:00:00,3506905.1944364114,609217.1906040417
2024-06-07 07:00:00,3507807.095457934,609538.2168540417
2024-06-07 08:00:00,3508761.898873102,609962.8893540417
2024-06-07 09:00:00,3509707.791011402,610431.4818540417
2024-06-07 10:00:00,3510583.9889843464,610924.5918540417
2024-06-07 11:00:00,3511454.600783732,611450.0231040417
2024-06-07 12:00:00,3512370.9992556814,611951.7956040417
2024-06-07 13:00:00,3513345.919545869,612441.9993540416
2024-06-07 14:00:00,3514290.5481449114,612927.2268540417
2024-06-07 15:00:00,3515253.4648121535,613383.6056040417
2024-06-07 16:00:00,3516249.0672449227,613800.7968540417
2024-06-07 17:00:00,3517275.3936322667,614122.7118540418
2024-06-07 18:00:00,3518372.8107283562,614254.3518540418
2024-06-07 19:00:00,3519468.9642851884,614268.2456040418
2024-06-07 20:00:00,3520541.941871957,614268.2456040418
2024-06-07 21:00:00,3521599.125218008,614268.2456040418
2024-06-07 22:00:00,3522617.903620841,614268.2456040418
2024-06-07 23:00:00,3523572.0087643145,614268.2456040418
2024-06-08 00:00:00,3524525.9809036553,614268.2456040418
2024-06-08 01:00:00,3525473.1033301796,614268.2456040418
2024-06-08 02:00:00,3526412.1457556635,614268.2456040418
2024-06-08 03:00:00,3527348.7941067647,614268.2456040418
2024-06-08 04:00:00,3528285.874721296,614268.2456040418
2024-06-08 05:00:00,3529255.774105487,614273.4168540419
2024-06-08 06:00:00,3530340.6223110687,614378.8068540419
2024-06-08 07:00:00,3531444.4568565446,614678.8068540419
2024-06-08 08:00:00,3532559.4637491386,615082.9181040418
2024-06-08 09:00:00,3533657.5791169233,615526.1606040419
2024-06-08 10:00:00,3534688.361142701,615999.5268540418
2024-06-08 11:00:00,3535663.846700451,616504.5768540419
2024-06-08 12:00:00,3536708.3281518617,616993.2018540419
2024-06-08 13:00:00,3537694.4207891673,617474.1506040419
2024-06-08 14:00:00,3538716.4245422096,617946.8268540419
2024-06-08 15:00:00,3539673.7550358926,618379.9593540418
2024-06-08 16:00:00,3540649.805861205,618771.2981040418
2024-06-08 17:00:00,3541664.1286256034,619076.3606040418
2024-06-08 18:00:00,3542701.1950966353,619193.7056040418
2024-06-08 19:00:00,3543761.603792896,619206.8831040418
2024-06-08 20:00:00,3544728.1448227447,619206.8831040418
2024-06-08 21:00:00,3545669.68107571,619206.8831040418
2024-06-08 22:00:00,3546601.04251255,619206.8831040418
2024-06-08 23:00:00,3547514.3818894555,619206.8831040418
2024-06-09 00:00:00,3548420.1732818494,619206.8831040418
2024-06-09 01:00:00,3549322.074303372,619206.8831040418
2024-06-09 02:00:00,3550213.501249471,619206.8831040418
2024-06-09 03:00:00,3551091.4947782024,619206.8831040418
2024-06-09 04:00:00,3551966.994479452,619206.8831040418
2024-06-09 05:00:00,3552853.932536084,619212.0431040418
2024-06-09 06:00:00,3553760.9874677355,619319.8256040418
2024-06-09 07:00:00,3554688.1592744063,619627.9668540418
2024-06-09 08:00:00,3555577.6244095536,620036.2068540418
2024-06-09 09:00:00,3556443.2153029423,620488.1493540418
2024-06-09 10:00:00,3557308.107924636,620970.0056040417
2024-06-09 11:00:00,3558210.7072178535,621476.9418540418
2024-06-09 12:00:00,3559108.252354041,621973.9368540418
2024-06-09 13:00:00,3560019.0646524318,622464.5118540417
2024-06-09 14:00:00,3560932.271025205,622946.4093540417
2024-06-09 15:00:00,3561890.1667864504,623392.2056040417
2024-06-09 16:00:00,3562853.0834536925,623797.0218540417
2024-06-09 17:00:00,3563839.8743626927,624116.5293540417
2024-06-09 18:00:00,3564858.2205020953,624230.4431040416
2024-06-09 19:00:00,3565841.2540443568,624244.0668540417
2024-06-09 20:00:00,3566823.0240473608,624244.0668540417
2024-06-09 21:00:00,3567795.284254901,624244.0668540417
2024-06-09 22:00:00,3568752.481744452,624244.0668540417
2024-06-09 23:00:00,3569688.997091421,624244.0668540417
2024-06-10 00:00:00,3570616.734165654,624244.0668540417
2024-06-10 01:00:00,3571536.923255376,624244.0668540417
2024-06-10 02:00:00,3572450.827899844,624244.0668540417
2024-06-10 03:00:00,3573362.7707333597,624244.0668540417
2024-06-10 04:00:00,3574272.1864883606,624244.0668540417
2024-06-10 05:00:00,3575216.249819841,624248.4993540416
2024-06-10 06:00:00,3576247.7301173136,624347.3456040416
2024-06-10 07:00:00,3577284.7965883454,624633.2193540416
2024-06-10 08:00:00,3578338.3555717897,625019.6418540416
2024-06-10 09:00:00,3580453.852799017,625449.5081040416
2024-06-10 10:00:00,3582468.7989021814,625914.1031040415
2024-06-10 11:00:00,3584464.991422683,626411.9156040415
2024-06-10 12:00:00,3586467.634643604,626913.6693540416
2024-06-10 13:00:00,3588505.457457534,627410.4843540415
2024-06-10 14:00:00,3589546.3145463383,627892.4718540416
2024-06-10 15:00:00,3590570.1138551673,628303.2106057635
2024-06-10 16:00:00,3591631.7528396524,628706.6978414275
2024-06-10 17:00:00,3592730.9654915286,628998.4251880182
2024-06-10 18:00:00,3593854.750656858,629125.6186179817
2024-06-10 19:00:00,3594996.158869725,629139.5023540664
2024-06-10 20:00:00,3596126.793747871,629139.5023540664
2024-06-10 21:00:00,3597239.9718336454,629139.5023540664
2024-06-10 22:00:00,3598328.5774059664,629139.5023540664
2024-06-10 23:00:00,3599410.200261338,629139.5023540664
2024-06-11 00:00:00,3600488.764021666,629139.5023540664
2024-06-11 01:00:00,3601553.495352228,629139.5023540664
2024-06-11 02:00:00,3602604.3942530253,629139.5023540664
2024-06-11 03:00:00,3603647.0468976162,629139.5023540664
2024-06-11 04:00:00,3604688.4360029497,629139.5023540664
2024-06-11 05:00:00,3605748.8446992105,629143.7648849749
2024-06-11 06:00:00,3606826.8431919757,629237.0687392281
2024-06-11 07:00:00,3607921.167941988,629502.2193852691
2024-06-11 08:00:00,3609002.2255297974,629858.014941247
2024-06-11 09:00:00,3610040.688544219,630289.2287055261
2024-06-11 10:00:00,3611047.7293323707,630727.4816012888
2024-06-11 11:00:00,3612038.3108591433,631215.3247502198
2024-06-11 12:00:00,3613026.365307401,631708.5224341616
2024-06-11 13:00:00,3614015.1180273537,632194.1911015846
2024-06-11 14:00:00,3615070.472566585,632653.3856271413
2024-06-11 15:00:00,3616159.6434064684,633113.1499722812
2024-06-11 16:00:00,3617240.700994278,633514.0576770175
2024-06-11 17:00:00,3618351.2189974044,633844.746853293
2024-06-11 18:00:00,3619487.7393084075,633985.5574123698
2024-06-11 19:00:00,3620625.922171065,634000.9306439687
2024-06-11 20:00:00,3621747.911780608,634000.9306439687
2024-06-11 21:00:00,3622858.4297837345,634000.9306439687
2024-06-11 22:00:00,3623956.545151519,634000.9306439687
2024-06-11 23:00:00,3625043.75418045,634000.9306439687
2024-06-12 00:00:00,3626124.1134965643,634000.9306439687
2024-06-12 01:00:00,3627165.1035895008,634000.9306439687
2024-06-12 02:00:00,3628102.184204032,634000.9306439687
2024-06-12 03:00:00,3629283.227648342,634000.9306439687
2024-06-12 04:00:00,3630415.8243374405,634000.9306439687
2024-06-12 05:00:00,3631557.764566837,634005.649666403
2024-06-12 06:00:00,3632679.0559046846,634099.3441749032
2024-06-12 07:00:00,3633700.4943901645,634360.0313743991
2024-06-12 08:00:00,3634566.085283553,634707.4485251209
2024-06-12 09:00:00,3635423.429920736,635083.5530689541
2024-06-12 10:00:00,3636186.507879109,635489.1061856908
2024-06-12 11:00:00,3636921.2227062574,635937.0893289702
2024-06-12 12:00:00,3637674.0925974725,636392.0415811985
2024-06-12 13:00:00,3638412.7310465253,636847.7981636281
2024-06-12 14:00:00,3639168.2610203875,637303.2670236627
2024-06-12 15:00:00,3639959.136842424,637706.2835392976
2024-06-12 16:00:00,3640761.018756413,638088.2225743773
2024-06-12 17:00:00,3641622.8190320292,638365.7386751162
2024-06-12 18:00:00,3642489.6402136423,638485.144564157
2024-06-12 19:00:00,3643392.23950686,638498.8780489165
2024-06-12 20:00:00,3644301.821517026,638498.8780489165
2024-06-12 21:00:00,3645203.855542681,638498.8780489165
2024-06-12 22:00:00,3646107.685124123,638498.8780489165
2024-06-12 23:00:00,3647014.0417840797,638498.8780489165
2024-06-13 00:00:00,3647920.3984440365,638498.8780489165
2024-06-13 01:00:00,3648831.210742427,638498.8780489165
2024-06-13 02:00:00,3649735.6055914313,638498.8780489165
2024-06-13 03:00:00,3650738.7560087116,638498.8780489165
2024-06-13 04:00:00,3651612.5599072734,638498.8780489165
2024-06-13 05:00:00,3652594.89517784,638504.8759160461
2024-06-13 06:00:00,3653514.5189999994,638624.2047756779
2024-06-13 07:00:00,3654425.33129839,638942.857708388
2024-06-13 08:00:00,3655375.113807562,639382.2066461998
2024-06-13 09:00:00,3656302.850881795,639831.2106695035
2024-06-13 10:00:00,3657201.65955724,640321.6208885377
2024-06-13 11:00:00,3658135.6810767273,640829.6628974775
2024-06-13 12:00:00,3659037.7151023825,641344.1091291037
2024-06-13 13:00:00,3660013.7659276947,641859.6422165382
2024-06-13 14:00:00,3661020.6737117143,642352.7534837339
2024-06-13 15:00:00,3662015.012605226,642806.4259111526
2024-06-13 16:00:00,3663002.368781789,643229.1062686596
2024-06-13 17:00:00,3663994.878868481,643545.5388618638
2024-06-13 18:00:00,3664999.957845681,643676.2274268648
2024-06-13 19:00:00,3666035.7607774553,643690.0937741316
2024-06-13 20:00:00,3666993.6565387007,643690.0937741316
2024-06-13 21:00:00,3667922.091884629,643690.0937741316
2024-06-13 22:00:00,3668847.86714791,643690.0937741316
2024-06-13 23:00:00,3669766.227430812,643690.0937741316
2024-06-14 00:00:00,3670681.3956145374,643690.0937741316
2024-06-14 01:00:00,3671587.1870069313,643690.0937741316
2024-06-14 02:00:00,3672493.67667102,643690.0937741316
2024-06-14 03:00:00,3673399.335059282,643690.0937741316
2024-06-14 04:00:00,3674314.6362471394,643690.0937741316
2024-06-14 05:00:00,3675261.9249288295,643695.0401667246
2024-06-14 06:00:00,3676337.39634308,643803.7451521783
2024-06-14 07:00:00,3677436.741999089,644116.1317918069
2024-06-14 08:00:00,3678553.710702635,644524.2954486223
2024-06-14 09:00:00,3679648.035452647,644967.5502988589
2024-06-14 10:00:00,3680718.3529567686,645464.3404507539
2024-06-14 11:00:00,3681803.2011623504,645964.4240617502
2024-06-14 12:00:00,3682845.288539379,646446.0090427641
2024-06-14 13:00:00,3683861.706118862,646929.6483710208
2024-06-14 14:00:00,3684900.601396714,647402.6680252362
2024-06-14 15:00:00,3685991.0357758547,647857.4741497503
2024-06-14 16:00:00,3687150.0337852263,648258.0777695647
2024-06-14 17:00:00,3688272.5886623315,648574.7825410787
2024-06-14 18:00:00,3689370.005758421,648684.3726643964
2024-06-14 19:00:00,3690461.271413389,648697.8299855952
2024-06-14 20:00:00,3691522.777393742,648697.8299855952
2024-06-14 21:00:00,3692569.3536602375,648697.8299855952
2024-06-14 22:00:00,3693603.361036225,648697.8299855952
2024-06-14 23:00:00,3694618.515076451,648697.8299855952
2024-06-15 00:00:00,3695605.305985451,648697.8299855952
2024-06-15 01:00:00,3696580.791543201,648697.8299855952
2024-06-15 02:00:00,3697549.9926556973,648697.8299855952
2024-06-15 03:00:00,3698517.930228936,648697.8299855952
2024-06-15 04:00:00,3699488.394880689,648697.8299855952
2024-06-15 05:00:00,3700483.864309326,648702.321075248
2024-06-15 06:00:00,3701498.8853454194,648799.8662257496
2024-06-15 07:00:00,3702544.76334022,649101.0414520978
2024-06-15 08:00:00,3703612.5537658264,649477.7262229865
2024-06-15 09:00:00,3704669.0388401826,649911.8570487382
2024-06-15 10:00:00,3705711.6914847735,650375.3864066051
2024-06-15 11:00:00,3706776.9880828983,650838.8402215719
2024-06-15 12:00:00,3707840.4558742032,651333.6694329206
2024-06-15 13:00:00,3708952.37042072,651810.5486574359
2024-06-15 14:00:00,3710010.8173060287,652251.8377582195
2024-06-15 15:00:00,3711119.5397533686,652677.6826238208
2024-06-15 16:00:00,3712248.379075728,653064.834723152
2024-06-15 17:00:00,3713299.97624822,653368.6166721645
2024-06-15 18:00:00,3714414.4178732513,653498.7907085671
2024-06-15 19:00:00,3715494.9101934982,653514.3316181726
2024-06-15 20:00:00,3716581.5539548667,653514.3316181726
2024-06-15 21:00:00,3717646.152281297,653514.3316181726
2024-06-15 22:00:00,3718695.222375274,653514.3316181726
2024-06-15 23:00:00,3719724.0425901,653514.3316181726
2024-06-16 00:00:00,3720722.138850351,653514.3316181726
2024-06-16 01:00:00,3721631.5546053518,653514.3316181726
2024-06-16 02:00:00,3722529.0997415395,653514.3316181726
2024-06-16 03:00:00,3723409.1880853553,653514.3316181726
2024-06-16 04:00:00,3724285.951325862,653514.3316181726
2024-06-16 05:00:00,3725174.152921752,653519.031021276
2024-06-16 06:00:00,3726088.755837915,653620.2680344424
2024-06-16 07:00:00,3727027.099991704,653905.2517681096
2024-06-16 08:00:00,3728022.1371569103,654296.1950688672
2024-06-16 09:00:00,3728998.320986355,654739.963288395
2024-06-16 10:00:00,3729929.1171556325,655199.3189657339
2024-06-16 11:00:00,3730829.189370335,655691.640321237
2024-06-16 12:00:00,3731783.992785503,656209.6866373371
2024-06-16 13:00:00,3732792.16410878,656679.351330184
2024-06-16 14:00:00,3733741.381350389,657134.6942366948
2024-06-16 15:00:00,3734771.4651044724,657561.0552105742
2024-06-16 16:00:00,3735812.455197409,657968.8497040648
2024-06-16 17:00:00,3736833.8936828887,658267.4100262146
2024-06-16 18:00:00,3737760.3672178644,658399.6394191491
2024-06-16 19:00:00,3738676.2336732848,658414.1592966261
2024-06-16 20:00:00,3739580.0632547266,658414.1592966261
2024-06-16 21:00:00,3740430.990442523,658414.1592966261
2024-06-16 22:00:00,3741274.50264994,658414.1592966261
2024-06-16 23:00:00,3742150.0023511895,658414.1592966261
2024-06-17 00:00:00,3743034.845592737,658414.1592966261
2024-06-17 01:00:00,3743919.1235667225,658414.1592966261
2024-06-17 02:00:00,3744802.7032690127,658414.1592966261
2024-06-17 03:00:00,3745690.2065932075,658414.1592966261
2024-06-17 04:00:00,3746582.165555836,658414.1592966261
2024-06-17 05:00:00,3747494.108389352,658418.7372945559
2024-06-17 06:00:00,3748441.397071042,658523.5893927
2024-06-17 07:00:00,3749396.067482078,658816.8062184895
2024-06-17 08:00:00,3750355.925054276,659214.9388919245
2024-06-17 09:00:00,3751301.9501967086,659656.4033435737
2024-06-17 10:00:00,3752263.603324693,660103.3188201685
2024-06-17 11:00:00,3753222.1973576336,660582.3409304604
2024-06-17 12:00:00,3754195.1558368686,661055.1981839408
2024-06-17 13:00:00,3755181.3814783064,661526.5819649069
2024-06-17 14:00:00,3756154.905225104,661968.4754803202
2024-06-17 15:00:00,3757144.9214843144,662406.0844499192
2024-06-17 16:00:00,3758125.9932156233,662795.121468063
2024-06-17 17:00:00,3759107.1979510644,663091.9469335541
2024-06-17 18:00:00,3760075.0025201705,663225.8002152945
2024-06-17 19:00:00,3761039.18272667,663240.0981922431
2024-06-17 20:00:00,3761992.5895984485,663240.0981922431
2024-06-17 21:00:00,3762942.3721076204,663240.0981922431
2024-06-17 22:00:00,3763879.4527221518,663240.0981922431
2024-06-17 23:00:00,3764812.9089740766,663240.0981922431
2024-06-18 00:00:00,3765734.361603056,663240.0981922431
2024-06-18 01:00:00,3766654.550692778,663240.0981922431
2024-06-18 02:00:00,3767564.1327029443,663240.0981922431
2024-06-18 03:00:00,3768471.7529021585,663240.0981922431
2024-06-18 04:00:00,3769380.7696447624,663240.0981922431
2024-06-18 05:00:00,3770310.3022747827,663245.4660183578
2024-06-18 06:00:00,3771274.3494771495,663351.4204352588
2024-06-18 07:00:00,3772247.8732239474,663658.0692211902
2024-06-18 08:00:00,3773316.361921249,664078.4128999001
2024-06-18 09:00:00,3774430.670542148,664515.2639032952
2024-06-18 10:00:00,3775521.8031929834,665008.144360406
2024-06-18 11:00:00,3776610.4087653044,665494.3540473043
2024-06-18 12:00:00,3777674.5748283044,665974.9418803098
2024-06-18 13:00:00,3778769.464845879,666478.5647808433
2024-06-18 14:00:00,3779840.4806216955,666964.299105234
2024-06-18 15:00:00,3780922.9347528946,667389.652391398
2024-06-18 16:00:00,3782014.06740373,667813.218071447
2024-06-18 17:00:00,3783102.672976051,668122.1659793102
2024-06-18 18:00:00,3784150.512781804,668232.7509806771
2024-06-18 19:00:00,3785227.2477353117,668246.1458332461
2024-06-18 20:00:00,3786293.774621661,668246.1458332461
2024-06-18 21:00:00,3787346.502329278,668246.1458332461
2024-06-18 22:00:00,3788386.794150519,668246.1458332461
2024-06-18 23:00:00,3789417.576176297,668246.1458332461
2024-06-19 00:00:00,3790436.487583262,668246.1458332461
2024-06-19 01:00:00,3791432.090016031,668246.1458332461
2024-06-19 02:00:00,3792335.221325778,668246.1458332461
2024-06-19 03:00:00,3793232.2344454364,668246.1458332461
2024-06-19 04:00:00,3794121.0013088887,668246.1458332461
2024-06-19 05:00:00,3795010.3334399033,668251.3819215435
2024-06-19 06:00:00,3795898.535035793,668361.183139941
2024-06-19 07:00:00,3796772.904201918,668669.0122575443
2024-06-19 08:00:00,3797661.67106537,669081.835803403
2024-06-19 09:00:00,3798567.462457764,669547.809681629
2024-06-19 10:00:00,3799473.8191177207,670023.5039642755
2024-06-19 11:00:00,3800392.179400623,670514.2803824077
2024-06-19 12:00:00,3801313.7650337345,671018.8433792818
2024-06-19 13:00:00,3802228.2349457648,671515.237103539
2024-06-19 14:00:00,3803159.729386737,672003.5343281461
2024-06-19 15:00:00,3804111.340702729,672427.5346433664
2024-06-19 16:00:00,3805146.4453628086,672829.6812182888
2024-06-19 17:00:00,3806181.0180063588,673144.5359600681
2024-06-19 18:00:00,3807213.761843089,673260.7362497532
2024-06-19 19:00:00,3808251.526585816,673274.1554451198
2024-06-19 20:00:00,3809290.5548678003,673274.1554451198
2024-06-19 21:00:00,3810326.3577995747,673274.1554451198
2024-06-19 22:00:00,3811359.533899735,673274.1554451198
2024-06-19 23:00:00,3812395.3368315096,673274.1554451198
2024-06-20 00:00:00,3813431.3060184494,673274.1554451198
2024-06-20 01:00:00,3814471.5978396907,673274.1554451198
2024-06-20 02:00:00,3815508.5313065904,673274.1554451198
2024-06-20 03:00:00,3816541.840410883,673274.1554451198
2024-06-20 04:00:00,3817578.7738777827,673274.1554451198
2024-06-20 05:00:00,3818630.2380461423,673280.6512445712
2024-06-20 06:00:00,3819698.1614758815,673399.348927736
2024-06-20 07:00:00,3820750.8891834985,673729.3707393123
2024-06-20 08:00:00,3821794.2400997845,674162.3223621696
2024-06-20 09:00:00,3822802.4114230615,674641.9279661255
2024-06-20 10:00:00,3823738.9267700305,675116.9498099244
2024-06-20 11:00:00,3824646.5469692447,675647.598554774
2024-06-20 12:00:00,3825554.7324360213,676124.6067934709
2024-06-20 13:00:00,3826445.9931269553,676626.3111303499
2024-06-20 14:00:00,3827325.948466639,677132.9601744078
2024-06-20 15:00:00,3828254.383812567,677570.6922923427
2024-06-20 16:00:00,3829216.602208114,677984.018913068
2024-06-20 17:00:00,3830230.4927090826,678296.1571711008
2024-06-20 18:00:00,3831251.9311945625,678428.8123403734
2024-06-20 19:00:00,3832312.173635658,678443.1370204377
2024-06-20 20:00:00,3833381.925872217,678443.1370204377
2024-06-20 21:00:00,3834340.386901025,678443.1370204377
2024-06-20 22:00:00,3835292.6964887115,678443.1370204377
2024-06-20 23:00:00,3836238.721631144,678443.1370204377
2024-06-21 00:00:00,3837182.917966757,678443.1370204377
2024-06-21 01:00:00,3838123.223931498,678443.1370204377
2024-06-21 02:00:00,3839060.3045460293,678443.1370204377
2024-06-21 03:00:00,3839988.573636792,678443.1370204377
2024-06-21 04:00:00,3840918.804538507,678443.1370204377
2024-06-21 05:00:00,3841877.2655673153,678447.3697937363
2024-06-21 06:00:00,3842924.407101373,678536.7766259253
2024-06-21 07:00:00,3843994.1593379322,678802.1124092249
2024-06-21 08:00:00,3845027.468442225,679152.0954266399
2024-06-21 09:00:00,3846014.95762292,679587.4717678241
2024-06-21 10:00:00,3846972.8533841656,680049.5185604586
2024-06-21 11:00:00,3847908.105191877,680525.8316397454
2024-06-21 12:00:00,3848837.6378218974,681017.3997657745
2024-06-21 13:00:00,3849778.6420583334,681503.1084132609
2024-06-21 14:00:00,3850739.0316470605,681990.1456697555
2024-06-21 15:00:00,3851741.4837926463,682458.2919157168
2024-06-21 16:00:00,3852784.1364372373,682860.598285648
2024-06-21 17:00:00,3853836.8641448542,683170.888668476
2024-06-21 18:00:00,3854899.0683969017,683303.6510932988
2024-06-21 19:00:00,3855989.6357801748,683319.2493339925
2024-06-21 20:00:00,3857078.374356628,683319.2493339925
2024-06-21 21:00:00,3858152.4492274886,683319.2493339925
2024-06-21 22:00:00,3859194.0045879874,683319.2493339925
2024-06-21 23:00:00,3860150.071542413,683319.2493339925
2024-06-22 00:00:00,3861097.8922406323,683319.2493339925
2024-06-22 01:00:00,3862045.7129388517,683319.2493339925
2024-06-22 02:00:00,3862981.663018258,683319.2493339925
2024-06-22 03:00:00,3863918.8766369214,683319.2493339925
2024-06-22 04:00:00,3864852.7319012433,683319.2493339925
2024-06-22 05:00:00,3865812.9884858383,683324.1828559135
2024-06-22 06:00:00,3866880.9119155775,683434.1225208582
2024-06-22 07:00:00,3868034.32375139,683721.6342689935
2024-06-22 08:00:00,3869195.6825841106,684141.3558603948
2024-06-22 09:00:00,3870347.6978765335,684576.9993289699
2024-06-22 10:00:00,3871440.060815593,685072.3870331761
2024-06-22 11:00:00,3872564.4112484856,685588.8567823294
2024-06-22 12:00:00,3873733.45106985,686063.1445972346
2024-06-22 13:00:00,3874860.328581257,686539.2011629579
2024-06-22 14:00:00,3876007.854984212,687031.8013498991
2024-06-22 15:00:00,3877152.887559686,687477.7137715803
2024-06-22 16:00:00,3878339.517177555,687855.0880427617
2024-06-22 17:00:00,3879558.134289256,688145.6774564452
2024-06-22 18:00:00,3880791.282102417,688260.2931910304
2024-06-22 19:00:00,3882007.538390769,688273.6024236756
2024-06-22 20:00:00,3883130.625284404,688273.6024236756
2024-06-22 21:00:00,3884207.792501342,688273.6024236756
2024-06-22 22:00:00,3885258.691402139,688273.6024236756
2024-06-22 23:00:00,3886216.021895822,688273.6024236756
2024-06-23 00:00:00,3887166.3696725564,688273.6024236756
2024-06-23 01:00:00,3888109.867736474,688273.6024236756
2024-06-23 02:00:00,3889036.4742755825,688273.6024236756
2024-06-23 03:00:00,3889947.153569841,688273.6024236756
2024-06-23 04:00:00,3890840.376071727,688273.6024236756
2024-06-23 05:00:00,3891751.75363768,688280.294489515
2024-06-23 06:00:00,3892685.2098896047,688398.3901409877
2024-06-23 07:00:00,3893627.444414265,688714.0108498383
2024-06-23 08:00:00,3894535.6298810416,689139.1322460283
2024-06-23 09:00:00,3895402.4510626546,689621.894797223
2024-06-23 10:00:00,3896275.423685389,690137.3124403706
2024-06-23 11:00:00,3897199.3701418503,690675.9753704927
2024-06-23 12:00:00,3898127.1072160834,691168.360687884
2024-06-23 13:00:00,3899060.4304638756,691668.6156200038
2024-06-23 14:00:00,3899989.264822201,692141.8247498666
2024-06-23 15:00:00,3900923.8183582174,692577.8323402777
2024-06-23 16:00:00,3901892.3211990185,693009.5876542097
2024-06-23 17:00:00,3902881.5061824014,693342.3332330486
2024-06-23 18:00:00,3903884.4903445165,693476.8743680059
2024-06-23 19:00:00,3904926.0457050153,693490.7137911345
2024-06-23 20:00:00,3905878.3552927016,693490.7137911345
2024-06-23 21:00:00,3906805.5270993724,693490.7137911345
2024-06-23 22:00:00,3907723.754378142,693490.7137911345
2024-06-23 23:00:00,3908616.8438758957,693490.7137911345
2024-06-24 00:00:00,3909494.3053880977,693490.7137911345
2024-06-24 01:00:00,3910364.7841833504,693490.7137911345
2024-06-24 02:00:00,3911224.78890318,693490.7137911345
2024-06-24 03:00:00,3912077.112634366,693490.7137911345
2024-06-24 04:00:00,3912922.453648603,693490.7137911345
2024-06-24 05:00:00,3913784.120920087,693495.5616260982
2024-06-24 06:00:00,3914670.3607050246,693599.1921993218
2024-06-24 07:00:00,3915591.813334004,693883.863263959
2024-06-24 08:00:00,3916462.990400952,694272.6855500608
2024-06-24 09:00:00,3917292.1049110414,694702.123114886
2024-06-24 10:00:00,3918174.5873292396,695178.753226525
2024-06-24 11:00:00,3919074.09427638,695639.0838796513
2024-06-24 12:00:00,3920003.6269064,696157.1221167314
2024-06-24 13:00:00,3920999.2293391693,696622.261135442
2024-06-24 14:00:00,3921996.6273277253,697069.7272129606
2024-06-24 15:00:00,3923025.048530154,697487.6096728673
2024-06-24 16:00:00,3924050.8096499355,697873.3313454078
2024-06-24 17:00:00,3925103.5373575524,698181.9450012767
2024-06-24 18:00:00,3926152.4744473975,698310.5095212866
2024-06-24 19:00:00,3927202.109808937,698326.074819169
2024-06-24 20:00:00,3928251.745170477,698326.074819169
2024-06-24 21:00:00,3929278.769829516,698326.074819169
2024-06-24 22:00:00,3930213.3233655323,698326.074819169
2024-06-24 23:00:00,3931129.721837482,698326.074819169
2024-06-25 00:00:00,3932030.359319747,698326.074819169
2024-06-25 01:00:00,3932929.866266887,698326.074819169
2024-06-25 02:00:00,3933826.7131313803,698326.074819169
2024-06-25 03:00:00,3934719.9356332663,698326.074819169
2024-06-25 04:00:00,3935613.02513102,698326.074819169
2024-06-25 05:00:00,3936525.6662362306,698329.4295076773
2024-06-25 06:00:00,3937458.4242164604,698407.0719795421
2024-06-25 07:00:00,3938431.9479632583,698634.4759099953
2024-06-25 08:00:00,3939462.729989036,698942.6793153157
2024-06-25 09:00:00,3940497.302632586,699316.1220631965
2024-06-25 10:00:00,3941509.796590165,699717.6149994311
2024-06-25 11:00:00,3942479.5629702234,700139.2416131009
2024-06-25 12:00:00,3943399.7520599454,700593.7772847983
2024-06-25 13:00:00,3944333.7735794326,701022.2476235698
2024-06-25 14:00:00,3945274.0795441736,701454.4137377925
2024-06-25 15:00:00,3946250.130369486,701850.5573614785
2024-06-25 16:00:00,3947223.6541162836,702190.9721434406
2024-06-25 17:00:00,3948212.9721037988,702441.8423329784
2024-06-25 18:00:00,3949278.9669736186,702549.3259152944
2024-06-25 19:00:00,3950342.567769056,702560.11327678
2024-06-25 20:00:00,3951402.278193622,702560.11327678
2024-06-25 21:00:00,3952396.6170871337,702560.11327678
2024-06-25 22:00:00,3953341.378690309,702560.11327678
2024-06-25 23:00:00,3954248.300617828,702560.11327678
2024-06-26 00:00:00,3955148.5058366633,702560.11327678
2024-06-26 01:00:00,3956042.8588736746,702560.11327678
2024-06-26 02:00:00,3956925.341291873,702560.11327678
2024-06-26 03:00:00,3957810.3175375527,702560.11327678
2024-06-26 04:00:00,3958690.2728772364,702560.11327678
2024-06-26 05:00:00,3959577.210933869,702564.561275758
2024-06-26 06:00:00,3960469.8681681924,702661.6354549106
2024-06-26 07:00:00,3961352.2175822584,702955.5851424756
2024-06-26 08:00:00,3962242.9462566627,703356.0317803362
2024-06-26 09:00:00,3963129.1860416,703801.3199733851
2024-06-26 10:00:00,3964022.275539354,704248.3476840981
2024-06-26 11:00:00,3964916.063308803,704724.6869755097
2024-06-26 12:00:00,3965804.264904693,705208.2281135536
2024-06-26 13:00:00,3966691.6352247554,705701.4737547825
2024-06-26 14:00:00,3967574.8159146486,706176.8711744779
2024-06-26 15:00:00,3968449.185080773,706593.07601394
2024-06-26 16:00:00,3969317.835069206,706976.5453990056
2024-06-26 17:00:00,3970180.89888408,707285.403397713
2024-06-26 18:00:00,3971038.808788825,707414.003415035
2024-06-26 19:00:00,3971910.517872302,707428.5270927123
2024-06-26 20:00:00,3972792.3020188054,707428.5270927123
2024-06-26 21:00:00,3973672.9556301837,707428.5270927123
2024-06-26 22:00:00,3974540.342079359,707428.5270927123
2024-06-26 23:00:00,3975396.423177284,707428.5270927123
2024-06-27 00:00:00,3976251.939007647,707428.5270927123
2024-06-27 01:00:00,3977135.518709937,707428.5270927123
2024-06-27 02:00:00,3978019.3976715254,707428.5270927123
2024-06-27 03:00:00,3978885.686836609,707428.5270927123
2024-06-27 04:00:00,3979750.0141907404,707428.5270927123
2024-06-27 05:00:00,3980636.952247373,707432.7921516253
2024-06-27 06:00:00,3981538.986273028,707521.0820424898
2024-06-27 07:00:00,3982443.514126165,707783.3309486355
2024-06-27 08:00:00,3983340.5272458233,708135.3303401119
2024-06-27 09:00:00,3984228.030570018,708542.9167228948
2024-06-27 10:00:00,3985062.598249534,709016.0699232614
2024-06-27 11:00:00,3985894.106834006,709508.9096915922
2024-06-27 12:00:00,3986753.2470269753,709993.462105032
2024-06-27 13:00:00,3987552.06984592,710488.0127727727
2024-06-27 14:00:00,3988453.9708674424,710986.8698816996
2024-06-27 15:00:00,3989363.9518900057,711427.0228958478
2024-06-27 16:00:00,3990256.476120197,711836.3181336946
2024-06-27 17:00:00,3991121.368741891,712141.5570518823
2024-06-27 18:00:00,3991987.491651809,712278.6426237455
2024-06-27 19:00:00,3992883.8064997722,712295.0923310687
2024-06-27 20:00:00,3993796.3146008505,712295.0923310687
2024-06-27 21:00:00,3994705.198339322,712295.0923310687
2024-06-27 22:00:00,3995608.329649069,712295.0923310687
2024-06-27 23:00:00,3996496.5312449588,712295.0923310687
2024-06-28 00:00:00,3997369.5038676932,712295.0923310687
2024-06-28 01:00:00,3998230.605871615,712295.0923310687
2024-06-28 02:00:00,3999077.1771740764,712295.0923310687
2024-06-28 03:00:00,3999911.17958603,712295.0923310687
2024-06-28 04:00:00,4000743.386442197,712295.0923310687
2024-06-28 05:00:00,4001583.141282875,712298.9167845208
2024-06-28 06:00:00,4002433.503203109,712383.6931626158
2024-06-28 07:00:00,4003300.1913805897,712633.7312931818
2024-06-28 08:00:00,4004150.6863049557,712992.984032167
2024-06-28 09:00:00,4004967.098920405,713396.317043914
2024-06-28 10:00:00,4005831.9915420986,713823.2193329945
2024-06-28 11:00:00,4006701.905069789,714270.489059473
2024-06-28 12:00:00,4007510.2376841973,714723.15332661
2024-06-28 13:00:00,4008371.9049556814,715172.0656040106
2024-06-28 14:00:00,4009232.308687908,715606.1513664577
2024-06-28 15:00:00,4010128.058268309,715999.9259097283
2024-06-28 16:00:00,4010953.4154116595,716357.3436236491
2024-06-28 17:00:00,4011795.098812257,716627.1316551734
2024-06-28 18:00:00,4012677.581230455,716758.0296987849
2024-06-28 19:00:00,4013600.8294152212,716772.6412719138
2024-06-28 20:00:00,4014534.8509347085,716772.6412719138
2024-06-28 21:00:00,4015455.605291993,716772.6412719138
2024-06-28 22:00:00,4016357.5063135154,716772.6412719138
2024-06-28 23:00:00,4017250.030543707,716772.6412719138
2024-06-29 00:00:00,4018121.9058823497,716772.6412719138
2024-06-29 01:00:00,4018991.1211383455,716772.6412719138
2024-06-29 02:00:00,4019850.42758648,716772.6412719138
2024-06-29 03:00:00,4020702.751317666,716772.6412719138
2024-06-29 04:00:00,4021561.891510635,716772.6412719138
2024-06-29 05:00:00,4022440.5833110614,716775.9672374417
2024-06-29 06:00:00,4023330.0484462087,716851.4504552969
2024-06-29 07:00:00,4024252.0330917174,717064.6481312464
2024-06-29 08:00:00,4025174.1839923915,717379.0731048802
2024-06-29 09:00:00,4026175.37259872,717734.4355433375
2024-06-29 10:00:00,4027148.3310779547,718137.2320808929
2024-06-29 11:00:00,4028106.2268392,718537.4234111384
2024-06-29 12:00:00,4029025.717657227,718970.7398286198
2024-06-29 13:00:00,4030006.789388536,719390.6380926743
2024-06-29 14:00:00,4030929.4723057398,719821.5667359624
2024-06-29 15:00:00,4031918.9232973875,720199.6601472173
2024-06-29 16:00:00,4033030.7048397716,720557.4314905427
2024-06-29 17:00:00,4034045.725875865,720797.810617343
2024-06-29 18:00:00,4035073.847818996,720897.5759597984
2024-06-29 19:00:00,4036151.015035934,720908.0530442488
2024-06-29 20:00:00,4037221.8978076177,720908.0530442488
2024-06-29 21:00:00,4038286.0638706177,720908.0530442488
2024-06-29 22:00:00,4039340.1881216243,720908.0530442488
2024-06-29 23:00:00,4040319.5973012787,720908.0530442488
2024-06-30 00:00:00,4041273.004173057,720908.0530442488
2024-06-30 01:00:00,4042223.3519497914,720908.0530442488
2024-06-30 02:00:00,4043163.6579145323,720908.0530442488
2024-06-30 03:00:00,4044126.5745817744,720908.0530442488
2024-06-30 04:00:00,4044919.81122716,720908.0530442488
2024-06-30 05:00:00,4045886.3522570087,720912.0594709971
2024-06-30 06:00:00,4046929.7031732947,721001.2598400405
2024-06-30 07:00:00,4047983.1291526067,721265.8599523928
2024-06-30 08:00:00,4049020.3286277708,721619.9689044198
2024-06-30 09:00:00,4050052.374192806,722007.7405950471
2024-06-30 10:00:00,4051022.971848692,722448.4972059851
2024-06-30 11:00:00,4051993.436500445,722901.2904842808
2024-06-30 12:00:00,4052983.452759655,723327.500733261
2024-06-30 13:00:00,4053985.339637678,723744.616981063
2024-06-30 14:00:00,4054955.8042894313,724164.5171220965
2024-06-30 15:00:00,4055915.495606464,724550.8929864946
2024-06-30 16:00:00,4056876.4504627534,724883.6643839215
2024-06-30 17:00:00,4057900.2497715824,725147.4990750158
2024-06-30 18:00:00,4058928.537969879,725276.7681548281
2024-06-30 19:00:00,4059977.608063856,725291.6971078423
2024-06-30 20:00:00,4061027.941697091,725291.6971078423
2024-06-30 21:00:00,4062061.383805516,725291.6971078423
2024-06-30 22:00:00,4063034.907552314,725291.6971078423
2024-06-30 23:00:00,4063950.0757360393,725291.6971078423
2024-07-01 00:00:00,4064851.4114899994,725291.6971078423
2024-07-01 01:00:00,4065738.914814194,725291.6971078423
2024-07-01 02:00:00,4066612.5857086238,725291.6971078423
2024-07-01 03:00:00,4067479.2738861046,725291.6971078423
2024-07-01 04:00:00,4068339.810622464,725291.6971078423
2024-07-01 05:00:00,4069217.272134666,725296.0208578423
2024-07-01 06:00:00,4070116.779081806,725414.3783578423
2024-07-01 07:00:00,4071041.856073392,725778.4808578424
2024-07-01 08:00:00,4072048.7638574117,726262.4371078424
2024-07-01 09:00:00,4073047.5583893573,726794.4346078425
2024-07-01 10:00:00,4074028.630120666,727363.3358578425
2024-07-01 11:00:00,4075013.4592187144,727952.6108578425
2024-07-01 12:00:00,4075992.7021432035,728522.4383578425
2024-07-01 13:00:00,4076944.1804550625,729087.0308578425
2024-07-01 14:00:00,4077949.8246998247,729643.2721078425
2024-07-01 15:00:00,4078954.2054053294,730173.6796078425
2024-07-01 16:00:00,4079966.699362908,730665.1433578425
2024-07-01 17:00:00,4080984.912498178,731062.1821078424
2024-07-01 18:00:00,4082034.5478597176,731246.1608578424
2024-07-01 19:00:00,4083089.204127254,731266.7746078424
2024-07-01 20:00:00,4084127.6671416755,731266.7746078424
2024-07-01 21:00:00,4085155.390072409,731266.7746078424
2024-07-01 22:00:00,4086184.2102872347,731266.7746078424
2024-07-01 23:00:00,4087192.946878074,731266.7746078424
2024-07-02 00:00:00,4088189.812850101,731266.7746078424
2024-07-02 01:00:00,4089147.143343784,731266.7746078424
2024-07-02 02:00:00,4090040.36584567,731266.7746078424
2024-07-02 03:00:00,4090921.7177287433,731266.7746078424
2024-07-02 04:00:00,4091782.819732665,731266.7746078424
2024-07-02 05:00:00,4092647.014082664,731271.5258578424
2024-07-02 06:00:00,4093513.00398845,731401.7408578424
2024-07-02 07:00:00,4094371.0468973275,731791.6883578424
2024-07-02 08:00:00,4095179.9115282656,732304.9358578424
2024-07-02 09:00:00,4095932.216151918,732857.1946078425
2024-07-02 10:00:00,4096647.5123757417,733436.2021078424
2024-07-02 11:00:00,4097345.218803061,734028.2558578424
2024-07-02 12:00:00,4098047.247864682,734616.6383578423
2024-07-02 13:00:00,4098739.933386005,735204.6683578424
2024-07-02 14:00:00,4099452.735782347,735789.0571078424
2024-07-02 15:00:00,4100236.462632269,736369.7633578425
2024-07-02 16:00:00,4101102.452538055,736917.7696078424
2024-07-02 17:00:00,4101986.1984955105,737355.3158578424
2024-07-02 18:00:00,4102910.8432236663,737534.6296078424
2024-07-02 19:00:00,4103853.510011757,737555.6596078424
2024-07-02 20:00:00,4104798.1386107993,737555.6596078424
2024-07-02 21:00:00,4105730.896591029,737555.6596078424
2024-07-02 22:00:00,4106644.801235497,737555.6596078424
2024-07-02 23:00:00,4107542.3463716847,737555.6596078424
2024-07-03 00:00:00,4108424.9617940155,737555.6596078424
2024-07-03 01:00:00,4109300.594499397,737555.6596078424
2024-07-03 02:00:00,4110175.528933084,737555.6596078424
2024-07-03 03:00:00,4111050.463366771,737555.6596078424
2024-07-03 04:00:00,4111937.966690966,737555.6596078424
2024-07-03 05:00:00,4112858.7210482503,737559.8596078424
2024-07-03 06:00:00,4113775.6847877624,737681.5958578424
2024-07-03 07:00:00,4114687.627621278,738048.0533578424
2024-07-03 08:00:00,4115577.79102812,738541.8346078424
2024-07-03 09:00:00,4116468.353447359,739075.0471078424
2024-07-03 10:00:00,4117355.856771554,739636.7146078424
2024-07-03 11:00:00,4118206.9169634823,740216.1983578424
2024-07-03 12:00:00,4119109.5162567,740785.2121078424
2024-07-03 13:00:00,4119959.8781769336,741351.1396078424
2024-07-03 14:00:00,4120745.0015702457,741908.8996078424
2024-07-03 15:00:00,4121452.783060591,742457.2396078424
2024-07-03 16:00:00,4122252.304151231,742971.5746078424
2024-07-03 17:00:00,4123078.924833839,743380.3771078424
2024-07-03 18:00:00,4123937.533010279,743555.2396078424
2024-07-03 19:00:00,4124825.0363344736,743576.6408578424
2024-07-03 20:00:00,4125714.3684654883,743576.6408578424
2024-07-03 21:00:00,4126591.2647101274,743576.6408578424
2024-07-03 22:00:00,4127465.633876252,743576.6408578424
2024-07-03 23:00:00,4128343.7936601485,743576.6408578424
2024-07-04 00:00:00,4129216.766282883,743576.6408578424
2024-07-04 01:00:00,4130092.2659841324,743576.6408578424
2024-07-04 02:00:00,4130961.481240128,743576.6408578424
2024-07-04 03:00:00,4131825.8085942594,743576.6408578424
2024-07-04 04:00:00,4132688.8724091332,743576.6408578424
2024-07-04 05:00:00,4133561.9780360004,743580.3683578424
2024-07-04 06:00:00,4134431.3262961283,743693.2096078425
2024-07-04 07:00:00,4135284.8803155385,744042.7471078425
2024-07-04 08:00:00,4136113.296553933,744508.8833578425
2024-07-04 09:00:00,4136901.5122933225,745032.5558578424
2024-07-04 10:00:00,4137757.5933912476,745585.2083578424
2024-07-04 11:00:00,4138656.9673342556,746149.6958578425
2024-07-04 12:00:00,4139494.0620922865,746706.7696078424
2024-07-04 13:00:00,4140314.3983296403,747264.0908578425
2024-07-04 14:00:00,4141154.1531703183,747810.8596078425
2024-07-04 15:00:00,4142031.0494149574,748343.1983578425
2024-07-04 16:00:00,4142926.1007236633,748840.3396078425
2024-07-04 17:00:00,4143866.938704934,749212.8458578425
2024-07-04 18:00:00,4144853.164346372,749378.8171078424
2024-07-04 19:00:00,4145870.1139423843,749397.2558578424
2024-07-04 20:00:00,4146857.4701189473,749397.2558578424
2024-07-04 21:00:00,4147797.210816126,749397.2558578424
2024-07-04 22:00:00,4148728.572252966,749397.2558578424
2024-07-04 23:00:00,4149659.501426376,749397.2558578424
2024-07-05 00:00:00,4150586.5402289145,749397.2558578424
2024-07-05 01:00:00,4151506.7293186365,749397.2558578424
2024-07-05 02:00:00,4152417.973880457,749397.2558578424
2024-07-05 03:00:00,4153326.857618929,749397.2558578424
2024-07-05 04:00:00,4154239.4987241393,749397.2558578424
2024-07-05 05:00:00,4155170.9931651116,749400.6571078424
2024-07-05 06:00:00,4156193.528934683,749509.5458578424
2024-07-05 07:00:00,4157246.954913995,749845.9096078424
2024-07-05 08:00:00,4158297.1555430973,750298.4596078425
2024-07-05 09:00:00,4159316.4992134925,750802.5871078424
2024-07-05 10:00:00,4160322.8417299497,751339.6921078424
2024-07-05 11:00:00,4161315.917084204,751894.1521078424
2024-07-05 12:00:00,4162289.041818605,752408.1683578424
2024-07-05 13:00:00,4163274.0371718183,752923.2083578424
2024-07-05 14:00:00,4164314.1959889275,753431.5208578424
2024-07-05 15:00:00,4165427.3740747017,753916.9133578424
2024-07-05 16:00:00,4166492.6706728265,754356.8858578424
2024-07-05 17:00:00,4167573.728260636,754679.4158578424
2024-07-05 18:00:00,4168655.3511160077,754810.9808578424
2024-07-05 19:00:00,4169741.994877376,754825.4371078424
2024-07-05 20:00:00,4170815.5044806744,754825.4371078424
2024-07-05 21:00:00,4171878.9722719793,754825.4371078424
2024-07-05 22:00:00,4172915.905738879,754825.4371078424
2024-07-05 23:00:00,4173866.2535156133,754825.4371078424
2024-07-06 00:00:00,4174809.751579531,754825.4371078424
2024-07-06 01:00:00,4175745.568654805,754825.4371078424
2024-07-06 02:00:00,4176678.3266350348,754825.4371078424
2024-07-06 03:00:00,4177611.2176193967,754825.4371078424
2024-07-06 04:00:00,4178545.239138884,754825.4371078424
2024-07-06 05:00:00,4179562.7540024593,754827.9083578424
2024-07-06 06:00:00,4180648.8324962654,754906.2233578423
2024-07-06 07:00:00,4181760.747042782,755136.2708578423
2024-07-06 08:00:00,4182859.394427096,755451.7433578423
2024-07-06 09:00:00,4183939.188475648,755829.1358578423
2024-07-06 10:00:00,4185026.5305087115,756241.8646078423
2024-07-06 11:00:00,4186109.5499074734,756653.4646078423
2024-07-06 12:00:00,4187210.026098607,757084.5683578423
2024-07-06 13:00:00,4188302.2560335346,757518.9496078423
2024-07-06 14:00:00,4189377.594443653,757938.1696078422
2024-07-06 15:00:00,4190485.053351735,758314.2083578422
2024-07-06 16:00:00,4191603.8176110685,758642.2996078422
2024-07-06 17:00:00,4192723.2801420963,758895.7696078422
2024-07-06 18:00:00,4193869.010989265,759025.5008578422
2024-07-06 19:00:00,4195033.029904633,759040.2533578421
2024-07-06 20:00:00,4196185.74346875,759040.2533578421
2024-07-06 21:00:00,4197327.849953312,759040.2533578421
2024-07-06 22:00:00,4198459.316107286,759040.2533578421
2024-07-06 23:00:00,4199584.930079436,759040.2533578421
2024-07-07 00:00:00,4200713.769401795,759040.2533578421
2024-07-07 01:00:00,4201807.961147675,759040.2533578421
2024-07-07 02:00:00,4202878.976923492,759040.2533578421
2024-07-07 03:00:00,4203809.207825207,759040.2533578421
2024-07-07 04:00:00,4204746.853707301,759040.2533578421
2024-07-07 05:00:00,4205715.356548103,759043.5008578422
2024-07-07 06:00:00,4206849.216776459,759144.3646078422
2024-07-07 07:00:00,4208004.424168058,759456.7921078422
2024-07-07 08:00:00,4209175.425800375,759878.2733578421
2024-07-07 09:00:00,4210336.917637228,760339.9733578421
2024-07-07 10:00:00,4211471.343133146,760828.7596078421
2024-07-07 11:00:00,4212565.534879026,761352.522107842
2024-07-07 12:00:00,4213656.800533994,761859.0983578421
2024-07-07 13:00:00,4214741.648739575,762366.0571078421
2024-07-07 14:00:00,4215926.349797525,762866.490857842
2024-07-07 15:00:00,4217131.832751156,763347.537107842
2024-07-07 16:00:00,4218339.144511607,763788.345857842
2024-07-07 17:00:00,4219512.673222438,764121.679607842
2024-07-07 18:00:00,4220676.692137807,764277.150857842
2024-07-07 19:00:00,4221847.693770124,764295.8408578419
2024-07-07 20:00:00,4223005.428240238,764295.8408578419
2024-07-07 21:00:00,4224157.443532661,764295.8408578419
2024-07-07 22:00:00,4225293.664584366,764295.8408578419
2024-07-07 23:00:00,4226419.278556515,764295.8408578419
2024-07-08 00:00:00,4227521.716558602,764295.8408578419
2024-07-08 01:00:00,4228610.322130922,764295.8408578419
2024-07-08 02:00:00,4229685.66054104,764295.8408578419
2024-07-08 03:00:00,4230766.8511329815,764295.8408578419
2024-07-08 04:00:00,4231845.41489331,764295.8408578419
2024-07-08 05:00:00,4232951.743266267,764298.4096078419
2024-07-08 06:00:00,4234067.448430556,764395.3658578419
2024-07-08 07:00:00,4235214.442816982,764705.6671078419
2024-07-08 08:00:00,4236355.984033981,765127.5496078419
2024-07-08 09:00:00,4237502.9784204075,765588.5408578418
2024-07-08 10:00:00,4238469.652454388,766078.8946078419
2024-07-08 11:00:00,4239490.957935736,766575.3383578418
2024-07-08 12:00:00,4240541.29156897,767047.7221078419
2024-07-08 13:00:00,4241517.342394283,767520.1733578419
2024-07-08 14:00:00,4242514.740382839,767988.327107842
2024-07-08 15:00:00,4243532.953518109,768435.1358578419
2024-07-08 16:00:00,4244571.981800093,768841.1108578419
2024-07-08 17:00:00,4245684.461614172,769153.0583578419
2024-07-08 18:00:00,4246801.264062553,769304.8133578419
2024-07-08 19:00:00,4247911.948320845,769323.717107842
2024-07-08 20:00:00,4249005.707803295,769323.717107842
2024-07-08 21:00:00,4250085.368847715,769323.717107842
2024-07-08 22:00:00,4251155.121084274,769323.717107842
2024-07-08 23:00:00,4252221.814225788,769323.717107842
2024-07-09 00:00:00,4253278.997571839,769323.717107842
2024-07-09 01:00:00,4254332.423551151,769323.717107842
2024-07-09 02:00:00,4255383.322451948,769323.717107842
2024-07-09 03:00:00,4256424.711557282,769323.717107842
2024-07-09 04:00:00,4257453.531772108,769323.717107842
2024-07-09 05:00:00,4258495.486145004,769326.3233578419
2024-07-09 06:00:00,4259555.894841265,769423.9808578419
2024-07-09 07:00:00,4260621.19143939,769737.3683578419
2024-07-09 08:00:00,4261645.689019914,770165.1496078419
2024-07-09 09:00:00,4262615.588404105,770641.4483578418
2024-07-09 10:00:00,4263558.388196328,771144.4358578419
2024-07-09 11:00:00,4264476.183211667,771637.9996078418
2024-07-09 12:00:00,4265373.196331326,772125.8146078418
2024-07-09 13:00:00,4266270.741467514,772613.9221078418
2024-07-09 14:00:00,4267168.452858867,773089.4708578418
2024-07-09 15:00:00,4268079.265157258,773549.4683578418
2024-07-09 16:00:00,4269015.082232532,773969.2658578418
2024-07-09 17:00:00,4270006.362031,774266.7346078418
2024-07-09 18:00:00,4271050.976486543,774399.6346078418
2024-07-09 19:00:00,4272112.615471029,774415.1971078418
2024-07-09 20:00:00,4273100.536915154,774415.1971078418
2024-07-09 21:00:00,4274050.186420194,774415.1971078418
2024-07-09 22:00:00,4274979.719050214,774415.1971078418
2024-07-09 23:00:00,4275900.473407499,774415.1971078418
2024-07-10 00:00:00,4276806.264799893,774415.1971078418
2024-07-10 01:00:00,4277704.375203643,774415.1971078418
2024-07-10 02:00:00,4278579.30963733,774415.1971078418
2024-07-10 03:00:00,4279450.486704278,774415.1971078418
2024-07-10 04:00:00,4280311.023440637,774415.1971078418
2024-07-10 05:00:00,4281181.502235889,774416.4646078418
2024-07-10 06:00:00,4282038.281605509,774476.4158578418
2024-07-10 07:00:00,4282895.626242692,774677.1608578418
2024-07-10 08:00:00,4283763.5779594295,774966.4658578419
2024-07-10 09:00:00,4284629.002597652,775299.8558578419
2024-07-10 10:00:00,4285587.46362646,775663.8346078419
2024-07-10 11:00:00,4286569.366633597,776045.0371078419
2024-07-10 12:00:00,4287566.232605623,776421.4546078419
2024-07-10 13:00:00,4288582.4839299405,776797.2533578419
2024-07-10 14:00:00,4289579.349901967,777151.7221078419
2024-07-10 15:00:00,4290462.5305918595,777630.215247178
2024-07-10 16:00:00,4291240.53826409,778067.708374819
2024-07-10 17:00:00,4292080.293104769,778416.0320380224
2024-07-10 18:00:00,4292985.95149303,778578.0843028156
2024-07-10 19:00:00,4293934.337458813,778596.4104347391
2024-07-10 20:00:00,4294890.404413238,778596.4104347391
2024-07-10 21:00:00,4295849.5637137415,778596.4104347391
2024-07-10 22:00:00,4296797.384411961,778596.4104347391
2024-07-10 23:00:00,4297738.2223932315,778596.4104347391
2024-07-11 00:00:00,4298672.243912718,778596.4104347391
2024-07-11 01:00:00,4299605.56716051,778596.4104347391
2024-07-11 02:00:00,4300528.948349409,778596.4104347391
2024-07-11 03:00:00,4302359.284716859,778596.4104347391
2024-07-11 04:00:00,4304163.086759904,778596.4104347391
2024-07-11 05:00:00,4305993.423127355,778600.8238069586
2024-07-11 06:00:00,4307792.171013371,778714.7245537079
2024-07-11 07:00:00,4308678.410798308,779062.0515790547
2024-07-11 08:00:00,4309601.093715512,779553.9113529103
2024-07-11 09:00:00,4310513.734820723,780067.4562270286
2024-07-11 10:00:00,4311394.255427969,780649.5133519629
2024-07-11 11:00:00,4312250.901793457,781243.1232521466
2024-07-11 12:00:00,4313073.59885416,781788.3593169713
2024-07-11 13:00:00,4313915.84752232,782343.2319527161
2024-07-11 14:00:00,4314770.099813425,782893.5567716005
2024-07-11 15:00:00,4315708.443967214,783415.4779842404
2024-07-11 16:00:00,4316662.549110687,783920.5453740349
2024-07-11 17:00:00,4317650.038291383,784314.818611463
2024-07-11 18:00:00,4318664.494059914,784499.4476852813
2024-07-11 19:00:00,4319702.1257985085,784519.4672354077
2024-07-11 20:00:00,4320754.288238563,784519.4672354077
2024-07-11 21:00:00,4321798.337426543,784519.4672354077
2024-07-11 22:00:00,4322802.019860353,784519.4672354077
2024-07-11 23:00:00,4323744.121380881,784519.4672354077
2024-07-12 00:00:00,4324676.879361111,784519.4672354077
2024-07-12 01:00:00,4325606.544995263,784519.4672354077
2024-07-12 02:00:00,4326536.775896979,784519.4672354077
2024-07-12 03:00:00,4327460.157085877,784519.4672354077
2024-07-12 04:00:00,4328386.630620853,784519.4672354077
2024-07-12 05:00:00,4329325.6730463365,784522.0269400734
2024-07-12 06:00:00,4330273.493744556,784603.8905502493
2024-07-12 07:00:00,4331231.389505802,784834.5727046774
2024-07-12 08:00:00,4332282.853674161,785157.1775600084
2024-07-12 09:00:00,4333326.204590447,785535.7954877188
2024-07-12 10:00:00,4334307.974593451,785934.7496356864
2024-07-12 11:00:00,4335283.460151201,786365.6873801547
2024-07-12 12:00:00,4336291.631474478,786808.0951903182
2024-07-12 13:00:00,4337325.505846334,787249.7169525007
2024-07-12 14:00:00,4338318.015933026,787668.5087556585
2024-07-12 15:00:00,4339371.441912337,788045.2737377386
2024-07-12 16:00:00,4340372.065251103,788363.0556045674
2024-07-12 17:00:00,4341398.956906009,788620.5382232366
2024-07-12 18:00:00,4342436.588644604,788751.0241352766
2024-07-12 19:00:00,4343486.224006144,788766.4001425188
2024-07-12 20:00:00,4344522.725209613,788766.4001425188
2024-07-12 21:00:00,4345499.474306621,788766.4001425188
2024-07-12 22:00:00,4346435.8566494575,788766.4001425188
2024-07-12 23:00:00,4347364.99026708,788766.4001425188
2024-07-13 00:00:00,4348282.652278287,788766.4001425188
2024-07-13 01:00:00,4349194.595111803,788766.4001425188
2024-07-13 02:00:00,4350104.709138499,788766.4001425188
2024-07-13 03:00:00,4351009.93526333,788766.4001425188
2024-07-13 04:00:00,4351917.555462544,788766.4001425188
2024-07-13 05:00:00,4352843.463729957,788768.9545292231
2024-07-13 06:00:00,4353791.2844281765,788850.0278805648
2024-07-13 07:00:00,4354767.468257621,789082.91690877
2024-07-13 08:00:00,4355871.169798965,789403.8393850571
2024-07-13 09:00:00,4357002.502948806,789772.9802215128
2024-07-13 10:00:00,4358126.98638583,790197.3892046862
2024-07-13 11:00:00,4359201.194260823,790623.2168727751
2024-07-13 12:00:00,4360324.2811544575,791068.4598111078
2024-07-13 13:00:00,4361439.853314614,791501.3751669325
2024-07-13 14:00:00,4362501.492299099,791917.4490683586
2024-07-13 15:00:00,4363491.375554177,792295.2746749311
2024-07-13 16:00:00,4364553.579806224,792610.2607376784
2024-07-13 17:00:00,4365688.005302142,792872.8759083324
2024-07-13 18:00:00,4366751.473093447,793000.6637670961
2024-07-13 19:00:00,4367855.307638923,793015.0199524579
2024-07-13 20:00:00,4368955.916834189,793015.0199524579
2024-07-13 21:00:00,4370052.635658584,793015.0199524579
2024-07-13 22:00:00,4371135.522053213,793015.0199524579
2024-07-13 23:00:00,4372212.124002588,793015.0199524579
2024-07-14 00:00:00,4373273.629982941,793015.0199524579
2024-07-14 01:00:00,4374326.4906946905,793015.0199524579
2024-07-14 02:00:00,4375367.879800024,793015.0199524579
2024-07-14 03:00:00,4376404.247999362,793015.0199524579
2024-07-14 04:00:00,4377445.637104696,793015.0199524579
2024-07-14 05:00:00,4378504.782261699,793019.9945465841
2024-07-14 06:00:00,4379595.349644973,793152.8251192607
2024-07-14 07:00:00,4380707.829459052,793541.0431845287
2024-07-14 08:00:00,4381856.752405397,794043.0976986502
2024-07-14 09:00:00,4383004.278808353,794570.8485470297
2024-07-14 10:00:00,4384139.402575966,795156.2461479546
2024-07-14 11:00:00,4385257.468563604,795739.020964513
2024-07-14 12:00:00,4386366.191010945,796328.2708693948
2024-07-14 13:00:00,4387470.424568817,796943.5669495452
2024-07-14 14:00:00,4388571.599031646,797503.3947212428
2024-07-14 15:00:00,4389667.187320915,798088.4948997751
2024-07-14 16:00:00,4390740.696924213,798651.0971435203
2024-07-14 17:00:00,4391853.742005855,799095.1489603883
2024-07-14 18:00:00,4392945.572928385,799267.8511967473
2024-07-14 19:00:00,4394022.307881893,799289.740958872
2024-07-14 20:00:00,4395070.679704175,799289.740958872
2024-07-14 21:00:00,4396104.554076031,799289.740958872
2024-07-14 22:00:00,4397041.069422999,799289.740958872
2024-07-14 23:00:00,4397930.4015540145,799289.740958872
2024-07-15 00:00:00,4398805.335987701,799289.740958872
2024-07-15 01:00:00,4399663.944164141,799289.740958872
2024-07-15 02:00:00,4400503.000733124,799289.740958872
2024-07-15 03:00:00,4401334.509317596,799289.740958872
2024-07-15 04:00:00,4402157.904649994,799289.740958872
2024-07-15 05:00:00,4402983.827060907,799293.5640510151
2024-07-15 06:00:00,4403825.377457372,799407.7212779945
2024-07-15 07:00:00,4404664.567030488,799756.1597270442
2024-07-15 08:00:00,4405504.321871166,800208.7359506857
2024-07-15 09:00:00,4406306.370040321,800746.4984423112
2024-07-15 10:00:00,4407074.468904691,801272.6793936243
2024-07-15 11:00:00,4407814.90290953,801855.041686284
2024-07-15 12:00:00,4408549.617736679,802414.2525439989
2024-07-15 13:00:00,4409280.009929525,802989.9411981117
2024-07-15 14:00:00,4410022.971012879,803550.4569894165
2024-07-15 15:00:00,4410801.809960937,804075.5242014071
2024-07-15 16:00:00,4411602.0293232715,804564.3220551905
2024-07-15 17:00:00,4412426.688194927,804952.823853341
2024-07-15 18:00:00,4413308.605345563,805122.7542820076
2024-07-15 19:00:00,4414246.949499352,805140.7924786647
2024-07-15 20:00:00,4415182.8995787585,805140.7924786647
2024-07-15 21:00:00,4416101.126857528,805140.7924786647
2024-07-15 22:00:00,4416994.914626977,805140.7924786647
2024-07-15 23:00:00,4417876.698773481,805140.7924786647
2024-07-16 00:00:00,4418744.650490219,805140.7924786647
2024-07-16 01:00:00,4419609.543111913,805140.7924786647
2024-07-16 02:00:00,4420468.8495600475,805140.7924786647
2024-07-16 03:00:00,4421326.19419723,805140.7924786647
2024-07-16 04:00:00,4422181.011755898,805140.7924786647
2024-07-16 05:00:00,4423047.699933378,805145.3284934767
2024-07-16 06:00:00,4423931.445890834,805272.1450712399
2024-07-16 07:00:00,4424832.216377231,805675.7603959976
2024-07-16 08:00:00,4425723.477068165,806196.8906985734
2024-07-16 09:00:00,4426589.599978084,806748.5545142909
2024-07-16 10:00:00,4427500.977544037,807315.5009088578
2024-07-16 11:00:00,4428488.466724732,807895.0767650907
2024-07-16 12:00:00,4429449.554585154,808460.9970801866
2024-07-16 13:00:00,4430374.19931331,809053.5676169278
2024-07-16 14:00:00,4431307.090297672,809628.5444807863
2024-07-16 15:00:00,4432226.714119831,810196.6095590851
2024-07-16 16:00:00,4433189.065519511,810768.3980733044
2024-07-16 17:00:00,4434175.856428511,811206.292115338
2024-07-16 18:00:00,4435212.35763198,811385.8656838307
2024-07-16 19:00:00,4436269.540978031,811406.6006747003
2024-07-16 20:00:00,4437310.3980668355,811406.6006747003
2024-07-16 21:00:00,4438337.422725874,811406.6006747003
2024-07-16 22:00:00,4439275.2016121,811406.6006747003
2024-07-16 23:00:00,4440209.223131587,811406.6006747003
2024-07-17 00:00:00,4441135.131399,811406.6006747003
2024-07-17 01:00:00,4442055.885756285,811406.6006747003
2024-07-17 02:00:00,4442972.849495797,811406.6006747003
2024-07-17 03:00:00,4443887.851424357,811406.6006747003
2024-07-17 04:00:00,4444806.211707259,811406.6006747003
2024-07-17 05:00:00,4445746.5176719995,811410.4917660928
2024-07-17 06:00:00,4446683.731290664,811526.2322199168
2024-07-17 07:00:00,4447671.220471359,811893.135063816
2024-07-17 08:00:00,4448729.102089105,812337.382295778
2024-07-17 09:00:00,4449769.959177909,812846.4292819443
2024-07-17 10:00:00,4450782.453135488,813416.9160395887
2024-07-17 11:00:00,4451847.18446605,813981.5587844674
2024-07-17 12:00:00,4452928.807321422,814545.0424829521
2024-07-17 13:00:00,4453993.538651984,815114.3673747241
2024-07-17 14:00:00,4455039.981914347,815634.3194879468
2024-07-17 15:00:00,4456091.446082707,816183.7220716568
2024-07-17 16:00:00,4457080.065798527,816672.3736711218
2024-07-17 17:00:00,4458129.002888371,817035.744157188
2024-07-17 18:00:00,4459176.14442243,817202.0730915618
2024-07-17 19:00:00,4460264.184727188,817220.7624440249
2024-07-17 20:00:00,4461364.660918322,817220.7624440249
2024-07-17 21:00:00,4462455.095297463,817220.7624440249
2024-07-17 22:00:00,4463534.19107432,817220.7624440249
2024-07-17 23:00:00,4464602.114504059,817220.7624440249
2024-07-18 00:00:00,4465664.884023669,817220.7624440249
2024-07-18 01:00:00,4466721.502102158,817220.7624440249
2024-07-18 02:00:00,4467767.380096959,817220.7624440249
2024-07-18 03:00:00,4468818.412001888,817220.7624440249
2024-07-18 04:00:00,4469868.745635123,817220.7624440249
2024-07-18 05:00:00,4470930.251615476,817225.2048747375
2024-07-18 06:00:00,4471960.468373692,817344.8157429678
2024-07-18 07:00:00,4473052.69830862,817719.2406035523
2024-07-18 08:00:00,4474104.727744542,818222.2310703445
2024-07-18 09:00:00,4475123.506147374,818753.0040925859
2024-07-18 10:00:00,4476120.505123533,819344.3162692495
2024-07-18 11:00:00,4477101.709858974,819958.7478646178
2024-07-18 12:00:00,4478065.191793779,820525.8871922912
2024-07-18 13:00:00,4479023.652822587,821070.313255811
2024-07-18 14:00:00,4480014.7663658885,821614.2620353294
2024-07-18 15:00:00,4481005.347892662,822121.0646144688
2024-07-18 16:00:00,4482054.983254202,822595.5493156249
2024-07-18 17:00:00,4483144.287098218,822983.0111895575
2024-07-18 18:00:00,4484283.16823257,823163.3696017382
2024-07-18 19:00:00,4485459.057766751,823183.6429739735
2024-07-18 20:00:00,4486581.047376294,823183.6429739735
2024-07-18 21:00:00,4487682.2218391225,823183.6429739735
2024-07-18 22:00:00,4488782.831034388,823183.6429739735
2024-07-18 23:00:00,4489899.101466239,823183.6429739735
2024-07-19 00:00:00,4491046.79412436,823183.6429739735
2024-07-19 01:00:00,4492183.8464518925,823183.6429739735
2024-07-19 02:00:00,4493317.83968438,823183.6429739735
2024-07-19 03:00:00,4494441.62484971,823183.6429739735
2024-07-19 04:00:00,4495565.975282602,823183.6429739735
2024-07-19 05:00:00,4496703.592877697,823188.0208642955
2024-07-19 06:00:00,4497855.741174252,823307.2090165436
2024-07-19 07:00:00,4499016.5347394105,823681.8049844502
2024-07-19 08:00:00,4500142.281715692,824174.8759895886
2024-07-19 09:00:00,4501212.599219814,824726.407233051
2024-07-19 10:00:00,4502257.778942919,825317.0755242561
2024-07-19 11:00:00,4503290.389775517,825884.5016097367
2024-07-19 12:00:00,4504317.979702119,826429.2025743559
2024-07-19 13:00:00,4505341.213743385,826982.2447559596
2024-07-19 14:00:00,4506409.7024406865,827518.0901309577
2024-07-19 15:00:00,4507496.346202055,828022.7018820012
2024-07-19 16:00:00,4508606.332188653,828501.3701661159
2024-07-19 17:00:00,4509735.703527542,828898.9594709196
2024-07-19 18:00:00,4510848.050337489,829086.7188007073
2024-07-19 19:00:00,4511995.576740445,829106.7883407108
2024-07-19 20:00:00,4513110.583633038,829106.7883407108
2024-07-19 21:00:00,4514223.063447117,829106.7883407108
2024-07-19 22:00:00,4515319.915275644,829106.7883407108
2024-07-19 23:00:00,4516403.499941967,829106.7883407108
2024-07-20 00:00:00,4517471.290367574,829106.7883407108
2024-07-20 01:00:00,4518529.737252883,829106.7883407108
2024-07-20 02:00:00,4519579.372614423,829106.7883407108
2024-07-20 03:00:00,4520627.7444367055,829106.7883407108
2024-07-20 04:00:00,4521673.622431506,829106.7883407108
2024-07-20 05:00:00,4522743.374668065,829110.0394434293
2024-07-20 06:00:00,4523834.507318901,829211.6213350985
2024-07-20 07:00:00,4524934.418242472,829526.2110353245
2024-07-20 08:00:00,4526028.177724922,829956.881174156
2024-07-20 09:00:00,4527113.025930503,830416.637430782
2024-07-20 10:00:00,4528236.279079303,830892.9105231675
2024-07-20 11:00:00,4529350.720704335,831403.4549150129
2024-07-20 12:00:00,4530463.200518413,831933.6691384958
2024-07-20 13:00:00,4531595.797207512,832441.9507473299
2024-07-20 14:00:00,4532596.98581384,832954.2184130847
2024-07-20 15:00:00,4533613.4033933235,833429.7945757828
2024-07-20 16:00:00,4534685.815712529,833870.2074690636
2024-07-20 17:00:00,4535799.559065865,834197.1901960945
2024-07-20 18:00:00,4536875.72875181,834351.8018887254
2024-07-20 19:00:00,4537979.962309683,834370.008941511
2024-07-20 20:00:00,4539066.739075184,834370.008941511
2024-07-20 21:00:00,4540138.852135092,834370.008941511
2024-07-20 22:00:00,4541183.599594767,834370.008941511
2024-07-20 23:00:00,4542134.512639064,834370.008941511
2024-07-21 00:00:00,4543075.516875501,834370.008941511
2024-07-21 01:00:00,4544007.709588168,834370.008941511
2024-07-21 02:00:00,4544911.007153081,834370.008941511
2024-07-21 03:00:00,4545794.1878429735,834370.008941511
2024-07-21 04:00:00,4546671.649355175,834370.008941511
2024-07-21 05:00:00,4547563.608317804,834373.2551563863
2024-07-21 06:00:00,4548464.378804201,834479.0258007513
2024-07-21 07:00:00,4549377.019909412,834797.3016310135
2024-07-21 08:00:00,4550257.108253228,835210.7607807718
2024-07-21 09:00:00,4551097.561365601,835654.8709944003
2024-07-21 10:00:00,4551899.0442671925,836129.9756317049
2024-07-21 11:00:00,4552674.558111941,836632.241139186
2024-07-21 12:00:00,4553541.379293554,837152.0049986028
2024-07-21 13:00:00,4554489.765259337,837659.4268763544
2024-07-21 14:00:00,4555437.585957556,838178.4560380352
2024-07-21 15:00:00,4556389.76254111,838650.0392876042
2024-07-21 16:00:00,4557321.2569820825,839080.6121266995
2024-07-21 17:00:00,4558274.830109026,839422.1659937962
2024-07-21 18:00:00,4559262.319289722,839572.7066989518
2024-07-21 19:00:00,4560279.834153296,839592.3180102893
2024-07-21 20:00:00,4561189.249908297,839592.3180102893
2024-07-21 21:00:00,4562082.339406051,839592.3180102893
2024-07-21 22:00:00,4562961.729478172,839592.3180102893
2024-07-21 23:00:00,4563830.379466605,839592.3180102893
2024-07-22 00:00:00,4564693.443281479,839592.3180102893
2024-07-22 01:00:00,4565558.1696480075,839592.3180102893
2024-07-22 02:00:00,4566411.590663285,839592.3180102893
2024-07-22 03:00:00,4567259.558509137,839592.3180102893
2024-07-22 04:00:00,4568098.049810558,839592.3180102893
2024-07-22 05:00:00,4568947.846463229,839593.5784356047
2024-07-22 06:00:00,4569827.103531217,839655.4246987719
2024-07-22 07:00:00,4570721.456568228,839863.2317139254
2024-07-22 08:00:00,4571593.331906871,840154.5324322282
2024-07-22 09:00:00,4572423.011684523,840484.4814915482
2024-07-22 10:00:00,4573220.703968342,840830.3368848762
2024-07-22 11:00:00,4573993.258471146,841220.0103181117
2024-07-22 12:00:00,4574833.013311825,841604.5004559177
2024-07-22 13:00:00,4575741.331782734,841978.3927096543
2024-07-22 14:00:00,4576616.831483983,842319.5551772597
2024-07-22 15:00:00,4577509.355714175,842793.7074371799
2024-07-22 16:00:00,4578430.808343154,843249.60287426
2024-07-22 17:00:00,4579358.379162222,843582.1185615028
2024-07-22 18:00:00,4580343.20826027,843744.1220221573
2024-07-22 19:00:00,4581357.531024668,843762.9312715975
2024-07-22 20:00:00,4582309.275344793,843762.9312715975
2024-07-22 21:00:00,4583216.8955440065,843762.9312715975
2024-07-22 22:00:00,4584108.1562349405,843762.9312715975
2024-07-22 23:00:00,4584983.65593619,843762.9312715975
2024-07-23 00:00:00,4585854.267735575,843762.9312715975
2024-07-23 01:00:00,4586718.462085574,843762.9312715975
2024-07-23 02:00:00,4587578.865817801,843762.9312715975
2024-07-23 03:00:00,4588431.887820682,843762.9312715975
2024-07-23 04:00:00,4589286.140111786,843762.9312715975
2024-07-23 05:00:00,4590151.165737612,843765.5515900013
2024-07-23 06:00:00,4591030.555809733,843859.9234404702
2024-07-23 07:00:00,4591917.493866365,844167.0996019709
2024-07-23 08:00:00,4592775.536775243,844592.2563720127
2024-07-23 09:00:00,4593597.136551854,845081.166381328
2024-07-23 10:00:00,4594376.540767475,845571.6700719019
2024-07-23 11:00:00,4595134.730823984,846083.3073223557
2024-07-23 12:00:00,4595953.670517948,846559.6641943809
2024-07-23 13:00:00,4596873.85960767,847034.1206647
2024-07-23 14:00:00,4597746.266962843,847509.1245531238
2024-07-23 15:00:00,4598624.42674674,847958.4107385519
2024-07-23 16:00:00,4599507.607436633,848362.6373697524
2024-07-23 17:00:00,4600458.52048093,848654.6250617781
2024-07-23 18:00:00,4601424.097230819,848786.7919768638
2024-07-23 19:00:00,4602383.256531322,848802.178148214
2024-07-23 20:00:00,4603311.525622085,848802.178148214
2024-07-23 21:00:00,4604218.447549604,848802.178148214
2024-07-23 22:00:00,4605118.519764307,848802.178148214
2024-07-23 23:00:00,4606012.440537888,848802.178148214
2024-07-24 00:00:00,4606897.4167835675,848802.178148214
2024-07-24 01:00:00,4607774.180024074,848802.178148214
2024-07-24 02:00:00,4608634.018488739,848802.178148214
2024-07-24 03:00:00,4609491.363125921,848802.178148214
2024-07-24 04:00:00,4610345.615417026,848802.178148214
2024-07-24 05:00:00,4611207.282688511,848803.4465354158
2024-07-24 06:00:00,4612062.798518873,848865.5452799036
2024-07-24 07:00:00,4612920.143156055,849065.5676064994
2024-07-24 08:00:00,4613774.960714723,849359.3342815761
2024-07-24 09:00:00,4614625.322634957,849683.4897060829
2024-07-24 10:00:00,4615495.236162648,850030.057371019
2024-07-24 11:00:00,4616446.847478639,850425.7198143936
2024-07-24 12:00:00,4617397.7605229365,850792.9186026189
2024-07-24 13:00:00,4618304.682450456,851172.038124174
2024-07-24 14:00:00,4619178.353344885,851511.0604934426
2024-07-24 15:00:00,4620075.76547694,851995.1311317079
2024-07-24 16:00:00,4620978.364770157,852442.4627394243
2024-07-24 17:00:00,4621919.202751428,852789.9819084422
2024-07-24 18:00:00,4622934.223787521,852938.8740972704
2024-07-24 19:00:00,4623968.796431071,852956.64283611
2024-07-24 20:00:00,4625011.582079794,852956.64283611
2024-07-24 21:00:00,4626029.795215065,852956.64283611
2024-07-24 22:00:00,4626956.268750041,852956.64283611
2024-07-24 23:00:00,4627880.215206502,852956.64283611
2024-07-25 00:00:00,4628804.859934658,852956.64283611
2024-07-25 01:00:00,4629732.031741329,852956.64283611
2024-07-25 02:00:00,4630652.919102745,852956.64283611
2024-07-25 03:00:00,4631567.522018908,852956.64283611
2024-07-25 04:00:00,4632478.201313166,852956.64283611
2024-07-25 05:00:00,4633402.0147654945,852959.2300330484
2024-07-25 06:00:00,4634317.7149657495,853058.2653446645
2024-07-25 07:00:00,4635222.808086448,853358.0535604425
2024-07-25 08:00:00,4636151.077177211,853784.8880173845
2024-07-25 09:00:00,4637068.87219255,854268.9138648066
2024-07-25 10:00:00,4637955.111977488,854762.6297198236
2024-07-25 11:00:00,4638828.782871917,855233.4795242643
2024-07-25 12:00:00,4639673.691622724,855740.3599027061
2024-07-25 13:00:00,4640565.517581221,856207.8189512556
2024-07-25 14:00:00,4641486.404942637,856671.2248042955
2024-07-25 15:00:00,4642437.450991066,857148.5697515279
2024-07-25 16:00:00,4643392.686669664,857555.4581908683
2024-07-25 17:00:00,4644365.645148899,857862.4610375332
2024-07-25 18:00:00,4645402.711619931,857999.9291931883
2024-07-25 19:00:00,4646470.63504967,858015.5640220252
2024-07-25 20:00:00,4647545.408192226,858015.5640220252
2024-07-25 21:00:00,4648605.118616791,858015.5640220252
2024-07-25 22:00:00,4649562.449110474,858015.5640220252
2024-07-25 23:00:00,4650511.400343819,858015.5640220252
2024-07-26 00:00:00,4651457.990753814,858015.5640220252
2024-07-26 01:00:00,4652397.59844686,858015.5640220252
2024-07-26 02:00:00,4653337.904411601,858015.5640220252
2024-07-26 03:00:00,4654272.457947617,858015.5640220252
2024-07-26 04:00:00,4655212.763912358,858015.5640220252
2024-07-26 05:00:00,4656164.940495912,858017.9578206029
2024-07-26 06:00:00,4657213.312318195,858092.8034848011
2024-07-26 07:00:00,4658288.783732445,858311.7511518393
2024-07-26 08:00:00,4659349.724445235,858637.3028621001
2024-07-26 09:00:00,4660391.113550569,859018.3314066557
2024-07-26 10:00:00,4661384.887176518,859440.7687138797
2024-07-26 11:00:00,4662428.238092804,859862.316432629
2024-07-26 12:00:00,4663436.542420214,860287.0605852432
2024-07-26 13:00:00,4664393.174642202,860729.0954480979
2024-07-26 14:00:00,4665390.040614229,861153.6960159598
2024-07-26 15:00:00,4666533.809650445,861541.4991747871
2024-07-26 16:00:00,4667701.585932553,861878.8249496398
2024-07-26 17:00:00,4668832.220810699,862121.0463035016
2024-07-26 18:00:00,4669900.709508001,862248.0030566743
2024-07-26 19:00:00,4671025.758212588,862263.43117849
2024-07-26 20:00:00,4672135.57794402,862263.43117849
2024-07-26 21:00:00,4673232.4297725465,862263.43117849
2024-07-26 22:00:00,4674308.46645436,862263.43117849
2024-07-26 23:00:00,4675351.817370646,862263.43117849
2024-07-27 00:00:00,4676299.638068865,862263.43117849
2024-07-27 01:00:00,4677236.153415834,862263.43117849
2024-07-27 02:00:00,4678166.949585111,862263.43117849
2024-07-27 03:00:00,4679099.142297778,862263.43117849
2024-07-27 04:00:00,4680038.749990825,862263.43117849
2024-07-27 05:00:00,4681015.632091965,862267.7203109763
2024-07-27 06:00:00,4682093.065317167,862389.3880333409
2024-07-27 07:00:00,4683187.390067179,862742.8084420948
2024-07-27 08:00:00,4684270.841729371,863256.9228688471
2024-07-27 09:00:00,4685324.965980378,863775.892151019
2024-07-27 10:00:00,4686341.915576391,864342.8216116442
2024-07-27 11:00:00,4687340.710108337,864919.2904036776
2024-07-27 12:00:00,4688321.2165720835,865476.4828336583
2024-07-27 13:00:00,4689274.789699027,866046.0658903522
2024-07-27 14:00:00,4690274.282502668,866590.7567684182
2024-07-27 15:00:00,4691242.918347602,867147.6817276416
2024-07-27 16:00:00,4692256.1105768755,867686.1044223439
2024-07-27 17:00:00,4693281.173424962,868102.1353699325
2024-07-27 18:00:00,4694340.185577833,868273.5659318846
2024-07-27 19:00:00,4695435.075595408,868294.1211058095
2024-07-27 20:00:00,4696526.341250376,868294.1211058095
2024-07-27 21:00:00,4697630.04279172,868294.1211058095
2024-07-27 22:00:00,4698713.062190481,868294.1211058095
2024-07-27 23:00:00,4699701.11663874,868294.1211058095
2024-07-28 00:00:00,4700658.879395853,868294.1211058095
2024-07-28 01:00:00,4701607.265361635,868294.1211058095
2024-07-28 02:00:00,4702560.672233413,868294.1211058095
2024-07-28 03:00:00,4703603.324878003,868294.1211058095
2024-07-28 04:00:00,4704641.08962073,868294.1211058095
2024-07-28 05:00:00,4705695.047616571,868298.1658403914
2024-07-28 06:00:00,4706775.4069326855,868415.0035458916
2024-07-28 07:00:00,4707869.598678566,868793.241601053
2024-07-28 08:00:00,4708944.937088683,869288.8634539269
2024-07-28 09:00:00,4709985.228909925,869828.9402125274
2024-07-28 10:00:00,4711009.859494581,870388.1120430798
2024-07-28 11:00:00,4712060.193127816,870986.857313811
2024-07-28 12:00:00,4713028.130701054,871566.7834751724
2024-07-28 13:00:00,4714025.694944776,872160.1924561088
2024-07-28 14:00:00,4715000.049967401,872734.6047065363
2024-07-28 15:00:00,4715986.840876401,873305.4374008076
2024-07-28 16:00:00,4717034.680682154,873816.179397019
2024-07-28 17:00:00,4718089.33694969,874235.6978214354
2024-07-28 18:00:00,4719202.515035464,874404.8734656781
2024-07-28 19:00:00,4720326.865468357,874425.7457568202
2024-07-28 20:00:00,4721447.45853451,874425.7457568202
2024-07-28 21:00:00,4722557.9765376365,874425.7457568202
2024-07-28 22:00:00,4723658.585732902,874425.7457568202
2024-07-28 23:00:00,4724750.948671962,874425.7457568202
2024-07-29 00:00:00,4725830.742720515,874425.7457568202
2024-07-29 01:00:00,4726904.817591375,874425.7457568202
2024-07-29 02:00:00,4727966.45657586,874425.7457568202
2024-07-29 03:00:00,4729030.62263886,874425.7457568202
2024-07-29 04:00:00,4730098.5460685985,874425.7457568202
2024-07-29 05:00:00,4731193.3030820405,874428.2226592599
2024-07-29 06:00:00,4732310.271785587,874524.080537883
2024-07-29 07:00:00,4733450.549463329,874831.1863834943
2024-07-29 08:00:00,4734603.961299141,875275.9995918791
2024-07-29 09:00:00,4735718.402924173,875769.8524671403
2024-07-29 10:00:00,4736805.744957236,876276.8435830333
2024-07-29 11:00:00,4737912.638597756,876746.0767582686
2024-07-29 12:00:00,4738947.7432578355,877229.6822090643
2024-07-29 13:00:00,4740078.378135982,877697.482609758
2024-07-29 14:00:00,4741220.484620544,878196.2614636865
2024-07-29 15:00:00,4742485.75293167,878667.0390067244
2024-07-29 16:00:00,4743647.244768524,879098.6634192505
2024-07-29 17:00:00,4744829.418747959,879384.0111670912
2024-07-29 18:00:00,4745988.982024893,879517.104693285
2024-07-29 19:00:00,4747164.306291511,879532.1034169764
2024-07-29 20:00:00,4748307.643064298,879532.1034169764
2024-07-29 21:00:00,4749411.344605641,879532.1034169764
2024-07-29 22:00:00,4750503.009273007,879532.1034169764
2024-07-29 23:00:00,4751584.632128378,879532.1034169764
2024-07-30 00:00:00,4752656.3461758895,879532.1034169764
2024-07-30 01:00:00,4753719.1156955,879532.1034169764
2024-07-30 02:00:00,4754764.993690301,879532.1034169764
2024-07-30 03:00:00,4755805.285511542,879532.1034169764
2024-07-30 04:00:00,4756837.331076577,879532.1034169764
2024-07-30 05:00:00,4757888.096973242,879534.4650980673
2024-07-30 06:00:00,4758956.020402981,879616.1379588004
2024-07-30 07:00:00,4760039.039801743,879844.9405940187
2024-07-30 08:00:00,4761086.181335801,880150.1275455398
2024-07-30 09:00:00,4762089.331753082,880511.3184575102
2024-07-30 10:00:00,4763056.704058758,880944.5278189835
2024-07-30 11:00:00,4764019.487721868,881353.3317084368
2024-07-30 12:00:00,4764985.62973932,881801.1017328933
2024-07-30 13:00:00,4765907.082368299,882241.1307505943
2024-07-30 14:00:00,4766847.92034957,882643.3119480509
2024-07-30 15:00:00,4767831.652163526,883009.4411335913
2024-07-30 16:00:00,4768787.153850389,883331.6272697477
2024-07-30 17:00:00,4769789.040728412,883596.7504445496
2024-07-30 18:00:00,4770819.822754189,883725.2722587365
2024-07-30 19:00:00,4771891.5368017005,883739.2998489201
2024-07-30 20:00:00,4772954.439325443,883739.2998489201
2024-07-30 21:00:00,4773992.769335732,883739.2998489201
2024-07-30 22:00:00,4775018.530455513,883739.2998489201
2024-07-30 23:00:00,4775963.159054556,883739.2998489201
2024-07-31 00:00:00,4776883.348144278,883739.2998489201
2024-07-31 01:00:00,4777796.122253621,883739.2998489201
2024-07-31 02:00:00,4778706.2362803165,883739.2998489201
2024-07-31 03:00:00,4779612.459936141,883739.2998489201
2024-07-31 04:00:00,4780514.493961796,883739.2998489201
2024-07-31 05:00:00,4781426.436795312,883743.5074153666
2024-07-31 06:00:00,4782337.814361265,883867.8983453854
2024-07-31 07:00:00,4783247.396371432,884224.5721251
2024-07-31 08:00:00,4784190.063159522,884704.071399269
2024-07-31 09:00:00,4785161.924354665,885254.8766908037
2024-07-31 10:00:00,4786125.406289469,885837.1580399761
2024-07-31 11:00:00,4786992.2274710825,886415.9406259548
2024-07-31 12:00:00,4787831.2840400655,886976.9166305757
2024-07-31 13:00:00,4788725.637077076,887542.0453582153
2024-07-31 14:00:00,4789589.266159513,888116.5837885531
2024-07-31 15:00:00,4790463.635325638,888669.6524258932
2024-07-31 16:00:00,4791389.975856481,889182.1325416997
2024-07-31 17:00:00,4792364.896146668,889584.2064310871
2024-07-31 18:00:00,4793396.941711703,889761.3691489787
2024-07-31 19:00:00,4794371.728997759,889782.504640865
2024-07-31 20:00:00,4795326.532412927,889782.504640865
2024-07-31 21:00:00,4796267.370394197,889782.504640865
2024-07-31 22:00:00,4797188.823023177,889782.504640865
2024-07-31 23:00:00,4798104.523223432,889782.504640865
2024-08-01 00:00:00,4799018.9931354625,889782.504640865
2024-08-01 01:00:00,4799918.36707847,889782.504640865
2024-08-01 02:00:00,4800803.34332415,889782.504640865
2024-08-01 03:00:00,4801683.298663833,889782.504640865
2024-08-01 04:00:00,4802555.872274171,889782.504640865
2024-08-01 05:00:00,4803443.508602498,889783.303390865
2024-08-01 06:00:00,4804333.539005208,889868.585890865
2024-08-01 07:00:00,4805214.192616587,890218.607140865
2024-08-01 08:00:00,4806051.42037875,890722.0708908649
2024-08-01 09:00:00,4806914.484193624,891275.147140865
2024-08-01 10:00:00,4807766.80792481,891840.808390865
2024-08-01 11:00:00,4808588.4077014215,892400.754640865
2024-08-01 12:00:00,4809389.757598882,892988.030890865
2024-08-01 13:00:00,4810201.980584161,893576.203390865
2024-08-01 14:00:00,4810997.179040499,894162.223390865
2024-08-01 15:00:00,4811834.27379853,894745.914640865
2024-08-01 16:00:00,4812699.698436753,895296.223390865
2024-08-01 17:00:00,4813606.188100842,895729.8771408651
2024-08-01 18:00:00,4814492.560889912,895889.1471408651
2024-08-01 19:00:00,4815429.641504443,895900.258390865
2024-08-01 20:00:00,4816369.24919749,895900.258390865
2024-08-01 21:00:00,4817294.459193208,895900.258390865
2024-08-01 22:00:00,4818209.062109371,895900.258390865
2024-08-01 23:00:00,4819119.874407762,895900.258390865
2024-08-02 00:00:00,4820025.665800156,895900.258390865
2024-08-02 01:00:00,4820926.303282421,895900.258390865
2024-08-02 02:00:00,4821828.902575638,895900.258390865
2024-08-02 03:00:00,4822740.280141591,895900.258390865
2024-08-02 04:00:00,4823659.338696188,895900.258390865
2024-08-02 05:00:00,4824599.644660929,895900.9746408651
2024-08-02 06:00:00,4825562.561328171,895986.9658908651
2024-08-02 07:00:00,4826577.582364264,896361.5383908651
2024-08-02 08:00:00,4827629.179536756,896908.2771408651
2024-08-02 09:00:00,4828635.954316643,897505.4308908652
2024-08-02 10:00:00,4829641.465557273,898113.1708908651
2024-08-02 11:00:00,4830608.837862949,898717.2133908651
2024-08-02 12:00:00,4831555.428272944,899325.6921408651
2024-08-02 13:00:00,4832503.248971163,899934.4446408651
2024-08-02 14:00:00,4833473.148355355,900537.197140865
2024-08-02 15:00:00,4834451.859263314,901137.827140865
2024-08-02 16:00:00,4835455.142684727,901705.164640865
2024-08-02 17:00:00,4836510.364219826,902146.8358908651
2024-08-02 18:00:00,4837589.459996683,902304.493390865
2024-08-02 19:00:00,4838689.370920254,902314.749640865
2024-08-02 20:00:00,4839772.390319016,902314.749640865
2024-08-02 21:00:00,4840752.198511068,902314.749640865
2024-08-02 22:00:00,4841719.038800214,902314.749640865
2024-08-02 23:00:00,4842673.70921125,902314.749640865
2024-08-03 00:00:00,4843624.622255547,902314.749640865
2024-08-03 01:00:00,4844575.535299844,902314.749640865
2024-08-03 02:00:00,4845521.427438145,902314.749640865
2024-08-03 03:00:00,4846452.921879117,902314.749640865
2024-08-03 04:00:00,4847388.738954391,902314.749640865
2024-08-03 05:00:00,4848361.697433626,902315.312140865
2024-08-03 06:00:00,4849438.997654697,902388.2683908651
2024-08-03 07:00:00,4850537.113022481,902712.5946408651
2024-08-03 08:00:00,4851603.8061639955,903197.1996408651
2024-08-03 09:00:00,4852628.170740387,903749.2858908651
2024-08-03 10:00:00,4853621.811362204,904320.4596408651
2024-08-03 11:00:00,4854594.237824909,904878.8533908651
2024-08-03 12:00:00,4855555.325685332,905443.3933908652
2024-08-03 13:00:00,4856524.526797827,906005.8296408652
2024-08-03 14:00:00,4857486.745193374,906559.3933908652
2024-08-03 15:00:00,4858466.686389558,907094.9796408652
2024-08-03 16:00:00,4859438.547584701,907586.1433908652
2024-08-03 17:00:00,4860432.188206518,907962.7371408652
2024-08-03 18:00:00,4861461.008421344,908091.8683908652
2024-08-03 19:00:00,4862517.626499833,908100.2121408652
2024-08-03 20:00:00,4863554.127703302,908100.2121408652
2024-08-03 21:00:00,4864493.170128785,908100.2121408652
2024-08-03 22:00:00,4865416.418313551,908100.2121408652
2024-08-03 23:00:00,4866335.210859883,908100.2121408652
2024-08-04 00:00:00,4867221.45064482,908100.2121408652
2024-08-04 01:00:00,4868093.159728297,908100.2121408652
2024-08-04 02:00:00,4868955.525271476,908100.2121408652
2024-08-04 03:00:00,4869815.363736141,908100.2121408652
2024-08-04 04:00:00,4870629.814540638,908100.2121408652
2024-08-04 05:00:00,4871507.808069369,908100.7071408652
2024-08-04 06:00:00,4872408.5785557665,908161.4346408652
2024-08-04 07:00:00,4873324.445011186,908432.1471408652
2024-08-04 08:00:00,4874287.361678428,908851.1458908652
2024-08-04 09:00:00,4875239.671266114,909330.7371408653
2024-08-04 10:00:00,4876199.362583146,909836.2146408653
2024-08-04 11:00:00,4877138.40500863,910352.0908908653
2024-08-04 12:00:00,4878130.216823627,910841.4846408654
2024-08-04 13:00:00,4879051.802456739,911334.4483908653
2024-08-04 14:00:00,4880001.584965911,911807.0383908653
2024-08-04 15:00:00,4880982.091429657,912253.0146408653
2024-08-04 16:00:00,4881982.714768423,912648.8608908652
2024-08-04 17:00:00,4882998.96609274,912952.6746408652
2024-08-04 18:00:00,4884088.136932624,913082.9308908652
2024-08-04 19:00:00,4885164.871886131,913090.4796408651
2024-08-04 20:00:00,4886223.8840390025,913090.4796408651
2024-08-04 21:00:00,4887203.293218657,913090.4796408651
2024-08-04 22:00:00,4888119.159674077,913090.4796408651
2024-08-04 23:00:00,4889021.193699732,913090.4796408651
2024-08-05 00:00:00,4889909.960563185,913090.4796408651
2024-08-05 01:00:00,4890789.350635306,913090.4796408651
2024-08-05 02:00:00,4891658.000623739,913090.4796408651
2024-08-05 03:00:00,4892521.629706176,913090.4796408651
2024-08-05 04:00:00,4894231.264823511,913090.4796408651
2024-08-05 05:00:00,4895973.286447076,913091.0083908652
2024-08-05 06:00:00,4897732.066591318,913166.5596408652
2024-08-05 07:00:00,4899544.779911231,913511.1583908652
2024-08-05 08:00:00,4901344.9243406365,914030.6046408652
2024-08-05 09:00:00,4903064.933780296,914602.3896408653
2024-08-05 10:00:00,4904718.1751455115,915191.4883908653
2024-08-05 11:00:00,4906290.683002385,915785.2408908652
2024-08-05 12:00:00,4907863.4568675235,916347.7633908652
2024-08-05 13:00:00,4909420.868755375,916905.9096408652
2024-08-05 14:00:00,4911007.342046146,917449.1158908652
2024-08-05 15:00:00,4912657.790324582,917955.5233908652
2024-08-05 16:00:00,4914442.838784965,918420.1708908651
2024-08-05 17:00:00,4916338.214173139,918762.8121408651
2024-08-05 18:00:00,4918246.424460086,918894.6771408651
2024-08-05 19:00:00,4920164.743061092,918902.3758908651
2024-08-05 20:00:00,4922060.118449266,918902.3758908651
2024-08-05 21:00:00,4923954.695812646,918902.3758908651
2024-08-05 22:00:00,4925834.177207003,918902.3758908651
2024-08-05 23:00:00,4927664.181064123,918902.3758908651
2024-08-06 00:00:00,4929449.229524506,918902.3758908651
2024-08-06 01:00:00,4931231.750906374,918902.3758908651
2024-08-06 02:00:00,4933016.799366757,918902.3758908651
2024-08-06 03:00:00,4934814.416717648,918902.3758908651
2024-08-06 04:00:00,4936380.806384433,918902.3758908651
2024-08-06 05:00:00,4938123.160518329,918902.9233908651
2024-08-06 06:00:00,4939938.400916757,918978.8496408651
2024-08-06 07:00:00,4941784.897286289,919332.5233908651
2024-08-06 08:00:00,4943593.686984298,919867.9821408651
2024-08-06 09:00:00,4945355.858733915,920454.6583908651
2024-08-06 10:00:00,4947079.4592851475,921059.7396408651
2024-08-06 11:00:00,4948841.897043029,921662.5108908651
2024-08-06 12:00:00,4950610.78550133,922217.4283908651
2024-08-06 13:00:00,4952484.946730393,922768.8958908651
2024-08-06 14:00:00,4954360.504502846,923301.9396408651
2024-08-06 15:00:00,4956190.840870297,923803.7308908651
2024-08-06 16:00:00,4958050.172138602,924255.7446408651
2024-08-06 17:00:00,4959972.347859446,924606.2983908651
2024-08-06 18:00:00,4960908.8632064145,924740.315890865
2024-08-06 19:00:00,4961879.327858168,924747.302140865
2024-08-06 20:00:00,4962842.809792972,924747.302140865
2024-08-06 21:00:00,4963793.855841401,924747.302140865
2024-08-06 22:00:00,4964725.483286506,924747.302140865
2024-08-06 23:00:00,4965647.467932015,924747.302140865
2024-08-07 00:00:00,4966551.995785152,924747.302140865
2024-08-07 01:00:00,4967450.804460597,924747.302140865
2024-08-07 02:00:00,4968340.834863307,924747.302140865
2024-08-07 03:00:00,4969227.074648244,924747.302140865
2024-08-07 04:00:00,4970104.669164578,924747.302140865
2024-08-07 05:00:00,4970992.870760468,924747.8308908651
2024-08-07 06:00:00,4971882.335895615,924823.8883908651
2024-08-07 07:00:00,4972769.140948115,925177.6108908651
2024-08-07 08:00:00,4973618.372333224,925712.784640865
2024-08-07 09:00:00,4974427.802231724,926299.130890865
2024-08-07 10:00:00,4975223.000688062,926902.299640865
2024-08-07 11:00:00,4976003.66844294,927513.4521408649
2024-08-07 12:00:00,4976847.047646225,928112.7433908649
2024-08-07 13:00:00,4977760.254018999,928712.0571408649
2024-08-07 14:00:00,4978657.267138657,929305.1871408649
2024-08-07 15:00:00,4979488.908727261,929890.7721408649
2024-08-07 16:00:00,4980344.989825186,930433.5883908649
2024-08-07 17:00:00,4981208.48590349,930840.242140865
2024-08-07 18:00:00,4982083.98560474,930979.719640865
2024-08-07 19:00:00,4983003.609426899,930987.590890865
2024-08-07 20:00:00,4983931.878517661,930987.590890865
2024-08-07 21:00:00,4984852.765879078,930987.590890865
2024-08-07 22:00:00,4985765.406984288,930987.590890865
2024-08-07 23:00:00,4986672.46191594,930987.590890865
2024-08-08 00:00:00,4987575.061209157,930987.590890865
2024-08-08 01:00:00,4988471.376057121,930987.590890865
2024-08-08 02:00:00,4989358.879381316,930987.590890865
2024-08-08 03:00:00,4990236.872910047,930987.590890865
2024-08-08 04:00:00,4991113.636150554,930987.590890865
2024-08-08 05:00:00,4991996.683836315,930988.0146408649
2024-08-08 06:00:00,4992879.166254513,931059.5421408649
2024-08-08 07:00:00,4993760.518137586,931393.5396408649
2024-08-08 08:00:00,4994599.574706569,931908.830890865
2024-08-08 09:00:00,4995451.200166061,932474.5708908649
2024-08-08 10:00:00,4996321.811965446,933054.6358908649
2024-08-08 11:00:00,4997184.177508625,933637.4271408649
2024-08-08 12:00:00,4998081.024373118,934216.4796408649
2024-08-08 13:00:00,4998928.992218969,934793.2333908649
2024-08-08 14:00:00,4999837.177685746,935362.918390865
2024-08-08 15:00:00,5000734.722821934,935924.150890865
2024-08-08 16:00:00,5001640.381210196,936449.158390865
2024-08-08 17:00:00,5002548.00140941,936844.145890865
2024-08-08 18:00:00,5003478.232311125,936979.183390865
2024-08-08 19:00:00,5004403.442306844,936986.3833908649
2024-08-08 20:00:00,5005346.242099066,936986.3833908649
2024-08-08 21:00:00,5006292.832509061,936986.3833908649
2024-08-08 22:00:00,5007231.874934545,936986.3833908649
2024-08-08 23:00:00,5008165.33118647,936986.3833908649
2024-08-09 00:00:00,5009094.2985489275,936986.3833908649
2024-08-09 01:00:00,5010015.185910344,936986.3833908649
2024-08-09 02:00:00,5010931.451378161,936986.3833908649
2024-08-09 03:00:00,5011837.808038117,936986.3833908649
2024-08-09 04:00:00,5012732.859346824,936986.3833908649
2024-08-09 05:00:00,5013642.4413569905,936986.762140865
2024-08-09 06:00:00,5014568.349624404,937055.038390865
2024-08-09 07:00:00,5015509.885877369,937385.4471408649
2024-08-09 08:00:00,5016490.957608678,937901.1246408649
2024-08-09 09:00:00,5017495.504569349,938467.1308908649
2024-08-09 10:00:00,5018511.2238771375,939047.0421408649
2024-08-09 11:00:00,5019486.1441673245,939639.5083908649
2024-08-09 12:00:00,5020447.099023614,940214.469640865
2024-08-09 13:00:00,5021394.387705304,940794.212140865
2024-08-09 14:00:00,5022365.550628752,941364.8571408651
2024-08-09 15:00:00,5023417.147801245,941915.315890865
2024-08-09 16:00:00,5024382.425291836,942428.154640865
2024-08-09 17:00:00,5025338.492246262,942787.9708908651
2024-08-09 18:00:00,5026285.082656257,942909.0733908651
2024-08-09 19:00:00,5027254.283768753,942915.2833908651
2024-08-09 20:00:00,5028203.933273792,942915.2833908651
2024-08-09 21:00:00,5029139.185081503,942915.2833908651
2024-08-09 22:00:00,5030058.675899531,942915.2833908651
2024-08-09 23:00:00,5030980.66054504,942915.2833908651
2024-08-10 00:00:00,5031899.719099637,942915.2833908651
2024-08-10 01:00:00,5032820.606461054,942915.2833908651
2024-08-10 02:00:00,5033733.247566264,942915.2833908651
2024-08-10 03:00:00,5034640.169493783,942915.2833908651
2024-08-10 04:00:00,5035545.262614482,942915.2833908651
2024-08-10 05:00:00,5036485.402324058,942915.6171408651
2024-08-10 06:00:00,5037542.020402547,942978.8608908651
2024-08-10 07:00:00,5038658.9891060935,943288.7946408651
2024-08-10 08:00:00,5039804.852957395,943776.624640865
2024-08-10 09:00:00,5040966.344794248,944322.452140865
2024-08-10 10:00:00,5042105.9242002955,944887.119640865
2024-08-10 11:00:00,5043219.10228607,945458.4246408651
2024-08-10 12:00:00,5044325.99592659,946027.3296408651
2024-08-10 13:00:00,5045386.238367685,946596.039640865
2024-08-10 14:00:00,5046482.391924517,947161.415890865
2024-08-10 15:00:00,5047577.9802137865,947736.4614487228
2024-08-10 16:00:00,5048727.468427694,948261.9652550989
2024-08-10 17:00:00,5049787.311856393,948648.7355767515
2024-08-10 18:00:00,5050847.155285091,948782.5426041484
2024-08-10 19:00:00,5051938.287935927,948790.2291541977
2024-08-10 20:00:00,5053020.476058861,948790.2291541977
2024-08-10 21:00:00,5054095.249201417,948790.2291541977
2024-08-10 22:00:00,5055128.55830571,948790.2291541977
2024-08-10 23:00:00,5056082.663449183,948790.2291541977
2024-08-11 00:00:00,5057029.087604012,948790.2291541977
2024-08-11 01:00:00,5057973.1509354925,948790.2291541977
2024-08-11 02:00:00,5058916.64899941,948790.2291541977
2024-08-11 03:00:00,5059850.670518897,948790.2291541977
2024-08-11 04:00:00,5060768.332530104,948790.2291541977
2024-08-11 05:00:00,5061700.957506201,948790.5958459878
2024-08-11 06:00:00,5062827.136745913,948858.6556643136
2024-08-11 07:00:00,5064030.824143757,949203.3579697765
2024-08-11 08:00:00,5065195.408326687,949694.707288397
2024-08-11 09:00:00,5066310.415219281,950268.1348441239
2024-08-11 10:00:00,5067390.209267833,950836.821467468
2024-08-11 11:00:00,5068461.358047782,951416.8125329261
2024-08-11 12:00:00,5069541.850368029,951963.3056350012
2024-08-11 13:00:00,5070579.482106624,952543.5790611862
2024-08-11 14:00:00,5071619.773927866,953098.2858935393
2024-08-11 15:00:00,5072675.128467097,953665.2879164151
2024-08-11 16:00:00,5073765.69585037,954154.616078979
2024-08-11 17:00:00,5074863.64496299,954509.6148613959
2024-08-11 18:00:00,5075989.2589351395,954628.2887442972
2024-08-11 19:00:00,5077064.032077695,954634.7211485697
2024-08-11 20:00:00,5078108.081265676,954634.7211485697
2024-08-11 21:00:00,5079123.933577596,954634.7211485697
2024-08-11 22:00:00,5080037.838222064,954634.7211485697
2024-08-11 23:00:00,5080952.308134095,954634.7211485697
2024-08-12 00:00:00,5081859.928333309,954634.7211485697
2024-08-12 01:00:00,5082757.473469497,954634.7211485697
2024-08-12 02:00:00,5083641.751443482,954634.7211485697
2024-08-12 03:00:00,5084515.422337911,954634.7211485697
2024-08-12 04:00:00,5085387.131421388,954634.7211485697
2024-08-12 05:00:00,5086273.3712063255,954635.0645800981
2024-08-12 06:00:00,5087177.76605533,954699.0833632209
2024-08-12 07:00:00,5088102.4107834855,955017.3770002174
2024-08-12 08:00:00,5089011.294521957,955527.0204618947
2024-08-12 09:00:00,5089905.082291406,956071.967938657
2024-08-12 10:00:00,5090765.486023633,956613.3382066928
2024-08-12 11:00:00,5091574.516909736,957201.2859334568
2024-08-12 12:00:00,5092403.498415694,957790.1101597995
2024-08-12 13:00:00,5093217.417203661,958333.2202561853
2024-08-12 14:00:00,5094052.11788731,958902.8816324954
2024-08-12 15:00:00,5094840.333626699,959456.8704046694
2024-08-12 16:00:00,5095658.7080531,959976.7959204426
2024-08-12 17:00:00,5096514.223883462,960353.9240157342
2024-08-12 18:00:00,5097416.956180812,960497.7658242153
2024-08-12 19:00:00,5098351.675971994,960505.7837430213
2024-08-12 20:00:00,5099275.0571608925,960505.7837430213
2024-08-12 21:00:00,5100176.958182415,960505.7837430213
2024-08-12 22:00:00,5101065.159778304,960505.7837430213
2024-08-12 23:00:00,5101942.621290506,960505.7837430213
2024-08-13 00:00:00,5102811.969550634,960505.7837430213
2024-08-13 01:00:00,5103675.5986330705,960505.7837430213
2024-08-13 02:00:00,5104535.437097735,960505.7837430213
2024-08-13 03:00:00,5105380.778111972,960505.7837430213
2024-08-13 04:00:00,5106217.30760244,960505.7837430213
2024-08-13 05:00:00,5107069.066066064,960506.2996855589
2024-08-13 06:00:00,5107940.376137144,960578.9308912422
2024-08-13 07:00:00,5108837.389256802,960948.6882112888
2024-08-13 08:00:00,5109730.478754556,961500.8882776586
2024-08-13 09:00:00,5110600.957549809,962102.8045635616
2024-08-13 10:00:00,5111443.206217969,962725.2285236287
2024-08-13 11:00:00,5112267.16681793,963318.8431054597
2024-08-13 12:00:00,5113079.955070772,963926.7078756242
2024-08-13 13:00:00,5113985.048191471,964512.0115580773
2024-08-13 14:00:00,5114902.710202678,965112.3957146751
2024-08-13 15:00:00,5115842.317895724,965711.7434934274
2024-08-13 16:00:00,5116820.330531989,966263.7477658828
2024-08-13 17:00:00,5117847.355191028,966662.1422023127
2024-08-13 18:00:00,5118910.25771477,966807.4435141163
2024-08-13 19:00:00,5120000.25983048,966815.2734423284
2024-08-13 20:00:00,5121079.521862503,966815.2734423284
2024-08-13 21:00:00,5122128.59195648,966815.2734423284
2024-08-13 22:00:00,5123092.2068954175,966815.2734423284
2024-08-13 23:00:00,5124040.7258653315,966815.2734423284
2024-08-14 00:00:00,5124974.747384818,966815.2734423284
2024-08-14 01:00:00,5125907.505365048,966815.2734423284
2024-08-14 02:00:00,5126832.715360766,966815.2734423284
2024-08-14 03:00:00,5127751.075643668,966815.2734423284
2024-08-14 04:00:00,5128663.151481316,966815.2734423284
2024-08-14 05:00:00,5129590.1902838545,966815.9985120773
2024-08-14 06:00:00,5130516.530814698,966899.699732958
2024-08-14 07:00:00,5131440.610275291,967282.2753595976
2024-08-14 08:00:00,5132324.3562327465,967849.0573164514
2024-08-14 09:00:00,5133203.048033172,968441.8842011725
2024-08-14 10:00:00,5134079.811273679,969065.3566531736
2024-08-14 11:00:00,5134953.482168108,969688.403843714
2024-08-14 12:00:00,5135819.605078027,970324.2811276275
2024-08-14 13:00:00,5136663.1172854435,970954.230580129
2024-08-14 14:00:00,5137556.206783197,971556.3991630062
2024-08-14 15:00:00,5138448.731013388,972151.2342843121
2024-08-14 16:00:00,5139375.769815926,972722.7004416864
2024-08-14 17:00:00,5140360.066897445,973163.7746743109
2024-08-14 18:00:00,5141400.92398625,973317.3148723985
2024-08-14 19:00:00,5142469.412683551,973327.2314962072
2024-08-14 20:00:00,5143530.353396341,973327.2314962072
2024-08-14 21:00:00,5144589.365549212,973327.2314962072
2024-08-14 22:00:00,5145615.259673126,973327.2314962072
2024-08-14 23:00:00,5146562.382099651,973327.2314962072
2024-08-15 00:00:00,5147502.688064392,973327.2314962072
2024-08-15 01:00:00,5148440.59995475,973327.2314962072
2024-08-15 02:00:00,5149372.094395723,973327.2314962072
2024-08-15 03:00:00,5150304.154104258,973327.2314962072
2024-08-15 04:00:00,5151232.589450186,973327.2314962072
2024-08-15 05:00:00,5152176.087514103,973327.7508950105
2024-08-15 06:00:00,5153125.870023275,973402.7174180252
2024-08-15 07:00:00,5154108.903565536,973752.101457699
2024-08-15 08:00:00,5155090.806572673,974285.0148806388
2024-08-15 09:00:00,5156021.037474388,974883.6331305676
2024-08-15 10:00:00,5156923.636767605,975503.4411992223
2024-08-15 11:00:00,5157804.290378984,976096.5634312814
2024-08-15 12:00:00,5158677.396005851,976716.9822535139
2024-08-15 13:00:00,5159571.882046995,977307.4578781727
2024-08-15 14:00:00,5160473.91607265,977924.6637171287
2024-08-15 15:00:00,5161412.260226439,978509.8405717128
2024-08-15 16:00:00,5162411.620025947,979076.7451820597
2024-08-15 17:00:00,5163486.26016437,979500.6120168365
2024-08-15 18:00:00,5164532.836430865,979642.9125235985
2024-08-15 19:00:00,5165615.855829627,979650.5988364447
2024-08-15 20:00:00,5166690.761976315,979650.5988364447
2024-08-15 21:00:00,5167758.552401922,979650.5988364447
2024-08-15 22:00:00,5168772.44290289,979650.5988364447
2024-08-15 23:00:00,5169722.790679624,979650.5988364447
2024-08-16 00:00:00,5170668.117550362,979650.5988364447
2024-08-16 01:00:00,5171611.615614279,979650.5988364447
2024-08-16 02:00:00,5172548.696228811,979650.5988364447
2024-08-16 03:00:00,5173485.909847475,979650.5988364447
2024-08-16 04:00:00,5174422.425194443,979650.5988364447
2024-08-16 05:00:00,5175403.496925753,979651.1069690947
2024-08-16 06:00:00,5176476.308257356,979729.4180651513
2024-08-16 07:00:00,5177570.633007368,980060.7551316908
2024-08-16 08:00:00,5178656.711501174,980564.6550225486
2024-08-16 09:00:00,5179698.66587407,981125.7749377686
2024-08-16 10:00:00,5180713.121642601,981726.619417937
2024-08-16 11:00:00,5181712.481442109,982322.3222246281
2024-08-16 12:00:00,5182752.074991656,982898.3665446822
2024-08-16 13:00:00,5183780.496194084,983433.9217657135
2024-08-16 14:00:00,5184795.084966747,984003.9394905474
2024-08-16 15:00:00,5185818.884275576,984493.8075223871
2024-08-16 16:00:00,5186843.3818561,984966.8173629035
2024-08-16 17:00:00,5187901.130469713,985326.4405663149
2024-08-16 18:00:00,5189002.1719284095,985463.8857501157
2024-08-16 19:00:00,5190118.4423602605,985471.8837863404
2024-08-16 20:00:00,5191215.1611846555,985471.8837863404
2024-08-16 21:00:00,5192308.089391278,985471.8837863404
2024-08-16 22:00:00,5193353.2691143835,985471.8837863404
2024-08-16 23:00:00,5194316.185781625,985471.8837863404
2024-08-17 00:00:00,5195272.684999481,985471.8837863404
2024-08-17 01:00:00,5196224.296315473,985471.8837863404
2024-08-17 02:00:00,5197174.644092207,985471.8837863404
2024-08-17 03:00:00,5198128.915490845,985471.8837863404
2024-08-17 04:00:00,5199193.081553845,985471.8837863404
2024-08-17 05:00:00,5200269.8165073525,985472.2809651599
2024-08-17 06:00:00,5201365.970064185,985537.5040780538
2024-08-17 07:00:00,5202485.997862775,985879.0290913614
2024-08-17 08:00:00,5203600.871751237,986397.8828815365
2024-08-17 09:00:00,5204660.582175802,986953.6340787719
2024-08-17 10:00:00,5205682.585928844,987511.2959740015
2024-08-17 11:00:00,5206679.451900871,988121.696023664
2024-08-17 12:00:00,5207666.941081566,988675.7072160313
2024-08-17 13:00:00,5208639.899560801,989263.7288210446
2024-08-17 14:00:00,5209632.409647493,989845.3260600657
2024-08-17 15:00:00,5210653.848132973,990414.621163401
2024-08-17 16:00:00,5211695.403493471,990937.8849022825
2024-08-17 17:00:00,5212798.539767252,991303.1075739049
2024-08-17 18:00:00,5213920.529376795,991421.2861420069
2024-08-17 19:00:00,5215059.975778709,991427.2174522949
2024-08-17 20:00:00,5216166.869419229,991427.2174522949
2024-08-17 21:00:00,5217260.362893414,991427.2174522949
2024-08-17 22:00:00,5218295.467553494,991427.2174522949
2024-08-17 23:00:00,5219330.738468738,991427.2174522949
2024-08-18 00:00:00,5220390.448893304,991427.2174522949
2024-08-18 01:00:00,5221446.93396766,991427.2174522949
2024-08-18 02:00:00,5222499.661675277,991427.2174522949
2024-08-18 03:00:00,5223550.560576075,991427.2174522949
2024-08-18 04:00:00,5224607.178654564,991427.2174522949
2024-08-18 05:00:00,5225685.177147329,991427.6303343083
2024-08-18 06:00:00,5226798.22222897,991497.4979868141
2024-08-18 07:00:00,5227939.630441837,991815.3069815799
2024-08-18 08:00:00,5229091.778738392,992325.7760608814
2024-08-18 09:00:00,5230177.857232197,992865.9007610442
2024-08-18 10:00:00,5231217.450781744,993421.0464796984
2024-08-18 11:00:00,5232230.643011018,994003.4461421949
2024-08-18 12:00:00,5233282.24018351,994575.7684573173
2024-08-18 13:00:00,5234353.255959326,995144.1104959232
2024-08-18 14:00:00,5235361.427282603,995723.2426294283
2024-08-18 15:00:00,5236428.652440648,996297.3391927937
2024-08-18 16:00:00,5237517.258012968,996804.9796049091
2024-08-18 17:00:00,5238637.984083254,997183.8289532462
2024-08-18 18:00:00,5239765.559866356,997315.9923794434
2024-08-18 19:00:00,5240883.758858127,997323.1121937243
2024-08-18 20:00:00,5241937.184837438,997323.1121937243
2024-08-18 21:00:00,5242927.766364211,997323.1121937243
2024-08-18 22:00:00,5244017.070208227,997323.1121937243
2024-08-18 23:00:00,5245099.391335294,997323.1121937243
2024-08-19 00:00:00,5246175.993284669,997323.1121937243
2024-08-19 01:00:00,5247248.804616272,997323.1121937243
2024-08-19 02:00:00,5248311.7071400145,997323.1121937243
2024-08-19 03:00:00,5249376.57147471,997323.1121937243
2024-08-19 04:00:00,5250445.758443706,997323.1121937243
2024-08-19 05:00:00,5251533.798748464,997323.9415217243
2024-08-19 06:00:00,5252648.805641058,997406.585176893
2024-08-19 07:00:00,5253792.574677275,997740.8853422839
2024-08-19 08:00:00,5254920.150460376,998264.4631117727
2024-08-19 09:00:00,5256001.208048186,998826.6332509026
2024-08-19 10:00:00,5257057.12785498,999418.4061458978
2024-08-19 11:00:00,5258096.1561369635,999984.3322240519
2024-08-19 12:00:00,5259120.653717487,1000589.453443504
2024-08-19 13:00:00,5260172.117885847,1001170.8000257135
2024-08-19 14:00:00,5261274.555887933,1001733.5255155966
2024-08-19 15:00:00,5262358.838825952,1002305.7148474694
2024-08-19 16:00:00,5263490.038971661,1002868.0132061539
2024-08-19 17:00:00,5264618.313026457,1003292.7247760467
2024-08-19 18:00:00,5265758.457700067,1003449.9517717307
2024-08-19 19:00:00,5266892.450932555,1003460.531570749
2024-08-19 20:00:00,5268004.232474939,1003460.531570749
2024-08-19 21:00:00,5269107.36874872,1003460.531570749
2024-08-19 22:00:00,5270192.748970831,1003460.531570749
2024-08-19 23:00:00,5271282.618082409,1003460.531570749
2024-08-20 00:00:00,5272364.939209475,1003460.531570749
2024-08-20 01:00:00,5273445.2985255895,1003460.531570749
2024-08-20 02:00:00,5274506.937510075,1003460.531570749
2024-08-20 03:00:00,5275560.496493519,1003460.531570749
2024-08-20 04:00:00,5276618.943378828,1003460.531570749
2024-08-20 05:00:00,5277690.657426339,1003460.9529107703
2024-08-20 06:00:00,5278791.133617473,1003532.6660001483
2024-08-20 07:00:00,5279902.915159857,1003867.4736017506
2024-08-20 08:00:00,5280967.646490419,1004371.3007965548
2024-08-20 09:00:00,5281973.856002744,1004941.4075555755
2024-08-20 10:00:00,5282941.228308421,1005528.3232952474
2024-08-20 11:00:00,5283890.87781346,1006102.9218888793
2024-08-20 12:00:00,5284821.80698687,1006708.074874184
2024-08-20 13:00:00,5285741.996076592,1007259.03099358
2024-08-20 14:00:00,5286669.167883263,1007830.886189453
2024-08-20 15:00:00,5287613.929486438,1008405.8548959519
2024-08-20 16:00:00,5288581.301792114,1008928.7997554819
2024-08-20 17:00:00,5289591.966942873,1009329.5239608947
2024-08-20 18:00:00,5290640.904032717,1009463.450217956
2024-08-20 19:00:00,5291723.225159784,1009470.9958218895
2024-08-20 20:00:00,5292785.994679394,1009470.9958218895
2024-08-20 21:00:00,5293731.321550132,1009470.9958218895
2024-08-20 22:00:00,5294648.983561339,1009470.9958218895
2024-08-20 23:00:00,5295548.490508479,1009470.9958218895
2024-08-21 00:00:00,5296440.316466976,1009470.9958218895
2024-08-21 01:00:00,5297323.497156869,1009470.9958218895
2024-08-21 02:00:00,5298195.904512041,1009470.9958218895
2024-08-21 03:00:00,5299058.27005522,1009470.9958218895
2024-08-21 04:00:00,5299925.0912368335,1009470.9958218895
2024-08-21 05:00:00,5300803.2510207305,1009471.5255345176
2024-08-21 06:00:00,5301685.035167234,1009550.7833124072
2024-08-21 07:00:00,5302558.140794101,1009903.0274223298
2024-08-21 08:00:00,5303385.326744271,1010414.9157239101
2024-08-21 09:00:00,5304156.650958851,1010999.4914616216
2024-08-21 10:00:00,5304880.193438881,1011594.0210551916
2024-08-21 11:00:00,5305581.690483972,1012225.3539870192
2024-08-21 12:00:00,5306273.6777336,1012850.7457506905
2024-08-21 13:00:00,5306961.907616489,1013422.4561632659
2024-08-21 14:00:00,5307660.877583065,1014043.3366142662
2024-08-21 15:00:00,5308363.072899851,1014630.681434172
2024-08-21 16:00:00,5309117.472338588,1015171.30550727
2024-08-21 17:00:00,5309934.583225732,1015587.826140779
2024-08-21 18:00:00,5310825.843916666,1015721.5591517542
2024-08-21 19:00:00,5311747.296545645,1015729.582632401
2024-08-21 20:00:00,5312669.281191154,1015729.582632401
2024-08-21 21:00:00,5313576.336122806,1015729.582632401
2024-08-21 22:00:00,5314465.102986258,1015729.582632401
2024-08-21 23:00:00,5315345.191330074,1015729.582632401
2024-08-22 00:00:00,5316218.163952809,1015729.582632401
2024-08-22 01:00:00,5317082.358302807,1015729.582632401
2024-08-22 02:00:00,5317934.116766431,1015729.582632401
2024-08-22 03:00:00,5318777.628973848,1015729.582632401
2024-08-22 04:00:00,5319619.179370313,1015729.582632401
2024-08-22 05:00:00,5320465.218656245,1015730.003865458
2024-08-22 06:00:00,5321314.450041354,1015804.2668716894
2024-08-22 07:00:00,5322156.0004378185,1016123.5605417064
2024-08-22 08:00:00,5322994.49173924,1016629.2976546921
2024-08-22 09:00:00,5323846.2502028635,1017169.4538376175
2024-08-22 10:00:00,5324695.34858384,1017743.4893216629
2024-08-22 11:00:00,5325516.9483604515,1018319.6106715915
2024-08-22 12:00:00,5326397.468967698,1018898.9593891257
2024-08-22 13:00:00,5327325.904313626,1019450.2343403575
2024-08-22 14:00:00,5328254.738671951,1020000.3735975012
2024-08-22 15:00:00,5329223.241512752,1020548.6016221226
2024-08-22 16:00:00,5330242.152919717,1021096.7765968493
2024-08-22 17:00:00,5331263.026137634,1021502.6125320154
2024-08-22 18:00:00,5332295.769974364,1021632.4476037354
2024-08-22 19:00:00,5333356.710687154,1021639.4811840478
2024-08-22 20:00:00,5334409.438394771,1021639.4811840478
2024-08-22 21:00:00,5335456.579928829,1021639.4811840478
2024-08-22 22:00:00,5336474.7930641,1021639.4811840478
2024-08-22 23:00:00,5337415.797300536,1021639.4811840478
2024-08-23 00:00:00,5338360.425899579,1021639.4811840478
2024-08-23 01:00:00,5339305.187502754,1021639.4811840478
2024-08-23 02:00:00,5340239.907293936,1021639.4811840478
2024-08-23 03:00:00,5341170.7034632135,1021639.4811840478
2024-08-23 04:00:00,5342104.7249827,1021639.4811840478
2024-08-23 05:00:00,5343062.620743946,1021640.0267081502
2024-08-23 06:00:00,5344130.012157156,1021713.8757670552
2024-08-23 07:00:00,5345202.29147223,1022041.5724298343
2024-08-23 08:00:00,5346279.026425738,1022503.5394318352
2024-08-23 09:00:00,5347350.740473249,1023031.4707910501
2024-08-23 10:00:00,5348346.908173581,1023613.2227619357
2024-08-23 11:00:00,5349304.8039348265,1024193.0137725152
2024-08-23 12:00:00,5350306.1255452875,1024768.9758269034
2024-08-23 13:00:00,5351274.063118526,1025317.992197052
2024-08-23 14:00:00,5352325.527286885,1025856.038566108
2024-08-23 15:00:00,5353352.6849500565,1026394.1454451899
2024-08-23 16:00:00,5354400.524755809,1026891.3018442609
2024-08-23 17:00:00,5355469.711724806,1027276.4654759484
2024-08-23 18:00:00,5356576.605365326,1027404.3804657215
2024-08-23 19:00:00,5357684.762545103,1027412.5310620118
2024-08-23 20:00:00,5358766.385400475,1027412.5310620118
2024-08-23 21:00:00,5359823.003478964,1027412.5310620118
2024-08-23 22:00:00,5360787.183685463,1027412.5310620118
2024-08-23 23:00:00,5361741.987100631,1027412.5310620118
2024-08-24 00:00:00,5362687.313971369,1027412.5310620118
2024-08-24 01:00:00,5363630.246767724,1027412.5310620118
2024-08-24 02:00:00,5364568.723925645,1027412.5310620118
2024-08-24 03:00:00,5365502.878449265,1027412.5310620118
2024-08-24 04:00:00,5366434.239886105,1027412.5310620118
2024-08-24 05:00:00,5367404.704537858,1027413.3119962619
2024-08-24 06:00:00,5368492.744842617,1027496.3618808801
2024-08-24 07:00:00,5369588.898399449,1027860.0799501684
2024-08-24 08:00:00,5370689.374590583,1028364.7678691722
2024-08-24 09:00:00,5371737.214396336,1028944.5791182911
2024-08-24 10:00:00,5372729.591478895,1029519.2004196031
2024-08-24 11:00:00,5373692.508146137,1030066.7911863149
2024-08-24 12:00:00,5374632.814110878,1030636.839287286
2024-08-24 13:00:00,5375565.006823545,1031200.9482703625
2024-08-24 14:00:00,5376504.049249029,1031801.4568025238
2024-08-24 15:00:00,5377464.438837756,1032398.9943310368
2024-08-24 16:00:00,5378434.338221948,1032974.6053851153
2024-08-24 17:00:00,5379449.359258041,1033418.2232195135
2024-08-24 18:00:00,5380507.240875787,1033575.2549125458
2024-08-24 19:00:00,5381573.235745607,1033585.9389415013
2024-08-24 20:00:00,5382516.03553783,1033585.9389415013
2024-08-24 21:00:00,5383418.468575882,1033585.9389415013
2024-08-24 22:00:00,5384306.5371676395,1033585.9389415013
2024-08-24 23:00:00,5385183.998679841,1033585.9389415013
2024-08-25 00:00:00,5386051.950396579,1033585.9389415013
2024-08-25 01:00:00,5386917.375034802,1033585.9389415013
2024-08-25 02:00:00,5387774.154404421,1033585.9389415013
2024-08-25 03:00:00,5388604.964717198,1033585.9389415013
2024-08-25 04:00:00,5389420.812065084,1033585.9389415013
2024-08-25 05:00:00,5390249.095299346,1033586.3082363382
2024-08-25 06:00:00,5391100.85376297,1033654.3109850034
2024-08-25 07:00:00,5392080.096687459,1033994.7961060408
2024-08-25 08:00:00,5393111.4439808,1034510.2067920065
2024-08-25 09:00:00,5394125.899749331,1035076.3705865546
2024-08-25 10:00:00,5395149.000786466,1035646.6613786969
2024-08-25 11:00:00,5396120.030705782,1036210.0076505569
2024-08-25 12:00:00,5397081.816837898,1036777.280885904
2024-08-25 13:00:00,5398039.014327449,1037383.4118244513
2024-08-25 14:00:00,5399114.352737566,1037936.0137650832
2024-08-25 15:00:00,5400169.707276798,1038478.5565848707
2024-08-25 16:00:00,5401167.803537048,1038985.5726952119
2024-08-25 17:00:00,5402120.678392298,1039327.6091551514
2024-08-25 18:00:00,5403058.457278524,1039443.599664179
2024-08-25 19:00:00,5404004.482420956,1039449.6672586973
2024-08-25 20:00:00,5404928.428877417,1039449.6672586973
2024-08-25 21:00:00,5405836.049076631,1039449.6672586973
2024-08-25 22:00:00,5406729.271578517,1039449.6672586973
2024-08-25 23:00:00,5407611.753996715,1039449.6672586973
2024-08-26 00:00:00,5408474.817811589,1039449.6672586973
2024-08-26 01:00:00,5409325.744999385,1039449.6672586973
2024-08-26 02:00:00,5410150.536875173,1039449.6672586973
2024-08-26 03:00:00,5410970.174840832,1039449.6672586973
2024-08-26 04:00:00,5411789.247538929,1039449.6672586973
2024-08-26 05:00:00,5412622.717934353,1039450.0521486828
2024-08-26 06:00:00,5413480.062571536,1039518.3408275243
2024-08-26 07:00:00,5414365.73708891,1039855.9861715684
2024-08-26 08:00:00,5415262.583953403,1040364.2508020708
2024-08-26 09:00:00,5416131.233941836,1040936.8363454733
2024-08-26 10:00:00,5416972.385325904,1041540.4695925312
2024-08-26 11:00:00,5417787.534402096,1042156.7476282126
2024-08-26 12:00:00,5418601.453190063,1042757.263817969
2024-08-26 13:00:00,5419458.099555551,1043335.5407942734
2024-08-26 14:00:00,5420300.348223711,1043928.9888024132
2024-08-26 15:00:00,5421145.822242081,1044456.6997694594
2024-08-26 16:00:00,5421998.145973267,1044978.401700725
2024-08-26 17:00:00,5422883.68748651,1045341.4624416884
2024-08-26 18:00:00,5423815.880199177,1045460.2119459786
2024-08-26 19:00:00,5424747.37464015,1045466.5955049321
2024-08-26 20:00:00,5425650.672205063,1045466.5955049321
2024-08-26 21:00:00,5426539.439068515,1045466.5955049321
2024-08-26 22:00:00,5427410.616135463,1045466.5955049321
2024-08-26 23:00:00,5428264.037150741,1045466.5955049321
2024-08-27 00:00:00,5429093.716928393,1045466.5955049321
2024-08-27 01:00:00,5429913.920161614,1045466.5955049321
2024-08-27 02:00:00,5430729.933764666,1045466.5955049321
2024-08-27 03:00:00,5431539.496667299,1045466.5955049321
2024-08-27 04:00:00,5432341.544836454,1045466.5955049321
2024-08-27 05:00:00,5433161.748069676,1045466.9395288068
2024-08-27 06:00:00,5434005.825544655,1045531.4451678823
2024-08-27 07:00:00,5434873.078989699,1045846.5165421357
2024-08-27 08:00:00,5435760.582313893,1046326.4436366707
2024-08-27 09:00:00,5436685.792309612,1046849.6412641201
2024-08-27 10:00:00,5437563.785838343,1047430.9175868838
2024-08-27 11:00:00,5438455.046529277,1047988.9493685348
2024-08-27 12:00:00,5439319.939150971,1048580.3976112632
2024-08-27 13:00:00,5440194.873584658,1049125.7207357283
2024-08-27 14:00:00,5441020.795995571,1049672.9106134037
2024-08-27 15:00:00,5441814.597908519,1050208.8207795764
2024-08-27 16:00:00,5442629.214968181,1050732.2044379853
2024-08-27 17:00:00,5443501.622323354,1051135.8295717533
2024-08-27 18:00:00,5444428.661125892,1051271.0422827806
2024-08-27 19:00:00,5445372.026185677,1051278.9023746843
2024-08-27 20:00:00,5446290.386468579,1051278.9023746843
2024-08-27 21:00:00,5447192.819506631,1051278.9023746843
2024-08-27 22:00:00,5448079.757563263,1051278.9023746843
2024-08-27 23:00:00,5448961.674713899,1051278.9023746843
2024-08-28 00:00:00,5449830.889969895,1051278.9023746843
2024-08-28 01:00:00,5450683.2137010805,1051278.9023746843
2024-08-28 02:00:00,5451514.855289685,1051278.9023746843
2024-08-28 03:00:00,5452335.756794601,1051278.9023746843
2024-08-28 04:00:00,5453154.131221002,1051278.9023746843
2024-08-28 05:00:00,5453980.053631915,1051279.224435996
2024-08-28 06:00:00,5454811.562216387,1051342.845861455
2024-08-28 07:00:00,5455636.08808391,1051649.3101657697
2024-08-28 08:00:00,5456439.931808851,1052116.3022779198
2024-08-28 09:00:00,5457221.996107118,1052678.1057434506
2024-08-28 10:00:00,5457971.241635727,1053263.852895203
2024-08-28 11:00:00,5458719.223625078,1053839.2331854436
2024-08-28 12:00:00,5459587.740609379,1054429.442261307
2024-08-28 13:00:00,5460420.512733107,1055019.5222526544
2024-08-28 14:00:00,5461228.280079953,1055585.8599975172
2024-08-28 15:00:00,5462072.490559066,1056136.8525443696
2024-08-28 16:00:00,5462914.739227226,1056648.0183128354
2024-08-28 17:00:00,5463836.191856205,1057056.7901247372
2024-08-28 18:00:00,5464780.8204552485,1057196.07227932
2024-08-28 19:00:00,5465734.925598722,1057204.2788092955
2024-08-28 20:00:00,5466684.708107893,1057204.2788092955
2024-08-28 21:00:00,5467623.750533377,1057204.2788092955
2024-08-28 22:00:00,5468555.24497435,1057204.2788092955
2024-08-28 23:00:00,5469484.910608502,1057204.2788092955
2024-08-29 00:00:00,5470407.061509176,1057204.2788092955
2024-08-29 01:00:00,5471320.400886081,1057204.2788092955
2024-08-29 02:00:00,5472225.49400678,1057204.2788092955
2024-08-29 03:00:00,5473124.8679497875,1057204.2788092955
2024-08-29 04:00:00,5474024.940164491,1057204.2788092955
2024-08-29 05:00:00,5474926.408922583,1057204.6076101107
2024-08-29 06:00:00,5475833.463854235,1057269.6862597174
2024-08-29 07:00:00,5476777.527185715,1057589.0175767576
2024-08-29 08:00:00,5477744.201219696,1058084.7436083683
2024-08-29 09:00:00,5478666.185865205,1058619.3653445654
2024-08-29 10:00:00,5479557.446556139,1059177.1978781857
2024-08-29 11:00:00,5480437.534899955,1059766.6682915995
2024-08-29 12:00:00,5481305.619620825,1060344.7591847535
2024-08-29 13:00:00,5482175.533148516,1060898.2322255555
2024-08-29 14:00:00,5483096.420509933,1061483.7940488732
2024-08-29 15:00:00,5484043.709191622,1062066.2433565808
2024-08-29 16:00:00,5485044.332530388,1062569.7746435748
2024-08-29 17:00:00,5486055.562948709,1062945.534716173
2024-08-29 18:00:00,5487113.444566456,1063077.8478569102
2024-08-29 19:00:00,5488186.422153224,1063086.1738401165
2024-08-29 20:00:00,5489254.910850526,1063086.1738401165
2024-08-29 21:00:00,5490317.115102573,1063086.1738401165
2024-08-29 22:00:00,5491329.04379259,1063086.1738401165
2024-08-29 23:00:00,5492272.408852375,1063086.1738401165
2024-08-30 00:00:00,5493208.225927649,1063086.1738401165
2024-08-30 01:00:00,5494137.758557669,1063086.1738401165
2024-08-30 02:00:00,5495066.725920127,1063086.1738401165
2024-08-30 03:00:00,5495993.764722665,1063086.1738401165
2024-08-30 04:00:00,5496920.238257641,1063086.1738401165
2024-08-30 05:00:00,5497895.590811258,1063086.7009299372
2024-08-30 06:00:00,5498978.61021002,1063165.7159646018
2024-08-30 07:00:00,5500087.3326573605,1063522.0938742333
2024-08-30 08:00:00,5501181.657407372,1064059.926614334
2024-08-30 09:00:00,5502258.259356747,1064617.1963175011
2024-08-30 10:00:00,5503292.133728603,1065199.5562684177
2024-08-30 11:00:00,5504375.153127365,1065791.0223115874
2024-08-30 12:00:00,5505453.15162013,1066368.9096293391
2024-08-30 13:00:00,5506504.61578849,1066976.5715485471
2024-08-30 14:00:00,5507520.335096278,1067592.3713174392
2024-08-30 15:00:00,5508543.73539271,1068207.2210193663
2024-08-30 16:00:00,5509577.609764566,1068751.0316393876
2024-08-30 17:00:00,5510659.930891632,1069176.509051276
2024-08-30 18:00:00,5511771.147166454,1069321.7771987247
2024-08-30 19:00:00,5512881.665169581,1069329.7257345605
2024-08-30 20:00:00,5513981.576093152,1069329.7257345605
2024-08-30 21:00:00,5515071.312200598,1069329.7257345605
2024-08-30 22:00:00,5516150.407977455,1069329.7257345605
2024-08-30 23:00:00,5517220.858485709,1069329.7257345605
2024-08-31 00:00:00,5518281.799198499,1069329.7257345605
2024-08-31 01:00:00,5519332.698099297,1069329.7257345605
2024-08-31 02:00:00,5520274.799619825,1069329.7257345605
2024-08-31 03:00:00,5521212.578506051,1069329.7257345605
2024-08-31 04:00:00,5522146.600025537,1069329.7257345605
2024-08-31 05:00:00,5523120.82204403,1069330.4629592288
2024-08-31 06:00:00,5524202.444899402,1069414.1521345007
2024-08-31 07:00:00,5525300.560267186,1069774.2227059868
2024-08-31 08:00:00,5526386.106744463,1070302.6309949078
2024-08-31 09:00:00,5527436.307373565,1070913.9250213762
2024-08-31 10:00:00,5528438.7595191505,1071494.605092928
2024-08-31 11:00:00,5529419.964254592,1072098.8368729525
2024-08-31 12:00:00,5530415.56668736,1072730.1181860368
2024-08-31 13:00:00,5531406.846485828,1073360.212343193
2024-08-31 14:00:00,5532448.401846327,1073951.1209921928
2024-08-31 15:00:00,5533502.925109731,1074549.7921777219
2024-08-31 16:00:00,5534568.919979551,1075106.5116516359
2024-08-31 17:00:00,5535641.897566319,1075528.621241271
2024-08-31 18:00:00,5536749.356474402,1075685.716696223
2024-08-31 19:00:00,5537854.28830397,1075696.2185574148
2024-08-31 20:00:00,5538927.797907269,1075696.2185574148
2024-08-31 21:00:00,5539988.738620059,1075696.2185574148
2024-08-31 22:00:00,5541011.440644796,1075696.2185574148
2024-08-31 23:00:00,5541963.750232482,1075696.2185574148
2024-09-01 00:00:00,5542907.115292268,1075696.2185574148
2024-09-01 01:00:00,5543845.459446057,1075696.2185574148
2024-09-01 02:00:00,5544780.012982073,1075696.2185574148
2024-09-01 03:00:00,5545712.205694741,1075696.2185574148
2024-09-01 04:00:00,5546380.451706743,1075696.2185574148
2024-09-01 05:00:00,5547266.69149168,1075696.2185574148
2024-09-01 06:00:00,5548317.025124915,1075722.517307415
2024-09-01 07:00:00,5549381.058183783,1075904.2798074149
2024-09-01 08:00:00,5550437.676262272,1076241.536057415
2024-09-01 09:00:00,5551485.349812859,1076658.892307415
2024-09-01 10:00:00,5553553.364564834,1077115.8335574148
2024-09-01 11:00:00,5555558.268856006,1077595.496057415
2024-09-01 12:00:00,5557709.211684506,1078011.4873074149
2024-09-01 13:00:00,5559714.115975678,1078421.5423074148
2024-09-01 14:00:00,5560738.48055207,1078799.3735574149
2024-09-01 15:00:00,5561750.542246219,1079114.7298074148
2024-09-01 16:00:00,5562857.302882606,1079363.4298074148
2024-09-01 17:00:00,5563930.812485904,1079488.7060574149
2024-09-01 18:00:00,5565020.814601615,1079523.899807415
2024-09-01 19:00:00,5566116.968158447,1079524.166057415
2024-09-01 20:00:00,5567200.552824771,1079524.166057415
2024-09-01 21:00:00,5568284.83576279,1079524.166057415
2024-09-01 22:00:00,5569318.277871216,1079524.166057415
2024-09-01 23:00:00,5570278.667459943,1079524.166057415
2024-09-02 00:00:00,5571227.75169742,1079524.166057415
2024-09-02 01:00:00,5572173.21157229,1079524.166057415
2024-09-02 02:00:00,5573110.990458516,1079524.166057415
2024-09-02 03:00:00,5574039.957820974,1079524.166057415
2024-09-02 04:00:00,5574968.226911737,1079524.166057415
2024-09-02 05:00:00,5575932.407118236,1079524.166057415
2024-09-02 06:00:00,5577007.878532486,1079545.049807415
2024-09-02 07:00:00,5578086.442292814,1079693.272307415
2024-09-02 08:00:00,5579168.7634198805,1079976.026057415
2024-09-02 09:00:00,5580222.887670888,1080346.514807415
2024-09-02 10:00:00,5581242.929612977,1080758.591057415
2024-09-02 11:00:00,5582237.833774052,1081166.6023074149
2024-09-02 12:00:00,5583213.884599364,1081571.0323074148
2024-09-02 13:00:00,5584176.801266606,1081960.7248074147
2024-09-02 14:00:00,5585151.023285098,1082312.0623074146
2024-09-02 15:00:00,5586158.064073251,1082608.2073074146
2024-09-02 16:00:00,5587190.2426424185,1082831.2685574146
2024-09-02 17:00:00,5588260.693150672,1082948.1973074146
2024-09-02 18:00:00,5589376.398314961,1082979.6410574147
2024-09-02 19:00:00,5590497.822656942,1082979.8098074147
2024-09-02 20:00:00,5591595.938024726,1082979.8098074147
2024-09-02 21:00:00,5592682.016518531,1082979.8098074147
2024-09-02 22:00:00,5593753.7305660425,1082979.8098074147
2024-09-02 23:00:00,5594805.327738535,1082979.8098074147
2024-09-03 00:00:00,5595848.678654821,1082979.8098074147
2024-09-03 01:00:00,5596886.443397547,1082979.8098074147
2024-09-03 02:00:00,5597916.660155763,1082979.8098074147
2024-09-03 03:00:00,5598939.894197029,1082979.8098074147
2024-09-03 04:00:00,5599965.090049248,1082979.8098074147
2024-09-03 05:00:00,5601007.177426277,1082979.8098074147
2024-09-03 06:00:00,5602086.971474829,1082996.6248074146
2024-09-03 07:00:00,5603191.903304397,1083114.7423074145
2024-09-03 08:00:00,5604289.453404619,1083334.1735574144
2024-09-03 09:00:00,5605357.942101921,1083611.3660574143
2024-09-03 10:00:00,5606398.799190725,1083934.6123074144
2024-09-03 11:00:00,5607426.389117327,1084273.3235574143
2024-09-03 12:00:00,5608412.614758764,1084626.0035574143
2024-09-03 13:00:00,5609393.8194942055,1084958.5723074144
2024-09-03 14:00:00,5610373.062418695,1085261.8910574145
2024-09-03 15:00:00,5611386.952919663,1085518.5673074145
2024-09-03 16:00:00,5612415.773134489,1085711.0360574145
2024-09-03 17:00:00,5613489.282737787,1085818.5335574145
2024-09-03 18:00:00,5614587.231850406,1085841.5698074144
2024-09-03 19:00:00,5615682.820139675,1085841.6785574143
2024-09-03 20:00:00,5616748.116737801,1085841.6785574143
2024-09-03 21:00:00,5617792.731193344,1085841.6785574143
2024-09-03 22:00:00,5618827.137581728,1085841.6785574143
2024-09-03 23:00:00,5619840.329811002,1085841.6785574143
2024-09-04 00:00:00,5620763.7109999005,1085841.6785574143
2024-09-04 01:00:00,5621681.373011108,1085841.6785574143
2024-09-04 02:00:00,5622588.993210321,1085841.6785574143
2024-09-04 03:00:00,5623491.592503538,1085841.6785574143
2024-09-04 04:00:00,5624390.401178984,1085841.6785574143
2024-09-04 05:00:00,5625296.75783894,1085841.6785574143
2024-09-04 06:00:00,5626193.770958599,1085861.3285574142
2024-09-04 07:00:00,5627076.253376797,1086003.3448074143
2024-09-04 08:00:00,5627922.425666861,1086272.5423074143
2024-09-04 09:00:00,5628715.662312247,1086612.9373074144
2024-09-04 10:00:00,5629462.247758208,1086995.0998074145
2024-09-04 11:00:00,5630187.619045057,1087400.9810574146
2024-09-04 12:00:00,5630894.702263708,1087840.3873074146
2024-09-04 13:00:00,5631589.914863545,1088266.7323074145
2024-09-04 14:00:00,5632293.905736119,1088665.9685574146
2024-09-04 15:00:00,5633021.77085045,1089026.0773074145
2024-09-04 16:00:00,5633785.547080518,1089314.5985574145
2024-09-04 17:00:00,5634613.963318912,1089486.9973074144
2024-09-04 18:00:00,5635511.674710265,1089519.2098074143
2024-09-04 19:00:00,5636436.319438421,1089519.3260574143
2024-09-04 20:00:00,5637344.072641768,1089519.3260574143
2024-09-04 21:00:00,5638236.031604396,1089519.3260574143
2024-09-04 22:00:00,5639117.8157509,1089519.3260574143
2024-09-04 23:00:00,5639989.691089543,1089519.3260574143
2024-09-05 00:00:00,5640856.379267023,1089519.3260574143
2024-09-05 01:00:00,5641712.460364948,1089519.3260574143
2024-09-05 02:00:00,5642564.784096134,1089519.3260574143
2024-09-05 03:00:00,5643404.538936812,1089519.3260574143
2024-09-05 04:00:00,5644242.331966538,1089519.3260574143
2024-09-05 05:00:00,5645090.8650799515,1089519.3260574143
2024-09-05 06:00:00,5645935.075559064,1089538.5860574143
2024-09-05 07:00:00,5646774.830399742,1089704.5573074142
2024-09-05 08:00:00,5647595.166637097,1090026.7573074142
2024-09-05 09:00:00,5648382.251841361,1090425.719807414
2024-09-05 10:00:00,5649231.48322647,1090856.452307414
2024-09-05 11:00:00,5650056.84036982,1091269.638557414
2024-09-05 12:00:00,5650868.232079272,1091704.2598074141
2024-09-05 13:00:00,5651675.3011544235,1092129.671057414
2024-09-05 14:00:00,5652497.432947564,1092531.419807414
2024-09-05 15:00:00,5653359.931494876,1092860.512307414
2024-09-05 16:00:00,5654261.267248836,1093121.253557414
2024-09-05 17:00:00,5655225.447455335,1093265.3735574142
2024-09-05 18:00:00,5656237.941412914,1093295.5160574142
2024-09-05 19:00:00,5657185.762111133,1093295.5910574142
2024-09-05 20:00:00,5658111.670378546,1093295.5910574142
2024-09-05 21:00:00,5659018.592306065,1093295.5910574142
2024-09-05 22:00:00,5659923.685426764,1093295.5910574142
2024-09-05 23:00:00,5660826.118464816,1093295.5910574142
2024-09-06 00:00:00,5661731.211585515,1093295.5910574142
2024-09-06 01:00:00,5662633.24561117,1093295.5910574142
2024-09-06 02:00:00,5663525.071569667,1093295.5910574142
2024-09-06 03:00:00,5664405.02690935,1093295.5910574142
2024-09-06 04:00:00,5665283.186693247,1093295.5910574142
2024-09-06 05:00:00,5666181.995368693,1093295.5910574142
2024-09-06 06:00:00,5667101.48618672,1093319.741057414
2024-09-06 07:00:00,5668024.867375619,1093525.964807414
2024-09-06 08:00:00,5668907.91506138,1093927.829807414
2024-09-06 09:00:00,5669742.6157450285,1094412.044807414
2024-09-06 10:00:00,5670631.947876044,1094927.9885574142
2024-09-06 11:00:00,5671514.430294242,1095480.2885574142
2024-09-06 12:00:00,5672378.757648373,1096026.5773074143
2024-09-06 13:00:00,5673242.253726677,1096561.1173074143
2024-09-06 14:00:00,5674123.472605618,1097074.6723074142
2024-09-06 15:00:00,5675038.773793476,1097535.2548074143
2024-09-06 16:00:00,5676004.749555762,1097913.1910574143
2024-09-06 17:00:00,5677038.623927617,1098131.6510574142
2024-09-06 18:00:00,5678120.945054684,1098167.4223074142
2024-09-06 19:00:00,5679208.985359442,1098167.4823074143
2024-09-06 20:00:00,5680202.758985392,1098167.4823074143
2024-09-06 21:00:00,5681155.633840641,1098167.4823074143
2024-09-06 22:00:00,5682102.922522331,1098167.4823074143
2024-09-06 23:00:00,5683052.705031502,1098167.4823074143
2024-09-07 00:00:00,5683991.614452854,1098167.4823074143
2024-09-07 01:00:00,5684929.39333908,1098167.4823074143
2024-09-07 02:00:00,5685863.547862699,1098167.4823074143
2024-09-07 03:00:00,5686795.042303672,1098167.4823074143
2024-09-07 04:00:00,5687725.273205387,1098167.4823074143
2024-09-07 05:00:00,5688692.512506931,1098167.4823074143
2024-09-07 06:00:00,5689751.524659802,1098199.5560574143
2024-09-07 07:00:00,5690837.603153608,1098483.1948074142
2024-09-07 08:00:00,5691929.267820973,1099019.8573074143
2024-09-07 09:00:00,5692985.187627766,1099621.2373074142
2024-09-07 10:00:00,5694005.229569856,1100235.573557414
2024-09-07 11:00:00,5695013.2678890005,1100848.316057414
2024-09-07 12:00:00,5696004.547687468,1101445.7173074142
2024-09-07 13:00:00,5696988.844768987,1102035.4123074142
2024-09-07 14:00:00,5698004.564076776,1102614.2773074142
2024-09-07 15:00:00,5699016.625770925,1103161.6273074143
2024-09-07 16:00:00,5700066.3941365965,1103631.6148074144
2024-09-07 17:00:00,5701156.828515737,1103877.9673074144
2024-09-07 18:00:00,5702278.81812528,1103916.7685574144
2024-09-07 19:00:00,5703401.373002385,1103916.8135574143
2024-09-07 20:00:00,5704478.107955893,1103916.8135574143
2024-09-07 21:00:00,5705456.652608687,1103916.8135574143
2024-09-07 22:00:00,5706425.853721183,1103916.8135574143
2024-09-07 23:00:00,5707387.506849168,1103916.8135574143
2024-09-08 00:00:00,5708337.854625902,1103916.8135574143
2024-09-08 01:00:00,5709283.879768334,1103916.8135574143
2024-09-08 02:00:00,5710223.487461381,1103916.8135574143
2024-09-08 03:00:00,5711160.701080045,1103916.8135574143
2024-09-08 04:00:00,5712103.500872267,1103916.8135574143
2024-09-08 05:00:00,5713082.7437967565,1103916.8135574143
2024-09-08 06:00:00,5714195.788878398,1103951.9510574143
2024-09-08 07:00:00,5715320.837582985,1104257.0248074143
2024-09-08 08:00:00,5716464.739623333,1104816.2135574142
2024-09-08 09:00:00,5717561.59145186,1105437.2435574143
2024-09-08 10:00:00,5718628.2845933745,1106071.1248074144
2024-09-08 11:00:00,5719687.828762775,1106702.1710574143
2024-09-08 12:00:00,5720692.774735843,1107349.2560574142
2024-09-08 13:00:00,5721804.556278227,1107993.3710574142
2024-09-08 14:00:00,5723010.737503553,1108632.1760574142
2024-09-08 15:00:00,5724147.091559391,1109263.7698074142
2024-09-08 16:00:00,5725244.342400314,1109824.5673074143
2024-09-08 17:00:00,5726373.879994368,1110144.2735574143
2024-09-08 18:00:00,5727519.610841537,1110185.4148074144
2024-09-08 19:00:00,5728664.211153581,1110185.4448074144
2024-09-08 20:00:00,5729787.464302381,1110185.4448074144
2024-09-08 21:00:00,5730891.697860253,1110185.4448074144
2024-09-08 22:00:00,5731989.114956343,1110185.4448074144
2024-09-08 23:00:00,5733072.1343551045,1110185.4448074144
2024-09-09 00:00:00,5734147.472765222,1110185.4448074144
2024-09-09 01:00:00,5735213.999651572,1110185.4448074144
2024-09-09 02:00:00,5736262.238469722,1110185.4448074144
2024-09-09 03:00:00,5737292.322223805,1110185.4448074144
2024-09-09 04:00:00,5738324.36778884,1110185.4448074144
2024-09-09 05:00:00,5739376.530228894,1110185.4448074144
2024-09-09 06:00:00,5740480.231770238,1110218.9623074145
2024-09-09 07:00:00,5741610.866648384,1110517.2073074146
2024-09-09 08:00:00,5742749.747782737,1111061.5873074145
2024-09-09 09:00:00,5743884.87155035,1111653.5510574146
2024-09-09 10:00:00,5744979.196300362,1112254.9535574147
2024-09-09 11:00:00,5746059.688620609,1112847.3110574146
2024-09-09 12:00:00,5747192.983581402,1113469.5785574147
2024-09-09 13:00:00,5748338.149161008,1114091.4823074148
2024-09-09 14:00:00,5749501.469804681,1114714.5148074147
2024-09-09 15:00:00,5750669.412341953,1115334.9635574147
2024-09-09 16:00:00,5751822.258910203,1115893.6723074147
2024-09-09 17:00:00,5752954.290331739,1116209.9660574147
2024-09-09 18:00:00,5754075.581669587,1116245.3585574147
2024-09-09 19:00:00,5755181.777038412,1116245.3698074147
2024-09-09 20:00:00,5756257.813720225,1116245.3698074147
2024-09-09 21:00:00,5757323.110318351,1116245.3698074147
2024-09-09 22:00:00,5758372.180412328,1116245.3698074147
2024-09-09 23:00:00,5759394.18416537,1116245.3698074147
2024-09-10 00:00:00,5760384.765692143,1116245.3698074147
2024-09-10 01:00:00,5761306.218321122,1116245.3698074147
2024-09-10 02:00:00,5762229.599510021,1116245.3698074147
2024-09-10 03:00:00,5763153.545966482,1116245.3698074147
2024-09-10 04:00:00,5764083.776868197,1116245.3698074147
2024-09-10 05:00:00,5765022.819293681,1116245.3698074147
2024-09-10 06:00:00,5765967.580896855,1116277.5935574146
2024-09-10 07:00:00,5766930.497564097,1116562.5035574145
2024-09-10 08:00:00,5767939.932426631,1117079.8610574144
2024-09-10 09:00:00,5768978.262436921,1117641.0935574144
2024-09-10 10:00:00,5769922.325768401,1118214.6148074144
2024-09-10 11:00:00,5770819.870904589,1118784.5848074143
2024-09-10 12:00:00,5771662.817844444,1119378.1198074142
2024-09-10 13:00:00,5772584.968745118,1119970.9085574143
2024-09-10 14:00:00,5773530.99388755,1120561.9948074142
2024-09-10 15:00:00,5774444.898532018,1120951.0929768777
2024-09-10 16:00:00,5775344.970746721,1121263.565143354
2024-09-10 17:00:00,5776322.983382986,1121441.3765708155
2024-09-10 18:00:00,5777296.6401339155,1121474.8414548729
2024-09-10 19:00:00,5778266.539518107,1121474.9635667156
2024-09-10 20:00:00,5779197.335687384,1121474.9635667156
2024-09-10 21:00:00,5780116.394241981,1121474.9635667156
2024-09-10 22:00:00,5781022.7509019375,1121474.9635667156
2024-09-10 23:00:00,5781914.576860434,1121474.9635667156
2024-09-11 00:00:00,5782802.645452192,1121474.9635667156
2024-09-11 01:00:00,5783679.541696832,1121474.9635667156
2024-09-11 02:00:00,5784552.647323699,1121474.9635667156
2024-09-11 03:00:00,5785426.883485691,1121474.9635667156
2024-09-11 04:00:00,5786301.6849152455,1121474.9635667156
2024-09-11 05:00:00,5787193.510873742,1121474.9635667156
2024-09-11 06:00:00,5788089.260454143,1121496.419521206
2024-09-11 07:00:00,5788976.198510775,1121649.0226540694
2024-09-11 08:00:00,5789830.45080188,1121924.2994317072
2024-09-11 09:00:00,5790687.097167368,1122302.5604818098
2024-09-11 10:00:00,5791565.256951265,1122734.220430403
2024-09-11 11:00:00,5792540.04423732,1123154.925096701
2024-09-11 12:00:00,5793518.189877718,1123566.4768272815
2024-09-11 13:00:00,5794506.244325976,1123940.1533448931
2024-09-11 14:00:00,5795523.360177154,1124305.688873212
2024-09-11 15:00:00,5796544.798662634,1124605.3615939138
2024-09-11 16:00:00,5797594.5670283055,1124837.674294284
2024-09-11 17:00:00,5798659.298358868,1124949.7552774975
2024-09-11 18:00:00,5799718.443515872,1124980.9357959197
2024-09-11 19:00:00,5800784.970402221,1124981.0973189536
2024-09-11 20:00:00,5801824.563951768,1124981.0973189536
2024-09-11 21:00:00,5802858.571327755,1124981.0973189536
2024-09-11 22:00:00,5803799.409309026,1124981.0973189536
2024-09-11 23:00:00,5804737.753462815,1124981.0973189536
2024-09-12 00:00:00,5805671.7749823015,1124981.0973189536
2024-09-12 01:00:00,5806607.026790013,1124981.0973189536
2024-09-12 02:00:00,5807541.048309499,1124981.0973189536
2024-09-12 03:00:00,5808470.713943652,1124981.0973189536
2024-09-12 04:00:00,5809400.811841235,1124981.0973189536
2024-09-12 05:00:00,5810331.04274295,1124981.0973189536
2024-09-12 06:00:00,5811265.762534132,1125007.895281538
2024-09-12 07:00:00,5812169.060099045,1125189.8062598042
2024-09-12 08:00:00,5813016.495928367,1125531.4180674965
2024-09-12 09:00:00,5813814.620475616,1125964.3346203377
2024-09-12 10:00:00,5814576.434894732,1126407.5965156439
2024-09-12 11:00:00,5815320.094249781,1126877.9726920058
2024-09-12 12:00:00,5816028.574011821,1127290.9483198326
2024-09-12 13:00:00,5816788.426619985,1127693.975155075
2024-09-12 14:00:00,5817643.942450347,1128059.739861513
2024-09-12 15:00:00,5818505.609721832,1128360.2677611767
2024-09-12 16:00:00,5819332.230404439,1128609.854626912
2024-09-12 17:00:00,5820194.595947619,1128740.6012059879
2024-09-12 18:00:00,5821076.380094122,1128775.7346154763
2024-09-12 19:00:00,5821954.539878019,1128776.0002543854
2024-09-12 20:00:00,5822806.863609205,1128776.0002543854
2024-09-12 21:00:00,5823639.070465372,1128776.0002543854
2024-09-12 22:00:00,5824456.879624211,1128776.0002543854
2024-09-12 23:00:00,5825267.007794406,1128776.0002543854
2024-09-13 00:00:00,5826071.549791043,1128776.0002543854
2024-09-13 01:00:00,5826861.029069689,1128776.0002543854
2024-09-13 02:00:00,5827648.679541516,1128776.0002543854
2024-09-13 03:00:00,5828431.176103214,1128776.0002543854
2024-09-13 04:00:00,5829214.902953136,1128776.0002543854
2024-09-13 05:00:00,5830010.666677036,1128776.0002543854
2024-09-13 06:00:00,5830827.77756418,1128803.3410561911
2024-09-13 07:00:00,5831667.532404859,1128981.8329138446
2024-09-13 08:00:00,5832493.454815771,1129308.957028823
2024-09-13 09:00:00,5833278.445204951,1129716.4014973652
2024-09-13 10:00:00,5834026.427194302,1130187.1384412653
2024-09-13 11:00:00,5834768.124738399,1130662.7751660598
2024-09-13 12:00:00,5835495.98985273,1131066.9256112871
2024-09-13 13:00:00,5836220.795872018,1131472.0339373243
2024-09-13 14:00:00,5836955.643703298,1131846.538252764
2024-09-13 15:00:00,5837716.194583156,1132152.7578809566
2024-09-13 16:00:00,5838530.811642818,1132390.006676145
2024-09-13 17:00:00,5839391.215375045,1132517.7642796738
2024-09-13 18:00:00,5840295.743228182,1132551.5274745587
2024-09-13 19:00:00,5841200.138077186,1132551.8056425385
2024-09-13 20:00:00,5842078.829877612,1132551.8056425385
2024-09-13 21:00:00,5842946.34933092,1132551.8056425385
2024-09-13 22:00:00,5843792.3886168515,1132551.8056425385
2024-09-13 23:00:00,5844614.520409992,1132551.8056425385
2024-09-14 00:00:00,5845424.78158432,1132551.8056425385
2024-09-14 01:00:00,5846228.060041699,1132551.8056425385
2024-09-14 02:00:00,5847031.338499078,1132551.8056425385
2024-09-14 03:00:00,5847824.009876901,1132551.8056425385
2024-09-14 04:00:00,5848624.7945067985,1132551.8056425385
2024-09-14 05:00:00,5849431.165310254,1132551.8056425385
2024-09-14 06:00:00,5850303.040648897,1132570.839778961
2024-09-14 07:00:00,5851246.405708683,1132738.3542744718
2024-09-14 08:00:00,5852215.739825311,1133046.7766608838
2024-09-14 09:00:00,5853215.797896515,1133431.6563812783
2024-09-14 10:00:00,5854212.663868541,1133874.9045701174
2024-09-14 11:00:00,5855086.33476297,1134271.278567302
2024-09-14 12:00:00,5855867.700789543,1134712.039525216
2024-09-14 13:00:00,5856642.084099167,1135132.137363405
2024-09-14 14:00:00,5857427.772760041,1135552.7268386432
2024-09-14 15:00:00,5858235.540106887,1135879.2468171578
2024-09-14 16:00:00,5859094.680299857,1136149.1252094232
2024-09-14 17:00:00,5859996.016053817,1136287.1291942268
2024-09-14 18:00:00,5860934.493211739,1136318.3262072976
2024-09-14 19:00:00,5861876.7277363995,1136318.4002998413
2024-09-14 20:00:00,5862799.410653603,1136318.4002998413
2024-09-14 21:00:00,5863703.240235045,1136318.4002998413
2024-09-14 22:00:00,5864595.199197673,1136318.4002998413
2024-09-14 23:00:00,5865473.192726404,1136318.4002998413
2024-09-15 00:00:00,5866332.332919374,1136318.4002998413
2024-09-15 01:00:00,5867172.619776581,1136318.4002998413
2024-09-15 02:00:00,5868003.563093491,1136318.4002998413
2024-09-15 03:00:00,5868826.260154194,1136318.4002998413
2024-09-15 04:00:00,5869649.655486592,1136318.4002998413
2024-09-15 05:00:00,5870491.205883057,1136318.4002998413
2024-09-15 06:00:00,5871355.533237188,1136334.7009773687
2024-09-15 07:00:00,5872237.450387824,1136456.7749030564
2024-09-15 08:00:00,5873121.8946169745,1136674.658019443
2024-09-15 09:00:00,5873985.523699411,1136938.8520797123
2024-09-15 10:00:00,5874823.8819967,1137253.6922755444
2024-09-15 11:00:00,5875652.863502657,1137595.1043113316
2024-09-15 12:00:00,5876478.78591357,1137942.3396434484
2024-09-15 13:00:00,5877291.574166412,1138264.4914265731
2024-09-15 14:00:00,5878112.475671329,1138563.27988936
2024-09-15 15:00:00,5878966.594958302,1138807.128512878
2024-09-15 16:00:00,5879858.55392093,1138994.7948393438
2024-09-15 17:00:00,5880798.161613977,1139098.9762706754
2024-09-15 18:00:00,5881776.174250241,1139121.416687387
2024-09-15 19:00:00,5882748.035445385,1139121.5281306007
2024-09-15 20:00:00,5883712.780919447,1139121.5281306007
2024-09-15 21:00:00,5884670.11141313,1139121.5281306007
2024-09-15 22:00:00,5885598.380503892,1139121.5281306007
2024-09-15 23:00:00,5886504.171896286,1139121.5281306007
2024-09-16 00:00:00,5887386.787318617,1139121.5281306007
2024-09-16 01:00:00,5888251.513685145,1139121.5281306007
2024-09-16 02:00:00,5889106.331243813,1139121.5281306007
2024-09-16 03:00:00,5889947.316372716,1139121.5281306007
2024-09-16 04:00:00,5890768.749894162,1139121.5281306007
2024-09-16 05:00:00,5891604.015845372,1139121.5281306007
2024-09-16 06:00:00,5892486.4982635705,1139138.8352425552
2024-09-16 07:00:00,5893494.669586848,1139251.5201535858
2024-09-16 08:00:00,5894594.015242856,1139463.3202038123
2024-09-16 09:00:00,5895653.559412257,1139742.8904131488
2024-09-16 10:00:00,5896741.0344494525,1140077.001571352
2024-09-16 11:00:00,5897610.947977143,1140416.989496151
2024-09-16 12:00:00,5898543.140689811,1140765.9595594036
2024-09-16 13:00:00,5899478.558752688,1141112.9168332024
2024-09-16 14:00:00,5900537.570905559,1141401.6866288553
2024-09-16 15:00:00,5901609.850220633,1141668.0717213524
2024-09-16 16:00:00,5902727.517195874,1141860.2286122462
2024-09-16 17:00:00,5903844.319644255,1141970.9795912069
2024-09-16 18:00:00,5904803.478944758,1141994.9622261515
2024-09-16 19:00:00,5905783.9854085045,1141995.0729020464
2024-09-16 20:00:00,5906742.446437312,1141995.0729020464
2024-09-16 21:00:00,5907678.263512586,1141995.0729020464
2024-09-16 22:00:00,5908580.862805803,1141995.0729020464
2024-09-16 23:00:00,5909459.0225897,1141995.0729020464
2024-09-17 00:00:00,5910327.672578134,1141995.0729020464
2024-09-17 01:00:00,5911188.076310361,1141995.0729020464
2024-09-17 02:00:00,5912042.760864896,1141995.0729020464
2024-09-17 03:00:00,5912889.498422523,1141995.0729020464
2024-09-17 04:00:00,5913743.052441933,1141995.0729020464
2024-09-17 05:00:00,5914604.287449988,1141995.0729020464
2024-09-17 06:00:00,5915476.69480516,1142026.6264704857
2024-09-17 07:00:00,5916369.784302914,1142322.3055232605
2024-09-17 08:00:00,5917265.400879182,1142833.1785060265
2024-09-17 09:00:00,5918131.5237891,1143452.9371772993
2024-09-17 10:00:00,5919008.985301302,1144090.2752210961
2024-09-17 11:00:00,5919933.497025325,1144688.1777640437
2024-09-17 12:00:00,5920841.682492102,1145273.49231779
2024-09-17 13:00:00,5921742.452978499,1145864.6117064666
2024-09-17 14:00:00,5922649.507910151,1146472.1070328853
2024-09-17 15:00:00,5923596.098320146,1147016.8469415938
2024-09-17 16:00:00,5924589.8719460955,1147478.3798430834
2024-09-17 17:00:00,5925652.641465706,1147719.200002617
2024-09-17 18:00:00,5926736.924403725,1147759.9344629163
2024-09-17 19:00:00,5927709.184611266,1147759.9786202514
2024-09-17 20:00:00,5928653.247942746,1147759.9786202514
2024-09-17 21:00:00,5929596.047734968,1147759.9786202514
2024-09-17 22:00:00,5930536.486703842,1147759.9786202514
2024-09-17 23:00:00,5931467.981144815,1147759.9786202514
2024-09-18 00:00:00,5932382.584060977,1147759.9786202514
2024-09-18 01:00:00,5933295.7904337505,1147759.9786202514
2024-09-18 02:00:00,5934200.318286887,1147759.9786202514
2024-09-18 03:00:00,5935091.578977821,1147759.9786202514
2024-09-18 04:00:00,5935983.005923921,1147759.9786202514
2024-09-18 05:00:00,5936851.655912355,1147759.9786202514
2024-09-18 06:00:00,5937714.021455534,1147793.4316606193
2024-09-18 07:00:00,5938593.976795217,1148090.2590195623
2024-09-18 08:00:00,5939477.722752673,1148608.5021285536
2024-09-18 09:00:00,5940347.636280363,1149145.36758831
2024-09-18 10:00:00,5941189.319680961,1149742.2577173328
2024-09-18 11:00:00,5942059.233208652,1150333.855952475
2024-09-18 12:00:00,5942907.068050371,1150901.896290307
2024-09-18 13:00:00,5943748.053179273,1151521.0713983057
2024-09-18 14:00:00,5944599.113371202,1152122.283217239
2024-09-18 15:00:00,5945485.353156139,1152530.1173886566
2024-09-18 16:00:00,5946437.662743825,1152866.5598066698
2024-09-18 17:00:00,5947435.759004076,1153045.1877000378
2024-09-18 18:00:00,5948494.771156947,1153078.1837660386
2024-09-18 19:00:00,5949575.263477194,1153078.3087672945
2024-09-18 20:00:00,5950638.032996804,1153078.3087672945
2024-09-18 21:00:00,5951701.500788109,1153078.3087672945
2024-09-18 22:00:00,5952720.412195074,1153078.3087672945
2024-09-18 23:00:00,5953670.194704246,1153078.3087672945
2024-09-19 00:00:00,5954611.897212377,1153078.3087672945
2024-09-19 01:00:00,5955548.977826908,1153078.3087672945
2024-09-19 02:00:00,5956485.493173877,1153078.3087672945
2024-09-19 03:00:00,5957420.212965059,1153078.3087672945
2024-09-19 04:00:00,5958354.766501076,1153078.3087672945
2024-09-19 05:00:00,5959328.290247873,1153078.3087672945
2024-09-19 06:00:00,5960345.805111448,1153111.8786923005
2024-09-19 07:00:00,5961244.048519331,1153403.519803532
2024-09-19 08:00:00,5962129.024765011,1153919.4112770406
2024-09-19 09:00:00,5962988.3312131455,1154487.6007875784
2024-09-19 10:00:00,5963804.743828595,1155061.4464416967
2024-09-19 11:00:00,5964556.64943985,1155640.286851299
2024-09-19 12:00:00,5965246.974137823,1156252.8428090615
2024-09-19 13:00:00,5965935.902292407,1156834.8695958953
2024-09-19 14:00:00,5966641.156704238,1157439.968344461
2024-09-19 15:00:00,5967375.306263823,1157845.8939581446
2024-09-19 16:00:00,5968166.714102389,1158164.2298541341
2024-09-19 17:00:00,5969012.188120759,1158346.8343070294
2024-09-19 18:00:00,5969904.845355083,1158380.5925217608
2024-09-19 19:00:00,5970802.257487139,1158380.720267316
2024-09-19 20:00:00,5971682.9110985175,1158380.720267316
2024-09-19 21:00:00,5972562.168166506,1158380.720267316
2024-09-19 22:00:00,5973419.512803689,1158380.720267316
2024-09-19 23:00:00,5974257.438837547,1158380.720267316
2024-09-20 00:00:00,5975079.0386141585,1158380.720267316
2024-09-20 01:00:00,5975892.392134563,1158380.720267316
2024-09-20 02:00:00,5976700.857753104,1158380.720267316
2024-09-20 03:00:00,5977503.604193953,1158380.720267316
2024-09-20 04:00:00,5978301.163473641,1158380.720267316
2024-09-20 05:00:00,5979113.8187223505,1158380.720267316
2024-09-20 06:00:00,5979947.9873894695,1158412.5967894662
2024-09-20 07:00:00,5980785.348155765,1158685.7986312192
2024-09-20 08:00:00,5981624.404724748,1159244.1939167208
2024-09-20 09:00:00,5982415.679559181,1159864.0807423354
2024-09-20 10:00:00,5983222.18336677,1160506.7924611853
2024-09-20 11:00:00,5984002.285854085,1161113.2710999702
2024-09-20 12:00:00,5984784.350152353,1161688.8521059325
2024-09-20 13:00:00,5985558.168194414,1162277.2497501047
2024-09-20 14:00:00,5986365.237269565,1162835.5611368353
2024-09-20 15:00:00,5987165.4566319,1163361.7315910298
2024-09-20 16:00:00,5988054.788762915,1163846.2779128
2024-09-20 17:00:00,5988979.998758634,1164085.8448664653
2024-09-20 18:00:00,5989905.774021914,1164125.5552685114
2024-09-20 19:00:00,5990820.376938077,1164125.5983908337
2024-09-20 20:00:00,5991711.637629011,1164125.5983908337
2024-09-20 21:00:00,5992594.120047209,1164125.5983908337
2024-09-20 22:00:00,5993471.415304245,1164125.5983908337
2024-09-20 23:00:00,5994338.236485858,1164125.5983908337
2024-09-21 00:00:00,5995196.279394736,1164125.5983908337
2024-09-21 01:00:00,5996049.301397616,1164125.5983908337
2024-09-21 02:00:00,5996880.2447145255,1164125.5983908337
2024-09-21 03:00:00,5997689.807617159,1164125.5983908337
2024-09-21 04:00:00,5998498.838503262,1164125.5983908337
2024-09-21 05:00:00,5999319.740008178,1164125.5983908337
2024-09-21 06:00:00,6000168.971393287,1164144.3822178799
2024-09-21 07:00:00,6001039.583192673,1164315.244024738
2024-09-21 08:00:00,6001911.29227615,1164629.9435275705
2024-09-21 09:00:00,6002766.67510238,1165033.36067032
2024-09-21 10:00:00,6003623.321467868,1165482.9465306443
2024-09-21 11:00:00,6004453.00124552,1165885.5847801294
2024-09-21 12:00:00,6005313.404977747,1166337.377271294
2024-09-21 13:00:00,6006212.213653193,1166746.1982364205
2024-09-21 14:00:00,6007146.767189209,1167128.233588688
2024-09-21 15:00:00,6008071.977184928,1167458.770078165
2024-09-21 16:00:00,6008969.522321116,1167722.4621462973
2024-09-21 17:00:00,6009865.271901517,1167865.63165859
2024-09-21 18:00:00,6010773.590372426,1167894.6280200689
2024-09-21 19:00:00,6011695.575017936,1167894.6996230278
2024-09-21 20:00:00,6012605.689044631,1167894.6996230278
2024-09-21 21:00:00,6013502.003892595,1167894.6996230278
2024-09-21 22:00:00,6014386.847134142,1167894.6996230278
2024-09-21 23:00:00,6015239.004610163,1167894.6996230278
2024-09-22 00:00:00,6016066.722576863,1167894.6996230278
2024-09-22 01:00:00,6016888.854370004,1167894.6996230278
2024-09-22 02:00:00,6017714.2115133535,1167894.6996230278
2024-09-22 03:00:00,6018515.694414945,1167894.6996230278
2024-09-22 04:00:00,6019314.5172338905,1167894.6996230278
2024-09-22 05:00:00,6020127.870754295,1167894.6996230278
2024-09-22 06:00:00,6020965.098516459,1167925.857169257
2024-09-22 07:00:00,6021824.936981123,1168220.2606464766
2024-09-22 08:00:00,6022670.410999493,1168732.1830568844
2024-09-22 09:00:00,6023467.272007485,1169320.5242089916
2024-09-22 10:00:00,6024252.262396664,1169884.0535456068
2024-09-22 11:00:00,6025012.813276523,1170444.1501318824
2024-09-22 12:00:00,6025769.04152208,1171010.8907494796
2024-09-22 13:00:00,6026530.855941196,1171627.1328397735
2024-09-22 14:00:00,6027303.975711563,1172197.3804977403
2024-09-22 15:00:00,6028114.935157585,1172605.3576751414
2024-09-22 16:00:00,6028983.585146018,1172934.4886817671
2024-09-22 17:00:00,6029893.167156185,1173112.1024477684
2024-09-22 18:00:00,6030833.473120926,1173144.6818355056
2024-09-22 19:00:00,6031765.665833593,1173144.8031728065
2024-09-22 20:00:00,6032668.79714334,1173144.8031728065
2024-09-22 21:00:00,6033568.171086348,1173144.8031728065
2024-09-22 22:00:00,6034435.690539655,1173144.8031728065
2024-09-22 23:00:00,6035281.164558025,1173144.8031728065
2024-09-23 00:00:00,6036107.7852406325,1173144.8031728065
2024-09-23 01:00:00,6036920.573493475,1173144.8031728065
2024-09-23 02:00:00,6037720.094584115,1173144.8031728065
2024-09-23 03:00:00,6038510.804150986,1173144.8031728065
2024-09-23 04:00:00,6039297.058079422,1173144.8031728065
2024-09-23 05:00:00,6040094.750363242,1173144.8031728065
2024-09-23 06:00:00,6040922.468329942,1173170.5797773947
2024-09-23 07:00:00,6041830.786800851,1173354.2692113074
2024-09-23 08:00:00,6042786.720751144,1173679.4010657247
2024-09-23 09:00:00,6043779.796105398,1174096.9271830467
2024-09-23 10:00:00,6044794.950145624,1174574.3588281572
2024-09-23 11:00:00,6045713.310428525,1175033.7792764518
2024-09-23 12:00:00,6046526.66394893,1175435.656498654
2024-09-23 13:00:00,6047331.205945566,1175845.197610981
2024-09-23 14:00:00,6048135.18267464,1176209.0126972478
2024-09-23 15:00:00,6048966.125991549,1176536.596933923
2024-09-23 16:00:00,6049881.992446969,1176793.5784981488
2024-09-23 17:00:00,6050814.052155504,1176912.9819674278
2024-09-23 18:00:00,6051773.909727702,1176947.4833895888
2024-09-23 19:00:00,6052730.54194969,1176947.7626685195
2024-09-23 20:00:00,6053646.94042164,1176947.7626685195
2024-09-23 21:00:00,6054545.183829523,1176947.7626685195
2024-09-23 22:00:00,6055430.725342765,1176947.7626685195
2024-09-23 23:00:00,6056305.659776452,1176947.7626685195
2024-09-24 00:00:00,6057173.61149319,1176947.7626685195
2024-09-24 01:00:00,6058038.337859718,1176947.7626685195
2024-09-24 02:00:00,6058902.532209717,1176947.7626685195
2024-09-24 03:00:00,6059753.027134083,1176947.7626685195
2024-09-24 04:00:00,6060600.462963405,1176947.7626685195
2024-09-24 05:00:00,6061449.561344381,1176947.7626685195
2024-09-24 06:00:00,6062321.270427858,1176973.5899689607
2024-09-24 07:00:00,6063213.229390487,1177157.3099766267
2024-09-24 08:00:00,6064107.715431631,1177505.1360699914
2024-09-24 09:00:00,6064996.482295083,1177911.4881627967
2024-09-24 10:00:00,6065841.258041757,1178370.8821744323
2024-09-24 11:00:00,6066660.330739854,1178830.4328313232
2024-09-24 12:00:00,6067434.714049478,1179263.9783910844
2024-09-24 13:00:00,6068199.7538188035,1179659.3802540938
2024-09-24 14:00:00,6069014.3708784655,1180031.5366054627
2024-09-24 15:00:00,6069862.205720184,1180335.0014612747
2024-09-24 16:00:00,6070776.110364652,1180590.5987209
2024-09-24 17:00:00,6071707.604805625,1180709.780497711
2024-09-24 18:00:00,6072650.404597848,1180743.4820098572
2024-09-24 19:00:00,6073586.919944816,1180743.7540299895
2024-09-24 20:00:00,6074498.297510769,1180743.7540299895
2024-09-24 21:00:00,6075399.63326473,1180743.7540299895
2024-09-24 22:00:00,6076278.3250651555,1180743.7540299895
2024-09-24 23:00:00,6077140.557604202,1180743.7540299895
2024-09-25 00:00:00,6077997.902241385,1180743.7540299895
2024-09-25 01:00:00,6078847.565889924,1180743.7540299895
2024-09-25 02:00:00,6079680.870030182,1180743.7540299895
2024-09-25 03:00:00,6080501.073263404,1180743.7540299895
2024-09-25 04:00:00,6081317.618882986,1180743.7540299895
2024-09-25 05:00:00,6082146.600388943,1180743.7540299895
2024-09-25 06:00:00,6082980.602800896,1180770.45980762
2024-09-25 07:00:00,6083808.487022761,1180956.4333739274
2024-09-25 08:00:00,6084611.067208446,1181294.1843627945
2024-09-25 09:00:00,6085387.977596585,1181712.340394228
2024-09-25 10:00:00,6086210.275644891,1182160.0668638756
2024-09-25 11:00:00,6087014.119369832,1182633.1468178756
2024-09-25 12:00:00,6087790.331486275,1183056.7871794158
2024-09-25 13:00:00,6088548.920555182,1183480.8389852636
2024-09-25 14:00:00,6089337.834566266,1183850.4669864539
2024-09-25 15:00:00,6090117.238781887,1184161.0488207042
2024-09-25 16:00:00,6090916.759872527,1184401.8692468514
2024-09-25 17:00:00,6091767.121792761,1184530.1387009472
2024-09-25 18:00:00,6092651.566021911,1184563.6374530431
2024-09-25 19:00:00,6093526.500455597,1184563.907057365
2024-09-25 20:00:00,6094382.5815535225,1184563.907057365
2024-09-25 21:00:00,6095242.420018187,1184563.907057365
2024-09-25 22:00:00,6096091.651403296,1184563.907057365
2024-09-25 23:00:00,6096936.42714997,1184563.907057365
2024-09-26 00:00:00,6097846.009160137,1184563.907057365
2024-09-26 01:00:00,6098768.160060811,1184563.907057365
2024-09-26 02:00:00,6099673.818449073,1184563.907057365
2024-09-26 03:00:00,6100569.435025341,1184563.907057365
2024-09-26 04:00:00,6101456.240077841,1184563.907057365
2024-09-26 05:00:00,6102346.968752245,1184563.907057365
2024-09-26 06:00:00,6103210.032567119,1184583.3309172392
2024-09-26 07:00:00,6104058.565680533,1184746.5260350846
2024-09-26 08:00:00,6104886.449902398,1185066.5923710861
2024-09-26 09:00:00,6105698.539883546,1185457.7686458963
2024-09-26 10:00:00,6106486.755622935,1185879.8375297429
2024-09-26 11:00:00,6107289.335808619,1186297.82723685
2024-09-26 12:00:00,6108037.883065532,1186739.1041346944
2024-09-26 13:00:00,6108793.546043526,1187165.6703073906
2024-09-26 14:00:00,6109604.239481284,1187583.0018039437
2024-09-26 15:00:00,6110431.259176289,1187901.6754114125
2024-09-26 16:00:00,6111308.155420928,1188171.3587824022
2024-09-26 17:00:00,6112184.918661435,1188308.3512371392
2024-09-26 18:00:00,6113084.990876138,1188339.3236564088
2024-09-26 19:00:00,6113986.4596342305,1188339.4020737049
2024-09-26 20:00:00,6114887.795388191,1188339.4020737049
2024-09-26 21:00:00,6115800.569497534,1188339.4020737049
2024-09-26 22:00:00,6116699.37817298,1188339.4020737049
2024-09-26 23:00:00,6117588.843308127,1188339.4020737049
2024-09-27 00:00:00,6118468.233380248,1188339.4020737049
2024-09-27 01:00:00,6119345.694892449,1188339.4020737049
2024-09-27 02:00:00,6120214.910148445,1188339.4020737049
2024-09-27 03:00:00,6121081.033058363,1188339.4020737049
2024-09-27 04:00:00,6121944.6621408,1188339.4020737049
2024-09-27 05:00:00,6122829.10636995,1188339.4020737049
2024-09-27 06:00:00,6123730.44212391,1188372.1018176717
2024-09-27 07:00:00,6124669.484549394,1188671.4327391419
2024-09-27 08:00:00,6125630.572409816,1189221.4745632089
2024-09-27 09:00:00,6126601.037061569,1189819.8174784784
2024-09-27 10:00:00,6127574.693812499,1190406.6116765686
2024-09-27 11:00:00,6128590.4131202875,1191023.4817901773
2024-09-27 12:00:00,6129646.332927081,1191638.5020213989
2024-09-27 13:00:00,6130628.102930085,1192267.5059750136
2024-09-27 14:00:00,6131604.852027092,1192861.7770432585
2024-09-27 15:00:00,6132648.202943378,1193475.9127417994
2024-09-27 16:00:00,6133737.3737832615,1194007.3992698486
2024-09-27 17:00:00,6134833.660344226,1194318.7261490126
2024-09-27 18:00:00,6135924.094723367,1194354.1056343808
2024-09-27 19:00:00,6137007.114122129,1194354.1167953894
2024-09-27 20:00:00,6138068.753106615,1194354.1167953894
2024-09-27 21:00:00,6139086.267970189,1194354.1167953894
2024-09-27 22:00:00,6140110.067279018,1194354.1167953894
2024-09-27 23:00:00,6141059.716784058,1194354.1167953894
2024-09-28 00:00:00,6142004.478387233,1194354.1167953894
2024-09-28 01:00:00,6142947.278179456,1194354.1167953894
2024-09-28 02:00:00,6143888.814432421,1194354.1167953894
2024-09-28 03:00:00,6144824.631507695,1194354.1167953894
2024-09-28 04:00:00,6145761.013850532,1194354.1167953894
2024-09-28 05:00:00,6146737.762947539,1194354.1167953894
2024-09-28 06:00:00,6147821.912881426,1194384.9376032792
2024-09-28 07:00:00,6148923.087344254,1194670.5471430512
2024-09-28 08:00:00,6150006.672010578,1195184.2713353068
2024-09-28 09:00:00,6151083.972231649,1195795.799818523
2024-09-28 10:00:00,6152168.82043723,1196387.1039212015
2024-09-28 11:00:00,6153223.476704766,1197027.1979384022
2024-09-28 12:00:00,6154264.33379357,1197630.9728219062
2024-09-28 13:00:00,6155400.155832878,1198249.8862426893
2024-09-28 14:00:00,6156508.313012656,1198835.0879483735
2024-09-28 15:00:00,6157660.46130921,1199368.163667277
2024-09-28 16:00:00,6158811.213062376,1199832.012314985
2024-09-28 17:00:00,6159949.395925033,1200083.9968065263
2024-09-28 18:00:00,6161075.009897183,1200123.1293238387
2024-09-28 19:00:00,6162188.054978824,1200123.17324136
2024-09-28 20:00:00,6163268.547299071,1200123.17324136
2024-09-28 21:00:00,6164342.0569023695,1200123.17324136
2024-09-28 22:00:00,6165407.8855170235,1200123.17324136
2024-09-28 23:00:00,6166467.595941589,1200123.17324136
2024-09-29 00:00:00,6167521.021920901,1200123.17324136
2024-09-29 01:00:00,6168568.695471488,1200123.17324136
2024-09-29 02:00:00,6169616.369022075,1200123.17324136
2024-09-29 03:00:00,6170662.114012743,1200123.17324136
2024-09-29 04:00:00,6171711.184106721,1200123.17324136
2024-09-29 05:00:00,6172785.3919817135,1200123.17324136
2024-09-29 06:00:00,6173892.152618101,1200147.3237193744
2024-09-29 07:00:00,6175027.808402243,1200359.5081731044
2024-09-29 08:00:00,6176178.693159541,1200757.1006202158
2024-09-29 09:00:00,6177328.314377582,1201245.7179138046
2024-09-29 10:00:00,6178463.970161724,1201738.2731504093
2024-09-29 11:00:00,6179577.71351506,1202308.779377779
2024-09-29 12:00:00,6180681.415056404,1202850.0929251253
2024-09-29 13:00:00,6181754.924659702,1203391.6134133511
2024-09-29 14:00:00,6182841.701425203,1203905.5739890987
2024-09-29 15:00:00,6183922.759013013,1204377.0041606463
2024-09-29 16:00:00,6185030.217921096,1204763.2783000045
2024-09-29 17:00:00,6186081.1168218935,1204990.9108004316
2024-09-29 18:00:00,6187040.276122397,1205025.0283362092
2024-09-29 19:00:00,6187981.114103667,1205025.086224814
2024-09-29 20:00:00,6188894.453480572,1205025.086224814
2024-09-29 21:00:00,6189801.508412224,1205025.086224814
2024-09-29 22:00:00,6190683.292558728,1205025.086224814
2024-09-29 23:00:00,6191531.958676274,1205025.086224814
2024-09-30 00:00:00,6192365.2628165325,1205025.086224814
2024-09-30 01:00:00,6193181.675431982,1205025.086224814
2024-09-30 02:00:00,6193986.35043275,1205025.086224814
2024-09-30 03:00:00,6194782.11415665,1205025.086224814
2024-09-30 04:00:00,6195577.312612988,1205025.086224814
2024-09-30 05:00:00,6196384.946955701,1205025.086224814
2024-09-30 06:00:00,6197215.325005048,1205044.8949905846
2024-09-30 07:00:00,6198082.013182528,1205189.8296269742
2024-09-30 08:00:00,6198975.800951977,1205445.6018283882
2024-09-30 09:00:00,6199858.416374308,1205791.9581621373
2024-09-30 10:00:00,6200718.421094138,1206174.9561570813
2024-09-30 11:00:00,6201560.669762298,1206594.6372974662
2024-09-30 12:00:00,6202430.450285857,1207017.2387739657
2024-09-30 13:00:00,6203295.342907551,1207422.7687531014
2024-09-30 14:00:00,6204167.750262723,1207828.7129487162
2024-09-30 15:00:00,6205069.784288378,1208203.3713521091
2024-09-30 16:00:00,6205966.797408037,1208482.8879574412
2024-09-30 17:00:00,6206854.999003926,1208650.3079739183
2024-09-30 18:00:00,6207744.331134941,1208683.8151461806
2024-09-30 19:00:00,6208660.031335196,1208683.9307964218
2024-09-30 20:00:00,6209564.426184201,1208683.9307964218
2024-09-30 21:00:00,6210457.648686087,1208683.9307964218
2024-09-30 22:00:00,6211338.867565027,1208683.9307964218
2024-09-30 23:00:00,6212211.2749202,1208683.9307964218
2024-10-01 00:00:00,6213063.598651386,1208683.9307964218
2024-10-01 01:00:00,6213907.110858803,1208683.9307964218
2024-10-01 02:00:00,6214736.790636455,1208683.9307964218
2024-10-01 03:00:00,6215554.599795294,1208683.9307964218
2024-10-01 04:00:00,6216368.651587394,1208683.9307964218
2024-10-01 05:00:00,6217135.486912507,1208683.9307964218
2024-10-01 06:00:00,6217887.392523762,1208698.6945464218
2024-10-01 07:00:00,6218736.623908871,1208921.4220464218
2024-10-01 08:00:00,6219621.600154551,1209408.6370464219
2024-10-01 09:00:00,6220517.216730819,1209967.413296422
2024-10-01 10:00:00,6221394.112975459,1210544.422046422
2024-10-01 11:00:00,6222244.474895692,1211128.364546422
2024-10-01 12:00:00,6223122.634679589,1211731.6082964218
2024-10-01 13:00:00,6224007.610925269,1212342.1607964218
2024-10-01 14:00:00,6224880.583548004,1212959.5607964217
2024-10-01 15:00:00,6225710.828593219,1213576.7732964216
2024-10-01 16:00:00,6226491.496348097,1214083.5557964216
2024-10-01 17:00:00,6227267.143196979,1214262.7607964217
2024-10-01 18:00:00,6228026.43053758,1214268.4007964216
2024-10-01 19:00:00,6228771.220427753,1214268.4007964216
2024-10-01 20:00:00,6229497.85525386,1214268.4007964216
2024-10-01 21:00:00,6230219.435922938,1214268.4007964216
2024-10-01 22:00:00,6230931.107784156,1214268.4007964216
2024-10-01 23:00:00,6231637.060467681,1214268.4007964216
2024-10-02 00:00:00,6232336.728705953,1214268.4007964216
2024-10-02 01:00:00,6233035.000400835,1214268.4007964216
2024-10-02 02:00:00,6233728.25118972,1214268.4007964216
2024-10-02 03:00:00,6234418.409632528,1214268.4007964216
2024-10-02 04:00:00,6235112.491697241,1214268.4007964216
2024-10-02 05:00:00,6235816.615573946,1214268.4007964216
2024-10-02 06:00:00,6236526.325624211,1214282.9995464215
2024-10-02 07:00:00,6237244.14892655,1214512.1920464213
2024-10-02 08:00:00,6237946.344243336,1215013.2820464214
2024-10-02 09:00:00,6238649.636844214,1215588.7607964214
2024-10-02 10:00:00,6239341.757097974,1216177.2332964214
2024-10-02 11:00:00,6240043.95241476,1216766.2457964213
2024-10-02 12:00:00,6240754.7930001505,1217387.6620464213
2024-10-02 13:00:00,6241469.390952279,1218016.9307964214
2024-10-02 14:00:00,6242182.193348621,1218654.7307964214
2024-10-02 15:00:00,6242893.732205706,1219292.9395464214
2024-10-02 16:00:00,6243600.815424357,1219844.3620464215
2024-10-02 17:00:00,6244321.298809342,1220027.0470464216
2024-10-02 18:00:00,6245044.143017678,1220032.1507964216
2024-10-02 19:00:00,6245765.191670226,1220032.1507964216
2024-10-02 20:00:00,6246476.730527311,1220032.1507964216
2024-10-02 21:00:00,6247194.553829649,1220032.1507964216
2024-10-02 22:00:00,6247918.09630968,1220032.1507964216
2024-10-02 23:00:00,6248791.767204109,1220032.1507964216
2024-10-03 00:00:00,6249613.2007255545,1220032.1507964216
2024-10-03 01:00:00,6250427.119513522,1220032.1507964216
2024-10-03 02:00:00,6251229.699699206,1220032.1507964216
2024-10-03 03:00:00,6251938.711477776,1220032.1507964216
2024-10-03 04:00:00,6252644.664161301,1220032.1507964216
2024-10-03 05:00:00,6253362.48746364,1220032.1507964216
2024-10-03 06:00:00,6254093.012660619,1220047.0645464216
2024-10-03 07:00:00,6254822.839585903,1220304.2807964217
2024-10-03 08:00:00,6255531.319347943,1220884.1807964216
2024-10-03 09:00:00,6256205.716801067,1221563.2457964215
2024-10-03 10:00:00,6256856.240012432,1222264.8670464216
2024-10-03 11:00:00,6257644.455751821,1222966.8707964215
2024-10-03 12:00:00,6258434.4670469975,1223676.2245464216
2024-10-03 13:00:00,6259196.979737809,1224389.4970464215
2024-10-03 14:00:00,6259940.073825296,1225104.0182964215
2024-10-03 15:00:00,6260745.314093627,1225808.3282964216
2024-10-03 16:00:00,6261581.843584095,1226376.8882964216
2024-10-03 17:00:00,6262481.350531235,1226569.0457964216
2024-10-03 18:00:00,6263410.317893693,1226573.9732964216
2024-10-03 19:00:00,6264322.393731342,1226573.9732964216
2024-10-03 20:00:00,6265216.181500791,1226573.9732964216
2024-10-03 21:00:00,6266098.663918989,1226573.9732964216
2024-10-03 22:00:00,6266971.769545856,1226573.9732964216
2024-10-03 23:00:00,6267821.566198527,1226573.9732964216
2024-10-04 00:00:00,6268573.33880565,1226573.9732964216
2024-10-04 01:00:00,6269284.1793910405,1226573.9732964216
2024-10-04 02:00:00,6269983.71462518,1226573.9732964216
2024-10-04 03:00:00,6270683.249859319,1226573.9732964216
2024-10-04 04:00:00,6271382.785093458,1226573.9732964216
2024-10-04 05:00:00,6272092.495143723,1226573.9732964216
2024-10-04 06:00:00,6272836.154498772,1226584.1170464216
2024-10-04 07:00:00,6273613.064886911,1226758.0232964216
2024-10-04 08:00:00,6274483.676686296,1227164.3095464215
2024-10-04 09:00:00,6275364.895565237,1227653.9057964215
2024-10-04 10:00:00,6276185.797070153,1228168.6795464214
2024-10-04 11:00:00,6276994.129684562,1228650.9407964214
2024-10-04 12:00:00,6277834.416541769,1229139.5432964214
2024-10-04 13:00:00,6278588.6829763735,1229619.1120464215
2024-10-04 14:00:00,6279373.274353156,1230083.0132964216
2024-10-04 15:00:00,6280195.971413859,1230529.4995464217
2024-10-04 16:00:00,6281071.471115109,1230879.6182964216
2024-10-04 17:00:00,6281945.7072771005,1230992.9770464215
2024-10-04 18:00:00,6283698.1032229895,1230996.4307964216
2024-10-04 19:00:00,6285421.437765958,1230996.4307964216
2024-10-04 20:00:00,6287097.02382541,1230996.4307964216
2024-10-04 21:00:00,6288747.472103845,1230996.4307964216
2024-10-04 22:00:00,6290343.98720661,1230996.4307964216
2024-10-04 23:00:00,6291821.264104716,1230996.4307964216
2024-10-05 00:00:00,6293280.917955283,1230996.4307964216
2024-10-05 01:00:00,6294693.953857459,1230996.4307964216
2024-10-05 02:00:00,6296087.970168708,1230996.4307964216
2024-10-05 03:00:00,6297483.383023347,1230996.4307964216
2024-10-05 04:00:00,6298881.322956501,1230996.4307964216
2024-10-05 05:00:00,6300309.4548277,1230996.4307964216
2024-10-05 06:00:00,6301784.2046472905,1231004.4857964215
2024-10-05 07:00:00,6303315.348219001,1231157.1182964216
2024-10-05 08:00:00,6304840.373600623,1231527.9370464217
2024-10-05 09:00:00,6306468.2111765575,1231980.8395464218
2024-10-05 10:00:00,6308011.923638776,1232468.6995464219
2024-10-05 11:00:00,6309516.53288608,1233009.333296422
2024-10-05 12:00:00,6311007.7752180835,1233548.110796422
2024-10-05 13:00:00,6312458.783800048,1234087.597046422
2024-10-05 14:00:00,6313976.294448191,1234615.548296422
2024-10-05 15:00:00,6315607.989143965,1235110.147046422
2024-10-05 16:00:00,6317324.07496172,1235494.2520464219
2024-10-05 17:00:00,6319155.47536223,1235619.8357964219
2024-10-05 18:00:00,6320986.87576274,1235623.147046422
2024-10-05 19:00:00,6321884.420898928,1235623.147046422
2024-10-05 20:00:00,6322765.639777869,1235623.147046422
2024-10-05 21:00:00,6323619.193797279,1235623.147046422
2024-10-05 22:00:00,6324464.534811516,1235623.147046422
2024-10-05 23:00:00,6325299.235495165,1235623.147046422
2024-10-06 00:00:00,6326118.873460824,1235623.147046422
2024-10-06 01:00:00,6326930.963441972,1235623.147046422
2024-10-06 02:00:00,6327738.032517123,1235623.147046422
2024-10-06 03:00:00,6328540.778957972,1235623.147046422
2024-10-06 04:00:00,6329108.473845911,1235623.147046422
2024-10-06 05:00:00,6329853.263736085,1235623.147046422
2024-10-06 06:00:00,6330669.676351534,1235634.479546422
2024-10-06 07:00:00,6331515.017365771,1235844.644546422
2024-10-06 08:00:00,6332393.709166197,1236337.2745464218
2024-10-06 09:00:00,6333271.702694928,1236915.2020464218
2024-10-06 10:00:00,6334063.675801056,1237514.197046422
2024-10-06 11:00:00,6334907.753276036,1238127.183296422
2024-10-06 12:00:00,6335661.321438946,1238761.128296422
2024-10-06 13:00:00,6336405.546061558,1239407.508296422
2024-10-06 14:00:00,6337167.360480674,1240063.2107964219
2024-10-06 15:00:00,6337983.773096123,1240713.6482964219
2024-10-06 16:00:00,6338843.079544257,1241230.1695464219
2024-10-06 17:00:00,6339746.37710917,1241382.5057964218
2024-10-06 18:00:00,6340650.771958174,1241385.6182964218
2024-10-06 19:00:00,6341544.4267234905,1241385.6182964218
2024-10-06 20:00:00,6342414.340251181,1241385.6182964218
2024-10-06 21:00:00,6343272.948427621,1241385.6182964218
2024-10-06 22:00:00,6344109.477918089,1241385.6182964218
2024-10-06 23:00:00,6344927.852344491,1241385.6182964218
2024-10-07 00:00:00,6345728.636974388,1241385.6182964218
2024-10-07 01:00:00,6346509.437733398,1241385.6182964218
2024-10-07 02:00:00,6347284.519314717,1241385.6182964218
2024-10-07 03:00:00,6348067.015876414,1241385.6182964218
2024-10-07 04:00:00,6348836.245275909,1241385.6182964218
2024-10-07 05:00:00,6349594.302328286,1241385.6182964218
2024-10-07 06:00:00,6350341.586045941,1241397.509546422
2024-10-07 07:00:00,6351183.834714102,1241618.538296422
2024-10-07 08:00:00,6352026.7816539565,1242123.869546422
2024-10-07 09:00:00,6352838.8716351045,1242713.249546422
2024-10-07 10:00:00,6353646.6389819505,1243321.177046422
2024-10-07 11:00:00,6354420.457024012,1243906.469546422
2024-10-07 12:00:00,6355182.271443128,1244504.3245464219
2024-10-07 13:00:00,6355984.851628812,1245109.3157964218
2024-10-07 14:00:00,6356850.97453873,1245720.134546422
2024-10-07 15:00:00,6357754.804120172,1246313.7220464218
2024-10-07 16:00:00,6358629.738553858,1246776.5770464218
2024-10-07 17:00:00,6359542.944926632,1246915.1095464218
2024-10-07 18:00:00,6360461.870477096,1246917.5620464217
2024-10-07 19:00:00,6361343.787627732,1246917.5620464217
2024-10-07 20:00:00,6362189.826913664,1246917.5620464217
2024-10-07 21:00:00,6363042.68266138,1246917.5620464217
2024-10-07 22:00:00,6363890.650507231,1246917.5620464217
2024-10-07 23:00:00,6364728.443536957,1246917.5620464217
2024-10-08 00:00:00,6365547.516235054,1246917.5620464217
2024-10-08 01:00:00,6366357.644405249,1246917.5620464217
2024-10-08 02:00:00,6367193.043360592,1246917.5620464217
2024-10-08 03:00:00,6368030.2711227555,1246917.5620464217
2024-10-08 04:00:00,6368878.804236169,1246917.5620464217
2024-10-08 05:00:00,6369741.169779348,1246917.5620464217
2024-10-08 06:00:00,6370614.840673777,1246928.8907964218
2024-10-08 07:00:00,6371505.403093017,1247143.4432964218
2024-10-08 08:00:00,6372378.375715751,1247642.0132964219
2024-10-08 09:00:00,6373243.96660914,1248231.093296422
2024-10-08 10:00:00,6374092.499722553,1248838.2857964218
2024-10-08 11:00:00,6374906.5515146535,1249444.9007964218
2024-10-08 12:00:00,6375819.757887427,1250069.2270464217
2024-10-08 13:00:00,6376660.74301633,1250704.8295464218
2024-10-08 14:00:00,6377518.785925207,1251350.5345464218
2024-10-08 15:00:00,6378481.702592448,1251988.9532964218
2024-10-08 16:00:00,6379471.585847526,1252490.5682964218
2024-10-08 17:00:00,6380470.945647034,1252637.969546422
2024-10-08 18:00:00,6381434.427581838,1252640.2532964218
2024-10-08 19:00:00,6382367.883833763,1252640.2532964218
2024-10-08 20:00:00,6383286.94238836,1252640.2532964218
2024-10-08 21:00:00,6384180.730157809,1252640.2532964218
2024-10-08 22:00:00,6385060.120229931,1252640.2532964218
2024-10-08 23:00:00,6385909.916882602,1252640.2532964218
2024-10-09 00:00:00,6386721.441596187,1252640.2532964218
2024-10-09 01:00:00,6387516.507048393,1252640.2532964218
2024-10-09 02:00:00,6388304.024516087,1252640.2532964218
2024-10-09 03:00:00,6389080.236632531,1252640.2532964218
2024-10-09 04:00:00,6389850.297307853,1252640.2532964218
2024-10-09 05:00:00,6390625.944156734,1252640.2532964218
2024-10-09 06:00:00,6391357.034621276,1252652.0057964218
2024-10-09 07:00:00,6392078.083273824,1252879.3570464219
2024-10-09 08:00:00,6392754.4425379,1253405.8307964217
2024-10-09 09:00:00,6393421.292006512,1254009.4082964216
2024-10-09 10:00:00,6394125.282879085,1254627.4195464216
2024-10-09 11:00:00,6394799.115064646,1255237.9570464217
2024-10-09 12:00:00,6395479.098691328,1255861.1732964218
2024-10-09 13:00:00,6396177.503390343,1256492.7257964218
2024-10-09 14:00:00,6396925.485379694,1257134.2382964217
2024-10-09 15:00:00,6397752.671329864,1257773.8007964217
2024-10-09 16:00:00,6398618.794239783,1258275.8207964217
2024-10-09 17:00:00,6399574.728190076,1258415.6657964217
2024-10-09 18:00:00,6400520.055060813,1258417.5145464216
2024-10-09 19:00:00,6401411.88101931,1258417.5145464216
2024-10-09 20:00:00,6402267.263845541,1258417.5145464216
2024-10-09 21:00:00,6403096.81061906,1258417.5145464216
2024-10-09 22:00:00,6403814.633921399,1258417.5145464216
2024-10-09 23:00:00,6404521.71714005,1258417.5145464216
2024-10-10 00:00:00,6405223.214185141,1258417.5145464216
2024-10-10 01:00:00,6405923.447690975,1258417.5145464216
2024-10-10 02:00:00,6406621.852389989,1258417.5145464216
2024-10-10 03:00:00,6407315.668446437,1258417.5145464216
2024-10-10 04:00:00,6408007.655696065,1258417.5145464216
2024-10-10 05:00:00,6408714.173647153,1258417.5145464216
2024-10-10 06:00:00,6409426.277771801,1258426.7770464215
2024-10-10 07:00:00,6410132.230455326,1258627.8332964214
2024-10-10 08:00:00,6410801.740006586,1259103.2657964216
2024-10-10 09:00:00,6411473.743385327,1259666.9732964216
2024-10-10 10:00:00,6412180.826603978,1260246.2657964216
2024-10-10 11:00:00,6412924.485959027,1260827.8607964215
2024-10-10 12:00:00,6413666.8817748185,1261418.5270464215
2024-10-10 13:00:00,6414415.562035864,1262017.4845464216
2024-10-10 14:00:00,6415207.535141992,1262627.0920464215
2024-10-10 15:00:00,6416062.485704793,1263219.4495464214
2024-10-10 16:00:00,6416961.8596478,1263664.1507964213
2024-10-10 17:00:00,6417934.119855341,1263788.5195464212
2024-10-10 18:00:00,6418924.003110418,1263790.0607964213
2024-10-10 19:00:00,6419867.933437766,1263790.0607964213
2024-10-10 20:00:00,6420756.700301218,1263790.0607964213
2024-10-10 21:00:00,6421620.196379522,1263790.0607964213
2024-10-10 22:00:00,6422471.821839013,1263790.0607964213
2024-10-10 23:00:00,6423297.178982363,1263790.0607964213
2024-10-11 00:00:00,6424045.293975846,1263790.0607964213
2024-10-11 01:00:00,6424750.5483876765,1263790.0607964213
2024-10-11 02:00:00,6425446.858271606,1263790.0607964213
2024-10-11 03:00:00,6426141.372599749,1263790.0607964213
2024-10-11 04:00:00,6426840.342566325,1263790.0607964213
2024-10-11 05:00:00,6427551.748419277,1263790.0607964213
2024-10-11 06:00:00,6428300.29567619,1263801.4483697151
2024-10-11 07:00:00,6429084.188781278,1264034.0177157759
2024-10-11 08:00:00,6429872.96978823,1264553.7987476846
2024-10-11 09:00:00,6430671.925611307,1265133.9980932367
2024-10-11 10:00:00,6431427.455585169,1265753.6977301706
2024-10-11 11:00:00,6432184.947369983,1266387.6054883641
2024-10-11 12:00:00,6432932.364091772,1266987.6846607616
2024-10-11 13:00:00,6433682.307892075,1267649.1948192758
2024-10-11 14:00:00,6434459.750296743,1268272.28912683
2024-10-11 15:00:00,6435279.388262401,1268887.5410907436
2024-10-11 16:00:00,6436140.490266323,1269403.5677195294
2024-10-11 17:00:00,6437048.110465537,1269544.3815850292
2024-10-11 18:00:00,6437955.165397189,1269546.1729965399
2024-10-11 19:00:00,6438847.68962738,1269546.1729965399
2024-10-11 20:00:00,6439719.564966023,1269546.1729965399
2024-10-11 21:00:00,6440576.344335643,1269546.1729965399
2024-10-11 22:00:00,6441411.743290986,1269546.1729965399
2024-10-11 23:00:00,6442218.247098574,1269546.1729965399
2024-10-12 00:00:00,6443013.31255078,1269546.1729965399
2024-10-12 01:00:00,6443807.247467861,1269546.1729965399
2024-10-12 02:00:00,6444608.032097758,1269546.1729965399
2024-10-12 03:00:00,6445395.549565452,1269546.1729965399
2024-10-12 04:00:00,6446183.200037279,1269546.1729965399
2024-10-12 05:00:00,6446994.591746732,1269546.1729965399
2024-10-12 06:00:00,6447835.044859105,1269558.0927089516
2024-10-12 07:00:00,6448714.434931226,1269791.7615433217
2024-10-12 08:00:00,6449599.278172773,1270306.5173951637
2024-10-12 09:00:00,6450446.547746929,1270932.4856648142
2024-10-12 10:00:00,6451323.310987436,1271554.2887737744
2024-10-12 11:00:00,6452221.554395319,1272165.90264091
2024-10-12 12:00:00,6453124.153688536,1272818.0791566726
2024-10-12 13:00:00,6453973.385073645,1273477.265257619
2024-10-12 14:00:00,6454810.74583994,1274117.650209691
2024-10-12 15:00:00,6455702.006530874,1274773.0242708984
2024-10-12 16:00:00,6456587.681048249,1275292.0045839027
2024-10-12 17:00:00,6457499.058614202,1275428.446619305
2024-10-12 18:00:00,6458409.870912593,1275430.3282997026
2024-10-12 19:00:00,6459307.283044648,1275430.3282997026
2024-10-12 20:00:00,6460174.104226261,1275430.3282997026
2024-10-12 21:00:00,6461012.46252355,1275430.3282997026
2024-10-12 22:00:00,6461846.464935503,1275430.3282997026
2024-10-12 23:00:00,6462668.596728643,1275430.3282997026
2024-10-13 00:00:00,6463480.686709791,1275430.3282997026
2024-10-13 01:00:00,6464283.96516717,1275430.3282997026
2024-10-13 02:00:00,6465079.163623508,1275430.3282997026
2024-10-13 03:00:00,6465864.28701682,1275430.3282997026
2024-10-13 04:00:00,6466646.218310956,1275430.3282997026
2024-10-13 05:00:00,6467435.697589602,1275430.3282997026
2024-10-13 06:00:00,6468243.464936448,1275440.2333160443
2024-10-13 07:00:00,6469078.730887659,1275606.0276372144
2024-10-13 08:00:00,6469907.147126053,1276024.3312953953
2024-10-13 09:00:00,6470692.96879106,1276512.9248149246
2024-10-13 10:00:00,6471471.807739118,1277018.7769707458
2024-10-13 11:00:00,6472208.617381351,1277504.9862653213
2024-10-13 12:00:00,6472947.821097966,1278003.1291395968
2024-10-13 13:00:00,6473788.972482034,1278461.3419556187
2024-10-13 14:00:00,6474677.739345486,1278907.13418397
2024-10-13 15:00:00,6475531.991636591,1279333.7422878277
2024-10-13 16:00:00,6476392.395368818,1279682.5546688547
2024-10-13 17:00:00,6477271.652436807,1279801.1233213136
2024-10-13 18:00:00,6478132.887444861,1279804.70645079
2024-10-13 19:00:00,6478976.399652278,1279804.70645079
2024-10-13 20:00:00,6479794.075806985,1279804.70645079
2024-10-13 21:00:00,6480608.127599085,1279804.70645079
2024-10-13 22:00:00,6481403.891322985,1279804.70645079
2024-10-13 23:00:00,6482158.15775759,1279804.70645079
2024-10-14 00:00:00,6482874.152253108,1279804.70645079
2024-10-14 01:00:00,6483583.164031678,1279804.70645079
2024-10-14 02:00:00,6484284.661076769,1279804.70645079
2024-10-14 03:00:00,6484984.894582603,1279804.70645079
2024-10-14 04:00:00,6485682.601009922,1279804.70645079
2024-10-14 05:00:00,6486396.101677959,1279804.70645079
2024-10-14 06:00:00,6487136.003666269,1279819.866684566
2024-10-14 07:00:00,6487903.969526506,1280068.438712318
2024-10-14 08:00:00,6488677.089296873,1280646.2157569185
2024-10-14 09:00:00,6489414.331202536,1281341.6895354486
2024-10-14 10:00:00,6490195.697229109,1282019.3351981372
2024-10-14 11:00:00,6490914.218803142,1282716.0989461842
2024-10-14 12:00:00,6491616.414119928,1283408.572559992
2024-10-14 13:00:00,6492313.555279685,1284100.1930537934
2024-10-14 14:00:00,6493047.172822741,1284806.9643990763
2024-10-14 15:00:00,6493820.292593108,1285520.0571919233
2024-10-14 16:00:00,6494623.039033957,1286066.0422979263
2024-10-14 17:00:00,6495475.894781672,1286262.211386126
2024-10-14 18:00:00,6496316.746906443,1286267.0571957335
2024-10-14 19:00:00,6497145.163144837,1286267.0571957335
2024-10-14 20:00:00,6497946.513042297,1286267.0571957335
2024-10-14 21:00:00,6498737.920880863,1286267.0571957335
2024-10-14 22:00:00,6499466.91653032,1286267.0571957335
2024-10-14 23:00:00,6500186.003371917,1286267.0571957335
2024-10-15 00:00:00,6500900.069307516,1286267.0571957335
2024-10-15 01:00:00,6501605.323719347,1286267.0571957335
2024-10-15 02:00:00,6502307.519036133,1286267.0571957335
2024-10-15 03:00:00,6503005.3584675845,1286267.0571957335
2024-10-15 04:00:00,6503711.31115111,1286267.0571957335
2024-10-15 05:00:00,6504428.569185886,1286267.0571957335
2024-10-15 06:00:00,6505170.831997545,1286279.2452506688
2024-10-15 07:00:00,6505944.650039607,1286503.2020171997
2024-10-15 08:00:00,6506839.701348313,1286997.7604007053
2024-10-15 09:00:00,6507676.230838781,1287607.911944656
2024-10-15 10:00:00,6508482.73464637,1288209.2718664985
2024-10-15 11:00:00,6509290.901005613,1288800.6268992068
2024-10-15 12:00:00,6510102.990986761,1289377.3712902435
2024-10-15 13:00:00,6511006.820568202,1289963.400813692
2024-10-15 14:00:00,6511903.667432695,1290571.4017725051
2024-10-15 15:00:00,6512825.120061674,1291157.9392309645
2024-10-15 16:00:00,6513780.621748537,1291621.093067604
2024-10-15 17:00:00,6514729.705986014,1291758.4510025787
2024-10-15 18:00:00,6515659.936887729,1291760.8935705095
2024-10-15 19:00:00,6516556.251735693,1291760.8935705095
2024-10-15 20:00:00,6517374.759166227,1291760.8935705095
2024-10-15 21:00:00,6518107.113170026,1291760.8935705095
2024-10-15 22:00:00,6518829.957378361,1291760.8935705095
2024-10-15 23:00:00,6519549.742491652,1291760.8935705095
2024-10-16 00:00:00,6520258.621266089,1291760.8935705095
2024-10-16 01:00:00,6520964.573949615,1291760.8935705095
2024-10-16 02:00:00,6521666.203998839,1291760.8935705095
2024-10-16 03:00:00,6522365.8722371105,1291760.8935705095
2024-10-16 04:00:00,6523064.143931992,1291760.8935705095
2024-10-16 05:00:00,6523774.552253952,1291760.8935705095
2024-10-16 06:00:00,6524492.375556291,1291776.135449902
2024-10-16 07:00:00,6525217.048571446,1292001.9914569804
2024-10-16 08:00:00,6525900.224297306,1292514.4852292333
2024-10-16 09:00:00,6526523.082649141,1293115.520690462
2024-10-16 10:00:00,6527108.932601146,1293680.1633812492
2024-10-16 11:00:00,6527667.815965316,1294251.8708539691
2024-10-16 12:00:00,6528304.506746916,1294870.5317953692
2024-10-16 13:00:00,6528879.051347671,1295492.4424662143
2024-10-16 14:00:00,6529461.143932938,1296126.3842724513
2024-10-16 15:00:00,6530116.821054432,1296785.062664456
2024-10-16 16:00:00,6530788.1261614775,1297336.154954499
2024-10-16 17:00:00,6531503.422385301,1297515.2450707883
2024-10-16 18:00:00,6532233.681574016,1297520.2445781413
2024-10-16 19:00:00,6532964.206770995,1297520.2445781413
2024-10-16 20:00:00,6533685.089168377,1297520.2445781413
2024-10-16 21:00:00,6534405.572553363,1297520.2445781413
2024-10-16 22:00:00,6535119.073221399,1297520.2445781413
2024-10-16 23:00:00,6535831.742613609,1297520.2445781413
2024-10-17 00:00:00,6536545.110277513,1297520.2445781413
2024-10-17 01:00:00,6537253.423784388,1297520.2445781413
2024-10-17 02:00:00,6537963.000830521,1297520.2445781413
2024-10-17 03:00:00,6538669.518781609,1297520.2445781413
2024-10-17 04:00:00,6539377.134016789,1297520.2445781413
2024-10-17 05:00:00,6540091.898224083,1297520.2445781413
2024-10-17 06:00:00,6540833.030500617,1297531.8163681799
2024-10-17 07:00:00,6541579.050679015,1297743.0166855168
2024-10-17 08:00:00,6542278.153649724,1298254.7787001834
2024-10-17 09:00:00,6542902.973812511,1298826.106995722
2024-10-17 10:00:00,6543465.647794453,1299404.1519104093
2024-10-17 11:00:00,6543987.955022225,1300015.2078060012
2024-10-17 12:00:00,6544548.534189083,1300615.669189245
2024-10-17 13:00:00,6545105.488993334,1301229.567258571
2024-10-17 14:00:00,6545731.572695378,1301837.7735624085
2024-10-17 15:00:00,6546380.832367486,1302407.8942118115
2024-10-17 16:00:00,6547046.019284444,1302865.8468205247
2024-10-17 17:00:00,6547759.386948348,1302999.5375472833
2024-10-17 18:00:00,6548483.49469594,1303001.9757084993
2024-10-17 19:00:00,6549208.86598279,1303001.9757084993
2024-10-17 20:00:00,6549926.1240175655,1303001.9757084993
2024-10-17 21:00:00,6550649.533493463,1303001.9757084993
2024-10-17 22:00:00,6551366.093256544,1303001.9757084993
2024-10-17 23:00:00,6552076.368574372,1303001.9757084993
2024-10-18 00:00:00,6552788.472699019,1303001.9757084993
2024-10-18 01:00:00,6553523.187526167,1303001.9757084993
2024-10-18 02:00:00,6554258.60062501,1303001.9757084993
2024-10-18 03:00:00,6554993.44845629,1303001.9757084993
2024-10-18 04:00:00,6555727.598015876,1303001.9757084993
2024-10-18 05:00:00,6556463.576382281,1303001.9757084993
2024-10-18 06:00:00,6557225.390801397,1303013.2973909578
2024-10-18 07:00:00,6558020.988270132,1303225.08109023
2024-10-18 08:00:00,6558809.204009521,1303732.6443355903
2024-10-18 09:00:00,6559537.069123852,1304289.2088426282
2024-10-18 10:00:00,6560202.655053207,1304887.737595899
2024-10-18 11:00:00,6560827.475215994,1305503.0221614453
2024-10-18 12:00:00,6561434.705582276,1306120.7888769943
2024-10-18 13:00:00,6562035.086235742,1306742.2032224876
2024-10-18 14:00:00,6562683.215372724,1307411.8113360372
2024-10-18 15:00:00,6563356.482290723,1308090.8939106138
2024-10-18 16:00:00,6564075.56913232,1308626.1902664495
2024-10-18 17:00:00,6564852.479520459,1308783.4287192042
2024-10-18 18:00:00,6565625.732294958,1308786.4905483376
2024-10-18 19:00:00,6566384.886631427,1308786.4905483376
2024-10-18 20:00:00,6567125.486891433,1308786.4905483376
2024-10-18 21:00:00,6567859.636451018,1308786.4905483376
2024-10-18 22:00:00,6568586.271277125,1308786.4905483376
2024-10-18 23:00:00,6569302.132768511,1308786.4905483376
2024-10-19 00:00:00,6570011.144547081,1308786.4905483376
2024-10-19 01:00:00,6570716.398958911,1308786.4905483376
2024-10-19 02:00:00,6571419.69155979,1308786.4905483376
2024-10-19 03:00:00,6572121.886876576,1308786.4905483376
2024-10-19 04:00:00,6572825.312481587,1308786.4905483376
2024-10-19 05:00:00,6573547.458418227,1308786.4905483376
2024-10-19 06:00:00,6574296.1386792725,1308798.263704114
2024-10-19 07:00:00,6575074.279355636,1309011.5354115833
2024-10-19 08:00:00,6575850.059208649,1309524.0864394202
2024-10-19 09:00:00,6576647.751492469,1310118.7600691693
2024-10-19 10:00:00,6577502.569051136,1310698.0719923784
2024-10-19 11:00:00,6578295.805696522,1311328.5113962342
2024-10-19 12:00:00,6579113.4818512285,1311986.5418409563
2024-10-19 13:00:00,6579972.788299363,1312649.9415185885
2024-10-19 14:00:00,6580911.830724847,1313337.242671047
2024-10-19 15:00:00,6581881.597104905,1313956.8597327257
2024-10-19 16:00:00,6582899.244972613,1314495.891785819
2024-10-19 17:00:00,6583947.616794895,1314644.560012508
2024-10-19 18:00:00,6584973.943182239,1314647.801637
2024-10-19 19:00:00,6585940.085199691,1314647.801637
2024-10-19 20:00:00,6586877.165814223,1314647.801637
2024-10-19 21:00:00,6587797.920171508,1314647.801637
2024-10-19 22:00:00,6588709.297737461,1314647.801637
2024-10-19 23:00:00,6589607.408141211,1314647.801637
2024-10-20 00:00:00,6590488.061752589,1314647.801637
2024-10-20 01:00:00,6591351.690835026,1314647.801637
2024-10-20 02:00:00,6592203.44929865,1314647.801637
2024-10-20 03:00:00,6593018.764630008,1314647.801637
2024-10-20 04:00:00,6593721.491963323,1314647.801637
2024-10-20 05:00:00,6594438.6169939665,1314647.801637
2024-10-20 06:00:00,6595183.539888273,1314659.8264486217
2024-10-20 07:00:00,6595985.022789865,1314880.6073996334
2024-10-20 08:00:00,6596827.271458025,1315403.8523754568
2024-10-20 09:00:00,6597621.206375105,1316004.6088612075
2024-10-20 10:00:00,6598382.322522527,1316632.1854267595
2024-10-20 11:00:00,6599144.702209205,1317231.4182849515
2024-10-20 12:00:00,6599906.649632454,1317836.5313009794
2024-10-20 13:00:00,6600687.450391464,1318443.104656504
2024-10-20 14:00:00,6601515.334613329,1319058.684283041
2024-10-20 15:00:00,6602375.173077993,1319689.531178402
2024-10-20 16:00:00,6603265.3364848355,1320201.2657592413
2024-10-20 17:00:00,6604176.015779094,1320340.3859544515
2024-10-20 18:00:00,6605074.824454539,1320342.2674409542
2024-10-20 19:00:00,6605952.119711576,1320342.2674409542
2024-10-20 20:00:00,6606804.443442762,1320342.2674409542
2024-10-20 21:00:00,6607627.273507598,1320342.2674409542
2024-10-20 22:00:00,6608423.735503193,1320342.2674409542
2024-10-20 23:00:00,6609209.98943163,1320342.2674409542
2024-10-21 00:00:00,6609978.221300133,1320342.2674409542
2024-10-21 01:00:00,6610741.299258506,1320342.2674409542
2024-10-21 02:00:00,6611493.071865629,1320342.2674409542
2024-10-21 03:00:00,6612188.816481996,1320342.2674409542
2024-10-21 04:00:00,6612883.463814272,1320342.2674409542
2024-10-21 05:00:00,6613595.567938919,1320342.2674409542
2024-10-21 06:00:00,6614336.700215453,1320353.5504473073
2024-10-21 07:00:00,6615164.584437318,1320570.8990700406
2024-10-21 08:00:00,6615996.791293485,1321050.232222363
2024-10-21 09:00:00,6616799.537734334,1321612.4188575973
2024-10-21 10:00:00,6617545.025896204,1322202.6372316186
2024-10-21 11:00:00,6618328.220729596,1322791.6728488605
2024-10-21 12:00:00,6619088.2063418925,1323411.1246867108
2024-10-21 13:00:00,6619888.292700095,1324088.0813920128
2024-10-21 14:00:00,6620755.113881708,1324713.6857192903
2024-10-21 15:00:00,6621670.814081963,1325338.1546870845
2024-10-21 16:00:00,6622595.325805986,1325873.7973828164
2024-10-21 17:00:00,6623529.181070308,1326021.1929462266
2024-10-21 18:00:00,6624448.804892467,1326024.3992481169
2024-10-21 19:00:00,6625355.161552424,1326024.3992481169
2024-10-21 20:00:00,6626242.664876618,1326024.3992481169
2024-10-21 21:00:00,6627120.65840535,1326024.3992481169
2024-10-21 22:00:00,6627984.852755348,1326024.3992481169
2024-10-21 23:00:00,6628828.364962765,1326024.3992481169
2024-10-22 00:00:00,6629643.514038957,1326024.3992481169
2024-10-22 01:00:00,6630437.448956037,1326024.3992481169
2024-10-22 02:00:00,6631223.702884474,1326024.3992481169
2024-10-22 03:00:00,6631999.349733355,1326024.3992481169
2024-10-22 04:00:00,6632765.486786773,1326024.3992481169
2024-10-22 05:00:00,6633503.992231694,1326024.3992481169
2024-10-22 06:00:00,6634245.689775791,1326034.6878241498
2024-10-22 07:00:00,6635009.466005859,1326202.0313400815
2024-10-22 08:00:00,6635763.865444596,1326626.1151158274
2024-10-22 09:00:00,6636610.603002223,1327102.8881160645
2024-10-22 10:00:00,6637420.165904856,1327604.3229489792
2024-10-22 11:00:00,6638199.570120477,1328065.8071396374
2024-10-22 12:00:00,6638975.216969359,1328557.104757825
2024-10-22 13:00:00,6639767.190075487,1329057.3441674917
2024-10-22 14:00:00,6640588.091580403,1329534.127044857
2024-10-22 15:00:00,6641417.771358055,1329978.2890499698
2024-10-22 16:00:00,6642300.952047948,1330340.675152871
2024-10-22 17:00:00,6643221.706405233,1330452.5897702496
2024-10-22 18:00:00,6644120.515080678,1330455.91728227
2024-10-22 19:00:00,6644959.571649661,1330455.91728227
2024-10-22 20:00:00,6645689.963842507,1330455.91728227
2024-10-22 21:00:00,6646408.352412408,1330455.91728227
2024-10-22 22:00:00,6647113.473820106,1330455.91728227
2024-10-22 23:00:00,6647813.142058378,1330455.91728227
2024-10-23 00:00:00,6648503.998772881,1330455.91728227
2024-10-23 01:00:00,6649197.382565899,1330455.91728227
2024-10-23 02:00:00,6649886.310720483,1330455.91728227
2024-10-23 03:00:00,6650573.277064114,1330455.91728227
2024-10-23 04:00:00,6651259.11287262,1330455.91728227
2024-10-23 05:00:00,6651959.346378454,1330455.91728227
2024-10-23 06:00:00,6652673.944330582,1330464.8936190633
2024-10-23 07:00:00,6653394.826727965,1330672.3078276673
2024-10-23 08:00:00,6654073.679819522,1331126.2229961103
2024-10-23 09:00:00,6654714.826239556,1331672.9371309718
2024-10-23 10:00:00,6655290.069112007,1332267.8943829879
2024-10-23 11:00:00,6655853.840378041,1332877.042014688
2024-10-23 12:00:00,6656452.259220555,1333454.7409682784
2024-10-23 13:00:00,6657222.718908275,1334034.0352918503
2024-10-23 14:00:00,6657992.646579465,1334651.5009461637
2024-10-23 15:00:00,6658799.150387053,1335231.021853472
2024-10-23 16:00:00,6659630.791975657,1335695.0060335263
2024-10-23 17:00:00,6660482.417435149,1335822.8368601066
2024-10-23 18:00:00,6661327.758449386,1335824.3586295787
2024-10-23 19:00:00,6662154.379131993,1335824.3586295787
2024-10-23 20:00:00,6662972.188290833,1335824.3586295787
2024-10-23 21:00:00,6663786.805350495,1335824.3586295787
2024-10-23 22:00:00,6664596.368253128,1335824.3586295787
2024-10-23 23:00:00,6665405.232884065,1335824.3586295787
2024-10-24 00:00:00,6666213.698502606,1335824.3586295787
2024-10-24 01:00:00,6667015.74667176,1335824.3586295787
2024-10-24 02:00:00,6667824.079286169,1335824.3586295787
2024-10-24 03:00:00,6668628.621282806,1335824.3586295787
2024-10-24 04:00:00,6669436.9538972145,1335824.3586295787
2024-10-24 05:00:00,6670264.139847385,1335824.3586295787
2024-10-24 06:00:00,6671106.388515545,1335834.6197691942
2024-10-24 07:00:00,6671951.862533915,1336015.0539600705
2024-10-24 08:00:00,6672795.374741332,1336402.4969488198
2024-10-24 09:00:00,6673627.581597499,1336873.2162358912
2024-10-24 10:00:00,6674447.219563157,1337381.0878703878
2024-10-24 11:00:00,6675284.447325321,1337848.7249712946
2024-10-24 12:00:00,6676131.184882948,1338347.4195462717
2024-10-24 13:00:00,6676926.383339286,1338809.0617809775
2024-10-24 14:00:00,6677752.305750199,1339272.0394101874
2024-10-24 15:00:00,6678692.744719072,1339738.0702231855
2024-10-24 16:00:00,6679619.916525743,1340098.8922711667
2024-10-24 17:00:00,6680552.674505972,1340213.6039379984
2024-10-24 18:00:00,6681445.198736164,1340216.9679983626
2024-10-24 19:00:00,6682318.869630593,1340216.9679983626
2024-10-24 20:00:00,6683166.139204749,1340216.9679983626
2024-10-24 21:00:00,6683919.142100097,1340216.9679983626
2024-10-24 22:00:00,6684628.852150361,1340216.9679983626
2024-10-24 23:00:00,6685329.7839278905,1340216.9679983626
2024-10-25 00:00:00,6686026.9250876475,1340216.9679983626
2024-10-25 01:00:00,6686722.270691617,1340216.9679983626
2024-10-25 02:00:00,6687409.802302811,1340216.9679983626
2024-10-25 03:00:00,6688094.37457206,1340216.9679983626
2024-10-25 04:00:00,6688780.775648129,1340216.9679983626
2024-10-25 05:00:00,6689486.03005996,1340216.9679983626
2024-10-25 06:00:00,6690218.384063759,1340231.3419970707
2024-10-25 07:00:00,6690985.219388871,1340445.0438765339
2024-10-25 08:00:00,6691760.866237753,1340911.2594232433
2024-10-25 09:00:00,6692534.684279814,1341450.4376027798
2024-10-25 10:00:00,6693204.060826941,1342028.6096152884
2024-10-25 11:00:00,6693883.6121901935,1342606.4201508944
2024-10-25 12:00:00,6694657.297228122,1343202.2920706738
2024-10-25 13:00:00,6695426.65963175,1343799.9974901031
2024-10-25 14:00:00,6696226.745989952,1344398.3376826376
2024-10-25 15:00:00,6697050.14132235,1345007.974021761
2024-10-25 16:00:00,6697939.606457497,1345495.8552360826
2024-10-25 17:00:00,6698853.6441060975,1345668.9253505133
2024-10-25 18:00:00,6699746.168336289,1345674.2922831853
2024-10-25 19:00:00,6700533.685803983,1345674.2922831853
2024-10-25 20:00:00,6701263.512729268,1345674.2922831853
2024-10-25 21:00:00,6701988.884016117,1345674.2922831853
2024-10-25 22:00:00,6703418.079920375,1345674.2922831853
2024-10-25 23:00:00,6704823.534587006,1345674.2922831853
2024-10-26 00:00:00,6706210.302173042,1345674.2922831853
2024-10-26 01:00:00,6706901.025883412,1345674.2922831853
2024-10-26 02:00:00,6707588.82350287,1345674.2922831853
2024-10-26 03:00:00,6708279.1482008435,1345674.2922831853
2024-10-26 04:00:00,6708966.247548607,1345674.2922831853
2024-10-26 05:00:00,6709675.126323044,1345674.2922831853
2024-10-26 06:00:00,6710409.27588263,1345684.0364966567
2024-10-26 07:00:00,6711174.714664352,1345861.8835394497
2024-10-26 08:00:00,6711940.286450207,1346254.4826019169
2024-10-26 09:00:00,6712660.071563498,1346727.837007674
2024-10-26 10:00:00,6713350.230006306,1347256.0699720897
2024-10-26 11:00:00,6714150.881632071,1347729.3262476623
2024-10-26 12:00:00,6715018.833348809,1348198.92381676
2024-10-26 13:00:00,6715895.596589316,1348698.118072684
2024-10-26 14:00:00,6716781.27110669,1349139.0707851553
2024-10-26 15:00:00,6717687.0624990845,1349595.8446924025
2024-10-26 16:00:00,6718589.09652474,1349941.0587701492
2024-10-26 17:00:00,6719489.168739443,1350053.179109638
2024-10-26 18:00:00,6720384.220048149,1350056.7075120227
2024-10-26 19:00:00,6721243.360241119,1350056.7075120227
2024-10-26 20:00:00,6721980.036879219,1350056.7075120227
2024-10-26 21:00:00,6722707.203721856,1350056.7075120227
2024-10-26 22:00:00,6723425.027024195,1350056.7075120227
2024-10-26 23:00:00,6724136.565881279,1350056.7075120227
2024-10-27 00:00:00,6724841.82029311,1350056.7075120227
2024-10-27 01:00:00,6725543.317338201,1350056.7075120227
2024-10-27 02:00:00,6726241.722037216,1350056.7075120227
2024-10-27 03:00:00,6726938.164925277,1350056.7075120227
2024-10-27 04:00:00,6727634.07579681,1350056.7075120227
2024-10-27 05:00:00,6728473.664382323,1350056.7075120227
2024-10-27 06:00:00,6729386.305487533,1350065.602640902
2024-10-27 07:00:00,6730305.929309692,1350263.193786231
2024-10-27 08:00:00,6731198.453539884,1350737.4862327036
2024-10-27 09:00:00,6732106.772010793,1351291.04020935
2024-10-27 10:00:00,6732994.275334988,1351869.1814367021
2024-10-27 11:00:00,6733891.820471176,1352469.1250474043
2024-10-27 12:00:00,6734789.232603231,1353082.5734076933
2024-10-27 13:00:00,6735698.116341703,1353653.5985081135
2024-10-27 14:00:00,6736621.929794031,1354243.655666087
2024-10-27 15:00:00,6737562.767775302,1354849.2186316552
2024-10-27 16:00:00,6738507.529378477,1355277.3577907924
2024-10-27 17:00:00,6739454.119788472,1355406.6705545778
2024-10-27 18:00:00,6740400.144930904,1355408.2556587688
2024-10-27 19:00:00,6741338.489084693,1355408.2556587688
2024-10-27 20:00:00,6742257.97990272,1355408.2556587688
2024-10-27 21:00:00,6743180.662819924,1355408.2556587688
2024-10-27 22:00:00,6744088.283019138,1355408.2556587688
2024-10-27 23:00:00,6745001.057128481,1355408.2556587688
2024-10-28 00:00:00,6745900.564075621,1355408.2556587688
2024-10-28 01:00:00,6746799.372751066,1355408.2556587688
2024-10-28 02:00:00,6747690.101425471,1355408.2556587688
2024-10-28 03:00:00,6748565.035859157,1355408.2556587688
2024-10-28 04:00:00,6749395.413908504,1355408.2556587688
2024-10-28 05:00:00,6750240.754922741,1355408.2556587688
2024-10-28 06:00:00,6751104.94927274,1355417.6271733793
2024-10-28 07:00:00,6752014.365027741,1355625.2887295797
2024-10-28 08:00:00,6752916.964320958,1356110.642399046
2024-10-28 09:00:00,6753806.4294561045,1356657.5027418043
2024-10-28 10:00:00,6754662.51055403,1357232.0710823387
2024-10-28 11:00:00,6755490.3947758945,1357800.3286320844
2024-10-28 12:00:00,6756384.880817038,1358384.8368810448
2024-10-28 13:00:00,6757206.48059365,1358998.5732565229
2024-10-28 14:00:00,6758031.837737,1359585.682048851
2024-10-28 15:00:00,6758882.897928928,1360174.5582442218
2024-10-28 16:00:00,6759735.753676644,1360602.6250277718
2024-10-28 17:00:00,6760608.161031816,1360726.5532980403
2024-10-28 18:00:00,6761446.087065674,1360728.1412595736
2024-10-28 19:00:00,6762268.218858815,1360728.1412595736
2024-10-28 20:00:00,6763076.551473224,1360728.1412595736
2024-10-28 21:00:00,6763873.545485348,1360728.1412595736
2024-10-28 22:00:00,6764657.27233527,1360728.1412595736
2024-10-28 23:00:00,6765427.898278155,1360728.1412595736
2024-10-29 00:00:00,6766189.147429709,1360728.1412595736
2024-10-29 01:00:00,6766908.101267173,1360728.1412595736
2024-10-29 02:00:00,6767606.372962055,1360728.1412595736
2024-10-29 03:00:00,6768305.342928631,1360728.1412595736
2024-10-29 04:00:00,6769003.614623513,1360728.1412595736
2024-10-29 05:00:00,6769716.982287417,1360728.1412595736
2024-10-29 06:00:00,6770454.357197212,1360738.7323142446
2024-10-29 07:00:00,6771228.740506836,1360917.5961420871
2024-10-29 08:00:00,6771998.668178027,1361310.8730175274
2024-10-29 09:00:00,6772720.248847105,1361812.8553766687
2024-10-29 10:00:00,6773538.058005944,1362325.9746161741
2024-10-29 11:00:00,6774305.026335189,1362786.499081051
2024-10-29 12:00:00,6775062.385115871,1363260.312265982
2024-10-29 13:00:00,6775845.5799492635,1363741.360918832
2024-10-29 14:00:00,6776657.6699304115,1364219.768038201
2024-10-29 15:00:00,6777511.223949822,1364664.1723498565
2024-10-29 16:00:00,6778398.7272740165,1365012.4471093623
2024-10-29 17:00:00,6779287.494137469,1365121.4200063709
2024-10-29 18:00:00,6780096.358768406,1365124.838144545
2024-10-29 19:00:00,6780849.926931316,1365124.838144545
2024-10-29 20:00:00,6781589.130647931,1365124.838144545
2024-10-29 21:00:00,6782317.694033958,1365124.838144545
2024-10-29 22:00:00,6783036.913879686,1365124.838144545
2024-10-29 23:00:00,6783743.431830774,1365124.838144545
2024-10-30 00:00:00,6784445.62714756,1365124.838144545
2024-10-30 01:00:00,6785165.412260851,1365124.838144545
2024-10-30 02:00:00,6785885.762641705,1365124.838144545
2024-10-30 03:00:00,6786594.774420274,1365124.838144545
2024-10-30 04:00:00,6787295.573193671,1365124.838144545
2024-10-30 05:00:00,6788005.715507366,1365124.838144545
2024-10-30 06:00:00,6788736.107700212,1365138.9562457139
2024-10-30 07:00:00,6789457.15635276,1365366.394020543
2024-10-30 08:00:00,6790147.8800631305,1365875.6470899417
2024-10-30 09:00:00,6790782.176770348,1366450.6375016705
2024-10-30 10:00:00,6791401.9760271385,1367044.7032176917
2024-10-30 11:00:00,6791979.014455375,1367609.544516179
2024-10-30 12:00:00,6792531.613374292,1368248.8674836734
2024-10-30 13:00:00,6793275.272729341,1368874.9844015096
2024-10-30 14:00:00,6794018.233812695,1369512.7229286174
2024-10-30 15:00:00,6794824.737620284,1370153.3813910112
2024-10-30 16:00:00,6795640.052951641,1370677.4378764778
2024-10-30 17:00:00,6796434.553136284,1370857.9299248657
2024-10-30 18:00:00,6797170.664506822,1370862.9572576268
2024-10-30 19:00:00,6797898.529621153,1370862.9572576268
2024-10-30 20:00:00,6798615.654651796,1370862.9572576268
2024-10-30 21:00:00,6799329.155319833,1370862.9572576268
2024-10-30 22:00:00,6800038.732365966,1370862.9572576268
2024-10-30 23:00:00,6800752.10002987,1370862.9572576268
2024-10-31 00:00:00,6801456.090902443,1370862.9572576268
2024-10-31 01:00:00,6802859.617009155,1370862.9572576268
2024-10-31 02:00:00,6803559.850514989,1370862.9572576268
2024-10-31 03:00:00,6804254.896859662,1370862.9572576268
2024-10-31 04:00:00,6804956.393904753,1370862.9572576268
2024-10-31 05:00:00,6805669.196301095,1370862.9572576268
2024-10-31 06:00:00,6806394.567587945,1370873.494305563
2024-10-31 07:00:00,6807185.277154815,1371051.676775735
2024-10-31 08:00:00,6808006.876931427,1371463.26090626
2024-10-31 09:00:00,6808848.427327892,1371966.7282449612
2024-10-31 10:00:00,6809692.637807004,1372455.8446119123
2024-10-31 11:00:00,6810541.7361879805,1372948.3661510837
2024-10-31 12:00:00,6811388.473745608,1373436.8319598222
2024-10-31 13:00:00,6812272.352707196,1373908.4309923162
2024-10-31 14:00:00,6813183.730273149,1374352.468667334
2024-10-31 15:00:00,6814103.919362871,1374800.8715215835
2024-10-31 16:00:00,6815045.455615836,1375142.633931216
2024-10-31 17:00:00,6815971.230879117,1375253.067579237
2024-10-31 18:00:00,6816902.027048394,1375256.568375815
2024-10-31 19:00:00,6817817.727248649,1375256.568375815
2024-10-31 20:00:00,6818717.799463352,1375256.568375815
2024-10-31 21:00:00,6819606.001059242,1375256.568375815
2024-10-31 22:00:00,6820485.391131363,1375256.568375815
2024-10-31 23:00:00,6821366.044742742,1375256.568375815
2024-11-01 00:00:00,6822213.4805720635,1375256.568375815
2024-11-01 01:00:00,6823030.591459207,1375256.568375815
2024-11-01 02:00:00,6823837.660534359,1375256.568375815
2024-11-01 03:00:00,6824566.223920385,1375256.568375815
2024-11-01 04:00:00,6825264.495615267,1375256.568375815
2024-11-01 05:00:00,6825977.165007477,1375256.568375815
2024-11-01 06:00:00,6826713.841645577,1375257.7271258149
2024-11-01 07:00:00,6827525.366359162,1375323.3633758149
2024-11-01 08:00:00,6828351.854037638,1375536.787125815
2024-11-01 09:00:00,6829164.509286348,1375848.554625815
2024-11-01 10:00:00,6829982.185441054,1376203.897125815
2024-11-01 11:00:00,6830816.886124703,1376546.9658758151
2024-11-01 12:00:00,6831649.658248432,1376953.083375815
2024-11-01 13:00:00,6832489.4130891105,1377339.8921258152
2024-11-01 14:00:00,6833336.682663267,1377693.7533758152
2024-11-01 15:00:00,6834211.750101086,1377985.6608758152
2024-11-01 16:00:00,6835087.249802335,1378147.8821258151
2024-11-01 17:00:00,6835948.48481039,1378169.4521258152
2024-11-01 18:00:00,6836794.357841156,1378169.4596258153
2024-11-01 19:00:00,6837610.770456606,1378169.4596258153
2024-11-01 20:00:00,6838388.212861273,1378169.4596258153
2024-11-01 21:00:00,6839116.643243168,1378169.4596258153
2024-11-01 22:00:00,6839833.9012779435,1378169.4596258153
2024-11-01 23:00:00,6840544.741863334,1378169.4596258153
2024-11-02 00:00:00,6841246.238908425,1378169.4596258153
2024-11-02 01:00:00,6841940.753236568,1378169.4596258153
2024-11-02 02:00:00,6842634.702297147,1378169.4596258153
2024-11-02 03:00:00,6843325.55901165,1378169.4596258153
2024-11-02 04:00:00,6844020.073339793,1378169.4596258153
2024-11-02 05:00:00,6844730.913925183,1378169.4596258153
2024-11-02 06:00:00,6845465.063484768,1378170.3221258153
2024-11-02 07:00:00,6846209.986379075,1378226.3096258154
2024-11-02 08:00:00,6846956.006557473,1378419.1083758154
2024-11-02 09:00:00,6847738.503119171,1378696.7021258154
2024-11-02 10:00:00,6848482.16247422,1379023.1583758155
2024-11-02 11:00:00,6849237.692448081,1379342.7296258155
2024-11-02 12:00:00,6850022.117569698,1379719.7058758156
2024-11-02 13:00:00,6850826.526562202,1380073.6271258155
2024-11-02 14:00:00,6851671.302308876,1380383.2758758154
2024-11-02 15:00:00,6852579.620779785,1380634.4208758154
2024-11-02 16:00:00,6853497.415795125,1380777.6633758154
2024-11-02 17:00:00,6854403.772455081,1380798.7421258155
2024-11-02 18:00:00,6855292.406314401,1380798.7421258155
2024-11-02 19:00:00,6856134.654982561,1380798.7421258155
2024-11-02 20:00:00,6856946.744963709,1380798.7421258155
2024-11-02 21:00:00,6857748.926136997,1380798.7421258155
2024-11-02 22:00:00,6858534.049530309,1380798.7421258155
2024-11-02 23:00:00,6859303.2789298035,1380798.7421258155
2024-11-03 00:00:00,6860051.959190849,1381300.0008758155
2024-11-03 01:00:00,6860788.6358289495,1381300.0008758155
2024-11-03 02:00:00,6861509.684481498,1381300.0008758155
2024-11-03 03:00:00,6862226.244244579,1381300.0008758155
2024-11-03 04:00:00,6862732.757231633,1381300.0008758155
2024-11-03 05:00:00,6863400.437976073,1381300.0008758155
2024-11-03 06:00:00,6864149.118237118,1381300.6271258155
2024-11-03 07:00:00,6864912.761463054,1381353.5846258155
2024-11-03 08:00:00,6865693.2962138,1381549.9983758156
2024-11-03 09:00:00,6866509.143561686,1381844.4783758156
2024-11-03 10:00:00,6867297.924568638,1382192.7371258156
2024-11-03 11:00:00,6868066.023433008,1382543.0921258156
2024-11-03 12:00:00,6868851.14682632,1382936.5946258155
2024-11-03 13:00:00,6869655.688822957,1383312.1046258155
2024-11-03 14:00:00,6870498.635762812,1383651.3783758155
2024-11-03 15:00:00,6871403.030611816,1383931.3646258155
2024-11-03 16:00:00,6872320.825627156,1384089.2171258156
2024-11-03 17:00:00,6873213.349857347,1384112.7483758156
2024-11-03 18:00:00,6874091.509641244,1384112.7483758156
2024-11-03 19:00:00,6874943.83337243,1384112.7483758156
2024-11-03 20:00:00,6875772.947882519,1384112.7483758156
2024-11-03 21:00:00,6876589.360497968,1384112.7483758156
2024-11-03 22:00:00,6877397.693112377,1384112.7483758156
2024-11-03 23:00:00,6878202.368113145,1384112.7483758156
2024-11-04 00:00:00,6878999.927392833,1384112.7483758156
2024-11-04 01:00:00,6879788.708399785,1384112.7483758156
2024-11-04 02:00:00,6880559.168087504,1384112.7483758156
2024-11-04 03:00:00,6881287.598469398,1384112.7483758156
2024-11-04 04:00:00,6882017.990662244,1384112.7483758156
2024-11-04 05:00:00,6882768.49973011,1384112.7483758156
2024-11-04 06:00:00,6883598.877779457,1384113.3071258157
2024-11-04 07:00:00,6884440.428175922,1384166.9283758157
2024-11-04 08:00:00,6885292.1866395455,1384367.0621258158
2024-11-04 09:00:00,6886162.665434798,1384671.2921258158
2024-11-04 10:00:00,6886998.629657704,1385019.9671258158
2024-11-04 11:00:00,6887857.769850674,1385397.5733758158
2024-11-04 12:00:00,6888750.99235256,1385800.1471258157
2024-11-04 13:00:00,6889720.758732619,1386186.3671258157
2024-11-04 14:00:00,6890727.1012490755,1386539.8908758156
2024-11-04 15:00:00,6891724.100225234,1386832.3421258156
2024-11-04 16:00:00,6892720.799942096,1386994.7883758156
2024-11-04 17:00:00,6893705.795295309,1387017.3596258156
2024-11-04 18:00:00,6894673.599864416,1387017.3596258156
2024-11-04 19:00:00,6895625.211180408,1387017.3596258156
2024-11-04 20:00:00,6896555.575086255,1387017.3596258156
2024-11-04 21:00:00,6897472.538825767,1387017.3596258156
2024-11-04 22:00:00,6898379.460753286,1387017.3596258156
2024-11-04 23:00:00,6899282.758318199,1387017.3596258156
2024-11-05 00:00:00,6900174.717280827,1387017.3596258156
2024-11-05 01:00:00,6901064.049411843,1387017.3596258156
2024-11-05 02:00:00,6901947.928373431,1387017.3596258156
2024-11-05 03:00:00,6902826.620173857,1387017.3596258156
2024-11-05 04:00:00,6903709.102592055,1387017.3596258156
2024-11-05 05:00:00,6904604.153900761,1387017.3596258156
2024-11-05 06:00:00,6905533.121263219,1387017.8696258157
2024-11-05 07:00:00,6906482.205500696,1387073.1483758157
2024-11-05 08:00:00,6907442.5950894235,1387292.3996258157
2024-11-05 09:00:00,6908411.230934357,1387609.7658758156
2024-11-05 10:00:00,6909348.311548889,1387967.3171258157
2024-11-05 11:00:00,6910401.172260638,1388366.4896258158
2024-11-05 12:00:00,6911467.865402153,1388755.6796258157
2024-11-05 13:00:00,6912501.739774008,1389128.9583758158
2024-11-05 14:00:00,6913540.768055992,1389480.0708758158
2024-11-05 15:00:00,6914601.708768782,1389785.545875816
2024-11-05 16:00:00,6915679.008989853,1389977.1108758159
2024-11-05 17:00:00,6916746.234147897,1390007.088375816
2024-11-05 18:00:00,6917804.681033205,1390007.088375816
2024-11-05 19:00:00,6918804.173836846,1390007.088375816
2024-11-05 20:00:00,6919741.38745551,1390007.088375816
2024-11-05 21:00:00,6920675.408974997,1390007.088375816
2024-11-05 22:00:00,6921598.790163895,1390007.088375816
2024-11-05 23:00:00,6922485.0299488325,1390007.088375816
2024-11-06 00:00:00,6923349.224298831,1390007.088375816
2024-11-06 01:00:00,6924209.062763495,1390007.088375816
2024-11-06 02:00:00,6925063.3150546,1390007.088375816
2024-11-06 03:00:00,6925889.237465513,1390007.088375816
2024-11-06 04:00:00,6926709.573702867,1390007.088375816
2024-11-06 05:00:00,6927532.969035265,1390007.088375816
2024-11-06 06:00:00,6928354.402556711,1390007.594625816
2024-11-06 07:00:00,6929161.471631862,1390086.873375816
2024-11-06 08:00:00,6929944.101197693,1390418.883375816
2024-11-06 09:00:00,6930731.053397824,1390866.5246258161
2024-11-06 10:00:00,6931508.495802492,1391338.3871258162
2024-11-06 11:00:00,6932291.690635884,1391785.2071258163
2024-11-06 12:00:00,6933089.9481872665,1392227.6471258162
2024-11-06 13:00:00,6933895.75372316,1392654.9483758162
2024-11-06 14:00:00,6934699.730452234,1393060.5183758163
2024-11-06 15:00:00,6935512.518705077,1393418.6133758163
2024-11-06 16:00:00,6936329.62959222,1393622.9321258164
2024-11-06 17:00:00,6937142.983112625,1393649.8908758163
2024-11-06 18:00:00,6937948.223380956,1393649.8908758163
2024-11-06 19:00:00,6938753.463649287,1393649.8908758163
2024-11-06 20:00:00,6939546.7002946725,1393649.8908758163
2024-11-06 21:00:00,6940306.685906969,1393649.8908758163
2024-11-06 22:00:00,6941040.835466554,1393649.8908758163
2024-11-06 23:00:00,6941771.792926963,1393649.8908758163
2024-11-07 00:00:00,6942500.35631299,1393649.8908758163
2024-11-07 01:00:00,6943218.877887024,1393649.8908758163
2024-11-07 02:00:00,6943932.37855506,1393649.8908758163
2024-11-07 03:00:00,6944641.39033363,1393649.8908758163
2024-11-07 04:00:00,6945350.4021122,1393649.8908758163
2024-11-07 05:00:00,6946066.961875281,1393649.8908758163
2024-11-07 06:00:00,6946794.128717918,1393650.2321258164
2024-11-07 07:00:00,6947504.969303308,1393699.1471258164
2024-11-07 08:00:00,6948163.572515714,1393894.9458758165
2024-11-07 09:00:00,6948768.841071044,1394187.9221258166
2024-11-07 10:00:00,6949340.16032159,1394517.2846258166
2024-11-07 11:00:00,6949912.044839698,1394839.0458758166
2024-11-07 12:00:00,6950647.457938541,1395189.3446258167
2024-11-07 13:00:00,6951403.553179965,1395523.9271258167
2024-11-07 14:00:00,6952194.262746836,1395832.1283758166
2024-11-07 15:00:00,6953056.063022452,1396090.1546258167
2024-11-07 16:00:00,6953928.470377625,1396230.9183758167
2024-11-07 17:00:00,6954714.159038499,1396249.1921258166
2024-11-07 18:00:00,6955439.5303253485,1396249.1921258166
2024-11-07 19:00:00,6956156.655355992,1396249.1921258166
2024-11-07 20:00:00,6956871.25330812,1396249.1921258166
2024-11-07 21:00:00,6957584.055704462,1396249.1921258166
2024-11-07 22:00:00,6958294.33102229,1396249.1921258166
2024-11-07 23:00:00,6958995.828067381,1396249.1921258166
2024-11-08 00:00:00,6959695.36330152,1396249.1921258166
2024-11-08 01:00:00,6960392.371457145,1396249.1921258166
2024-11-08 02:00:00,6961087.417801817,1396249.1921258166
2024-11-08 03:00:00,6961780.10332314,1396249.1921258166
2024-11-08 04:00:00,6962476.7124663675,1396249.1921258166
2024-11-08 05:00:00,6963183.92868915,1396249.1921258166
2024-11-08 06:00:00,6963923.132405765,1396249.4921258166
2024-11-08 07:00:00,6964691.92954183,1396292.1033758167
2024-11-08 08:00:00,6965448.157787387,1396465.0233758166
2024-11-08 09:00:00,6966172.132530848,1396721.0546258166
2024-11-08 10:00:00,6966899.46562865,1397016.0408758167
2024-11-08 11:00:00,6967722.162689353,1397338.3983758166
2024-11-08 12:00:00,6968609.100745985,1397700.6296258166
2024-11-08 13:00:00,6969506.113865644,1398044.7108758166
2024-11-08 14:00:00,6970448.913657866,1398349.8183758166
2024-11-08 15:00:00,6971427.059298264,1398597.0671258166
2024-11-08 16:00:00,6972390.674237201,1398738.4608758166
2024-11-08 17:00:00,6973327.18958417,1398757.4583758167
2024-11-08 18:00:00,6974200.162206904,1398757.4583758167
2024-11-08 19:00:00,6974965.201976229,1398757.4583758167
2024-11-08 20:00:00,6975708.861331278,1398757.4583758167
2024-11-08 21:00:00,6976445.537969379,1398757.4583758167
2024-11-08 22:00:00,6977166.586621927,1398757.4583758167
2024-11-08 23:00:00,6977880.652557527,1398757.4583758167
2024-11-09 00:00:00,6978591.493142917,1398757.4583758167
2024-11-09 01:00:00,6979296.049283053,1398757.4583758167
2024-11-09 02:00:00,6980003.132501704,1398757.4583758167
2024-11-09 03:00:00,6980721.521071604,1398757.4583758167
2024-11-09 04:00:00,6981521.042162244,1398757.4583758167
2024-11-09 05:00:00,6982307.429094814,1398757.4583758167
2024-11-09 06:00:00,6983115.19644166,1398757.7021258166
2024-11-09 07:00:00,6983954.386014775,1398807.6033758167
2024-11-09 08:00:00,6984840.06053215,1399019.8908758168
2024-11-09 09:00:00,6985753.266904923,1399352.875875817
2024-11-09 10:00:00,6986660.887104137,1399731.918375817
2024-11-09 11:00:00,6987568.507303351,1400174.594625817
2024-11-09 12:00:00,6988463.425607924,1400651.5683758168
2024-11-09 13:00:00,6989378.59379165,1401124.053375817
2024-11-09 14:00:00,6990301.974980548,1401579.9408758169
2024-11-09 15:00:00,6991217.143164273,1401986.8496258168
2024-11-09 16:00:00,6992117.780646538,1402219.282125817
2024-11-09 17:00:00,6992992.715080225,1402247.512125817
2024-11-09 18:00:00,6993850.62498497,1402247.512125817
2024-11-09 19:00:00,6994694.835464083,1402247.512125817
2024-11-09 20:00:00,6995513.209890484,1402247.512125817
2024-11-09 21:00:00,6996307.84307926,1402247.512125817
2024-11-09 22:00:00,6997041.460622315,1402247.512125817
2024-11-09 23:00:00,6997764.870098213,1402247.512125817
2024-11-10 00:00:00,6998473.8818767825,1402247.512125817
2024-11-10 01:00:00,6999175.378921874,1402247.512125817
2024-11-10 02:00:00,6999871.123538241,1402247.512125817
2024-11-10 03:00:00,7000565.637866383,1402247.512125817
2024-11-10 04:00:00,7001262.646022008,1402247.512125817
2024-11-10 05:00:00,7001979.205785089,1402247.512125817
2024-11-10 06:00:00,7002727.886046135,1402247.740875817
2024-11-10 07:00:00,7003573.360064505,1402306.4921258169
2024-11-10 08:00:00,7004398.584203723,1402596.303375817
2024-11-10 09:00:00,7005220.183980335,1403033.560875817
2024-11-10 10:00:00,7006030.31215053,1403512.754625817
2024-11-10 11:00:00,7006872.56081869,1404003.940875817
2024-11-10 12:00:00,7007696.654422782,1404504.277125817
2024-11-10 13:00:00,7008534.580456641,1404998.504625817
2024-11-10 14:00:00,7009405.059251893,1405475.2721258171
2024-11-10 15:00:00,7010295.089654603,1405896.3521258172
2024-11-10 16:00:00,7011187.6138847945,1406140.0571258173
2024-11-10 17:00:00,7012063.8118577385,1406169.6333758172
2024-11-10 18:00:00,7012928.006207737,1406169.6333758172
2024-11-10 19:00:00,7013775.142777761,1406169.6333758172
2024-11-10 20:00:00,7014603.559016156,1406169.6333758172
2024-11-10 21:00:00,7015425.158792768,1406169.6333758172
2024-11-10 22:00:00,7016230.399061099,1406169.6333758172
2024-11-10 23:00:00,7017018.614800488,1406169.6333758172
2024-11-11 00:00:00,7017797.320744413,1406169.6333758172
2024-11-11 01:00:00,7018571.005782342,1406169.6333758172
2024-11-11 02:00:00,7019337.841107454,1406169.6333758172
2024-11-11 03:00:00,7020106.505239387,1406169.6333758172
2024-11-11 04:00:00,7020875.8676430145,1406169.6333758172
2024-11-11 05:00:00,7021669.669555963,1406169.6333758172
2024-11-11 06:00:00,7022474.211552599,1406169.8133758171
2024-11-11 07:00:00,7023306.285404634,1406220.6221258172
2024-11-11 08:00:00,7024163.763045949,1406456.9583758172
2024-11-11 09:00:00,7025025.430317434,1406818.2558758173
2024-11-11 10:00:00,7025902.19355794,1407221.6508758173
2024-11-11 11:00:00,7026779.655070142,1407657.1008758172
2024-11-11 12:00:00,7027643.284152579,1408108.3008758172
2024-11-11 13:00:00,7028530.787476773,1408554.4796258172
2024-11-11 14:00:00,7029406.420182155,1408983.742125817
2024-11-11 15:00:00,7030286.9407894015,1409362.934625817
2024-11-11 16:00:00,7031165.499585696,1409551.2259805459
2024-11-11 17:00:00,7032034.714841691,1409589.2979019384
2024-11-11 18:00:00,7032888.268861101,1409591.8346874246
2024-11-11 19:00:00,7033721.57300136,1409591.8352741185
2024-11-11 20:00:00,7034537.985616809,1409591.8352741185
2024-11-11 21:00:00,7035304.122670227,1409591.8352741185
2024-11-11 22:00:00,7036052.66992714,1409591.8352741185
2024-11-11 23:00:00,7036788.083025983,1409591.8352741185
2024-11-12 00:00:00,7037475.182373746,1409591.8352741185
2024-11-12 01:00:00,7038171.625261808,1409591.8352741185
2024-11-12 02:00:00,7038866.13958995,1409591.8352741185
2024-11-12 03:00:00,7039567.07136748,1409591.8352741185
2024-11-12 04:00:00,7040267.304873314,1409591.8352741185
2024-11-12 05:00:00,7041117.79979768,1409591.8352741185
2024-11-12 06:00:00,7041989.675136323,1409592.124522459
2024-11-12 07:00:00,7042880.935827257,1409636.6823168723
2024-11-12 08:00:00,7043756.568532639,1409816.5448102094
2024-11-12 09:00:00,7044589.473660501,1410085.2650765388
2024-11-12 10:00:00,7045391.521829655,1410380.846630519
2024-11-12 11:00:00,7046198.7239089385,1410694.1822868027
2024-11-12 12:00:00,7047022.684508899,1411044.499840766
2024-11-12 13:00:00,7047883.221245258,1411374.3086169478
2024-11-12 14:00:00,7048730.490819414,1411693.3357671215
2024-11-12 15:00:00,7049640.072829581,1411951.1616079751
2024-11-12 16:00:00,7050467.258779751,1412096.3130852326
2024-11-12 17:00:00,7051251.683901368,1412114.8006600204
2024-11-12 18:00:00,7052014.196592179,1412114.8006600204
2024-11-12 19:00:00,7052733.283433775,1412114.8006600204
2024-11-12 20:00:00,7053461.148548107,1412114.8006600204
2024-11-12 21:00:00,7054180.235389703,1412114.8006600204
2024-11-12 22:00:00,7054887.850624883,1412114.8006600204
2024-11-12 23:00:00,7055588.0841307165,1412114.8006600204
2024-11-13 00:00:00,7056283.296730554,1412114.8006600204
2024-11-13 01:00:00,7056972.7569016665,1412114.8006600204
2024-11-13 02:00:00,7057660.986784555,1412114.8006600204
2024-11-13 03:00:00,7058345.426049671,1412114.8006600204
2024-11-13 04:00:00,7059029.99831892,1412114.8006600204
2024-11-13 05:00:00,7059725.909190453,1412114.8006600204
2024-11-13 06:00:00,7060443.167225229,1412115.1126185167
2024-11-13 07:00:00,7061153.442543056,1412156.8185926785
2024-11-13 08:00:00,7061822.819090183,1412323.5013110316
2024-11-13 09:00:00,7062411.196120704,1412580.9184253188
2024-11-13 10:00:00,7062938.657258604,1412880.775493533
2024-11-13 11:00:00,7063483.575188876,1413190.7656980753
2024-11-13 12:00:00,7064037.304642918,1413568.3167971605
2024-11-13 13:00:00,7064608.756897596,1413924.6883869567
2024-11-13 14:00:00,7065234.142327945,1414227.1709769133
2024-11-13 15:00:00,7065933.112294521,1414470.8711305405
2024-11-13 16:00:00,7066653.462675375,1414616.4196410496
2024-11-13 17:00:00,7067381.327789706,1414635.3935492006
2024-11-13 18:00:00,7068102.908458784,1414635.3935492006
2024-11-13 19:00:00,7068817.506410913,1414635.3935492006
2024-11-13 20:00:00,7069532.104363041,1414635.3935492006
2024-11-13 21:00:00,7070246.170298641,1414635.3935492006
2024-11-13 22:00:00,7070950.726438777,1414635.3935492006
2024-11-13 23:00:00,7071646.637310309,1414635.3935492006
2024-11-14 00:00:00,7072342.548181842,1414635.3935492006
2024-11-14 01:00:00,7073037.195514117,1414635.3935492006
2024-11-14 02:00:00,7073727.353956926,1414635.3935492006
2024-11-14 03:00:00,7074415.583839814,1414635.3935492006
2024-11-14 04:00:00,7075103.813722703,1414635.3935492006
2024-11-14 05:00:00,7075803.481960975,1414635.3935492006
2024-11-14 06:00:00,7076516.284357317,1414635.9127315495
2024-11-14 07:00:00,7077206.442800125,1414688.5272227458
2024-11-14 08:00:00,7077843.133581725,1414908.6847561784
2024-11-14 09:00:00,7078466.690205255,1415238.3509500525
2024-11-14 10:00:00,7079009.679575608,1415598.9718534215
2024-11-14 11:00:00,7079559.0863953475,1416004.4974050843
2024-11-14 12:00:00,7080212.801705889,1416405.4816338592
2024-11-14 13:00:00,7080975.879664263,1416763.6683550503
2024-11-14 14:00:00,7081768.418037954,1417119.984664532
2024-11-14 15:00:00,7082621.440040834,1417430.9445242595
2024-11-14 16:00:00,7083484.936119138,1417627.7207011676
2024-11-14 17:00:00,7084343.544295578,1417658.8895641249
2024-11-14 18:00:00,7085191.94440486,1417658.8895641249
2024-11-14 19:00:00,7085978.33133743,1417658.8895641249
2024-11-14 20:00:00,7086680.360399051,1417658.8895641249
2024-11-14 21:00:00,7087383.087732366,1417658.8895641249
2024-11-14 22:00:00,7088078.832348733,1417658.8895641249
2024-11-14 23:00:00,7088775.275236795,1417658.8895641249
2024-11-15 00:00:00,7089464.7354079075,1417658.8895641249
2024-11-15 01:00:00,7090150.438212281,1417658.8895641249
2024-11-15 02:00:00,7090831.951386486,1417658.8895641249
2024-11-15 03:00:00,7091513.331556559,1417658.8895641249
2024-11-15 04:00:00,7092196.507282418,1417658.8895641249
2024-11-15 05:00:00,7092897.306055815,1417658.8895641249
2024-11-15 06:00:00,7093620.15026415,1417659.0658334726
2024-11-15 07:00:00,7094382.662954962,1417708.9324954879
2024-11-15 08:00:00,7095177.8614113,1417943.9449839501
2024-11-15 09:00:00,7095937.1487519005,1418297.319581768
2024-11-15 10:00:00,7096661.256499493,1418693.8085321637
2024-11-15 11:00:00,7097391.083424777,1419116.8832282762
2024-11-15 12:00:00,7098123.304424443,1419550.3021441922
2024-11-15 13:00:00,7098898.951273325,1419980.324535996
2024-11-15 14:00:00,7099714.964876377,1420411.2147790631
2024-11-15 15:00:00,7101471.28444417,1420799.3867511062
2024-11-15 16:00:00,7103236.515288832,1420988.0328635895
2024-11-15 17:00:00,7104907.047191254,1421026.380380637
2024-11-15 18:00:00,7106535.948800248,1421028.7878068306
2024-11-15 19:00:00,7108132.729911277,1421028.7883734081
2024-11-15 20:00:00,7109716.942131799,1421028.7883734081
2024-11-15 21:00:00,7110501.367253415,1421028.7883734081
2024-11-15 22:00:00,7111266.93903927,1421028.7883734081
2024-11-15 23:00:00,7111980.439707307,1421028.7883734081
2024-11-16 00:00:00,7112666.275515813,1421028.7883734081
2024-11-16 01:00:00,7113349.451241673,1421028.7883734081
2024-11-16 02:00:00,7114029.002604925,1421028.7883734081
2024-11-16 03:00:00,7114703.5330621805,1421028.7883734081
2024-11-16 04:00:00,7115381.122614481,1421028.7883734081
2024-11-16 05:00:00,7116073.808135804,1421028.7883734081
2024-11-16 06:00:00,7116799.179422653,1421028.9760687144
2024-11-16 07:00:00,7117547.859683699,1421079.2905087674
2024-11-16 08:00:00,7118283.139778409,1421321.6015517402
2024-11-16 09:00:00,7118965.085216044,1421682.4553375228
2024-11-16 10:00:00,7119624.519704278,1422085.3678054712
2024-11-16 11:00:00,7120292.067444584,1422513.38490532
2024-11-16 12:00:00,7120957.653373939,1422982.7626996355
2024-11-16 13:00:00,7121655.925068821,1423440.498730705
2024-11-16 14:00:00,7122392.601706921,1423852.686206031
2024-11-16 15:00:00,7123190.859258303,1424250.31002033
2024-11-16 16:00:00,7123990.945616506,1424434.7366649036
2024-11-16 17:00:00,7124776.63427738,1424473.3845714158
2024-11-16 18:00:00,7125547.95849196,1424475.7956405724
2024-11-16 19:00:00,7126301.526654869,1424475.7962391807
2024-11-16 20:00:00,7127040.7303714845,1424475.7962391807
2024-11-16 21:00:00,7127767.498201724,1424475.7962391807
2024-11-16 22:00:00,7128489.777142497,1424475.7962391807
2024-11-16 23:00:00,7129205.073366321,1424475.7962391807
2024-11-17 00:00:00,7129917.3104951,1424475.7962391807
2024-11-17 01:00:00,7130628.284084622,1424475.7962391807
2024-11-17 02:00:00,7131336.065574967,1424475.7962391807
2024-11-17 03:00:00,7132041.319986798,1424475.7962391807
2024-11-17 04:00:00,7132703.846821109,1424475.7962391807
2024-11-17 05:00:00,7133354.902049003,1424475.7962391807
2024-11-17 06:00:00,7134030.696045516,1424476.0488210942
2024-11-17 07:00:00,7134763.050049315,1424526.8194488375
2024-11-17 08:00:00,7135508.538211185,1424737.180430727
2024-11-17 09:00:00,7136287.24415511,1425080.1671076564
2024-11-17 10:00:00,7137160.915049539,1425463.1614864152
2024-11-17 11:00:00,7138093.673029768,1425895.8972942436
2024-11-17 12:00:00,7139050.305251757,1426370.4455469998
2024-11-17 13:00:00,7140003.180107006,1426853.2592458418
2024-11-17 14:00:00,7140964.267967428,1427305.1695067154
2024-11-17 15:00:00,7141933.469079924,1427706.8479875233
2024-11-17 16:00:00,7142896.951014728,1427932.3896895563
2024-11-17 17:00:00,7143841.014346208,1427960.4325915694
2024-11-17 18:00:00,7144773.772326438,1427960.4325915694
2024-11-17 19:00:00,7145693.96141616,1427960.4325915694
2024-11-17 20:00:00,7146604.773714551,1427960.4325915694
2024-11-17 21:00:00,7147514.3557247175,1427960.4325915694
2024-11-17 22:00:00,7148428.260369185,1427960.4325915694
2024-11-17 23:00:00,7149317.725504332,1427960.4325915694
2024-11-18 00:00:00,7150197.1155764535,1427960.4325915694
2024-11-18 01:00:00,7151074.577088655,1427960.4325915694
2024-11-18 02:00:00,7151946.851439695,1427960.4325915694
2024-11-18 03:00:00,7152819.258794867,1427960.4325915694
2024-11-18 04:00:00,7153705.498579805,1427960.4325915694
2024-11-18 05:00:00,7154615.6126065,1427960.4325915694
2024-11-18 06:00:00,7155567.090918359,1427961.0154304246
2024-11-18 07:00:00,7156564.488906915,1428012.8762992728
2024-11-18 08:00:00,7157588.421219877,1428204.2763924666
2024-11-18 09:00:00,7158531.919283794,1428509.9028860272
2024-11-18 10:00:00,7159460.886646252,1428858.5676235922
2024-11-18 11:00:00,7160408.175327942,1429232.3540620832
2024-11-18 12:00:00,7161362.280471415,1429654.5417870968
2024-11-18 13:00:00,7162332.1798556065,1430047.9676594052
2024-11-18 14:00:00,7163308.230680919,1430394.754394656
2024-11-18 15:00:00,7164267.389981423,1430673.2990105897
2024-11-18 16:00:00,7165220.7968532005,1430832.3851564382
2024-11-18 17:00:00,7166152.856561735,1430853.9704051453
2024-11-18 18:00:00,7167074.309190715,1430853.9704051453
2024-11-18 19:00:00,7167986.252024231,1430853.9704051453
2024-11-18 20:00:00,7168883.265143889,1430853.9704051453
2024-11-18 21:00:00,7169771.333735647,1430853.9704051453
2024-11-18 22:00:00,7170645.137634208,1430853.9704051453
2024-11-18 23:00:00,7171498.691653619,1430853.9704051453
2024-11-19 00:00:00,7172338.446494297,1430853.9704051453
2024-11-19 01:00:00,7173166.729728559,1430853.9704051453
2024-11-19 02:00:00,7173982.045059917,1430853.9704051453
2024-11-19 03:00:00,7174764.674625747,1430853.9704051453
2024-11-19 04:00:00,7175518.8080562195,1430853.9704051453
2024-11-19 05:00:00,7176241.652264555,1430853.9704051453
2024-11-19 06:00:00,7176988.370714649,1430853.9704051453
2024-11-19 07:00:00,7177758.830402368,1430855.1787381307
2024-11-19 08:00:00,7178623.157756499,1430919.0904243034
2024-11-19 09:00:00,7179417.092673579,1431137.72276921
2024-11-19 10:00:00,7180183.229726997,1431456.4607888125
2024-11-19 11:00:00,7180957.613036621,1431817.6353738636
2024-11-19 12:00:00,7181740.807870014,1432172.5477339344
2024-11-19 13:00:00,7182539.065421396,1432594.2337361549
2024-11-19 14:00:00,7183387.0332672475,1432990.8545143271
2024-11-19 15:00:00,7184288.369021208,1433357.6574340553
2024-11-19 16:00:00,7185139.562217269,1433641.238112139
2024-11-19 17:00:00,7185920.096968015,1433798.2048420792
2024-11-19 18:00:00,7186683.873198083,1433819.6759813123
2024-11-19 19:00:00,7187435.645805206,1433819.6833996314
2024-11-19 20:00:00,7188168.565076567,1433819.6833996314
2024-11-19 21:00:00,7188894.50163098,1433819.6833996314
2024-11-19 22:00:00,7189611.759665756,1433819.6833996314
2024-11-19 23:00:00,7190327.0558895795,1433819.6833996314
2024-11-20 00:00:00,7191033.5738406675,1433819.6833996314
2024-11-20 01:00:00,7191740.79006345,1433819.6833996314
2024-11-20 02:00:00,7192440.458301722,1433819.6833996314
2024-11-20 03:00:00,7193131.182012092,1433819.6833996314
2024-11-20 04:00:00,7193798.729752399,1433819.6833996314
2024-11-20 05:00:00,7194478.979387347,1433819.6833996314
2024-11-20 06:00:00,7195172.928447926,1433819.9811830898
2024-11-20 07:00:00,7195882.638498191,1433861.6641708028
2024-11-20 08:00:00,7196535.655537038,1434026.4703351853
2024-11-20 09:00:00,7197127.922938431,1434282.0080454317
2024-11-20 10:00:00,7197710.015523697,1434584.3077022503
2024-11-20 11:00:00,7198285.258396148,1434917.370525139
2024-11-20 12:00:00,7198866.087442157,1435275.437951523
2024-11-20 13:00:00,7199520.501024393,1435627.6619488273
2024-11-20 14:00:00,7200284.676266858,1435925.2396239978
2024-11-20 15:00:00,7201086.15916845,1436161.8595964143
2024-11-20 16:00:00,7201858.015399559,1436303.7915977894
2024-11-20 17:00:00,7202590.236399226,1436322.7709484517
2024-11-20 18:00:00,7203317.968509425,1436322.7709484517
2024-11-20 19:00:00,7204042.774528713,1436322.7709484517
2024-11-20 20:00:00,7204761.296102746,1436322.7709484517
2024-11-20 21:00:00,7205479.119405085,1436322.7709484517
2024-11-20 22:00:00,7206190.65826217,1436322.7709484517
2024-11-20 23:00:00,7206895.779669868,1436322.7709484517
2024-11-21 00:00:00,7207597.974986654,1436322.7709484517
2024-11-21 01:00:00,7208301.965859227,1436322.7709484517
2024-11-21 02:00:00,7209001.634097499,1436322.7709484517
2024-11-21 03:00:00,7209700.471059944,1436322.7709484517
2024-11-21 04:00:00,7210395.118392219,1436322.7709484517
2024-11-21 05:00:00,7211104.130170789,1436322.7709484517
2024-11-21 06:00:00,7211826.409111561,1436323.2582834403
2024-11-21 07:00:00,7212553.176941801,1436404.7003438987
2024-11-21 08:00:00,7213252.146908377,1436748.592622738
2024-11-21 09:00:00,7213929.603456545,1437199.2081661627
2024-11-21 10:00:00,7214616.702804308,1437682.0291024365
2024-11-21 11:00:00,7215295.555895866,1438146.5347787512
2024-11-21 12:00:00,7215993.96059488,1438598.5594421586
2024-11-21 13:00:00,7216694.759368277,1439010.3482310735
2024-11-21 14:00:00,7217417.736580744,1439414.97002692
2024-11-21 15:00:00,7218149.957580411,1439772.3769892096
2024-11-21 16:00:00,7218889.161297026,1439983.6702980914
2024-11-21 17:00:00,7219629.462297733,1440009.390318258
2024-11-21 18:00:00,7220366.138935833,1440009.390318258
2024-11-21 19:00:00,7221094.569317727,1440009.390318258
2024-11-21 20:00:00,7221820.50587214,1440009.390318258
2024-11-21 21:00:00,7222545.311891427,1440009.390318258
2024-11-21 22:00:00,7223262.569926203,1440009.390318258
2024-11-21 23:00:00,7223976.07059424,1440009.390318258
2024-11-22 00:00:00,7224688.307723019,1440009.390318258
2024-11-22 01:00:00,7225399.846580104,1440009.390318258
2024-11-22 02:00:00,7226108.858358674,1440009.390318258
2024-11-22 03:00:00,7226813.547502941,1440009.390318258
2024-11-22 04:00:00,7227528.14545507,1440009.390318258
2024-11-22 05:00:00,7228258.537647916,1440009.390318258
2024-11-22 06:00:00,7229015.331161035,1440009.7433668019
2024-11-22 07:00:00,7229804.943443814,1440059.6822276749
2024-11-22 08:00:00,7230583.084120178,1440256.9896724739
2024-11-22 09:00:00,7231304.132772726,1440564.4039086252
2024-11-22 10:00:00,7231983.684135978,1440906.2337920137
2024-11-22 11:00:00,7232694.092457938,1441222.4931089971
2024-11-22 12:00:00,7233366.095836679,1441567.2937101396
2024-11-22 13:00:00,7234102.77247478,1441902.2621910104
2024-11-22 14:00:00,7234868.909528198,1442210.5580070976
2024-11-22 15:00:00,7235686.0204153415,1442456.9513635482
2024-11-22 16:00:00,7236494.885046279,1442594.082391472
2024-11-22 17:00:00,7237290.64877018,1442612.78092325
2024-11-22 18:00:00,7238072.580064315,1442612.78092325
2024-11-22 19:00:00,7238843.73802373,1442612.78092325
2024-11-22 20:00:00,7239606.815982103,1442612.78092325
2024-11-22 21:00:00,7240395.031721492,1442612.78092325
2024-11-22 22:00:00,7241152.523506307,1442612.78092325
2024-11-22 23:00:00,7241916.9980080705,1442612.78092325
2024-11-23 00:00:00,7242671.829710238,1442612.78092325
2024-11-23 01:00:00,7243424.300589056,1442612.78092325
2024-11-23 02:00:00,7244163.504305671,1442612.78092325
2024-11-23 03:00:00,7244888.3103249585,1442612.78092325
2024-11-23 04:00:00,7245613.681611808,1442612.78092325
2024-11-23 05:00:00,7246357.207962724,1442612.78092325
2024-11-23 06:00:00,7247120.285921098,1442613.0283932015
2024-11-23 07:00:00,7247922.866106782,1442662.912902392
2024-11-23 08:00:00,7248735.654359625,1442873.9429226436
2024-11-23 09:00:00,7249530.719811831,1443210.5227522065
2024-11-23 10:00:00,7250300.780487153,1443579.6633693443
2024-11-23 11:00:00,7250994.164280171,1444036.6902980001
2024-11-23 12:00:00,7251681.828895497,1444499.394364708
2024-11-23 13:00:00,7252386.950303195,1444978.3709541468
2024-11-23 14:00:00,7253139.953198543,1445415.951594489
2024-11-23 15:00:00,7253948.418817083,1445808.7742184547
2024-11-23 16:00:00,7254761.772337488,1446033.5263007078
2024-11-23 17:00:00,7255560.162893003,1446062.9937955055
2024-11-23 18:00:00,7256350.340443345,1446062.9937955055
2024-11-23 19:00:00,7257128.481119708,1446062.9937955055
2024-11-23 20:00:00,7257892.822617339,1446062.9937955055
2024-11-23 21:00:00,7258644.595224462,1446062.9937955055
2024-11-23 22:00:00,7259386.858036122,1446062.9937955055
2024-11-23 23:00:00,7260122.271134965,1446062.9937955055
2024-11-24 00:00:00,7260847.077154253,1446062.9937955055
2024-11-24 01:00:00,7261571.88317354,1446062.9937955055
2024-11-24 02:00:00,7262300.446559567,1446062.9937955055
2024-11-24 03:00:00,7263032.102291671,1446062.9937955055
2024-11-24 04:00:00,7263764.323291337,1446062.9937955055
2024-11-24 05:00:00,7264514.26709164,1446062.9937955055
2024-11-24 06:00:00,7265293.106039698,1446063.211274371
2024-11-24 07:00:00,7266088.171491904,1446121.3710528968
2024-11-24 08:00:00,7266864.383608348,1446401.753295775
2024-11-24 09:00:00,7267586.529544988,1446843.320595909
2024-11-24 10:00:00,7268281.742144825,1447343.705909351
2024-11-24 11:00:00,7268973.729394453,1447818.0998065271
2024-11-24 12:00:00,7269662.657549037,1448311.6093764375
2024-11-24 13:00:00,7270368.47722843,1448815.0974354397
2024-11-24 14:00:00,7271118.421028733,1449288.4380912164
2024-11-24 15:00:00,7271912.921213376,1449722.3616577883
2024-11-24 16:00:00,7272711.877036453,1449957.3932934194
2024-11-24 17:00:00,7273492.5447913315,1449987.6645349308
2024-11-24 18:00:00,7274269.455179471,1449987.6645349308
2024-11-24 19:00:00,7275031.2695985865,1449987.6645349308
2024-11-24 20:00:00,7275778.553316242,1449987.6645349308
2024-11-24 21:00:00,7276518.455304552,1449987.6645349308
2024-11-24 22:00:00,7277250.1110366555,1449987.6645349308
2024-11-24 23:00:00,7277976.047591068,1449987.6645349308
2024-11-25 00:00:00,7278694.569165101,1449987.6645349308
2024-11-25 01:00:00,7279410.56366062,1449987.6645349308
2024-11-25 02:00:00,7280120.705974314,1449987.6645349308
2024-11-25 03:00:00,7280831.5465597045,1449987.6645349308
2024-11-25 04:00:00,7281542.387145095,1449987.6645349308
2024-11-25 05:00:00,7282278.498515632,1449987.6645349308
2024-11-25 06:00:00,7283024.51869403,1449987.846608799
2024-11-25 07:00:00,7283759.36652531,1450039.1346465475
2024-11-25 08:00:00,7284439.483156125,1450266.5719758503
2024-11-25 09:00:00,7285070.720768298,1450618.0212910536
2024-11-25 10:00:00,7285675.424056065,1451025.8312596253
2024-11-25 11:00:00,7286439.0672820015,1451478.4177230636
2024-11-25 12:00:00,7287187.6145389145,1451927.9194715635
2024-11-25 13:00:00,7287955.148135722,1452393.2509340972
2024-11-25 14:00:00,7288789.150547675,1452834.5981663363
2024-11-25 15:00:00,7289720.644988648,1453216.7088995895
2024-11-25 16:00:00,7290663.44478087,1453404.2866540994
2024-11-25 17:00:00,7291569.934444959,1453442.9103990116
2024-11-25 18:00:00,7292414.011919939,1453445.4472600343
2024-11-25 19:00:00,7293163.822716109,1453445.4478273662
2024-11-25 20:00:00,7293891.8540856065,1453445.4478273662
2024-11-25 21:00:00,7294607.715576992,1453445.4478273662
2024-11-25 22:00:00,7295317.857890687,1453445.4478273662
2024-11-25 23:00:00,7296026.171397562,1453445.4478273662
2024-11-26 00:00:00,7296731.425809393,1453445.4478273662
2024-11-26 01:00:00,7297437.810756348,1453445.4478273662
2024-11-26 02:00:00,7298138.609529745,1453445.4478273662
2024-11-26 03:00:00,7298838.843035579,1453445.4478273662
2024-11-26 04:00:00,7299544.097447409,1453445.4478273662
2024-11-26 05:00:00,7300261.222478053,1453445.4478273662
2024-11-26 06:00:00,7300999.16265541,1453445.7556839846
2024-11-26 07:00:00,7301743.952545584,1453486.3497283333
2024-11-26 08:00:00,7302451.168768367,1453656.5182774372
2024-11-26 09:00:00,7303135.042765921,1453916.0915085701
2024-11-26 10:00:00,7303944.605668554,1454219.1946276154
2024-11-26 11:00:00,7304761.716555698,1454531.4552720198
2024-11-26 12:00:00,7305585.81015979,1454900.149424877
2024-11-26 13:00:00,7306419.280555215,1455236.1555389266
2024-11-26 14:00:00,7307341.265200724,1455545.699261529
2024-11-26 15:00:00,7308302.918328709,1455787.073574641
2024-11-26 16:00:00,7309247.679931884,1455927.8397679087
2024-11-26 17:00:00,7310170.529104252,1455947.2209171022
2024-11-26 18:00:00,7311090.718193974,1455947.2209171022
2024-11-26 19:00:00,7311991.920943802,1455947.2209171022
2024-11-26 20:00:00,7312864.328298975,1455947.2209171022
2024-11-26 21:00:00,7313719.711125205,1455947.2209171022
2024-11-26 22:00:00,7314460.710397608,1455947.2209171022
2024-11-26 23:00:00,7315183.554605943,1455947.2209171022
2024-11-27 00:00:00,7315904.437003326,1455947.2209171022
2024-11-27 01:00:00,7316612.750510201,1455947.2209171022
2024-11-27 02:00:00,7317313.549283598,1455947.2209171022
2024-11-27 03:00:00,7318014.481061127,1455947.2209171022
2024-11-27 04:00:00,7318717.3746496085,1455947.2209171022
2024-11-27 05:00:00,7319430.875317645,1455947.2209171022
2024-11-27 06:00:00,7320157.643147885,1455947.7353895202
2024-11-27 07:00:00,7320923.21493374,1456002.1318068549
2024-11-27 08:00:00,7321634.05551913,1456221.7103879075
2024-11-27 09:00:00,7322333.0254857065,1456526.6334865366
2024-11-27 10:00:00,7323030.7319130255,1456885.091503734
2024-11-27 11:00:00,7323747.158671974,1457289.4546264743
2024-11-27 12:00:00,7324498.366011535,1457681.6892515223
2024-11-27 13:00:00,7325302.908008171,1458047.004494368
2024-11-27 14:00:00,7326206.039317918,1458382.396858144
2024-11-27 15:00:00,7327094.107909676,1458675.7681660561
2024-11-27 16:00:00,7327962.757898109,1458870.3779536881
2024-11-27 17:00:00,7328811.856279085,1458900.3104643093
2024-11-27 18:00:00,7329644.063135252,1458900.3104643093
2024-11-27 19:00:00,7330382.701584305,1458900.3104643093
2024-11-27 20:00:00,7331091.713362874,1458900.3104643093
2024-11-27 21:00:00,7331800.02686975,1458900.3104643093
2024-11-27 22:00:00,7332497.866301201,1458900.3104643093
2024-11-27 23:00:00,7333190.418818392,1458900.3104643093
2024-11-28 00:00:00,7333888.690513274,1458900.3104643093
2024-11-28 01:00:00,7334581.243030464,1458900.3104643093
2024-11-28 02:00:00,7335269.605917485,1458900.3104643093
2024-11-28 03:00:00,7335959.066088598,1458900.3104643093
2024-11-28 04:00:00,7336651.884614053,1458900.3104643093
2024-11-28 05:00:00,7337353.381659145,1458900.3104643093
2024-11-28 06:00:00,7338070.506689788,1458900.5544004545
2024-11-28 07:00:00,7338792.652626428,1458948.5847439412
2024-11-28 08:00:00,7339492.886132262,1459155.4426451079
2024-11-28 09:00:00,7340159.8686050065,1459489.1126133772
2024-11-28 10:00:00,7340790.973213048,1459875.8275979685
2024-11-28 11:00:00,7341369.275180542,1460302.4907138618
2024-11-28 12:00:00,7341973.280196615,1460775.5081194136
2024-11-28 13:00:00,7342611.932789166,1461248.816781716
2024-11-28 14:00:00,7343274.326619345,1461724.1962691569
2024-11-28 15:00:00,7343981.542842127,1462144.9303430722
2024-11-28 16:00:00,7344709.407956459,1462374.0573025497
2024-11-28 17:00:00,7345436.741054261,1462401.7103895603
2024-11-28 18:00:00,7346162.810612806,1462401.7103895603
2024-11-28 19:00:00,7346886.220088704,1462401.7103895603
2024-11-28 20:00:00,7347602.214584222,1462401.7103895603
2024-11-28 21:00:00,7348323.096981605,1462401.7103895603
2024-11-28 22:00:00,7349040.355016381,1462401.7103895603
2024-11-28 23:00:00,7349754.952968509,1462401.7103895603
2024-11-29 00:00:00,7350466.491825594,1462401.7103895603
2024-11-29 01:00:00,7351172.311504987,1462401.7103895603
2024-11-29 02:00:00,7351875.604105866,1462401.7103895603
2024-11-29 03:00:00,7352575.8376116995,1462401.7103895603
2024-11-29 04:00:00,7353283.619102045,1462401.7103895603
2024-11-29 05:00:00,7354017.236645101,1462401.7103895603
2024-11-29 06:00:00,7354777.787524959,1462402.0186360632
2024-11-29 07:00:00,7355577.308615599,1462444.4778991693
2024-11-29 08:00:00,7356376.131434544,1462609.2792454748
2024-11-29 09:00:00,7357147.289393959,1462871.75428401
2024-11-29 10:00:00,7357925.596325487,1463162.9056798974
2024-11-29 11:00:00,7358663.536502845,1463493.7503754676
2024-11-29 12:00:00,7359362.639473554,1463850.1123917717
2024-11-29 13:00:00,7360089.80631619,1464202.9656560463
2024-11-29 14:00:00,7360866.7167043295,1464504.9928045187
2024-11-29 15:00:00,7361686.354669988,1464755.0146633412
2024-11-29 16:00:00,7362494.687284397,1464896.236996127
2024-11-29 17:00:00,7363287.358662221,1464915.9414046216
2024-11-29 18:00:00,7364068.026417099,1464915.9414046216
2024-11-29 19:00:00,7364834.8617422115,1464915.9414046216
2024-11-29 20:00:00,7365587.166365864,1464915.9414046216
2024-11-29 21:00:00,7366330.825720913,1464915.9414046216
2024-11-29 22:00:00,7367063.744992274,1464915.9414046216
2024-11-29 23:00:00,7367782.266566307,1464915.9414046216
2024-11-30 00:00:00,7368494.370690955,1464915.9414046216
2024-11-30 01:00:00,7369203.382469525,1464915.9414046216
2024-11-30 02:00:00,7369907.938609661,1464915.9414046216
2024-11-30 03:00:00,7370606.908576237,1464915.9414046216
2024-11-30 04:00:00,7371308.405621328,1464915.9414046216
2024-11-30 05:00:00,7372028.057730487,1464915.9414046216
2024-11-30 06:00:00,7372769.755274584,1464916.2833257886
2024-11-30 07:00:00,7373556.0092030205,1464963.5258844565
2024-11-30 08:00:00,7374364.873833958,1465156.4057077107
2024-11-30 09:00:00,7375286.160207772,1465447.4132030508
2024-11-30 10:00:00,7376198.23604542,1465783.5063231133
2024-11-30 11:00:00,7377100.96834277,1466090.525168408
2024-11-30 12:00:00,7378014.872987238,1466437.3955850021
2024-11-30 13:00:00,7378932.534998445,1466763.6329810373
2024-11-30 14:00:00,7379841.950753446,1467083.553521758
2024-11-30 15:00:00,7380749.005685098,1467347.2351401208
2024-11-30 16:00:00,7381589.458797471,1467494.179956178
2024-11-30 17:00:00,7382378.938076117,1467512.8001911317
2024-11-30 18:00:00,7383158.342291738,1467512.8001911317
2024-11-30 19:00:00,7383920.023706722,1467512.8001911317
2024-11-30 20:00:00,7384669.967507025,1467512.8001911317
2024-11-30 21:00:00,7385408.040688516,1467512.8001911317
2024-11-30 22:00:00,7386138.432881362,1467512.8001911317
2024-11-30 23:00:00,7386858.217994653,1467512.8001911317
2024-12-01 00:00:00,7387571.718662689,1467512.8001911317
2024-12-01 01:00:00,7388280.032169565,1467512.8001911317
2024-12-01 02:00:00,7388981.529214656,1467512.8001911317
2024-12-01 03:00:00,7389683.026259747,1467512.8001911317
2024-12-01 04:00:00,7390188.44196271,1467512.8001911317
2024-12-01 05:00:00,7390864.235959223,1467512.8001911317
2024-12-01 06:00:00,7391602.874408275,1467878.6496804806
2024-12-01 07:00:00,7392375.861174509,1468508.9151967147
2024-12-01 08:00:00,7393181.10144284,1468674.2151967147
2024-12-01 09:00:00,7393992.626156425,1468979.9939467148
2024-12-01 10:00:00,7394798.431692319,1469325.8714467147
2024-12-01 11:00:00,7395602.973688955,1469686.2164467147
2024-12-01 12:00:00,7396416.892476923,1470047.1689467146
2024-12-01 13:00:00,7397227.718918813,1470397.6626967145
2024-12-01 14:00:00,7398046.6586127775,1470729.7139467145
2024-12-01 15:00:00,7398868.790405918,1471007.0601967145
2024-12-01 16:00:00,7399679.6168478085,1471135.2951967146
2024-12-01 17:00:00,7400468.530858893,1471146.0314467147
2024-12-01 18:00:00,7401244.875979469,1471146.0314467147
2024-12-01 19:00:00,7402010.447765324,1471146.0314467147
2024-12-01 20:00:00,7402773.392719565,1471146.0314467147
2024-12-01 21:00:00,7403711.8698774865,1471146.0314467147
2024-12-01 22:00:00,7404590.561677912,1471146.0314467147
2024-12-01 23:00:00,7405418.279644612,1471146.0314467147
2024-12-02 00:00:00,7406138.4637703,1471146.0314467147
2024-12-02 01:00:00,7406856.287072639,1471146.0314467147
2024-12-02 02:00:00,7407573.545107415,1471146.0314467147
2024-12-02 03:00:00,7408286.912771319,1471146.0314467147
2024-12-02 04:00:00,7409004.86907779,1471146.0314467147
2024-12-02 05:00:00,7409735.959542331,1471622.3434320968
2024-12-02 06:00:00,7410490.791244498,1472377.175134264
2024-12-02 07:00:00,7411280.270523145,1472994.0606629106
2024-12-02 08:00:00,7412058.411199508,1473197.0294129106
2024-12-02 09:00:00,7412805.694917164,1473554.3031629105
2024-12-02 10:00:00,7413556.769252592,1473945.9606629105
2024-12-02 11:00:00,7414282.140539441,1474350.4131629104
2024-12-02 12:00:00,7415053.9967705505,1474777.6469129103
2024-12-02 13:00:00,7415838.421892167,1475212.0656629102
2024-12-02 14:00:00,7417388.585054805,1475656.4406629102
2024-12-02 15:00:00,7419012.499008835,1476061.7294129103
2024-12-02 16:00:00,7420654.302018668,1476249.8069129102
2024-12-02 17:00:00,7422256.137286726,1476264.1806629102
2024-12-02 18:00:00,7423840.083498983,1476264.1806629102
2024-12-02 19:00:00,7425405.342630643,1476264.1806629102
2024-12-02 20:00:00,7426938.747272604,1476264.1806629102
2024-12-02 21:00:00,7428460.979567447,1476264.1806629102
2024-12-02 22:00:00,7429970.642971781,1476264.1806629102
2024-12-02 23:00:00,7431455.434603364,1476264.1806629102
2024-12-03 00:00:00,7432916.2189890575,1476264.1806629102
2024-12-03 01:00:00,7434361.907405728,1476264.1806629102
2024-12-03 02:00:00,7435812.649979427,1476264.1806629102
2024-12-03 03:00:00,7437258.3383960975,1476264.1806629102
2024-12-03 04:00:00,7437981.880876128,1476264.1806629102
2024-12-03 05:00:00,7438716.030435713,1476397.719140849
2024-12-03 06:00:00,7439479.806665781,1477161.4953709175
2024-12-03 07:00:00,7440268.02240517,1477885.3723603068
2024-12-03 08:00:00,7441048.124892485,1478134.0698476222
2024-12-03 09:00:00,7441782.839719634,1478279.2735976223
2024-12-03 10:00:00,7442502.491828792,1478455.5498476224
2024-12-03 11:00:00,7443904.089375585,1478613.3273476225
2024-12-03 12:00:00,7445279.4186062375,1478804.9635976225
2024-12-03 13:00:00,7446686.003807995,1478983.9660976224
2024-12-03 14:00:00,7448212.159724741,1479140.1948476224
2024-12-03 15:00:00,7449825.167339918,1479266.0973476225
2024-12-03 16:00:00,7451436.778411705,1479332.6260976226
2024-12-03 17:00:00,7453029.369892565,1479340.0885976225
2024-12-03 18:00:00,7454601.877749438,1479340.0885976225
2024-12-03 19:00:00,7456152.040912076,1479340.0885976225
2024-12-03 20:00:00,7457677.066293698,1479340.0885976225
2024-12-03 21:00:00,7459181.675541002,1479340.0885976225
2024-12-03 22:00:00,7460668.9942511,1479340.0885976225
2024-12-03 23:00:00,7462138.689913661,1479340.0885976225
2024-12-04 00:00:00,7463595.550677449,1479340.0885976225
2024-12-04 01:00:00,7465053.807984628,1479340.0885976225
2024-12-04 02:00:00,7466532.481426123,1479340.0885976225
2024-12-04 03:00:00,7468014.479970926,1479340.0885976225
2024-12-04 04:00:00,7469491.490860767,1479340.0885976225
2024-12-04 05:00:00,7470983.531217564,1479340.0885976225
2024-12-04 06:00:00,7472501.839890501,1479340.0885976225
2024-12-04 07:00:00,7474012.899838226,1479350.5998476224
2024-12-04 08:00:00,7475448.546442903,1479436.5310976224
2024-12-04 09:00:00,7476763.55829953,1479590.7648476223
2024-12-04 10:00:00,7478014.595168494,1479790.4673476222
2024-12-04 11:00:00,7479244.417878346,1480020.7023476223
2024-12-04 12:00:00,7480462.735730749,1480294.0135976223
2024-12-04 13:00:00,7481719.8907898,1480548.9423476222
2024-12-04 14:00:00,7483100.207675416,1480788.9235976222
2024-12-04 15:00:00,7484571.033873102,1480995.1173476223
2024-12-04 16:00:00,7486075.643120406,1481102.9223476222
2024-12-04 17:00:00,7487594.217801609,1481113.8948476221
2024-12-04 18:00:00,7489098.827048914,1481113.8948476221
2024-12-04 19:00:00,7490587.276294137,1481113.8948476221
2024-12-04 20:00:00,7492058.102491823,1481113.8948476221
2024-12-04 21:00:00,7493532.852311414,1481113.8948476221
2024-12-04 22:00:00,7494995.897767357,1481113.8948476221
2024-12-04 23:00:00,7496452.758531145,1481113.8948476221
2024-12-05 00:00:00,7497903.767113109,1481113.8948476221
2024-12-05 01:00:00,7499348.058986389,1481113.8948476221
2024-12-05 02:00:00,7500797.405016699,1481113.8948476221
2024-12-05 03:00:00,7502234.448164766,1481113.8948476221
2024-12-05 04:00:00,7503681.533124826,1481113.8948476221
2024-12-05 05:00:00,7505172.509448564,1481113.8948476221
2024-12-05 06:00:00,7506693.6112082815,1481113.8948476221
2024-12-05 07:00:00,7508207.198234521,1481125.7448476222
2024-12-05 08:00:00,7509637.790682169,1481230.2798476222
2024-12-05 09:00:00,7510960.317272275,1481443.9660976222
2024-12-05 10:00:00,7512208.827062723,1481717.6410976222
2024-12-05 11:00:00,7513421.026725038,1482007.9773476222
2024-12-05 12:00:00,7514639.078569177,1482331.336097622
2024-12-05 13:00:00,7515897.630171618,1482634.771097622
2024-12-05 14:00:00,7517277.947057234,1482901.118597622
2024-12-05 15:00:00,7518746.5786867365,1483105.204847622
2024-12-05 16:00:00,7520245.069743953,1483206.533597622
2024-12-05 17:00:00,7521747.218414809,1483216.272347622
2024-12-05 18:00:00,7523237.064203422,1483216.272347622
2024-12-05 19:00:00,7524710.683487887,1483216.272347622
2024-12-05 20:00:00,7526175.391495484,1483216.272347622
2024-12-05 21:00:00,7527643.690614655,1483216.272347622
2024-12-05 22:00:00,7529099.420843318,1483216.272347622
2024-12-05 23:00:00,7530541.185638084,1483216.272347622
2024-12-06 00:00:00,7531977.098251026,1483216.272347622
2024-12-06 01:00:00,7533406.626665615,1483216.272347622
2024-12-06 02:00:00,7534838.349648387,1483216.272347622
2024-12-06 03:00:00,7536263.9544410715,1483216.272347622
2024-12-06 04:00:00,7537703.524667653,1483216.272347622
2024-12-06 05:00:00,7539170.427243435,1483216.272347622
2024-12-06 06:00:00,7540700.506782087,1483216.272347622
2024-12-06 07:00:00,7542297.021884851,1483228.699847622
2024-12-06 08:00:00,7543892.406452491,1483337.0185976222
2024-12-06 09:00:00,7545369.417342331,1483555.9623476223
2024-12-06 10:00:00,7546791.098513111,1483823.6110976222
2024-12-06 11:00:00,7548167.558278888,1484119.6848476222
2024-12-06 12:00:00,7549564.101668652,1484407.9960976222
2024-12-06 13:00:00,7551175.446732175,1484686.5685976222
2024-12-06 14:00:00,7552983.105895058,1484942.2135976222
2024-12-06 15:00:00,7554804.464483575,1485148.4748476222
2024-12-06 16:00:00,7556612.123646459,1485251.0448476223
2024-12-06 17:00:00,7558234.907065364,1485260.1535976222
2024-12-06 18:00:00,7559812.735087532,1485260.1535976222
2024-12-06 19:00:00,7561364.028785294,1485260.1535976222
2024-12-06 20:00:00,7562875.088733018,1485260.1535976222
2024-12-06 21:00:00,7564372.183246845,1485260.1535976222
2024-12-06 22:00:00,7565836.891254443,1485260.1535976222
2024-12-06 23:00:00,7567277.259505819,1485260.1535976222
2024-12-07 00:00:00,7568709.248496856,1485260.1535976222
2024-12-07 01:00:00,7570143.498558143,1485260.1535976222
2024-12-07 02:00:00,7571562.918658673,1485260.1535976222
2024-12-07 03:00:00,7572977.351104239,1485260.1535976222
2024-12-07 04:00:00,7574401.559353533,1485260.1535976222
2024-12-07 05:00:00,7575849.508840454,1485260.1535976222
2024-12-07 06:00:00,7577359.172244788,1485260.1535976222
2024-12-07 07:00:00,7578933.076645052,1485270.0048476222
2024-12-07 08:00:00,7580513.431745735,1485363.4473476221
2024-12-07 09:00:00,7582092.390303028,1485565.429847622
2024-12-07 10:00:00,7582827.803401871,1485814.313597622
2024-12-07 11:00:00,7583552.044153595,1486078.396097622
2024-12-07 12:00:00,7584247.256753433,1486385.1648476222
2024-12-07 13:00:00,7584960.624417337,1486681.2348476222
2024-12-07 14:00:00,7585716.154391198,1486960.7373476222
2024-12-07 15:00:00,7586516.240749401,1487188.7223476223
2024-12-07 16:00:00,7587333.351636545,1487293.6810976223
2024-12-07 17:00:00,7588134.834538137,1488043.5039992142
2024-12-07 18:00:00,7588923.183281658,1488831.8527427358
2024-12-07 19:00:00,7589695.60478033,1489604.2742414074
2024-12-07 20:00:00,7590452.39829345,1490361.0677545269
2024-12-07 21:00:00,7591202.907361316,1491111.5768223924
2024-12-07 22:00:00,7591945.170172975,1491853.8396340518
2024-12-07 23:00:00,7592678.621460866,1492587.2909219423
2024-12-08 00:00:00,7593407.750114455,1493316.4195755313
2024-12-08 01:00:00,7594146.388563507,1494055.0580245839
2024-12-08 02:00:00,7594883.0652016075,1494791.7346626841
2024-12-08 03:00:00,7595614.853937844,1495523.5233989202
2024-12-08 04:00:00,7596338.961685436,1496247.6311465127
2024-12-08 05:00:00,7597074.374784279,1496983.0442453555
2024-12-08 06:00:00,7597837.452742652,1497746.122203729
2024-12-08 07:00:00,7598636.275561597,1498468.0587726738
2024-12-08 08:00:00,7599443.344636749,1498571.0900226738
2024-12-08 09:00:00,7600250.4137119,1498776.743772674
2024-12-08 10:00:00,7601054.955708536,1499031.961272674
2024-12-08 11:00:00,7601860.76124443,1499381.806272674
2024-12-08 12:00:00,7602601.893520964,1499726.855022674
2024-12-08 13:00:00,7603346.118143576,1500064.883772674
2024-12-08 14:00:00,7604225.375211565,1500387.871272674
2024-12-08 15:00:00,7605155.60611328,1500659.573772674
2024-12-08 16:00:00,7606075.096931308,1500794.405022674
2024-12-08 17:00:00,7606974.470874315,1500808.178772674
2024-12-08 18:00:00,7607862.6724702045,1500808.178772674
2024-12-08 19:00:00,7608737.606903891,1500808.178772674
2024-12-08 20:00:00,7609593.688001816,1500808.178772674
2024-12-08 21:00:00,7610447.408276392,1500808.178772674
2024-12-08 22:00:00,7611265.915706926,1500808.178772674
2024-12-08 23:00:00,7611997.006171468,1500808.178772674
2024-12-09 00:00:00,7612718.586840546,1500808.178772674
2024-12-09 01:00:00,7613437.673682142,1500808.178772674
2024-12-09 02:00:00,7614152.969905966,1500808.178772674
2024-12-09 03:00:00,7614868.26612979,1500808.178772674
2024-12-09 04:00:00,7615581.766797827,1501154.039227894
2024-12-09 05:00:00,7616310.895451415,1501883.167881483
2024-12-09 06:00:00,7617070.182792016,1502642.4552220842
2024-12-09 07:00:00,7617850.983551026,1503280.9809810945
2024-12-09 08:00:00,7618627.893939165,1503501.6534810946
2024-12-09 09:00:00,7619377.704735336,1503941.6597310947
2024-12-09 10:00:00,7620199.703524345,1504418.6522310947
2024-12-09 11:00:00,7621035.8007513825,1504874.0934810946
2024-12-09 12:00:00,7621870.501435031,1505322.0797310947
2024-12-09 13:00:00,7622742.908790204,1505775.1134810946
2024-12-09 14:00:00,7623690.0312167285,1506242.1459810946
2024-12-09 15:00:00,7624603.802857064,1506672.9084810945
2024-12-09 16:00:00,7625586.836399325,1506889.1747310946
2024-12-09 17:00:00,7626526.4440923715,1506908.4347310946
2024-12-09 18:00:00,7627436.026102538,1506908.4347310946
2024-12-09 19:00:00,7628278.84003826,1506908.4347310946
2024-12-09 20:00:00,7629050.563265237,1506908.4347310946
2024-12-09 21:00:00,7629808.620317614,1506908.4347310946
2024-12-09 22:00:00,7630564.715559038,1506908.4347310946
2024-12-09 23:00:00,7631315.789894466,1506908.4347310946
2024-12-10 00:00:00,7632056.789166869,1506908.4347310946
2024-12-10 01:00:00,7632792.900537406,1506908.4347310946
2024-12-10 02:00:00,7633527.748368686,1506908.4347310946
2024-12-10 03:00:00,7634259.40410079,1506908.4347310946
2024-12-10 04:00:00,7634993.553660375,1506908.4347310946
2024-12-10 05:00:00,7635747.121823285,1507421.1110131617
2024-12-10 06:00:00,7636524.564227953,1508198.55341783
2024-12-10 07:00:00,7637335.955937405,1508888.8013772827
2024-12-10 08:00:00,7638133.515217093,1509065.3138772827
2024-12-10 09:00:00,7638917.242067015,1509427.4513772826
2024-12-10 10:00:00,7639814.255186673,1509841.2976272826
2024-12-10 11:00:00,7640674.6589189,1510286.5951272827
2024-12-10 12:00:00,7641531.305284388,1510738.0126272826
2024-12-10 13:00:00,7642451.627378243,1511184.4876272827
2024-12-10 14:00:00,7643421.393758302,1511632.5413772827
2024-12-10 15:00:00,7644402.598493743,1512030.7351272828
2024-12-10 16:00:00,7645380.045862445,1512165.4791807048
2024-12-10 17:00:00,7646332.222445998,1512177.2781535755
2024-12-10 18:00:00,7647265.678697923,1512177.2781535755
2024-12-10 19:00:00,7648157.637660552,1512177.2781535755
2024-12-10 20:00:00,7648938.172411297,1512177.2781535755
2024-12-10 21:00:00,7649686.852672343,1512177.2781535755
2024-12-10 22:00:00,7650433.438118304,1512177.2781535755
2024-12-10 23:00:00,7651165.792122103,1512177.2781535755
2024-12-11 00:00:00,7651883.615424442,1512177.2781535755
2024-12-11 01:00:00,7652599.609919961,1512177.2781535755
2024-12-11 02:00:00,7653314.374127255,1512177.2781535755
2024-12-11 03:00:00,7654025.347716777,1512177.2781535755
2024-12-11 04:00:00,7654724.184679221,1512177.2781535755
2024-12-11 05:00:00,7655442.706253255,1512651.7483935917
2024-12-11 06:00:00,7656178.817623792,1513387.8597641296
2024-12-11 07:00:00,7656915.4942618925,1513977.591842872
2024-12-11 08:00:00,7657610.008590035,1514140.575702213
2024-12-11 09:00:00,7658321.54744712,1514449.2883366589
2024-12-11 10:00:00,7659060.05289204,1514799.763720483
2024-12-11 11:00:00,7659803.579242957,1515144.3606137112
2024-12-11 12:00:00,7660656.434990672,1515493.9558868033
2024-12-11 13:00:00,7661511.25254934,1515849.386486251
2024-12-11 14:00:00,7662359.220395192,1516171.8235823906
2024-12-11 15:00:00,7663205.791697653,1516450.7486287584
2024-12-11 16:00:00,7664065.630162317,1516576.8486744256
2024-12-11 17:00:00,7664914.861547426,1516587.3455037083
2024-12-11 18:00:00,7665757.110215587,1516587.3455037083
2024-12-11 19:00:00,7666584.828182287,1516587.3455037083
2024-12-11 20:00:00,7667406.261703732,1516587.3455037083
2024-12-11 21:00:00,7668225.766665259,1516587.3455037083
2024-12-11 22:00:00,7669035.894835454,1516587.3455037083
2024-12-11 23:00:00,7669839.738560395,1516587.3455037083
2024-12-12 00:00:00,7670640.5231902925,1516587.3455037083
2024-12-12 01:00:00,7671443.103375977,1516587.3455037083
2024-12-12 02:00:00,7672240.795659796,1516587.3455037083
2024-12-12 03:00:00,7673037.789671921,1516587.3455037083
2024-12-12 04:00:00,7673837.310762561,1516761.2097722627
2024-12-12 05:00:00,7674652.060826356,1517575.9598360574
2024-12-12 06:00:00,7675471.698792014,1518395.5978017163
2024-12-12 07:00:00,7676288.809679158,1519131.7005878277
2024-12-12 08:00:00,7677087.06723054,1519239.064749484
2024-12-12 09:00:00,7677874.019430672,1519453.7350232096
2024-12-12 10:00:00,7678643.381834299,1519713.9607910865
2024-12-12 11:00:00,7679417.066872228,1519994.6375941152
2024-12-12 12:00:00,7680207.776439099,1520316.6862012027
2024-12-12 13:00:00,7681027.414404757,1520614.3811243733
2024-12-12 14:00:00,7681875.249246476,1520879.9242341663
2024-12-12 15:00:00,7682736.351250398,1521083.6223171402
2024-12-12 16:00:00,7683589.905269808,1521185.3338110729
2024-12-12 17:00:00,7684425.304225151,1521194.988032015
2024-12-12 18:00:00,7685246.039474903,1521194.988032015
2024-12-12 19:00:00,7686060.656534565,1521194.988032015
2024-12-12 20:00:00,7686864.500259506,1521194.988032015
2024-12-12 21:00:00,7687667.08044519,1521194.988032015
2024-12-12 22:00:00,7688464.074457315,1521194.988032015
2024-12-12 23:00:00,7689256.7458351385,1521194.988032015
2024-12-13 00:00:00,7690044.3963069655,1521194.988032015
2024-12-13 01:00:00,7690828.289412053,1521194.988032015
2024-12-13 02:00:00,7691610.220706189,1521194.988032015
2024-12-13 03:00:00,7692390.888461067,1521733.6095682515
2024-12-13 04:00:00,7693175.313582684,1522518.0346898686
2024-12-13 05:00:00,7693975.399940887,1523318.1210480707
2024-12-13 06:00:00,7694804.514450976,1524147.23555816
2024-12-13 07:00:00,7695680.147156358,1524946.16393953
2024-12-13 08:00:00,7696565.6886696005,1525110.4059478496
2024-12-13 09:00:00,7697440.623103287,1525317.7670074664
2024-12-13 10:00:00,7698338.733507037,1525561.8651716008
2024-12-13 11:00:00,7699258.922596759,1525905.7423986509
2024-12-13 12:00:00,7700177.848147224,1526262.7489622282
2024-12-13 13:00:00,7701050.255502396,1526603.7952049219
2024-12-13 14:00:00,7701985.507310107,1526939.6845402366
2024-12-13 15:00:00,7702942.139532096,1527221.991658289
2024-12-13 16:00:00,7703900.733565036,1527356.498534201
2024-12-13 17:00:00,7704842.436073167,1527370.2090579963
2024-12-13 18:00:00,7705769.474875705,1527370.2090579963
2024-12-13 19:00:00,7706678.890630706,1527370.2090579963
2024-12-13 20:00:00,7707572.113132592,1527370.2090579963
2024-12-13 21:00:00,7708470.356540475,1527370.2090579963
2024-12-13 22:00:00,7709367.901676663,1527370.2090579963
2024-12-13 23:00:00,7710258.464095903,1527370.2090579963
2024-12-14 00:00:00,7711139.815978976,1527370.2090579963
2024-12-14 01:00:00,7712011.525062453,1527370.2090579963
2024-12-14 02:00:00,7712821.087965086,1527370.2090579963
2024-12-14 03:00:00,7713619.910784031,1527460.2723370674
2024-12-14 04:00:00,7714418.035331281,1528258.3968843173
2024-12-14 05:00:00,7715223.840867175,1529064.202420211
2024-12-14 06:00:00,7716054.784184084,1529895.1457371204
2024-12-14 07:00:00,7716912.69408883,1530664.9744647269
2024-12-14 08:00:00,7717761.792469806,1530772.366883384
2024-12-14 09:00:00,7718578.90335695,1530991.6061628114
2024-12-14 10:00:00,7719360.13637939,1531257.862475332
2024-12-14 11:00:00,7720169.167265493,1531554.954291627
2024-12-14 12:00:00,7720964.232717699,1531849.5211828607
2024-12-14 13:00:00,7721731.068042812,1532136.6512063781
2024-12-14 14:00:00,7722573.316710972,1532404.8105393827
2024-12-14 15:00:00,7723448.949416354,1532616.6874409453
2024-12-14 16:00:00,7724327.109200251,1532715.9614853396
2024-12-14 17:00:00,7725179.432931437,1532725.130866826
2024-12-14 18:00:00,7726004.0918030925,1532725.130866826
2024-12-14 19:00:00,7726777.909845154,1532725.130866826
2024-12-14 20:00:00,7727538.460725012,1532725.130866826
2024-12-14 21:00:00,7728292.161892055,1532725.130866826
2024-12-14 22:00:00,7729034.424703714,1532725.130866826
2024-12-14 23:00:00,7729767.3439750755,1532725.130866826
2024-12-15 00:00:00,7730490.886455106,1532725.130866826
2024-12-15 01:00:00,7731206.747946491,1532725.130866826
2024-12-15 02:00:00,7731918.286803576,1532725.130866826
2024-12-15 03:00:00,7732628.562121403,1532883.3376212534
2024-12-15 04:00:00,7733339.4027067935,1533594.178206643
2024-12-15 05:00:00,7734065.4722653385,1534320.2477651879
2024-12-15 06:00:00,7734817.943144157,1535072.7186440057
2024-12-15 07:00:00,7735601.836249244,1535687.3013308744
2024-12-15 08:00:00,7736378.580382218,1535887.8567928616
2024-12-15 09:00:00,7737113.860476928,1536237.6379291574
2024-12-15 10:00:00,7737825.26632988,1536612.8375550264
2024-12-15 11:00:00,7738521.010946247,1537026.24915434
2024-12-15 12:00:00,7739311.7205131175,1537463.4075772755
2024-12-15 13:00:00,7740162.082433351,1537893.6606792675
2024-12-15 14:00:00,7741038.845673858,1538340.2060847816
2024-12-15 15:00:00,7741853.595737653,1538763.6803403248
2024-12-15 16:00:00,7742668.212797315,1538957.42681235
2024-12-15 17:00:00,7743468.2991555175,1538971.462956398
2024-12-15 18:00:00,7744256.514894906,1538971.462956398
2024-12-15 19:00:00,7745029.06939771,1538971.462956398
2024-12-15 20:00:00,7745780.842004834,1538971.462956398
2024-12-15 21:00:00,7746528.125722489,1538971.462956398
2024-12-15 22:00:00,7747260.346722156,1538971.462956398
2024-12-15 23:00:00,7747987.513564792,1538971.462956398
2024-12-16 00:00:00,7748706.600406389,1538971.462956398
2024-12-16 01:00:00,7749419.968070293,1538971.462956398
2024-12-16 02:00:00,7750133.46873833,1538971.462956398
2024-12-16 03:00:00,7750841.250228675,1538971.462956398
2024-12-16 04:00:00,7751553.487357454,1538971.462956398
2024-12-16 05:00:00,7752285.8413612535,1538971.462956398
2024-12-16 06:00:00,7753038.312240072,1539723.9338352159
2024-12-16 07:00:00,7753857.384938168,1540469.4718734499
2024-12-16 08:00:00,7754766.966948335,1540658.3017022696
2024-12-16 09:00:00,7755648.185827276,1540859.1986961633
2024-12-16 10:00:00,7756549.521581236,1541115.8200371813
2024-12-16 11:00:00,7757463.426225704,1541465.420782696
2024-12-16 12:00:00,7758383.050047863,1541805.4955138827
2024-12-16 13:00:00,7759309.523582839,1542143.486161997
2024-12-16 14:00:00,7760248.566008323,1542452.7251031916
2024-12-16 15:00:00,7761200.742591877,1542715.6855791654
2024-12-16 16:00:00,7762214.500088712,1542848.859914692
2024-12-16 17:00:00,7763193.210996672,1542862.1347284068
2024-12-16 18:00:00,7764160.583302348,1542862.1347284068
2024-12-16 19:00:00,7765113.990174126,1542862.1347284068
2024-12-16 20:00:00,7766036.1410748,1542862.1347284068
2024-12-16 21:00:00,7766903.527523976,1542862.1347284068
2024-12-16 22:00:00,7767638.940622819,1542862.1347284068
2024-12-16 23:00:00,7768361.6518270215,1542862.1347284068
2024-12-17 00:00:00,7769073.190684106,1542862.1347284068
2024-12-17 01:00:00,7769784.164273628,1542862.1347284068
2024-12-17 02:00:00,7770492.477780503,1542862.1347284068
2024-12-17 03:00:00,7771200.259270849,1542862.1347284068
2024-12-17 04:00:00,7771906.078950242,1543413.0521716299
2024-12-17 05:00:00,7772626.961347625,1544133.9345690126
2024-12-17 06:00:00,7773367.960620027,1544874.9338414145
2024-12-17 07:00:00,7774154.9128201585,1545578.1875737638
2024-12-17 08:00:00,7774960.718356052,1545684.7493055433
2024-12-17 09:00:00,7775774.071876457,1545895.933488886
2024-12-17 10:00:00,7776576.652062141,1546180.004089811
2024-12-17 11:00:00,7777361.077183758,1546467.629340103
2024-12-17 12:00:00,7778142.443210331,1546801.4070697445
2024-12-17 13:00:00,7778911.107342264,1547105.2430816053
2024-12-17 14:00:00,7779686.754191145,1547377.850365733
2024-12-17 15:00:00,7780481.952647483,1547582.8892801413
2024-12-17 16:00:00,7781279.511927171,1547679.8547666932
2024-12-17 17:00:00,7782065.89885974,1547689.3454753244
2024-12-17 18:00:00,7782841.545708622,1547689.3454753244
2024-12-17 19:00:00,7783606.419222782,1547689.3454753244
2024-12-17 20:00:00,7784358.191829906,1547689.3454753244
2024-12-17 21:00:00,7785101.15291326,1547689.3454753244
2024-12-17 22:00:00,7785832.808645364,1547689.3454753244
2024-12-17 23:00:00,7786555.519849567,1547689.3454753244
2024-12-18 00:00:00,7787271.381340953,1547689.3454753244
2024-12-18 01:00:00,7787986.6775647765,1547689.3454753244
2024-12-18 02:00:00,7788698.216421861,1547689.3454753244
2024-12-18 03:00:00,7789406.696183901,1547689.3454753244
2024-12-18 04:00:00,7790114.311419081,1547711.6245166664
2024-12-18 05:00:00,7790849.159250361,1548446.4723479468
2024-12-18 06:00:00,7791597.839511407,1549195.1526089925
2024-12-18 07:00:00,7792348.348579273,1549878.8284185615
2024-12-18 08:00:00,7793071.891059303,1549976.0362730431
2024-12-18 09:00:00,7793748.2503233785,1550176.1897798493
2024-12-18 10:00:00,7794406.454523387,1550412.924800877
2024-12-18 11:00:00,7795020.501351453,1550673.7310504792
2024-12-18 12:00:00,7795671.024562819,1550993.1535529273
2024-12-18 13:00:00,7796322.246045879,1551290.6785597866
2024-12-18 14:00:00,7797040.069348218,1551562.7856262436
2024-12-18 15:00:00,7797772.423352017,1551779.5562309702
2024-12-18 16:00:00,7798524.195959141,1551884.3925456752
2024-12-18 17:00:00,7799282.253011517,1551891.620520176
2024-12-18 18:00:00,7800037.217717817,1551891.620520176
2024-12-18 19:00:00,7800787.16151812,1551891.620520176
2024-12-18 20:00:00,7801528.293794654,1551891.620520176
2024-12-18 21:00:00,7802270.556606314,1551891.620520176
2024-12-18 22:00:00,7803003.475877675,1551891.620520176
2024-12-18 23:00:00,7803735.131609779,1551891.620520176
2024-12-19 00:00:00,7804462.2984524155,1551891.620520176
2024-12-19 01:00:00,7805182.482578103,1551891.620520176
2024-12-19 02:00:00,7805909.11740421,1551891.620520176
2024-12-19 03:00:00,7806640.773136314,1551891.620520176
2024-12-19 04:00:00,7807369.203518208,1551891.620520176
2024-12-19 05:00:00,7808109.637523048,1552628.548658291
2024-12-19 06:00:00,7808868.924863649,1553387.8359988923
2024-12-19 07:00:00,7809630.7392827645,1554034.411274493
2024-12-19 08:00:00,7810365.454109913,1554203.056103754
2024-12-19 09:00:00,7811050.591646724,1554572.4984108699
2024-12-19 10:00:00,7811686.018889067,1554978.288146204
2024-12-19 11:00:00,7812291.9857160915,1555435.614525101
2024-12-19 12:00:00,7812901.709909855,1555864.8288860004
2024-12-19 13:00:00,7813529.023900124,1556305.7339500282
2024-12-19 14:00:00,7814206.77970759,1556776.127577917
2024-12-19 15:00:00,7814925.866549186,1557156.7813886846
2024-12-19 16:00:00,7815672.05298275,1557288.2821912216
2024-12-19 17:00:00,7816426.319417355,1557299.8625622753
2024-12-19 18:00:00,7817179.322312702,1557299.8625622753
2024-12-19 19:00:00,7817922.150391924,1557299.8625622753
2024-12-19 20:00:00,7818657.563490767,1557299.8625622753
2024-12-19 21:00:00,7819394.107124735,1557299.8625622753
2024-12-19 22:00:00,7820121.273967371,1557299.8625622753
2024-12-19 23:00:00,7820846.079986659,1557299.8625622753
2024-12-20 00:00:00,7821567.660655737,1557299.8625622753
2024-12-20 01:00:00,7822284.78568638,1557299.8625622753
2024-12-20 02:00:00,7823000.081910204,1557299.8625622753
2024-12-20 03:00:00,7823711.620767289,1557299.8625622753
2024-12-20 04:00:00,7824424.423163631,1557299.8625622753
2024-12-20 05:00:00,7825153.418813088,1557299.8625622753
2024-12-20 06:00:00,7825903.362613391,1557953.736285656
2024-12-20 07:00:00,7826693.373908567,1558599.1726599224
2024-12-20 08:00:00,7827495.555081855,1558821.5240556998
2024-12-20 09:00:00,7828277.48637599,1559246.0716789227
2024-12-20 10:00:00,7829067.497671166,1559733.2820945992
2024-12-20 11:00:00,7829830.442625407,1560166.6015147378
2024-12-20 12:00:00,7830566.553995945,1560598.2235317465
2024-12-20 13:00:00,7831358.660106205,1561068.815169136
2024-12-20 14:00:00,7832145.479302205,1561529.0754662864
2024-12-20 15:00:00,7832947.52747136,1561973.8460584444
2024-12-20 16:00:00,7833752.634735558,1562180.9394091293
2024-12-20 17:00:00,7834538.888663995,1562200.096564391
2024-12-20 18:00:00,7835314.535512877,1562200.096564391
2024-12-20 19:00:00,7836078.8770105075,1562200.096564391
2024-12-20 20:00:00,7836830.649617631,1562200.096564391
2024-12-20 21:00:00,7837574.30897268,1562200.096564391
2024-12-20 22:00:00,7838305.964704784,1562200.096564391
2024-12-20 23:00:00,7839029.374180681,1562200.096564391
2024-12-21 00:00:00,7839749.724561535,1562200.096564391
2024-12-21 01:00:00,7840462.526957877,1562200.096564391
2024-12-21 02:00:00,7841169.610176528,1562200.096564391
2024-12-21 03:00:00,7841873.601049101,1562200.096564391
2024-12-21 04:00:00,7842579.553732626,1562200.096564391
2024-12-21 05:00:00,7843329.497532929,1562200.096564391
2024-12-21 06:00:00,7844239.611559625,1563050.826231674
2024-12-21 07:00:00,7845174.863367336,1563920.3136937139
2024-12-21 08:00:00,7846047.968994203,1564271.7472718528
2024-12-21 09:00:00,7846916.0537150735,1564412.1404454694
2024-12-21 10:00:00,7847809.841484522,1564590.9817173686
2024-12-21 11:00:00,7848698.043080412,1564746.7654565007
2024-12-21 12:00:00,7849618.930441828,1564931.8898379898
2024-12-21 13:00:00,7850545.403976805,1565103.8462297602
2024-12-21 14:00:00,7851500.7726595355,1565259.0220187004
2024-12-21 15:00:00,7852449.158625318,1565382.3569114709
2024-12-21 16:00:00,7853380.087798728,1565451.0943497955
2024-12-21 17:00:00,7854287.707997941,1565458.340269698
2024-12-21 18:00:00,7855174.513050442,1565458.340269698
2024-12-21 19:00:00,7856056.430201078,1566227.1615446773
2024-12-21 20:00:00,7856913.907842393,1567084.6391859923
2024-12-21 21:00:00,7857744.152887608,1567914.8842312067
2024-12-21 22:00:00,7858558.204679708,1568728.9360233066
2024-12-21 23:00:00,7859365.273754859,1569536.0050984577
2024-12-22 00:00:00,7860155.451305201,1570326.1826487991
2024-12-22 01:00:00,7860937.947866899,1571108.679210497
2024-12-22 02:00:00,7861719.313893472,1571890.04523707
2024-12-22 03:00:00,7862499.8486442175,1572670.5799878156
2024-12-22 04:00:00,7863284.97203753,1573455.7033811274
2024-12-22 05:00:00,7864082.531317217,1574253.262660815
2024-12-22 06:00:00,7864905.228377921,1575075.959721518
2024-12-22 07:00:00,7865758.948652497,1575852.665620849
2024-12-22 08:00:00,7866632.619546926,1575974.1759745865
2024-12-22 09:00:00,7867513.140154172,1576171.3675316947
2024-12-22 10:00:00,7868397.418128157,1576417.915523924
2024-12-22 11:00:00,7870179.939510025,1576752.9226053564
2024-12-22 12:00:00,7871947.431424936,1577087.2409355703
2024-12-22 13:00:00,7873736.137498959,1577426.2646982283
2024-12-22 14:00:00,7875522.582502731,1577752.8177821287
2024-12-22 15:00:00,7876420.692906481,1578012.966022017
2024-12-22 16:00:00,7877308.761498239,1578142.3293582117
2024-12-22 17:00:00,7878186.22301044,1578155.5222340247
2024-12-22 18:00:00,7879059.893904869,1578155.5222340247
2024-12-22 19:00:00,7879928.543893303,1578155.5222340247
2024-12-22 20:00:00,7880814.78367824,1578155.5222340247
2024-12-22 21:00:00,7881727.990051013,1578155.5222340247
2024-12-22 22:00:00,7882661.313298806,1578155.5222340247
2024-12-22 23:00:00,7883587.088562086,1578155.5222340247
2024-12-23 00:00:00,7884502.256745812,1578155.5222340247
2024-12-23 01:00:00,7885419.918757019,1578155.5222340247
2024-12-23 02:00:00,7886336.317228968,1578155.5222340247
2024-12-23 03:00:00,7887250.221873436,1578788.0126539064
2024-12-23 04:00:00,7888173.071045805,1579710.8618262755
2024-12-23 05:00:00,7889112.113471288,1580649.9042517592
2024-12-23 06:00:00,7890073.20133171,1581610.9921121814
2024-12-23 07:00:00,7891054.971334714,1582530.188211362
2024-12-23 08:00:00,7892044.28932223,1582979.0299521657
2024-12-23 09:00:00,7893022.8339750245,1583117.9787620527
2024-12-23 10:00:00,7894061.729252877,1583299.3060961652
2024-12-23 11:00:00,7895161.640176448,1583455.410957565
2024-12-23 12:00:00,7896262.249371714,1583653.3118644939
2024-12-23 13:00:00,7897332.566875836,1583829.413549702
2024-12-23 14:00:00,7898395.336395446,1583981.7126549003
2024-12-23 15:00:00,7899456.842375799,1584107.7050981687
2024-12-23 16:00:00,7900520.443171237,1584176.4871585711
2024-12-23 17:00:00,7901583.212690847,1584225.6092184014
2024-12-23 18:00:00,7902626.696611265,1585269.0931388196
2024-12-23 19:00:00,7903565.040765054,1586207.4372926084
2024-12-23 20:00:00,7904458.828534503,1587101.2250620571
2024-12-23 21:00:00,7905335.591775009,1587977.988302564
2024-12-23 22:00:00,7906205.5053027,1588847.9018302544
2024-12-23 23:00:00,7907074.853562828,1589717.2500903823
2024-12-24 00:00:00,7907933.461739268,1590575.8582668223
2024-12-24 01:00:00,7908787.015758678,1591429.4122862327
2024-12-24 02:00:00,7909638.208954739,1592280.6054822938
2024-12-24 03:00:00,7910489.269146668,1593131.6656742224
2024-12-24 04:00:00,7911337.236992519,1593979.6335200737
2024-12-24 05:00:00,7912202.1296142135,1594844.5261417676
2024-12-24 06:00:00,7913081.519686335,1595723.9162138887
2024-12-24 07:00:00,7913960.377741926,1596476.8938548884
2024-12-24 08:00:00,7914815.893572289,1596651.6792927233
2024-12-24 09:00:00,7915668.749320004,1596997.5689278129
2024-12-24 10:00:00,7916515.320622466,1597420.4344198091
2024-12-24 11:00:00,7917368.874641876,1597853.3136084247
2024-12-24 12:00:00,7918240.051708824,1598288.6839035335
2024-12-24 13:00:00,7919113.722603253,1598748.740802837
2024-12-24 14:00:00,7919988.790041072,1599190.325642372
2024-12-24 15:00:00,7920877.556904525,1599573.700601493
2024-12-24 16:00:00,7921768.119323764,1599700.888674354
2024-12-24 17:00:00,7922663.17063247,1599713.055610442
2024-12-24 18:00:00,7923545.653050669,1599713.055610442
2024-12-24 19:00:00,7924419.323945098,1599713.055610442
2024-12-24 20:00:00,7925282.254755839,1599713.055610442
2024-12-24 21:00:00,7926142.259475669,1599713.055610442
2024-12-24 22:00:00,7927000.302384546,1599713.055610442
2024-12-24 23:00:00,7927852.759119865,1599713.055610442
2024-12-25 00:00:00,7928701.425237411,1599713.055610442
2024-12-25 01:00:00,7929539.916538832,1599713.055610442
2024-12-25 02:00:00,7930343.893267905,1599713.055610442
2024-12-25 03:00:00,7931138.393452548,1599713.055610442
2024-12-25 04:00:00,7931888.204248719,1600241.9369746323
2024-12-25 05:00:00,7932634.922698813,1600988.6554247257
2024-12-25 06:00:00,7933398.000657186,1601751.7333830993
2024-12-25 07:00:00,7934166.7977932505,1602452.430315104
2024-12-25 08:00:00,7934931.671307411,1602580.0882081557
2024-12-25 09:00:00,7935679.5202926295,1602787.5746877757
2024-12-25 10:00:00,7936383.511165203,1603040.2837484817
2024-12-25 11:00:00,7937108.882452052,1603304.1948373546
2024-12-25 12:00:00,7937969.984455974,1603617.0901604583
2024-12-25 13:00:00,7938813.629667523,1603901.4467862179
2024-12-25 14:00:00,7939558.55256183,1604186.2011003336
2024-12-25 15:00:00,7940311.721712342,1604407.1289841803
2024-12-25 16:00:00,7941052.720984745,1604510.9295922774
2024-12-25 17:00:00,7941795.682068099,1604518.1843493788
2024-12-25 18:00:00,7942536.116072939,1604518.1843493788
2024-12-25 19:00:00,7943269.56736083,1604518.1843493788
2024-12-25 20:00:00,7943992.976836727,1604518.1843493788
2024-12-25 21:00:00,7944722.105490316,1604518.1843493788
2024-12-25 22:00:00,7945441.757599474,1604518.1843493788
2024-12-25 23:00:00,7946156.521806768,1604518.1843493788
2024-12-26 00:00:00,7946868.060663853,1604518.1843493788
2024-12-26 01:00:00,7948296.192535052,1604518.1843493788
2024-12-26 02:00:00,7949715.612635582,1604518.1843493788
2024-12-26 03:00:00,7951132.239649331,1604518.1843493788
2024-12-26 04:00:00,7952545.275551507,1604518.1843493788
2024-12-26 05:00:00,7953979.791621059,1604518.1843493788
2024-12-26 06:00:00,7955435.521849723,1604518.1843493788
2024-12-26 07:00:00,7956901.62640071,1604528.5752144894
2024-12-26 08:00:00,7958369.925519881,1604611.1184063528
2024-12-26 09:00:00,7959819.537558456,1604760.708437465
2024-12-26 10:00:00,7961289.233221017,1604959.168334029
2024-12-26 11:00:00,7963068.961516106,1605189.4274483316
2024-12-26 12:00:00,7963969.732002503,1605459.3602306738
2024-12-26 13:00:00,7964890.61936392,1605715.0729019367
2024-12-26 14:00:00,7965827.699978451,1605949.9504786897
2024-12-26 15:00:00,7966773.592116752,1606150.4715660438
2024-12-26 16:00:00,7967740.2661507325,1606263.073321714
2024-12-26 17:00:00,7968724.563232251,1606274.3939344469
2024-12-26 18:00:00,7969709.392330299,1606274.3939344469
2024-12-26 19:00:00,7970634.602326018,1606274.3939344469
2024-12-26 20:00:00,7971421.687530282,1606667.552313522
2024-12-26 21:00:00,7972873.560639107,1606667.552313522
2024-12-26 22:00:00,7974309.473252049,1606667.552313522
2024-12-26 23:00:00,7975737.605123248,1606667.552313522
2024-12-27 00:00:00,7977150.641025424,1606667.552313522
2024-12-27 01:00:00,7977856.460704817,1607373.3719929152
2024-12-27 02:00:00,7978557.957749909,1608074.8690380068
2024-12-27 03:00:00,7979255.098909666,1608772.0101977636
2024-12-27 04:00:00,7979956.595954757,1609473.5072428552
2024-12-27 05:00:00,7980675.6827963535,1610192.594084451
2024-12-27 06:00:00,7981418.643879708,1610935.5551678052
2024-12-27 07:00:00,7982195.554267847,1611651.091194207
2024-12-27 08:00:00,7982969.239305776,1611917.4163647592
2024-12-27 09:00:00,7983736.772902583,1612066.7243214457
2024-12-27 10:00:00,7984483.358348544,1612241.0254342926
2024-12-27 11:00:00,7985190.441567195,1612400.064646568
2024-12-27 12:00:00,7985875.579104006,1612591.8425942096
2024-12-27 13:00:00,7986633.070888821,1612762.3241357114
2024-12-27 14:00:00,7987416.265722213,1612919.3956106766
2024-12-27 15:00:00,7988215.22154529,1613042.7554155493
2024-12-27 16:00:00,7989017.9679861395,1613112.3924766125
2024-12-27 17:00:00,7989806.881997224,1613590.1300520664
2024-12-27 18:00:00,7990585.022673587,1614368.2707284295
2024-12-27 19:00:00,7991352.423266263,1615135.6713211047
2024-12-27 20:00:00,7992110.314063475,1615893.5621183163
2024-12-27 21:00:00,7992863.18395469,1616646.4320095312
2024-12-27 22:00:00,7993605.4467663495,1617388.6948211906
2024-12-27 23:00:00,7994338.89805424,1618122.146109081
2024-12-28 00:00:00,7995061.742262576,1618844.9903174161
2024-12-28 01:00:00,7995783.322931654,1619566.5709864937
2024-12-28 02:00:00,7996504.903600732,1620288.1516555713
2024-12-28 03:00:00,7997215.744186122,1620998.992240961
2024-12-28 04:00:00,7997929.111850026,1621712.3599048655
2024-12-28 05:00:00,7998656.976964357,1622440.225019197
2024-12-28 06:00:00,7999407.353028091,1623190.6010829303
2024-12-28 07:00:00,8000199.326134219,1623905.5112428071
2024-12-28 08:00:00,8001010.152576109,1624016.2679155255
2024-12-28 09:00:00,8001827.263463253,1624225.4566892865
2024-12-28 10:00:00,8002630.541920632,1624492.5632100438
2024-12-28 11:00:00,8003421.949759198,1624842.4074146699
2024-12-28 12:00:00,8004214.488132889,1625192.5514996548
2024-12-28 13:00:00,8005010.9501284845,1625529.8701842194
2024-12-28 14:00:00,8005807.41212408,1625839.0848930548
2024-12-28 15:00:00,8006609.992309764,1626100.8062352848
2024-12-28 16:00:00,8007406.986321889,1626232.4100762345
2024-12-28 17:00:00,8008191.411443505,1626246.2591675129
2024-12-28 18:00:00,8008963.965946309,1626246.2591675129
2024-12-28 19:00:00,8009723.818554473,1626246.2591675129
2024-12-28 20:00:00,8010469.838732871,1626246.2591675129
2024-12-28 21:00:00,8011206.5153709715,1626246.2591675129
2024-12-28 22:00:00,8011935.078756998,1626246.2591675129
2024-12-28 23:00:00,8012655.429137852,1626246.2591675129
2024-12-29 00:00:00,8013371.290629238,1626246.2591675129
2024-12-29 01:00:00,8014082.829486323,1626246.2591675129
2024-12-29 02:00:00,8014791.70826076,1626246.2591675129
2024-12-29 03:00:00,8015498.924483542,1626246.2591675129
2024-12-29 04:00:00,8016210.463340627,1626246.2591675129
2024-12-29 05:00:00,8016940.290265911,1626246.2591675129
2024-12-29 06:00:00,8017689.53579452,1626934.9421120442
2024-12-29 07:00:00,8018480.2453613905,1627654.7336942493
2024-12-29 08:00:00,8019284.787358027,1627840.7379198936
2024-12-29 09:00:00,8020084.87371623,1627997.8460719544
2024-12-29 10:00:00,8020880.471184964,1628200.3009153297
2024-12-29 11:00:00,8021663.666018357,1628438.6376082941
2024-12-29 12:00:00,8022458.864474694,1628717.0860941727
2024-12-29 13:00:00,8023261.444660379,1628960.1871030326
2024-12-29 14:00:00,8024065.853652882,1629190.7246531982
2024-12-29 15:00:00,8024865.374743522,1629391.178944796
2024-12-29 16:00:00,8025657.913117213,1629504.2844261422
2024-12-29 17:00:00,8026436.053793577,1629515.7235477702
2024-12-29 18:00:00,8027202.1908469945,1629515.7235477702
2024-12-29 19:00:00,8027951.436375603,1629515.7235477702
2024-12-29 20:00:00,8028694.962726519,1629515.7235477702
2024-12-29 21:00:00,8029436.660270616,1629515.7235477702
2024-12-29 22:00:00,8030164.525384948,1629515.7235477702
2024-12-29 23:00:00,8030888.067864978,1629515.7235477702
2024-12-30 00:00:00,8031599.47371793,1629515.7235477702
2024-12-30 01:00:00,8032304.1628621975,1629817.6375251836
2024-12-30 02:00:00,8033008.286738903,1630521.7614018891
2024-12-30 03:00:00,8033713.541150734,1631227.0158137197
2024-12-30 04:00:00,8034417.532023307,1631931.006686293
2024-12-30 05:00:00,8035135.222321513,1632648.6969844992
2024-12-30 06:00:00,8035878.183404868,1633391.6580678534
2024-12-30 07:00:00,8036657.587620488,1634025.482175579
2024-12-30 08:00:00,8037425.1212172955,1634236.1076096115
2024-12-30 09:00:00,8038208.44905482,1634675.094707229
2024-12-30 10:00:00,8038997.928333467,1635137.0718416288
2024-12-30 11:00:00,8039763.500119322,1635593.1691032273
2024-12-30 12:00:00,8040517.068282232,1636037.1355340045
2024-12-30 13:00:00,8041245.099651729,1636469.3863753777
2024-12-30 14:00:00,8041970.3379344465,1636917.5294598374
2024-12-30 15:00:00,8042727.131447566,1637328.177599447
2024-12-30 16:00:00,8043495.795579499,1637550.1316279834
2024-12-30 17:00:00,8044257.044731053,1637569.3687028359
2024-12-30 18:00:00,8045012.009437352,1637569.3687028359
2024-12-30 19:00:00,8045756.799327526,1637569.3687028359
2024-12-30 20:00:00,8046487.191520372,1637569.3687028359
2024-12-30 21:00:00,8047210.035728708,1637569.3687028359
2024-12-30 22:00:00,8047925.498207697,1637569.3687028359
2024-12-30 23:00:00,8048638.300604039,1637569.3687028359
