date,cumulative_baseline_co2_kg,cumulative_solar_co2_kg
2024-01-01 00:00:00,711.6718612169474,705.1618612169474
2024-01-01 01:00:00,1420.151623257292,1407.131623257292
2024-01-01 02:00:00,2124.840767525421,2105.310767525421
2024-01-01 03:00:00,2829.3969076611916,2803.356907661191
2024-01-01 04:00:00,3537.1783980066543,3504.6283980066537
2024-01-01 05:00:00,4258.759067084306,4219.699067084305
2024-01-01 06:00:00,4990.414799188109,4944.8447991881085
2024-01-01 07:00:00,5733.37588254238,5643.96838254238
2024-01-01 08:00:00,6444.914739626969,5761.78213254238
2024-01-01 09:00:00,7151.99795827755,6048.86713254238
2024-01-01 10:00:00,7834.076400044743,6384.199632542381
2024-01-01 11:00:00,8508.473853168236,6722.235882542381
2024-01-01 12:00:00,9218.183903432897,7097.2658825423805
2024-01-01 13:00:00,9926.497410307793,7487.93338254238
2024-01-01 14:00:00,10632.450093833328,7894.4933825423805
2024-01-01 15:00:00,11359.217924072958,8285.05588254238
2024-01-01 16:00:00,12098.554644820462,8518.57588254238
2024-01-01 17:00:00,12843.344534994661,8550.88588254238
2024-01-01 18:00:00,13590.628252650582,8552.025882542379
2024-01-01 19:00:00,14327.437894883275,8552.95588254238
2024-01-01 20:00:00,15051.545642475736,8553.88588254238
2024-01-01 21:00:00,15782.503102884657,8554.81588254238
2024-01-01 22:00:00,16509.669945521364,8555.74588254238
2024-01-01 23:00:00,17233.777693113825,8556.67588254238
2024-01-02 00:00:00,17954.826345662044,8557.60588254238
2024-01-02 01:00:00,18675.17672651538,8558.535882542381
2024-01-02 02:00:00,19393.000028853905,8559.465882542381
2024-01-02 03:00:00,20105.104153501015,8560.395882542382
2024-01-02 04:00:00,20817.20827814813,8561.325882542382
2024-01-02 05:00:00,21540.61775404571,8562.255882542382
2024-01-02 06:00:00,22283.71184153234,8891.418902954234
2024-01-02 07:00:00,23026.107657324086,9590.738468745982
2024-01-02 08:00:00,23743.93095966261,9694.069718745981
2024-01-02 09:00:00,24415.23606670877,9941.26221874598
2024-01-02 10:00:00,25044.51186792966,10240.632218745981
2024-01-02 11:00:00,25660.520506947796,10578.829718745981
2024-01-02 12:00:00,26255.015727556955,10911.214718745981
2024-01-02 13:00:00,26853.434570070687,11248.437218745981
2024-01-02 14:00:00,27508.546424002205,11577.18846874598
2024-01-02 15:00:00,28221.914087906724,11863.14471874598
2024-01-02 16:00:00,28955.531630962814,12025.82721874598
2024-01-02 17:00:00,29694.170080015436,12050.10471874598
2024-01-02 18:00:00,30433.37379663058,12051.24471874598
2024-01-02 19:00:00,31165.727800429268,12052.17471874598
2024-01-02 20:00:00,31893.592914760855,12053.10471874598
2024-01-02 21:00:00,32627.60947021402,12054.034718745981
2024-01-02 22:00:00,33359.96347401271,12054.964718745981
2024-01-02 23:00:00,34087.13031664941,12055.894718745982
2024-01-03 00:00:00,34810.53979254699,12056.824718745982
2024-01-03 01:00:00,35532.12046162464,12057.754718745982
2024-01-03 02:00:00,36250.64203565805,12058.684718745983
2024-01-03 03:00:00,36969.16360969146,12059.614718745983
2024-01-03 04:00:00,37690.04600707423,12060.544718745983
2024-01-03 05:00:00,38419.73992822575,12061.474718745983
2024-01-03 06:00:00,39157.68010558349,12476.352108395784
2024-01-03 07:00:00,39899.94291724288,13194.202420055173
2024-01-03 08:00:00,40608.8216916803,13381.336194492593
2024-01-03 09:00:00,41254.29074601583,13586.348694492593
2024-01-03 10:00:00,41863.44967221751,13838.611194492594
2024-01-03 11:00:00,42449.29962422337,14103.113694492595
2024-01-03 12:00:00,43030.82694192758,14388.544944492594
2024-01-03 13:00:00,43636.79376895266,14672.573694492594
2024-01-03 14:00:00,44299.320603263164,14956.613694492595
2024-01-03 15:00:00,45018.4074448591,15216.901194492595
2024-01-03 16:00:00,45748.799637705495,15378.874944492594
2024-01-03 17:00:00,46496.083355361414,15405.064944492595
2024-01-03 18:00:00,47242.96806062026,15406.204944492594
2024-01-03 19:00:00,47975.88733198147,15407.134944492595
2024-01-03 20:00:00,48702.6551622211,15408.064944492595
2024-01-03 21:00:00,49429.98826002325,15408.994944492595
2024-01-03 22:00:00,50158.418641917364,15409.924944492595
2024-01-03 23:00:00,50888.112563068884,15410.854944492596
2024-01-04 00:00:00,51617.24121665788,15411.784944492596
2024-01-04 01:00:00,52343.310775202626,15412.714944492596
2024-01-04 02:00:00,53064.359427750845,15413.644944492597
2024-01-04 03:00:00,53784.70980860418,15414.574944492597
2024-01-04 04:00:00,54506.15747354947,15415.504944492597
2024-01-04 05:00:00,55241.00530482988,15416.434944492597
2024-01-04 06:00:00,56009.1041691999,15874.836072462436
2024-01-04 07:00:00,56814.211433398654,16632.45708666119
2024-01-04 08:00:00,57632.02059223764,16769.69208666119
2024-01-04 09:00:00,58405.14036260419,17112.86208666119
2024-01-04 10:00:00,59128.68284263412,17506.12083666119
2024-01-04 11:00:00,59829.61462016313,17873.32458666119
2024-01-04 12:00:00,60522.30014148591,18227.39958666119
2024-01-04 13:00:00,61225.72574649663,18592.435836661192
2024-01-04 14:00:00,61981.8209879213,18970.76208666119
2024-01-04 15:00:00,62795.87278002116,19333.49583666119
2024-01-04 16:00:00,63615.510745680076,19551.46083666119
2024-01-04 17:00:00,64431.35809356678,19584.78333666119
2024-01-04 18:00:00,65233.539266853644,19585.927086661188
2024-01-04 19:00:00,66026.7759122394,19586.857086661188
2024-01-04 20:00:00,66809.40547806959,19587.78708666119
2024-01-04 21:00:00,67586.84788273778,19588.71708666119
2024-01-04 22:00:00,68351.18938036867,19589.64708666119
2024-01-04 23:00:00,69104.75754327852,19590.57708666119
2024-01-05 00:00:00,69857.76043862586,19591.50708666119
2024-01-05 01:00:00,70612.0268732306,19592.43708666119
2024-01-05 02:00:00,71362.53594109621,19593.36708666119
2024-01-05 03:00:00,72108.0241029653,19594.29708666119
2024-01-05 04:00:00,72847.75983610988,19595.22708666119
2024-01-05 05:00:00,73616.42396804242,19726.94189021856
2024-01-05 06:00:00,74408.39707417077,20512.40499634692
2024-01-05 07:00:00,75233.05594582621,21311.653868002366
2024-01-05 08:00:00,76045.01292284143,21722.45834501758
2024-01-05 09:00:00,76823.8518708994,21869.514595017583
2024-01-05 10:00:00,77563.05558751454,22061.353345017582
2024-01-05 11:00:00,78272.7656377792,22258.190845017583
2024-01-05 12:00:00,78978.71832130474,22446.890845017584
2024-01-05 13:00:00,79695.84335194838,22598.930845017585
2024-01-05 14:00:00,80455.69596011218,22738.592095017586
2024-01-05 15:00:00,81269.04948051716,22858.172095017588
2024-01-05 16:00:00,82091.87954535268,22933.99334501759
2024-01-05 17:00:00,82907.0286215445,22949.409595017587
2024-01-05 18:00:00,83711.0053506182,22950.560845017586
2024-01-05 19:00:00,84502.28018505168,22951.490845017586
2024-01-05 20:00:00,85280.42086141476,22952.420845017587
2024-01-05 21:00:00,86051.17980843195,23528.60702756706
2024-01-05 22:00:00,86808.67159324637,24279.58881238149
2024-01-05 23:00:00,87558.4823894171,25022.88960855222
2024-01-06 00:00:00,88297.81911016461,25755.716329299725
2024-01-06 01:00:00,89043.83928856312,26495.22650769824
2024-01-06 02:00:00,89781.08119422598,27225.9584133611
2024-01-06 03:00:00,90499.60276825938,27937.969987394506
2024-01-06 04:00:00,91226.37059849902,28658.22781763414
2024-01-06 05:00:00,91974.48559198219,29399.8328111173
2024-01-06 06:00:00,92751.92799665038,30170.765215785497
2024-01-06 07:00:00,93557.16826498149,30937.78548411661
2024-01-06 08:00:00,94352.36672131954,31046.76798411661
2024-01-06 09:00:00,95111.12204539138,31334.08548411661
2024-01-06 10:00:00,95827.68180847251,31678.00173411661
2024-01-06 11:00:00,96521.6308690527,32045.55423411661
2024-01-06 12:00:00,97211.09104016577,32427.28548411661
2024-01-06 13:00:00,97900.55121127886,32802.11298411661
2024-01-06 14:00:00,98630.94340412525,33185.52798411661
2024-01-06 15:00:00,99419.85741520936,33555.13548411661
2024-01-06 16:00:00,100218.11496659166,33796.80048411661
2024-01-06 17:00:00,101011.91687953995,33838.06548411661
2024-01-06 18:00:00,101793.9811778076,33839.21673411661
2024-01-06 19:00:00,102577.1760112003,33840.14673411661
2024-01-06 20:00:00,103342.7477970555,33841.076734116614
2024-01-06 21:00:00,104093.25686492112,33842.006734116614
2024-01-06 22:00:00,104799.20954844666,33842.936734116614
2024-01-06 23:00:00,105496.78297163361,33843.866734116615
2024-01-07 00:00:00,106185.71112621727,33844.796734116615
2024-01-07 01:00:00,106878.26364340768,33845.726734116615
2024-01-07 02:00:00,107599.84431248534,33846.656734116616
2024-01-07 03:00:00,108320.7267098681,33847.586734116616
2024-01-07 04:00:00,109040.51182315891,33848.516734116616
2024-01-07 05:00:00,109774.66138274444,33849.44673411662
2024-01-07 06:00:00,110537.73934111792,34243.53364463077
2024-01-07 07:00:00,111342.28133775415,34998.804391267004
2024-01-07 08:00:00,112139.44160504449,35124.279391267
2024-01-07 09:00:00,112895.66985060151,35428.531891267005
2024-01-07 10:00:00,113628.58912196272,35790.51939126701
2024-01-07 11:00:00,114367.09456688298,36163.98189126701
2024-01-07 12:00:00,115115.20956036614,36540.59439126701
2024-01-07 13:00:00,115874.66315613287,36914.754391267015
2024-01-07 14:00:00,116643.32728806541,37290.86814126701
2024-01-07 15:00:00,117430.84475575977,37640.99814126701
2024-01-07 16:00:00,118227.14049618978,37867.08939126701
2024-01-07 17:00:00,119020.37714157555,37905.86439126701
2024-01-07 18:00:00,119800.34662475856,37907.02314126701
2024-01-07 19:00:00,120567.31495400354,37907.95314126701
2024-01-07 20:00:00,121317.6910177368,37908.88314126701
2024-01-07 21:00:00,122055.63119509454,37909.81314126701
2024-01-07 22:00:00,122785.45812037842,37910.74314126701
2024-01-07 23:00:00,123508.30232871347,37911.67314126701
2024-01-08 00:00:00,124229.18472609624,37912.60314126701
2024-01-08 01:00:00,124951.89593029894,37913.53314126701
2024-01-08 02:00:00,125673.64285454203,37914.46314126701
2024-01-08 03:00:00,126393.99323539538,37915.39314126701
2024-01-08 04:00:00,127120.62806150265,37916.323141267014
2024-01-08 05:00:00,127858.56823886039,37917.253141267014
2024-01-08 06:00:00,128615.36175197994,38404.72973761754
2024-01-08 07:00:00,129402.31395211177,39174.383187749365
2024-01-08 08:00:00,130188.0026129862,39585.56309862379
2024-01-08 09:00:00,130964.91300112497,39745.67309862379
2024-01-08 10:00:00,131721.141246682,39957.31184862379
2024-01-08 11:00:00,132453.4952504807,40194.818098623786
2024-01-08 12:00:00,133160.57846913126,40503.863098623784
2024-01-08 13:00:00,133926.715522549,40816.605598623784
2024-01-08 14:00:00,134758.2241070209,41118.371848623785
2024-01-08 15:00:00,135604.26339295297,41420.68934862378
2024-01-08 16:00:00,136448.90613549526,41624.175598623784
2024-01-08 17:00:00,137254.71167138888,41663.310598623786
2024-01-08 18:00:00,138028.52971345032,41664.47684862379
2024-01-08 19:00:00,138787.8170540516,41665.40684862379
2024-01-08 20:00:00,139530.21286984332,41666.33684862379
2024-01-08 21:00:00,140260.0397951272,41667.26684862379
2024-01-08 22:00:00,140982.88400346227,41668.19684862379
2024-01-08 23:00:00,141705.1629442348,41669.12684862379
2024-01-09 00:00:00,142423.6845182682,41670.05684862379
2024-01-09 01:00:00,143139.5460096544,41670.98684862379
2024-01-09 02:00:00,143849.68832334923,41671.91684862379
2024-01-09 03:00:00,144556.20627443728,41672.84684862379
2024-01-09 04:00:00,145260.76241457305,41673.77684862379
2024-01-09 05:00:00,145974.662095007,41740.02982946749
2024-01-09 06:00:00,146708.11338289763,42466.97111735813
2024-01-09 07:00:00,147440.4673866963,43137.060121156814
2024-01-09 08:00:00,148154.5333222957,43321.233871156815
2024-01-09 09:00:00,148861.05127338375,43803.73887115681
2024-01-09 10:00:00,149566.87095277692,44336.51262115681
2024-01-09 11:00:00,150276.5810030416,44851.725121156815
2024-01-09 12:00:00,151001.25401819657,45350.69637115682
2024-01-09 13:00:00,151717.68077714535,45861.94137115682
2024-01-09 14:00:00,152444.31560325262,46407.40512115682
2024-01-09 15:00:00,153175.27306366153,46959.165121156824
2024-01-09 16:00:00,153913.08023688692,47325.97512115682
2024-01-09 17:00:00,154652.28395350208,47387.84637115682
2024-01-09 18:00:00,155390.2241308598,47389.02012115682
2024-01-09 19:00:00,156121.8798629636,47389.95012115682
2024-01-09 20:00:00,156849.7449772952,47390.88012115682
2024-01-09 21:00:00,157533.0869583198,47391.81012115682
2024-01-09 22:00:00,158215.03239595462,47392.74012115682
2024-01-09 23:00:00,158922.1156146052,47393.67012115682
2024-01-10 00:00:00,159632.9561999949,47394.60012115682
2024-01-10 01:00:00,160336.94707256815,47395.53012115682
2024-01-10 02:00:00,161040.23967344651,47396.46012115682
2024-01-10 03:00:00,161736.6825615084,47397.39012115682
2024-01-10 04:00:00,162433.69071713285,47398.32012115682
2024-01-10 05:00:00,163143.83303082766,47399.25012115682
2024-01-10 06:00:00,163862.35460486106,47400.18012115682
2024-01-10 07:00:00,164593.31206526997,47946.930083064544
2024-01-10 08:00:00,165382.09307222173,48111.73883306454
2024-01-10 09:00:00,166283.42882618183,48543.87758306454
2024-01-10 10:00:00,167221.905984103,49027.061333064536
2024-01-10 11:00:00,168178.53820609112,49499.52383306454
2024-01-10 12:00:00,169107.37256441632,49964.107583064535
2024-01-10 13:00:00,169982.30699810325,50438.490083064535
2024-01-10 14:00:00,170860.9987985293,50938.54133306453
2024-01-10 15:00:00,171750.4639336764,51439.36133306453
2024-01-10 16:00:00,172609.2051142487,51765.19883306453
2024-01-10 17:00:00,173467.81329068865,51821.655083064536
2024-01-10 18:00:00,174277.3761933214,51822.86258306453
2024-01-10 19:00:00,175010.12920951715,51823.79258306453
2024-01-10 20:00:00,175732.40815028967,51824.72258306453
2024-01-10 21:00:00,176454.55408692986,51825.65258306453
2024-01-10 22:00:00,177170.54858244845,51826.58258306453
2024-01-10 23:00:00,177880.82390027563,51827.512583064534
2024-01-11 00:00:00,178592.92802492273,51828.442583064534
2024-01-11 01:00:00,179298.88070844827,51829.372583064534
2024-01-11 02:00:00,180011.11783722774,51830.302583064535
2024-01-11 03:00:00,180727.67760030885,51831.232583064535
2024-01-11 04:00:00,181227.37412557952,51832.162583064535
2024-01-11 05:00:00,181909.31956321435,51833.092583064536
2024-01-11 06:00:00,182662.32245856168,51834.022583064536
2024-01-11 07:00:00,183453.03202543265,52589.76714993549
2024-01-11 08:00:00,184239.41895800194,52693.64214993549
2024-01-11 09:00:00,184979.8529628414,52974.65964993549
2024-01-11 10:00:00,185690.6935482311,53308.49589993549
2024-01-11 11:00:00,186386.60441976358,53646.693399935495
2024-01-11 12:00:00,187076.06459087666,53988.959649935496
2024-01-11 13:00:00,187766.78830124714,54337.23714993549
2024-01-11 14:00:00,188495.35168727362,54693.84714993549
2024-01-11 15:00:00,189288.5883326594,55032.295899935496
2024-01-11 16:00:00,190098.31749045762,55263.123399935495
2024-01-11 17:00:00,190901.063931307,55307.223399935494
2024-01-11 18:00:00,191688.01613143884,55308.40839993549
2024-01-11 19:00:00,192467.5533511917,55309.33839993549
2024-01-11 20:00:00,193231.8948488226,55310.26839993549
2024-01-11 21:00:00,193990.48391772897,55311.19839993549
2024-01-11 22:00:00,194738.46590707978,55312.12839993549
2024-01-11 23:00:00,195480.72871873918,55313.05839993549
2024-01-12 00:00:00,196210.55564402306,55313.98839993549
2024-01-12 01:00:00,196924.62157962244,55314.918399935494
2024-01-12 02:00:00,197645.50397700522,55315.848399935494
2024-01-12 03:00:00,198366.386374388,55316.778399935494
2024-01-12 04:00:00,199096.2132996719,55317.708399935495
2024-01-12 05:00:00,199841.70146154097,55318.638399935495
2024-01-12 06:00:00,200610.3655934735,55890.72707189868
2024-01-12 07:00:00,201406.66133390352,56643.73656232868
2024-01-12 08:00:00,202200.59625098418,56757.52656232868
2024-01-12 09:00:00,202971.9204655639,57026.73531232868
2024-01-12 10:00:00,203706.63529271193,57346.68531232868
2024-01-12 11:00:00,204462.16526657407,57694.85781232868
2024-01-12 12:00:00,205213.93787369708,58054.70031232868
2024-01-12 13:00:00,205991.54653353072,58417.321562328674
2024-01-12 14:00:00,206783.5196396591,58782.78156232867
2024-01-12 15:00:00,207590.58871481015,59121.657812328674
2024-01-12 16:00:00,208388.84626619244,59352.901562328676
2024-01-12 17:00:00,209176.3637338868,59401.557812328676
2024-01-12 18:00:00,209947.52169330107,59401.854062328675
2024-01-12 19:00:00,210709.33611241714,59401.854062328675
2024-01-12 20:00:00,211468.09143648896,59401.854062328675
2024-01-12 21:00:00,212216.6386934023,59401.854062328675
2024-01-12 22:00:00,212960.29804845146,59401.854062328675
2024-01-12 23:00:00,213698.93649750407,59401.854062328675
2024-01-13 00:00:00,214428.06515109306,59401.854062328675
2024-01-13 01:00:00,215154.13470963782,59401.854062328675
2024-01-13 02:00:00,215878.94072892517,59401.854062328675
2024-01-13 03:00:00,216602.48320895512,59401.854062328675
2024-01-13 04:00:00,217331.61186254412,59401.854062328675
2024-01-13 05:00:00,218072.6111349461,59401.854062328675
2024-01-13 06:00:00,218846.29617287518,59978.044275648805
2024-01-13 07:00:00,219655.85907550793,60731.37967828157
2024-01-13 08:00:00,220453.41835519535,60889.40467828157
2024-01-13 09:00:00,221202.5308796712,61282.85842828157
2024-01-13 10:00:00,221913.50446919326,61720.24717828157
2024-01-13 11:00:00,222604.22817956374,62073.519328952105
2024-01-13 12:00:00,223292.59106658486,62413.216327152884
2024-01-13 13:00:00,223991.5610331616,62781.131505651385
2024-01-13 14:00:00,224727.6724036994,63134.175362546135
2024-01-13 15:00:00,225535.30674641297,63470.66669383833
2024-01-13 16:00:00,226351.15409429968,63680.01569532242
2024-01-13 17:00:00,227160.01872523755,63716.4861566382
2024-01-13 18:00:00,227957.01273736244,63717.618562445496
2024-01-13 19:00:00,228742.13613067433,63718.46252228185
2024-01-13 20:00:00,229506.3113731398,63719.30314229145
2024-01-13 21:00:00,230270.6528707707,63720.19863672638
2024-01-13 22:00:00,231024.22103368054,63721.027928229385
2024-01-13 23:00:00,231766.61684947228,63721.85638787252
2024-01-14 00:00:00,232496.44377475616,63722.8139663703
2024-01-14 01:00:00,233225.4394242128,63723.71452580576
2024-01-14 02:00:00,233947.02009329043,63724.670537068785
2024-01-14 03:00:00,234666.10693488637,63725.60954413348
2024-01-14 04:00:00,235384.62850891976,63726.53450657949
2024-01-14 05:00:00,236118.7780685053,63727.42730424666
2024-01-14 06:00:00,236880.59248762135,64386.31907003112
2024-01-14 07:00:00,237684.4362125627,65141.710883431806
2024-01-14 08:00:00,238488.4129416364,65261.619957719646
2024-01-14 09:00:00,239274.1016025108,65550.68352686505
2024-01-14 10:00:00,240024.61067037642,65916.71273170828
2024-01-14 11:00:00,240724.14590451567,66291.10047236395
2024-01-14 12:00:00,241464.57990935512,66685.55519739792
2024-01-14 13:00:00,242165.9106992812,67064.14472832312
2024-01-14 14:00:00,242940.99228060004,67439.00838503716
2024-01-14 15:00:00,243751.12045079534,67787.40521534637
2024-01-14 16:00:00,244557.4912542515,68014.92735657467
2024-01-14 17:00:00,245346.40526533563,68052.65889738352
2024-01-14 18:00:00,246120.0903032647,68053.83039324624
2024-01-14 19:00:00,246878.14735564165,68054.73001615902
2024-01-14 20:00:00,247623.63551751073,68055.64988479552
2024-01-14 21:00:00,248362.27396656334,68056.55033275169
2024-01-14 22:00:00,249097.68706540627,68057.50408136286
2024-01-14 23:00:00,249825.7184349033,68058.42712085918
2024-01-15 00:00:00,250554.8470884923,68059.36146491516
2024-01-15 01:00:00,251283.41047451878,68060.26215637953
2024-01-15 02:00:00,252005.55641115896,68061.2358277499
2024-01-15 03:00:00,252725.74053684686,68062.19141510247
2024-01-15 04:00:00,253453.7719063439,68063.16228850403
2024-01-15 05:00:00,254195.46945044075,68064.12900744761
2024-01-15 06:00:00,254958.54740881425,68572.82289424313
2024-01-15 07:00:00,255758.06849945395,69332.51158155657
2024-01-15 08:00:00,256548.24604979547,69436.53785485793
2024-01-15 09:00:00,257304.90655878268,69717.2858124016
2024-01-15 10:00:00,258027.1854995552,70053.66804420833
2024-01-15 11:00:00,258740.55316345973,70432.3278697852
2024-01-15 12:00:00,259454.0538314966,70824.45155339414
2024-01-15 13:00:00,260188.76865864464,71211.10341525156
2024-01-15 14:00:00,260959.39460152946,71604.91932724902
2024-01-15 15:00:00,261750.10416840043,71960.32905959086
2024-01-15 16:00:00,262537.05636853224,72197.90745670846
2024-01-15 17:00:00,263308.2143279465,72238.45107568681
2024-01-15 18:00:00,264073.7861138017,72239.6469035538
2024-01-15 19:00:00,264824.9934533622,72240.54152581867
2024-01-15 20:00:00,265560.97181976767,72241.49135758389
2024-01-15 21:00:00,266256.7164361347,72242.44561059341
2024-01-15 22:00:00,266941.8539729461,72243.38130937278
2024-01-15 23:00:00,267613.0260758599,72244.33650932052
2024-01-16 00:00:00,268302.65250213846,72245.22376964435
2024-01-16 01:00:00,268983.46740464825,72246.17336129308
2024-01-16 02:00:00,269671.69728753704,72247.06717413942
2024-01-16 03:00:00,270355.57128509105,72247.9915324341
2024-01-16 04:00:00,271040.14355433994,72248.89379231991
2024-01-16 05:00:00,271732.8290756627,72249.86059833432
2024-01-16 06:00:00,272439.3470267508,72250.78830776508
2024-01-16 07:00:00,273101.3085934988,72863.16685786049
2024-01-16 08:00:00,273733.676740797,72989.95203492697
2024-01-16 09:00:00,274409.47073731024,73307.67846552459
2024-01-16 10:00:00,275049.3536180867,73683.43842571214
2024-01-16 11:00:00,275633.2417591403,74042.16761571333
2024-01-16 12:00:00,276211.6767307671,74415.63577598757
2024-01-16 13:00:00,276863.4302303566,74775.65581890065
2024-01-16 14:00:00,277541.5850502192,75143.19914948185
2024-01-16 15:00:00,278254.3874465612,75488.16714284867
2024-01-16 16:00:00,278972.2107488997,75715.0291247925
2024-01-16 17:00:00,279695.18796136713,75752.91002111681
2024-01-16 18:00:00,280414.2748029631,75754.03618292075
2024-01-16 19:00:00,281127.07719930506,75754.95723968466
2024-01-16 20:00:00,281835.5569613454,75755.84677466365
2024-01-16 21:00:00,282538.98256635614,75756.75388879715
2024-01-16 22:00:00,283237.95253293286,75757.66034827099
2024-01-16 23:00:00,283929.93978256074,75758.60860456836
2024-01-17 00:00:00,284619.3999536738,75759.52008625117
2024-01-17 01:00:00,285307.6298365626,75760.43007641715
2024-01-17 02:00:00,285992.2021058115,75761.31700690325
2024-01-17 03:00:00,286673.5822758838,75762.25719638632
2024-01-17 04:00:00,287361.945162905,75763.18744553547
2024-01-17 05:00:00,288058.3880509669,75764.07573305933
2024-01-17 06:00:00,288766.1695413124,75764.9851471805
2024-01-17 07:00:00,289482.03103269864,76366.90248034998
2024-01-17 08:00:00,290184.92462117993,76548.60136579016
2024-01-17 09:00:00,290887.8182096612,76757.14285968142
2024-01-17 10:00:00,291588.6169830579,77015.1624023456
2024-01-17 11:00:00,292290.6460446788,77283.19679657764
2024-01-17 12:00:00,292994.63691725204,77578.19862762206
2024-01-17 13:00:00,293706.04277020425,77849.18407137075
2024-01-17 14:00:00,294423.3008049803,78119.49323206361
2024-01-17 15:00:00,295167.6584317243,78383.55939833198
2024-01-17 16:00:00,295908.09243656375,78543.69855826176
2024-01-17 17:00:00,296650.4882523555,78569.47231103516
2024-01-17 18:00:00,297387.73015801836,78570.65532772144
2024-01-17 19:00:00,298124.4067961187,78571.56281629282
2024-01-17 20:00:00,298849.77808296855,78572.5076948091
2024-01-17 21:00:00,299571.9240196087,78573.46719647372
2024-01-17 22:00:00,300286.52197173756,78574.4023301492
2024-01-17 23:00:00,300998.62609638466,78575.33508765299
2024-01-18 00:00:00,301712.1267644215,78576.31123924706
2024-01-18 01:00:00,302423.6656215061,78577.28452324674
2024-01-18 02:00:00,303131.4471118516,78578.21994453792
2024-01-18 03:00:00,303836.7015236822,78579.18552971784
2024-01-18 04:00:00,304546.2785698145,78580.08657947891
2024-01-18 05:00:00,305271.64985666436,78580.9960145147
2024-01-18 06:00:00,306030.23892557074,79187.68936801805
2024-01-18 07:00:00,306821.64676413656,79934.52767038105
2024-01-18 08:00:00,307615.5816812172,80041.86579728281
2024-01-18 09:00:00,308375.43428938097,80296.11170417286
2024-01-18 10:00:00,309094.5211309769,80591.65823335541
2024-01-18 11:00:00,309787.90492399456,80922.54799474079
2024-01-18 12:00:00,310463.0006488129,81253.21869061743
2024-01-18 13:00:00,311148.7034531869,81574.18960754812
2024-01-18 14:00:00,311861.5058495289,81898.55100214988
2024-01-18 15:00:00,312651.1181323079,82179.01863053089
2024-01-18 16:00:00,313461.3793066355,82343.9190236467
2024-01-18 17:00:00,314270.2439375734,82369.35915578337
2024-01-18 18:00:00,315068.5014889557,82370.49167674105
2024-01-18 19:00:00,315854.19014983013,82371.40773403297
2024-01-18 20:00:00,316624.81609271496,82372.35122864564
2024-01-18 21:00:00,317387.3287835259,82373.29693858318
2024-01-18 22:00:00,318132.25167783245,82374.26080616673
2024-01-18 23:00:00,318877.7398397015,82375.16571339668
2024-01-19 00:00:00,319613.85121023934,82376.1024097872
2024-01-19 01:00:00,320347.8677656925,82377.05738531053
2024-01-19 02:00:00,321078.3929626713,82377.9449404613
2024-01-19 03:00:00,321805.0277887786,82378.9209336588
2024-01-19 04:00:00,322534.8547140625,82379.8481384986
2024-01-19 05:00:00,323278.38106497924,82385.44930711313
2024-01-19 06:00:00,324053.32964216574,83153.63822969112
2024-01-19 07:00:00,324867.2484301333,83942.53977420184
2024-01-19 08:00:00,325672.92096189456,84223.71432020096
2024-01-19 09:00:00,326432.9065741907,84420.02088763191
2024-01-19 10:00:00,327147.670781485,84666.44287649053
2024-01-19 11:00:00,327826.65687717486,84928.15993946051
2024-01-19 12:00:00,328505.50996873237,85201.32952338537
2024-01-19 13:00:00,329201.2545850994,85481.34343558368
2024-01-19 14:00:00,329927.32414364413,85760.34316749111
2024-01-19 15:00:00,330730.602601023,86026.06835960194
2024-01-19 16:00:00,331552.2023776342,86186.74277005161
2024-01-19 17:00:00,332366.1211656017,86211.83696521008
2024-01-19 18:00:00,333166.9057954988,86212.94211244078
2024-01-19 19:00:00,333958.87890162715,86213.83220994606
2024-01-19 20:00:00,334704.2008083308,86214.752610842
2024-01-19 21:00:00,335435.1582687397,86215.64083231539
2024-01-19 22:00:00,336162.4913665418,86216.60678771025
2024-01-19 23:00:00,336880.8799364429,86217.49285607004
2024-01-20 00:00:00,337598.7032387814,86218.38509639044
2024-01-20 01:00:00,338332.852798367,86219.32237644355
2024-01-20 02:00:00,339062.67972365086,86220.20921907501
2024-01-20 03:00:00,339786.7874712433,86221.1360196907
2024-01-20 04:00:00,340511.5934905306,86222.06998564173
2024-01-20 05:00:00,341251.49547884066,86827.26583391418
2024-01-20 06:00:00,342022.1214217255,87591.32264434638
2024-01-20 07:00:00,342826.79642249405,88354.94382397583
2024-01-20 08:00:00,343616.9739728356,88456.83040639736
2024-01-20 09:00:00,344354.91415019333,88710.6969445348
2024-01-20 10:00:00,345073.43572422676,88997.6534915943
2024-01-20 11:00:00,345802.56437781575,89337.22526124837
2024-01-20 12:00:00,346500.96907682996,89685.42687059159
2024-01-20 13:00:00,347235.68390397803,90032.60371324813
2024-01-20 14:00:00,348020.10902559507,90347.4966640918
2024-01-20 15:00:00,348832.8972784375,90643.06047562542
2024-01-20 16:00:00,349652.40223996405,90800.4280459479
2024-01-20 17:00:00,350460.0365826776,90824.82505598315
2024-01-20 18:00:00,351255.10203488334,90825.9399684474
2024-01-20 19:00:00,352040.22542819526,90826.9122709185
2024-01-20 20:00:00,352813.3451985618,90827.86439533175
2024-01-20 21:00:00,353579.4822519795,90828.79945025864
2024-01-20 22:00:00,354333.6156824519,90829.73984028804
2024-01-20 23:00:00,355077.1420333687,90830.66236309384
2024-01-21 00:00:00,355813.81867146905,90831.59850455442
2024-01-21 01:00:00,356544.90913601033,90832.49675867405
2024-01-21 02:00:00,357274.03778959933,90833.3914339863
2024-01-21 03:00:00,358000.67261570663,90834.3067287953
2024-01-21 04:00:00,358731.064808553,90835.19876610843
2024-01-21 05:00:00,359478.91379377147,90860.4439506035
2024-01-21 06:00:00,360250.6370207483,91625.77994751587
2024-01-21 07:00:00,361057.00782420445,92386.78887971007
2024-01-21 08:00:00,361852.2062805425,92503.57570347944
2024-01-21 09:00:00,362600.7535374558,92771.83344161336
2024-01-21 10:00:00,363298.5929689075,93106.15385929562
2024-01-21 11:00:00,363978.8426038548,93437.45059630105
2024-01-21 12:00:00,364648.21915098175,93798.71006424863
2024-01-21 13:00:00,365352.34302768734,94177.42776709967
2024-01-21 14:00:00,366108.438269112,94547.87277297192
2024-01-21 15:00:00,366894.82520168135,94889.23525776746
2024-01-21 16:00:00,367711.2378171306,95127.89359524437
2024-01-21 17:00:00,368519.57043153903,95177.28691333745
2024-01-21 18:00:00,369313.37234448735,95177.57470804012
2024-01-21 19:00:00,370101.5880838766,95177.57470804012
2024-01-21 20:00:00,370882.25583875447,95177.57470804012
2024-01-21 21:00:00,371647.8276246097,95177.57470804012
2024-01-21 22:00:00,372409.5090395934,95177.57470804012
2024-01-21 23:00:00,373160.7163791539,95177.57470804012
2024-01-22 00:00:00,373906.03828585753,95177.57470804012
2024-01-22 01:00:00,374646.472290697,95177.57470804012
2024-01-22 02:00:00,375385.67600731214,95177.57470804012
2024-01-22 03:00:00,376119.1272952028,95177.57470804012
2024-01-22 04:00:00,376858.8630283474,95177.57470804012
2024-01-22 05:00:00,377616.35481316183,95177.57470804012
2024-01-22 06:00:00,378399.6826506869,95960.90254556519
2024-01-22 07:00:00,379213.7344427867,96721.00718350745
2024-01-22 08:00:00,380030.71232579846,96876.17154590516
2024-01-22 09:00:00,380815.3037025809,97281.9981762783
2024-01-22 10:00:00,381563.2856919317,97727.99198856202
2024-01-22 11:00:00,382292.97961308324,98073.61701178038
2024-01-22 12:00:00,383071.8185611412,98435.75361750067
2024-01-22 13:00:00,383871.3396517809,98793.65102911205
2024-01-22 14:00:00,384690.27934574493,99150.07074400043
2024-01-22 15:00:00,385511.18085066124,99496.2712256917
2024-01-22 16:00:00,386329.55527706275,99702.22123181279
2024-01-22 17:00:00,387133.5320061365,99739.34680567349
2024-01-22 18:00:00,387926.76865152223,99740.42623355603
2024-01-22 19:00:00,388709.26521322003,99741.26148306296
2024-01-22 20:00:00,389473.6067108509,99742.14598143297
2024-01-22 21:00:00,390231.79676736024,99742.99834086804
2024-01-22 22:00:00,390982.30583522585,99743.8831245415
2024-01-22 23:00:00,391722.7398400653,99744.71327944352
2024-01-23 00:00:00,392461.777301515,99745.63564842446
2024-01-23 01:00:00,393195.39484457107,99746.60913341575
2024-01-23 02:00:00,393928.31411593227,99747.5435948009
2024-01-23 03:00:00,394652.9871310872,99748.46647759853
2024-01-23 04:00:00,395381.5505171137,99749.40284998492
2024-01-23 05:00:00,396118.22715521406,99750.33991097042
2024-01-23 06:00:00,396875.02066833363,100420.24887605861
2024-01-23 07:00:00,397634.3080089349,101133.8179285185
2024-01-23 08:00:00,398396.82069974585,101276.09105327755
2024-01-23 09:00:00,399153.48120873305,101625.43278658939
2024-01-23 10:00:00,399909.0111825952,102013.88311805105
2024-01-23 11:00:00,400662.5793455051,102377.03360278379
2024-01-23 12:00:00,401418.1093193673,102715.29863342838
2024-01-23 13:00:00,402174.20456079196,103075.03839691158
2024-01-23 14:00:00,402930.29980221664,103452.70336855405
2024-01-23 15:00:00,403690.2854145128,103800.62684997662
2024-01-23 16:00:00,404452.6651011914,104012.33032354052
2024-01-23 17:00:00,405216.30832712736,104044.3647909606
2024-01-23 18:00:00,405981.1818412877,104045.5652630964
2024-01-23 19:00:00,406744.2597996612,104046.51730740319
2024-01-23 20:00:00,407502.31685203814,104047.45157756982
2024-01-23 21:00:00,408257.8468259003,104048.40071989782
2024-01-23 22:00:00,408996.48527495295,104049.37430452861
2024-01-23 23:00:00,409728.83927875163,104050.32179131955
2024-01-24 00:00:00,410458.6662040355,104051.26278559945
2024-01-24 01:00:00,411190.3219361393,104052.15569000832
2024-01-24 02:00:00,411909.40877773525,104053.0470119413
2024-01-24 03:00:00,412628.62862346356,104053.99570207052
2024-01-24 04:00:00,413345.32139067707,104054.88596903012
2024-01-24 05:00:00,414071.3909492218,104055.84590201563
2024-01-24 06:00:00,414823.1635563448,104580.72808199737
2024-01-24 07:00:00,415583.0161645086,105287.76350500787
2024-01-24 08:00:00,416322.75189765316,105450.50012770887
2024-01-24 09:00:00,417029.96812043607,105901.96622182587
2024-01-24 10:00:00,417722.65364175884,106379.1710360769
2024-01-24 11:00:00,418409.6199853902,106854.39291786098
2024-01-24 12:00:00,419091.00015546253,107300.91353469301
2024-01-24 13:00:00,419774.17588132166,107773.80935039309
2024-01-24 14:00:00,420473.84411959327,108254.73495255396
2024-01-24 15:00:00,421190.9691502369,108759.73022704756
2024-01-24 16:00:00,421924.4204381276,109078.58542323895
2024-01-24 17:00:00,422671.7041557835,109137.65685398818
2024-01-24 18:00:00,423423.47676290653,109138.80919054756
2024-01-24 19:00:00,424168.2666530807,109139.74176675071
2024-01-24 20:00:00,424907.6033738282,109140.71761247674
2024-01-24 21:00:00,425647.50536213827,109141.60797555726
2024-01-24 22:00:00,426377.33228742215,109142.5429840057
2024-01-24 23:00:00,427101.4400350146,109143.51662914152
2024-01-25 00:00:00,427821.09214417305,109144.41558717669
2024-01-25 01:00:00,428536.9536355593,109145.31925042359
2024-01-25 02:00:00,429250.3212994638,109146.23013836065
2024-01-25 03:00:00,429956.8392505519,109147.20625067853
2024-01-25 04:00:00,430666.01728428714,109148.15456470872
2024-01-25 05:00:00,431390.82330357446,109149.07379547904
2024-01-25 06:00:00,432139.50356462016,109283.79014835374
2024-01-25 07:00:00,432923.9286862372,110023.35025998723
2024-01-25 08:00:00,433742.4361167711,110126.1683765994
2024-01-25 09:00:00,434550.76873117953,110365.19561156376
2024-01-25 10:00:00,435357.27253876807,110656.46450206592
2024-01-25 11:00:00,436138.63856534084,110986.54356644019
2024-01-25 12:00:00,436913.72014665965,111311.60823577322
2024-01-25 13:00:00,437693.1243622801,111641.10691213353
2024-01-25 14:00:00,438487.62454692327,111984.34070101709
2024-01-25 15:00:00,439294.56061794196,112282.28356650217
2024-01-25 16:00:00,440094.64697614417,112445.80531090968
2024-01-25 17:00:00,440891.64098826906,112470.75675985402
2024-01-25 18:00:00,441680.4219952208,112471.88270809659
2024-01-25 19:00:00,442454.80530484475,112472.83591887848
2024-01-25 20:00:00,443221.6406299574,112473.75596689724
2024-01-25 21:00:00,443987.2124158126,112474.71657916976
2024-01-25 22:00:00,444740.7805787225,112475.6530037464
2024-01-25 23:00:00,445488.0642963784,112476.54241034655
2024-01-26 00:00:00,446233.55245824746,112477.46448856026
2024-01-26 01:00:00,446973.85345895455,112478.37341541795
2024-01-26 02:00:00,447713.7554472646,112479.26215833914
2024-01-26 03:00:00,448446.6747186258,112480.22607752014
2024-01-26 04:00:00,449180.82427821134,112481.185177314
2024-01-26 05:00:00,449930.06980681955,112510.04620103707
2024-01-26 06:00:00,450703.88784888096,113277.03093251756
2024-01-26 07:00:00,451513.6170066792,114024.14994480084
2024-01-26 08:00:00,452331.2931613858,114214.76328191272
2024-01-26 09:00:00,453151.49639460724,114679.37503827349
2024-01-26 10:00:00,453960.5272807106,115197.69158926334
2024-01-26 11:00:00,454748.1777525373,115705.59645519979
2024-01-26 12:00:00,455530.6743142351,116205.58100109025
2024-01-26 13:00:00,456303.6610804693,116734.83110420329
2024-01-26 14:00:00,457093.6723756454,117300.83994285899
2024-01-26 15:00:00,457898.77963984414,117826.60005580726
2024-01-26 16:00:00,458703.3216364804,118200.8959057809
2024-01-26 17:00:00,459500.8809161678,118259.76358294547
2024-01-26 18:00:00,460277.7913043066,118260.92468509026
2024-01-26 19:00:00,461045.19189698173,118261.89227184885
2024-01-26 20:00:00,461799.5913357188,118262.80815960727
2024-01-26 21:00:00,462537.3985089442,118263.73946062976
2024-01-26 22:00:00,463269.6195086105,118264.69584035994
2024-01-26 23:00:00,463990.1028935962,118265.6162188387
2024-01-27 00:00:00,464705.39911741996,118266.54841385037
2024-01-27 01:00:00,465416.93797450454,118267.49679454442
2024-01-27 02:00:00,466125.25148137944,118268.45436641957
2024-01-27 03:00:00,466828.5440822578,118269.38058567271
2024-01-27 04:00:00,467536.32557260327,118270.34240017431
2024-01-27 05:00:00,468259.1697809383,118271.29740952425
2024-01-27 06:00:00,469006.45349859423,118499.80546193384
2024-01-27 07:00:00,469800.95368323737,119247.27199488477
2024-01-27 08:00:00,470610.5165858701,119369.09731348582
2024-01-27 09:00:00,471408.2088696899,119674.4835622552
2024-01-27 10:00:00,472184.55399026617,120032.86206457815
2024-01-27 11:00:00,472926.81680192554,120413.66315746123
2024-01-27 12:00:00,473657.20899477194,120790.84946633248
2024-01-27 13:00:00,474391.5248095229,121154.67700298243
2024-01-27 14:00:00,475123.8788133216,121525.05950211555
2024-01-27 15:00:00,475896.3003119932,121876.39477225173
2024-01-27 16:00:00,476688.97168981645,122094.09234838244
2024-01-27 17:00:00,477476.4891575108,122131.28645513054
2024-01-27 18:00:00,478253.931562179,122132.44655588699
2024-01-27 19:00:00,479020.7668872916,122133.36514348176
2024-01-27 20:00:00,479772.53949441464,122134.24888481903
2024-01-27 21:00:00,480532.5251067108,122135.21313682199
2024-01-27 22:00:00,481284.2977138338,122136.1044969037
2024-01-27 23:00:00,482022.23789119156,122137.04354376535
2024-01-28 00:00:00,482753.1953516005,122137.94651325242
2024-01-28 01:00:00,483485.54935539915,122138.86446715798
2024-01-28 02:00:00,484211.6189139439,122139.7930277956
2024-01-28 03:00:00,484930.00748384494,122140.73402548935
2024-01-28 04:00:00,485656.77531408455,122141.65183445784
2024-01-28 05:00:00,486397.07631479163,122142.57835018644
2024-01-28 06:00:00,487168.93254590075,122739.72587460418
2024-01-28 07:00:00,487969.01890410297,123494.52610053208
2024-01-28 08:00:00,488771.76534495235,123637.18472156908
2024-01-28 09:00:00,489540.56248101726,123966.87404348222
2024-01-28 10:00:00,490281.1627410222,124350.00522069936
2024-01-28 11:00:00,490988.37896380515,124699.58580510845
2024-01-28 12:00:00,491696.8587258455,125047.55291760569
2024-01-28 13:00:00,492413.41848892666,125416.00563143306
2024-01-28 14:00:00,493155.8143047184,125794.27294572932
2024-01-28 15:00:00,493937.0473271588,126160.15671616871
2024-01-28 16:00:00,494734.6066068462,126370.0042702386
2024-01-28 17:00:00,495529.10679148935,126403.81300296602
2024-01-28 18:00:00,496312.9998965769,126405.0123981476
2024-01-28 19:00:00,497087.5162103332,126405.91796023924
2024-01-28 20:00:00,497848.0670901919,126406.81092600919
2024-01-28 21:00:00,498600.5379690098,126407.70864190914
2024-01-28 22:00:00,499340.9719738492,126408.61501597788
2024-01-28 23:00:00,500076.3850726922,126409.51345934559
2024-01-29 00:00:00,500804.94845871866,126410.40513289467
2024-01-29 01:00:00,501527.0943953588,126411.36357832914
2024-01-29 02:00:00,502254.2612379955,126412.25225410365
2024-01-29 03:00:00,502980.33079654025,126413.21408930892
2024-01-29 04:00:00,503708.76117843436,126414.10239140836
2024-01-29 05:00:00,504452.985801046,126414.98758795914
2024-01-29 06:00:00,505223.0464763683,127050.63261849184
2024-01-29 07:00:00,506025.0946455228,127815.97713366903
2024-01-29 08:00:00,506820.16009772854,127924.18783059996
2024-01-29 09:00:00,507646.6477762039,128204.9453551075
2024-01-29 10:00:00,508465.02220260544,128546.07450071564
2024-01-29 11:00:00,509245.6899574833,128895.72277820532
2024-01-29 12:00:00,510045.211048123,129245.20921959128
2024-01-29 13:00:00,510819.59435774694,129594.52598045862
2024-01-29 14:00:00,511601.5256518822,129936.41833555297
2024-01-29 15:00:00,512406.76592021337,130268.79674296633
2024-01-29 16:00:00,513203.0616606434,130498.56862200207
2024-01-29 17:00:00,514003.8462905405,130541.35325334095
2024-01-29 18:00:00,514790.66548653995,130542.4954540766
2024-01-29 19:00:00,515573.86031993263,130543.38980681056
2024-01-29 20:00:00,516346.41482273664,130544.31731126727
2024-01-29 21:00:00,517103.2083358562,130545.2571787422
2024-01-29 22:00:00,517852.4538644644,130546.21454766105
2024-01-29 23:00:00,518593.58614099876,130547.1079706913
2024-01-30 00:00:00,519328.3009681468,130548.06871829623
2024-01-30 01:00:00,520063.1487994272,130549.04196579893
2024-01-30 02:00:00,520797.9966307076,130549.93702544071
2024-01-30 03:00:00,521524.6314568149,130550.8884961159
2024-01-30 04:00:00,522256.2871889187,130551.85926177839
2024-01-30 05:00:00,522997.98473301553,130552.75961645354
2024-01-30 06:00:00,523754.7782461351,131178.61601551136
2024-01-30 07:00:00,524512.2700309495,131910.08511275594
2024-01-30 08:00:00,525237.6413177993,132248.75452077435
2024-01-30 09:00:00,525921.6815705188,132390.86462119914
2024-01-30 10:00:00,526590.4928500832,132585.87249403133
2024-01-30 11:00:00,527232.2045376796,132790.13471517657
2024-01-30 12:00:00,527847.6479091352,132977.6861909013
2024-01-30 13:00:00,528468.6774541499,133126.7063401001
2024-01-30 14:00:00,529124.354575644,133262.6276391271
2024-01-30 15:00:00,529820.9637188714,133382.72844424032
2024-01-30 16:00:00,530554.415006762,133455.64496729724
2024-01-30 17:00:00,531298.6396293737,133470.80670366544
2024-01-30 18:00:00,532046.6216187244,133471.97177704147
2024-01-30 19:00:00,532789.5827020787,133472.93840905168
2024-01-30 20:00:00,533526.957611874,133473.89524859234
2024-01-30 21:00:00,534266.1613284891,133474.79285435614
2024-01-30 22:00:00,534995.289982078,133863.15244956323
2024-01-30 23:00:00,535721.3595406228,134582.87574167797
2024-01-31 00:00:00,536446.0325557778,135301.27108051436
2024-01-31 01:00:00,537172.6673818851,136021.5882480915
2024-01-31 02:00:00,537898.038668735,136740.31017922383
2024-01-31 03:00:00,538620.88287707,137456.64830561075
2024-01-31 04:00:00,539348.0497197066,138177.13938067245
2024-01-31 05:00:00,540082.1992792921,138905.03744192197
2024-01-31 06:00:00,540828.9177293855,139645.22214265555
2024-01-31 07:00:00,541573.1423519972,140340.77257656102
2024-01-31 08:00:00,542284.1159415193,140466.27628960082
2024-01-31 09:00:00,542957.9481270802,140767.75872810243
2024-01-31 10:00:00,543585.2621173488,141133.3097308327
2024-01-31 11:00:00,544201.270756367,141510.47060624702
2024-01-31 12:00:00,544816.5811236902,141881.1523729277
2024-01-31 13:00:00,545443.8951139589,142247.37754745776
2024-01-31 14:00:00,546096.3468852432,142609.91796130425
2024-01-31 15:00:00,546804.8266472835,142967.96424605904
2024-01-31 16:00:00,547549.0512698952,143203.52307896066
2024-01-31 17:00:00,548298.9950701982,143242.88500532127
2024-01-31 18:00:00,549034.9734366037,143243.99380410463
2024-01-31 19:00:00,549765.3656294501,143244.88699907248
2024-01-31 20:00:00,550495.7578222965,143245.84865995825
2024-01-31 21:00:00,551220.5638415838,143246.81685377468
2024-01-31 22:00:00,551937.8218763598,143247.7117751774
2024-01-31 23:00:00,552651.8878119591,143248.61721443862
2024-02-01 00:00:00,553387.7996762984,143248.61721443862
2024-02-01 01:00:00,554114.900016869,143248.61721443862
2024-02-01 02:00:00,554840.7700692152,143248.61721443862
2024-02-01 03:00:00,555569.7657186718,143248.61721443862
2024-02-01 04:00:00,556299.3931377572,143248.61721443862
2024-02-01 05:00:00,557039.6941384643,143248.61721443862
2024-02-01 06:00:00,557798.8484749332,143248.61721443862
2024-02-01 07:00:00,558560.5298899169,143255.95971443862
2024-02-01 08:00:00,559299.5673513666,143380.95471443862
2024-02-01 09:00:00,560026.6676919372,143669.40471443863
2024-02-01 10:00:00,560742.4626812573,144011.29971443862
2024-02-01 11:00:00,561441.2996437016,144353.92221443861
2024-02-01 12:00:00,562125.672406752,144683.23971443862
2024-02-01 13:00:00,562810.0451698024,145025.8509644386
2024-02-01 14:00:00,563510.7774411328,145359.3834644386
2024-02-01 15:00:00,564219.0244459416,145673.1872144386
2024-02-01 16:00:00,564942.9991894016,145915.8234644386
2024-02-01 17:00:00,565678.2792841122,145993.1672144386
2024-02-01 18:00:00,566412.2958395653,145994.7197144386
2024-02-01 19:00:00,567136.9023526541,145994.7197144386
2024-02-01 20:00:00,567860.2453264855,145994.7197144386
2024-02-01 21:00:00,568587.9774366848,145994.7197144386
2024-02-01 22:00:00,569318.8683950275,145994.7197144386
2024-02-01 23:00:00,570044.7384473737,145994.7197144386
2024-02-02 00:00:00,570761.7969759512,145994.7197144386
2024-02-02 01:00:00,572182.0816033408,145994.7197144386
2024-02-02 02:00:00,573586.0067224504,145994.7197144386
2024-02-02 03:00:00,574974.9023746034,145994.7197144386
2024-02-02 04:00:00,576375.103378007,145994.7197144386
2024-02-02 05:00:00,577819.262247155,145994.7197144386
2024-02-02 06:00:00,578565.8476931159,145994.7197144386
2024-02-02 07:00:00,579346.3824438615,146000.4309644386
2024-02-02 08:00:00,580158.3394208767,146081.4084644386
2024-02-02 09:00:00,580990.4132729111,146286.0647144386
2024-02-02 10:00:00,581830.6336280524,146539.7484644386
2024-02-02 11:00:00,582667.7283860834,146831.6597144386
2024-02-02 12:00:00,583509.8440501109,147130.3584644386
2024-02-02 13:00:00,584345.0434992558,147425.61096443862
2024-02-02 14:00:00,585166.4105186354,147700.0059644386
2024-02-02 15:00:00,585994.0619832689,147939.8222144386
2024-02-02 16:00:00,586816.0607722772,148120.11096443862
2024-02-02 17:00:00,587629.2812885498,148177.8534644386
2024-02-02 18:00:00,588421.1213905457,148179.7172144386
2024-02-02 19:00:00,589190.3507900408,148179.7172144386
2024-02-02 20:00:00,589950.7686657672,148179.7172144386
2024-02-02 21:00:00,590718.7345260049,148179.7172144386
2024-02-02 22:00:00,591482.3112498746,148179.7172144386
2024-02-02 23:00:00,592235.1811410896,148179.7172144386
2024-02-03 00:00:00,592976.7456810542,148179.7172144386
2024-02-03 01:00:00,593716.4149121325,148179.7172144386
2024-02-03 02:00:00,594451.6950068431,148179.7172144386
2024-02-03 03:00:00,595180.6906562997,148179.7172144386
2024-02-03 04:00:00,595906.560708646,148179.7172144386
2024-02-03 05:00:00,596662.5894480045,148179.7172144386
2024-02-03 06:00:00,597449.4086440039,148179.7172144386
2024-02-03 07:00:00,598270.7756633835,148184.4684644386
2024-02-03 08:00:00,599109.7657303006,148278.6047144386
2024-02-03 09:00:00,599956.9023003246,148514.9447144386
2024-02-03 10:00:00,600804.6706399773,148797.45846443862
2024-02-03 11:00:00,601636.7444920117,149077.93596443863
2024-02-03 12:00:00,602466.2912655313,149400.7959644386
2024-02-03 13:00:00,603295.8380390509,149731.9697144386
2024-02-03 14:00:00,604130.4057185671,150055.3884644386
2024-02-03 15:00:00,604965.605167712,150371.58846443862
2024-02-03 16:00:00,605795.7837108603,150629.08596443862
2024-02-03 17:00:00,606606.4771486181,150713.09346443863
2024-02-03 18:00:00,607397.0537113567,150715.15596443863
2024-02-03 19:00:00,608176.3249228449,150715.15596443863
2024-02-03 20:00:00,608947.416380193,150715.15596443863
2024-02-03 21:00:00,609702.181580294,150715.15596443863
2024-02-03 22:00:00,610463.231225649,150715.15596443863
2024-02-03 23:00:00,611219.2599650075,150715.15596443863
2024-02-04 00:00:00,611965.2136413399,150715.15596443863
2024-02-04 01:00:00,612701.7572753079,150715.15596443863
2024-02-04 02:00:00,613434.5102915036,150715.15596443863
2024-02-04 03:00:00,614159.7485742212,150715.15596443863
2024-02-04 04:00:00,614710.8844476815,150715.15596443863
2024-02-04 05:00:00,615347.5087272152,150715.15596443863
2024-02-04 06:00:00,616124.8846298172,150715.15596443863
2024-02-04 07:00:00,616935.578067575,150723.42096443864
2024-02-04 08:00:00,617774.568134492,150845.51721443865
2024-02-04 09:00:00,618616.6837985195,151116.25221443863
2024-02-04 10:00:00,619458.1676929183,151421.85096443864
2024-02-04 11:00:00,620304.6724933137,151725.40596443863
2024-02-04 12:00:00,621128.5665912081,152059.08471443862
2024-02-04 13:00:00,621940.5235682233,152388.02346443862
2024-02-04 14:00:00,622750.5852363524,152711.3222144386
2024-02-04 15:00:00,623551.8686317458,153031.1034644386
2024-02-04 16:00:00,624360.0349909888,153300.5334644386
2024-02-04 17:00:00,625156.2642293526,153389.64096443861
2024-02-04 18:00:00,625933.008362326,153392.49096443862
2024-02-04 19:00:00,626694.6897773097,153392.49096443862
2024-02-04 20:00:00,627443.1705321568,153392.49096443862
2024-02-04 21:00:00,628181.6094750109,153392.49096443862
2024-02-04 22:00:00,628914.3624912066,153392.49096443862
2024-02-04 23:00:00,629639.6007739241,153392.49096443862
2024-02-05 00:00:00,630356.0275328729,153392.49096443862
2024-02-05 01:00:00,631068.0651554537,153392.49096443862
2024-02-05 02:00:00,631773.8183327807,153392.49096443862
2024-02-05 03:00:00,632477.0444315929,153392.49096443862
2024-02-05 04:00:00,633178.375221519,153392.49096443862
2024-02-05 05:00:00,633901.0864257218,153392.49096443862
2024-02-05 06:00:00,634667.788746702,153392.49096443862
2024-02-05 07:00:00,635473.4612784632,153406.06221443863
2024-02-05 08:00:00,636295.4600674715,153581.31846443863
2024-02-05 09:00:00,637123.111532105,153940.00596443863
2024-02-05 10:00:00,637933.1732002341,154335.03471443863
2024-02-05 11:00:00,638708.687044983,154739.95971443862
2024-02-05 12:00:00,639446.4942182084,155161.36971443862
2024-02-05 13:00:00,640214.4600784461,155563.57971443862
2024-02-05 14:00:00,640947.8448642705,155962.6659644386
2024-02-05 15:00:00,641734.0322906413,156354.6647144386
2024-02-05 16:00:00,642551.6419432817,156681.6272144386
2024-02-05 17:00:00,643370.5151351796,156796.4259644386
2024-02-05 18:00:00,644169.2714520582,156798.9647144386
2024-02-05 19:00:00,644966.7642296795,156798.9647144386
2024-02-05 20:00:00,645747.9307500537,156798.9647144386
2024-02-05 21:00:00,646519.0222074018,156798.9647144386
2024-02-05 22:00:00,647280.7036223855,156798.9647144386
2024-02-05 23:00:00,648029.8161468614,156798.9647144386
2024-02-06 00:00:00,648772.0124564546,156798.9647144386
2024-02-06 01:00:00,649516.1040749339,156798.9647144386
2024-02-06 02:00:00,650252.6477089019,156798.9647144386
2024-02-06 03:00:00,650986.0324947264,156798.9647144386
2024-02-06 04:00:00,651716.9234530691,156798.9647144386
2024-02-06 05:00:00,652475.4460199092,156798.9647144386
2024-02-06 06:00:00,653280.4867820418,156798.9647144386
2024-02-06 07:00:00,654103.7491103075,156815.3447144386
2024-02-06 08:00:00,654917.6013962089,157033.6922144386
2024-02-06 09:00:00,655697.5043773256,157473.6347144386
2024-02-06 10:00:00,656497.5242334617,157952.0747144386
2024-02-06 11:00:00,657299.4061474508,158422.1859644386
2024-02-06 12:00:00,658080.572667825,158877.2034644386
2024-02-06 13:00:00,658866.7600941958,159329.97471443858
2024-02-06 14:00:00,659630.3368180656,159788.43471443857
2024-02-06 15:00:00,660407.7127206676,160253.17596443856
2024-02-06 16:00:00,661219.6696976828,160631.93721443857
2024-02-06 17:00:00,662026.6057687015,160746.68721443857
2024-02-06 18:00:00,662817.8141010688,160748.65596443857
2024-02-06 19:00:00,663591.4326369317,160748.65596443857
2024-02-06 20:00:00,664353.7458215441,160748.65596443857
2024-02-06 21:00:00,665106.6157127591,160748.65596443857
2024-02-06 22:00:00,665851.3391008672,160748.65596443857
2024-02-06 23:00:00,666590.3765623169,160748.65596443857
2024-02-07 00:00:00,667329.4140237666,160748.65596443857
2024-02-07 01:00:00,668057.7779035945,160748.65596443857
2024-02-07 02:00:00,668783.6479559408,160748.65596443857
2024-02-07 03:00:00,669503.233563033,160748.65596443857
2024-02-07 04:00:00,670224.6812279783,160748.65596443857
2024-02-07 05:00:00,670966.8775375715,160748.65596443857
2024-02-07 06:00:00,671724.1698161874,160748.65596443857
2024-02-07 07:00:00,672490.2403675389,160762.44846443858
2024-02-07 08:00:00,673232.436677132,160912.99971443857
2024-02-07 09:00:00,673963.3276354747,161198.84721443857
2024-02-07 10:00:00,674687.3023789348,161535.16596443858
2024-02-07 11:00:00,675396.8129230009,161896.9884644386
2024-02-07 12:00:00,676086.2065920478,162254.2397144386
2024-02-07 13:00:00,676803.2651206253,162612.5259644386
2024-02-07 14:00:00,677512.7756646913,162951.5334644386
2024-02-07 15:00:00,678226.0768265297,163256.2734644386
2024-02-07 16:00:00,678945.0306639932,163484.7684644386
2024-02-07 17:00:00,679680.9425283325,163556.91846443858
2024-02-07 18:00:00,680414.3273141569,163558.7447144386
2024-02-07 19:00:00,681144.586502871,163558.7447144386
2024-02-07 20:00:00,681874.8456915851,163558.7447144386
2024-02-07 21:00:00,682594.4312986773,163558.7447144386
2024-02-07 22:00:00,683310.2262879974,163558.7447144386
2024-02-07 23:00:00,684021.6321409497,163558.7447144386
2024-02-08 00:00:00,684730.5109153872,163558.7447144386
2024-02-08 01:00:00,685436.2640927142,163558.7447144386
2024-02-08 02:00:00,686138.2266522689,163558.7447144386
2024-02-08 03:00:00,686838.9589235993,163558.7447144386
2024-02-08 04:00:00,687540.9214831541,163558.7447144386
2024-02-08 05:00:00,688257.9800117315,163558.7447144386
2024-02-08 06:00:00,688988.2392004456,163558.7447144386
2024-02-08 07:00:00,689717.866619531,163566.8484644386
2024-02-08 08:00:00,690424.2515664867,163674.0647144386
2024-02-08 09:00:00,691109.2560991658,163909.1934644386
2024-02-08 10:00:00,691765.9972537187,164187.9159644386
2024-02-08 11:00:00,692411.3998059881,164484.2634644386
2024-02-08 12:00:00,693090.7516630419,164791.1072144386
2024-02-08 13:00:00,693774.4926564635,165098.7497144386
2024-02-08 14:00:00,694474.5931581653,165394.1672144386
2024-02-08 15:00:00,695189.124608228,165670.1672144386
2024-02-08 16:00:00,695917.4884880559,165904.3134644386
2024-02-08 17:00:00,696658.4212583917,165985.9809644386
2024-02-08 18:00:00,697396.228431617,165988.68096443862
2024-02-08 19:00:00,698130.2449870702,165988.68096443862
2024-02-08 20:00:00,698859.2406365268,165988.68096443862
2024-02-08 21:00:00,699581.3200711008,165988.68096443862
2024-02-08 22:00:00,700300.2739085644,165988.68096443862
2024-02-08 23:00:00,701016.7006675131,165988.68096443862
2024-02-09 00:00:00,701731.2321175757,165988.68096443862
2024-02-09 01:00:00,702443.9015097853,165988.68096443862
2024-02-09 02:00:00,703150.9182263698,165988.68096443862
2024-02-09 03:00:00,703856.039634068,165988.68096443862
2024-02-09 04:00:00,704567.4454870203,165988.68096443862
2024-02-09 05:00:00,705299.5999846205,165988.68096443862
2024-02-09 06:00:00,706063.1767084902,165988.68096443862
2024-02-09 07:00:00,706867.5857009941,165996.67596443862
2024-02-09 08:00:00,707678.9109083806,166113.97221443863
2024-02-09 09:00:00,708499.0476395359,166367.85846443864
2024-02-09 10:00:00,709314.1302136615,166665.52221443865
2024-02-09 11:00:00,710155.6141080603,166991.12721443866
2024-02-09 12:00:00,710996.4662328303,167348.38971443867
2024-02-09 13:00:00,711839.8454361152,167668.62846443866
2024-02-09 14:00:00,712672.5510577783,167970.90846443866
2024-02-09 15:00:00,713507.1187372945,168254.86971443865
2024-02-09 16:00:00,714329.1175263027,168484.90971443866
2024-02-09 17:00:00,715133.5265188066,168570.00096443866
2024-02-09 18:00:00,715917.1868666626,168574.07721443867
2024-02-09 19:00:00,716692.7007114115,168574.07721443867
2024-02-09 20:00:00,717452.4868175092,168574.07721443867
2024-02-09 21:00:00,718200.9675723563,168574.07721443867
2024-02-09 22:00:00,718946.9212486887,168574.07721443867
2024-02-09 23:00:00,719677.8122070314,168574.07721443867
2024-02-10 00:00:00,720397.3978141237,168574.07721443867
2024-02-10 01:00:00,721113.8245730724,168574.07721443867
2024-02-10 02:00:00,721827.7242535063,168574.07721443867
2024-02-10 03:00:00,722537.8665672011,168574.07721443867
2024-02-10 04:00:00,723248.6406505246,168574.07721443867
2024-02-10 05:00:00,723989.5734208605,168574.07721443867
2024-02-10 06:00:00,724763.1919567233,168574.07721443867
2024-02-10 07:00:00,725576.4124729959,168582.64221443867
2024-02-10 08:00:00,726406.5910161443,168706.2197144387
2024-02-10 09:00:00,727198.4311181402,168994.61346443868
2024-02-10 10:00:00,727973.3131932606,169322.53971443867
2024-02-10 11:00:00,728734.9946082443,169675.94721443867
2024-02-10 12:00:00,729518.6549561003,170037.81846443866
2024-02-10 13:00:00,730238.8390817882,170397.16221443866
2024-02-10 14:00:00,730937.6760442326,170751.54846443867
2024-02-10 15:00:00,731684.2614901935,171096.31596443866
2024-02-10 16:00:00,732482.3860374435,171346.10964370143
2024-02-10 17:00:00,733279.8788150648,171431.73296076307
2024-02-10 18:00:00,734063.5391629208,171434.15963386133
2024-02-10 19:00:00,734832.1367927871,171434.15963386133
2024-02-10 20:00:00,735596.3120352526,171434.15963386133
2024-02-10 21:00:00,736344.161020471,171434.15963386133
2024-02-10 22:00:00,737083.8302515494,171434.15963386133
2024-02-10 23:00:00,737816.5832677451,171434.15963386133
2024-02-11 00:00:00,738544.3153779444,171434.15963386133
2024-02-11 01:00:00,739259.4785976358,171434.15963386133
2024-02-11 02:00:00,739973.3782780697,171434.15963386133
2024-02-11 03:00:00,740699.2483304159,171434.15963386133
2024-02-11 04:00:00,741428.2439798726,171434.15963386133
2024-02-11 05:00:00,742174.1976562049,171434.15963386133
2024-02-11 06:00:00,742951.5735588069,171434.15963386133
2024-02-11 07:00:00,743750.9616453142,171443.01490007236
2024-02-11 08:00:00,744532.1281656885,171571.16348684064
2024-02-11 09:00:00,745257.366448406,171856.64453794356
2024-02-11 10:00:00,745940.475672199,172194.50214751338
2024-02-11 11:00:00,746589.0370726119,172544.31085277142
2024-02-11 12:00:00,747240.7240701352,172900.6218060628
2024-02-11 13:00:00,747915.6867908211,173258.24853763246
2024-02-11 14:00:00,748610.7331354932,173599.9072542563
2024-02-11 15:00:00,749347.2767694612,173941.87956724752
2024-02-11 16:00:00,750137.2215625711,174192.93444650073
2024-02-11 17:00:00,750939.1034765602,174277.79005935235
2024-02-11 18:00:00,751719.6382273057,174280.16142627553
2024-02-11 19:00:00,752484.4452393999,174280.16142627553
2024-02-11 20:00:00,753238.5786698723,174280.16142627553
2024-02-11 21:00:00,753984.5323462046,174280.16142627553
2024-02-11 22:00:00,754728.623964684,174280.16142627553
2024-02-11 23:00:00,755461.3769808797,174280.16142627553
2024-02-12 00:00:00,756182.824645825,174280.16142627553
2024-02-12 01:00:00,756901.7784832885,174280.16142627553
2024-02-12 02:00:00,757618.2052422372,174280.16142627553
2024-02-12 03:00:00,758330.8746344468,174280.16142627553
2024-02-12 04:00:00,759047.3013933955,174280.16142627553
2024-02-12 05:00:00,759793.2550697279,174280.16142627553
2024-02-12 06:00:00,760578.81072647,174280.16142627553
2024-02-12 07:00:00,761393.8933005956,174296.0829455122
2024-02-12 08:00:00,762208.9758747212,174524.8137712548
2024-02-12 09:00:00,762982.5944105841,174980.62200640788
2024-02-12 10:00:00,763735.4643017991,175449.47387321043
2024-02-12 11:00:00,764526.0408645377,175916.14338728783
2024-02-12 12:00:00,765268.8689437596,176369.7153798876
2024-02-12 13:00:00,765972.7268122005,176837.72531700964
2024-02-12 14:00:00,766689.785340778,177305.9990750832
2024-02-12 15:00:00,767470.9518611522,177769.86140403256
2024-02-12 16:00:00,768266.5493298873,178133.5851309164
2024-02-12 17:00:00,769062.1467986223,178251.2411312995
2024-02-12 18:00:00,769843.3133189966,178253.21511393512
2024-02-12 19:00:00,770608.1203310908,178253.21511393512
2024-02-12 20:00:00,771359.7266830483,178253.21511393512
2024-02-12 21:00:00,772105.0485897519,178253.21511393512
2024-02-12 22:00:00,772851.0022660843,178253.21511393512
2024-02-12 23:00:00,773591.9350364201,178253.21511393512
2024-02-13 00:00:00,774330.3739792742,178253.21511393512
2024-02-13 01:00:00,775068.8129221282,178253.21511393512
2024-02-13 02:00:00,775800.9674197284,178253.21511393512
2024-02-13 03:00:00,776532.4901476998,178253.21511393512
2024-02-13 04:00:00,777270.2973209252,178253.21511393512
2024-02-13 05:00:00,778036.9996419054,178253.21511393512
2024-02-13 06:00:00,778836.3877284128,178253.21511393512
2024-02-13 07:00:00,779648.9764750567,178259.1359632463
2024-02-13 08:00:00,780438.9212681666,178338.1205143658
2024-02-13 09:00:00,781161.0007027406,178544.72200114097
2024-02-13 10:00:00,781847.2687746771,178808.23499395905
2024-02-13 11:00:00,782500.8510810864,179109.05873133556
2024-02-13 12:00:00,783153.1698482385,179416.92305692882
2024-02-13 13:00:00,783827.5007992957,179701.57840878444
2024-02-13 14:00:00,784529.4633588505,179964.63883773217
2024-02-13 15:00:00,785274.1867469585,180212.80376516964
2024-02-13 16:00:00,786085.511954345,180395.66930229033
2024-02-13 17:00:00,786900.5945284707,180454.13220505966
2024-02-13 18:00:00,787710.6561965997,180455.97043272035
2024-02-13 19:00:00,788506.2536653348,180455.97043272035
2024-02-13 20:00:00,789289.9140131908,180455.97043272035
2024-02-13 21:00:00,790053.4907370606,180455.97043272035
2024-02-13 22:00:00,790796.9505859112,180455.97043272035
2024-02-13 23:00:00,791531.5989109931,180455.97043272035
2024-02-14 00:00:00,792259.962790821,180455.97043272035
2024-02-14 01:00:00,792983.3057646523,180455.97043272035
2024-02-14 02:00:00,793704.1216599689,180455.97043272035
2024-02-14 03:00:00,794419.916649289,180455.97043272035
2024-02-14 04:00:00,795139.5022563812,180455.97043272035
2024-02-14 05:00:00,795879.8032570883,180455.97043272035
2024-02-14 06:00:00,796635.2002268181,180455.97043272035
2024-02-14 07:00:00,797383.0492120365,180469.41874300884
2024-02-14 08:00:00,798125.2455216297,180641.0728769859
2024-02-14 09:00:00,798863.6844644838,180986.85168645918
2024-02-14 10:00:00,799595.2071924552,181397.46638375914
2024-02-14 11:00:00,800321.675763397,181783.0549722263
2024-02-14 12:00:00,801032.4498467206,182210.08987788798
2024-02-14 13:00:00,801746.9812967832,182625.7711069423
2024-02-14 14:00:00,802480.9978522364,183011.7545286815
2024-02-14 15:00:00,803227.5832981974,183419.9937401113
2024-02-14 16:00:00,803984.2438071845,183739.5686931207
2024-02-14 17:00:00,804746.5569917969,183858.15283780952
2024-02-14 18:00:00,805507.6066371519,183860.59940214886
2024-02-14 19:00:00,806256.7191616278,183860.59940214886
2024-02-14 20:00:00,807000.8107801072,183860.59940214886
2024-02-14 21:00:00,807739.2497229612,183860.59940214886
2024-02-14 22:00:00,808472.6345087857,183860.59940214886
2024-02-14 23:00:00,809204.1572367571,183860.59940214886
2024-02-15 00:00:00,809914.9313200807,183860.59940214886
2024-02-15 01:00:00,810649.5796451626,183860.59940214886
2024-02-15 02:00:00,811379.2070642479,183860.59940214886
2024-02-15 03:00:00,812107.5709440758,183860.59940214886
2024-02-15 04:00:00,812833.4409964221,183860.59940214886
2024-02-15 05:00:00,813577.5326149014,183860.59940214886
2024-02-15 06:00:00,814337.9504906278,183860.59940214886
2024-02-15 07:00:00,815103.3892723506,183868.50115050792
2024-02-15 08:00:00,815833.6484610647,183976.50323534536
2024-02-15 09:00:00,816502.3267364968,184218.00189069036
2024-02-15 10:00:00,817103.1064023599,184509.5073620332
2024-02-15 11:00:00,817685.6645020898,184813.88546218997
2024-02-15 12:00:00,818236.1686059214,185118.80203081132
2024-02-15 13:00:00,818815.601108541,185429.84104758833
2024-02-15 14:00:00,819422.0667010625,185738.67307034586
2024-02-15 15:00:00,820098.2597099728,186008.3226200839
2024-02-15 16:00:00,820844.2133863051,186250.46565900644
2024-02-15 17:00:00,821616.5683829107,186329.312952713
2024-02-15 18:00:00,822385.166012777,186331.97093632063
2024-02-15 19:00:00,823140.5629825068,186331.97093632063
2024-02-15 20:00:00,823894.0646433505,186331.97093632063
2024-02-15 21:00:00,824645.6709953081,186331.97093632063
2024-02-15 22:00:00,825392.2564412691,186331.97093632063
2024-02-15 23:00:00,826130.6953841231,186331.97093632063
2024-02-16 00:00:00,826867.2390180911,186331.97093632063
2024-02-16 01:00:00,827603.1508824304,186331.97093632063
2024-02-16 02:00:00,828315.82027464,186331.97093632063
2024-02-16 03:00:00,829032.8788032174,186331.97093632063
2024-02-16 04:00:00,829759.3473741593,186331.97093632063
2024-02-16 05:00:00,830517.2381713708,186331.97093632063
2024-02-16 06:00:00,831314.0991793633,186331.97093632063
2024-02-16 07:00:00,832134.2359105186,186340.02187202516
2024-02-16 08:00:00,832942.4022697615,186450.4483467985
2024-02-16 09:00:00,833706.577512227,186687.69867918978
2024-02-16 10:00:00,834413.5942288114,186978.05264749346
2024-02-16 11:00:00,835098.5987614905,187272.80004207362
2024-02-16 12:00:00,835790.5195090523,187591.08740195635
2024-02-16 13:00:00,836519.5151585089,187903.61475314567
2024-02-16 14:00:00,837295.6607728866,188191.63700804638
2024-02-16 15:00:00,838095.0488593939,188481.0966450671
2024-02-16 16:00:00,838916.4158787736,188720.05636064085
2024-02-16 17:00:00,839740.309976668,188802.27875235246
2024-02-16 18:00:00,840551.6351840545,188805.03205582462
2024-02-16 19:00:00,841345.3705949367,188805.03205582462
2024-02-16 20:00:00,842120.252670057,188805.03205582462
2024-02-16 21:00:00,842881.302315412,188805.03205582462
2024-02-16 22:00:00,843640.4566518809,188805.03205582462
2024-02-16 23:00:00,844388.937406728,188805.03205582462
2024-02-17 00:00:00,845130.5019466926,188805.03205582462
2024-02-17 01:00:00,845869.5394081423,188805.03205582462
2024-02-17 02:00:00,846605.4512724816,188805.03205582462
2024-02-17 03:00:00,847338.2042886773,188805.03205582462
2024-02-17 04:00:00,848074.7479226453,188805.03205582462
2024-02-17 05:00:00,848832.6387198569,188805.03205582462
2024-02-17 06:00:00,849625.1105914816,188805.03205582462
2024-02-17 07:00:00,850454.0255953724,188810.69862252366
2024-02-17 08:00:00,851304.3210135399,188888.07167321641
2024-02-17 09:00:00,852164.6582437005,189095.6861607631
2024-02-17 10:00:00,853026.2590131186,189350.90919257453
2024-02-17 11:00:00,853880.3117980253,189643.7039158444
2024-02-17 12:00:00,854733.1010436745,189944.56607396522
2024-02-17 13:00:00,855575.216707702,190244.59148342328
2024-02-17 14:00:00,856414.8052932147,190516.97838004938
2024-02-17 15:00:00,857254.3938787275,190755.8819577633
2024-02-17 16:00:00,858091.4886367584,190930.50013816595
2024-02-17 17:00:00,858897.1611685196,190985.75988219437
2024-02-17 18:00:00,859699.0430825087,190987.54694697252
2024-02-17 19:00:00,860487.1258177656,190987.54694697252
2024-02-17 20:00:00,861259.4808143711,190987.54694697252
2024-02-17 21:00:00,862022.4257686123,190987.54694697252
2024-02-17 22:00:00,862777.1909687134,190987.54694697252
2024-02-17 23:00:00,863525.0399539318,190987.54694697252
2024-02-18 00:00:00,864270.9936302642,190987.54694697252
2024-02-18 01:00:00,865007.5372642322,190987.54694697252
2024-02-18 02:00:00,865735.2693744315,190987.54694697252
2024-02-18 03:00:00,866442.2860910159,190987.54694697252
2024-02-18 04:00:00,867150.5330958246,190987.54694697252
2024-02-18 05:00:00,867899.6456203006,190987.54694697252
2024-02-18 06:00:00,868677.0215229025,190987.54694697252
2024-02-18 07:00:00,869490.8738088039,190995.4656778017
2024-02-18 08:00:00,870324.8097186913,191100.92755327595
2024-02-18 09:00:00,871173.8415976014,191324.37854836838
2024-02-18 10:00:00,872017.2208008863,191612.93498638802
2024-02-18 11:00:00,872861.8635434286,191902.68180948184
2024-02-18 12:00:00,873700.8536103456,192197.54231683008
2024-02-18 13:00:00,874533.5592320088,192519.22610345372
2024-02-18 14:00:00,875360.5789270136,192817.2596503475
2024-02-18 15:00:00,876182.5777160218,193096.0416874693
2024-02-18 16:00:00,877002.714447177,193335.88595256003
2024-02-18 17:00:00,877808.3869789382,193420.31239088366
2024-02-18 18:00:00,878596.4697141951,193422.9098823494
2024-02-18 19:00:00,879377.0044649406,193422.9098823494
2024-02-18 20:00:00,880139.3176495531,193422.9098823494
2024-02-18 21:00:00,880890.325482915,193422.9098823494
2024-02-18 22:00:00,881637.5426985048,193422.9098823494
2024-02-18 23:00:00,882381.0025473554,193422.9098823494
2024-02-19 00:00:00,883119.4414902094,193422.9098823494
2024-02-19 01:00:00,883854.72158492,193422.9098823494
2024-02-19 02:00:00,884591.8969885167,193422.9098823494
2024-02-19 03:00:00,885314.6081927194,193422.9098823494
2024-02-19 04:00:00,886036.0558576647,193422.9098823494
2024-02-19 05:00:00,886783.2730732544,193422.9098823494
2024-02-19 06:00:00,887561.2807454851,193422.9098823494
2024-02-19 07:00:00,888376.9950892394,193430.65418974
2024-02-19 08:00:00,889210.2992294981,193542.76410014508
2024-02-19 09:00:00,890037.9506941317,193807.51039245602
2024-02-19 10:00:00,890841.0961473781,194102.08564348143
2024-02-19 11:00:00,891649.8942762498,194416.42132113982
2024-02-19 12:00:00,892416.5965972301,194763.81686020136
2024-02-19 13:00:00,893151.8766919406,195086.62028091037
2024-02-19 14:00:00,893911.0310284095,195381.81483899773
2024-02-19 15:00:00,894718.5988690569,195678.71482589789
2024-02-19 16:00:00,895528.0287675573,195912.3260124205
2024-02-19 17:00:00,896338.7222053151,195996.63827936718
2024-02-19 18:00:00,897143.131197819,196000.80560099104
2024-02-19 19:00:00,897926.791545675,196000.80560099104
2024-02-19 20:00:00,898696.0209451701,196000.80560099104
2024-02-19 21:00:00,899466.4806328894,196000.80560099104
2024-02-19 22:00:00,900226.2667389871,196000.80560099104
2024-02-19 23:00:00,900989.8434628568,196000.80560099104
2024-02-20 00:00:00,901740.8512962188,196000.80560099104
2024-02-20 01:00:00,902486.8049725512,196000.80560099104
2024-02-20 02:00:00,903217.6959308939,196000.80560099104
2024-02-20 03:00:00,903947.3233499792,196000.80560099104
2024-02-20 04:00:00,904678.2143083219,196000.80560099104
2024-02-20 05:00:00,905434.2430476805,196000.80560099104
2024-02-20 06:00:00,906228.6102281912,196000.80560099104
2024-02-20 07:00:00,907034.2827599525,196015.04384445524
2024-02-20 08:00:00,907843.0808888242,196190.58188933792
2024-02-20 09:00:00,908603.4987645505,196555.08414450043
2024-02-20 10:00:00,909314.2728478741,196959.35300879012
2024-02-20 11:00:00,909996.1517834427,197353.96398320497
2024-02-20 12:00:00,910669.2191952426,197768.37895136417
2024-02-20 13:00:00,911362.4034820617,198154.73520445204
2024-02-20 14:00:00,912071.9140261278,198569.05206766984
2024-02-20 15:00:00,912822.290089861,198975.91037231084
2024-02-20 16:00:00,913632.3517579901,199293.99993274835
2024-02-20 17:00:00,914456.8776255131,199409.4436420439
2024-02-20 18:00:00,915266.9392936422,199411.90448614987
2024-02-20 19:00:00,916058.1476260094,199411.90448614987
2024-02-20 20:00:00,916838.0506071262,199411.90448614987
2024-02-20 21:00:00,917599.1002524812,199411.90448614987
2024-02-20 22:00:00,918370.1917098293,199411.90448614987
2024-02-20 23:00:00,919129.3460462982,199411.90448614987
2024-02-21 00:00:00,919881.5841678844,199411.90448614987
2024-02-21 01:00:00,920630.0649227316,199411.90448614987
2024-02-21 02:00:00,921377.91390795,199411.90448614987
2024-02-21 03:00:00,922108.8048662927,199411.90448614987
2024-02-21 04:00:00,922826.4951644989,199411.90448614987
2024-02-21 05:00:00,923581.8921342287,199411.90448614987
2024-02-21 06:00:00,924361.1633457169,199411.90448614987
2024-02-21 07:00:00,925122.2129910719,199420.0048710647
2024-02-21 08:00:00,925840.5350589068,199537.77013457427
2024-02-21 09:00:00,926530.5604975824,199798.28352410544
2024-02-21 10:00:00,927226.870381512,200091.24038170182
2024-02-21 11:00:00,927944.5606797182,200403.90289970007
2024-02-21 12:00:00,928679.8407744287,200745.72583843293
2024-02-21 13:00:00,929452.8275406628,201052.10947817555
2024-02-21 14:00:00,930226.4460765257,201358.04451244662
2024-02-21 15:00:00,930992.5166278773,201655.4510144015
2024-02-21 16:00:00,931757.9554096,201876.98151826946
2024-02-21 17:00:00,932522.1306520655,201958.00645783485
2024-02-21 18:00:00,933283.1802974205,201962.19293265854
2024-02-21 19:00:00,934035.4184190067,201962.19293265854
2024-02-21 20:00:00,934782.0038649677,201962.19293265854
2024-02-21 21:00:00,935523.5684049323,201962.19293265854
2024-02-21 22:00:00,936262.605866382,201962.19293265854
2024-02-21 23:00:00,936991.6015158386,201962.19293265854
2024-02-22 00:00:00,937715.5762592987,201962.19293265854
2024-02-22 01:00:00,938433.2665575049,201962.19293265854
2024-02-22 02:00:00,939150.3250860823,201962.19293265854
2024-02-22 03:00:00,939859.2038605198,201962.19293265854
2024-02-22 04:00:00,940570.6097134721,201962.19293265854
2024-02-22 05:00:00,941289.5635509356,201962.19293265854
2024-02-22 06:00:00,942028.0024937897,201962.19293265854
2024-02-22 07:00:00,942772.7258818977,201968.1881028887
2024-02-22 08:00:00,943527.4910819988,202046.44171268676
2024-02-22 09:00:00,944278.4989153608,202245.3833382935
2024-02-22 10:00:00,945021.3269945827,202502.9867867191
2024-02-22 11:00:00,945745.9335076715,202784.7120240203
2024-02-22 12:00:00,946470.5400207603,203081.01303901096
2024-02-22 13:00:00,947190.1256278525,203369.5991864141
2024-02-22 14:00:00,947898.3726326613,203654.80807151346
2024-02-22 15:00:00,948609.7784856135,203883.3801549139
2024-02-22 16:00:00,949341.9329832137,204070.2378742555
2024-02-22 17:00:00,950077.844847553,204126.16451996454
2024-02-22 18:00:00,950815.0202511497,204128.07876302334
2024-02-22 19:00:00,951544.0159006063,204128.07876302334
2024-02-22 20:00:00,952269.2541833238,204128.07876302334
2024-02-22 21:00:00,952990.7018482691,204128.07876302334
2024-02-22 22:00:00,953709.6556857326,204128.07876302334
2024-02-22 23:00:00,954427.3459839388,204128.07876302334
2024-02-23 00:00:00,955139.3836065197,204128.07876302334
2024-02-23 01:00:00,955850.7894594719,204128.07876302334
2024-02-23 02:00:00,956572.2371244172,204128.07876302334
2024-02-23 03:00:00,957289.2956529947,204128.07876302334
2024-02-23 04:00:00,958010.1115483112,204128.07876302334
2024-02-23 05:00:00,958753.5713971618,204128.07876302334
2024-02-23 06:00:00,959530.3155301352,204128.07876302334
2024-02-23 07:00:00,960329.0718470138,204132.9710290913
2024-02-23 08:00:00,961162.3759872725,204231.50825481024
2024-02-23 09:00:00,961990.6592215347,204456.06036800257
2024-02-23 10:00:00,962822.7330735691,204731.4417746158
2024-02-23 11:00:00,963632.7947416982,205002.40619216615
2024-02-23 12:00:00,964403.8861990463,205328.18045369702
2024-02-23 13:00:00,965169.9567503978,205647.74923443297
2024-02-23 14:00:00,965946.1023647755,205967.78971659267
2024-02-23 15:00:00,966742.3316031393,206288.95354616886
2024-02-23 16:00:00,967567.4892402911,206556.95227452856
2024-02-23 17:00:00,968385.0988929315,206637.98525439203
2024-02-23 18:00:00,969188.2443461779,206639.94841771715
2024-02-23 19:00:00,969980.7162178026,206639.94841771715
2024-02-23 20:00:00,970749.9456172977,206639.94841771715
2024-02-23 21:00:00,971505.9743566562,206639.94841771715
2024-02-23 22:00:00,972258.2124782425,206639.94841771715
2024-02-23 23:00:00,972991.5972640669,206639.94841771715
2024-02-24 00:00:00,973720.5929135235,206639.94841771715
2024-02-24 01:00:00,974437.0196724723,206639.94841771715
2024-02-24 02:00:00,975160.3626463036,206639.94841771715
2024-02-24 03:00:00,975881.8103112489,206639.94841771715
2024-02-24 04:00:00,976608.2788821907,206639.94841771715
2024-02-24 05:00:00,977358.0231762952,206639.94841771715
2024-02-24 06:00:00,978147.9679694051,206639.94841771715
2024-02-24 07:00:00,978962.418773902,206647.334714763
2024-02-24 08:00:00,979776.2710598033,206772.5511014495
2024-02-24 09:00:00,980582.5753611933,207047.5363451226
2024-02-24 10:00:00,981367.4992483066,207376.87408039544
2024-02-24 11:00:00,982130.4442025478,207729.795357027
2024-02-24 12:00:00,982865.0925276297,208046.09058400293
2024-02-24 13:00:00,983604.1299890794,208372.65344835908
2024-02-24 14:00:00,984338.1465445326,208707.56331535446
2024-02-24 15:00:00,985107.3759440277,209028.08519356739
2024-02-24 16:00:00,985912.4167061603,209278.36024206792
2024-02-24 17:00:00,986719.9845468077,209356.07208935224
2024-02-24 18:00:00,987524.3935393116,209357.64687978942
2024-02-24 19:00:00,988320.6227776754,209357.64687978942
2024-02-24 20:00:00,989099.8939891636,209357.64687978942
2024-02-24 21:00:00,989866.5963101438,209357.64687978942
2024-02-24 22:00:00,990625.7506466127,209357.64687978942
2024-02-24 23:00:00,991375.4949407172,209357.64687978942
2024-02-25 00:00:00,992114.532402167,209357.64687978942
2024-02-25 01:00:00,992851.076036135,209357.64687978942
2024-02-25 02:00:00,993582.5987641064,209357.64687978942
2024-02-25 03:00:00,994312.2261831918,209357.64687978942
2024-02-25 04:00:00,995041.8536022771,209357.64687978942
2024-02-25 05:00:00,995791.5978963816,209357.64687978942
2024-02-25 06:00:00,996574.0279560132,209357.64687978942
2024-02-25 07:00:00,997366.4998276379,209363.1070358734
2024-02-25 08:00:00,998145.7710391261,209447.09514624978
2024-02-25 09:00:00,998896.7788724881,209648.41336668824
2024-02-25 10:00:00,999614.4691706942,209906.12327505255
2024-02-25 11:00:00,1000296.9466248585,210204.43327156233
2024-02-25 12:00:00,1000966.2566699194,210517.3140339665
2024-02-25 13:00:00,1001643.7132180871,210817.88781788136
2024-02-25 14:00:00,1002342.5501805315,211085.63375750068
2024-02-25 15:00:00,1003076.5667359846,211330.89789094342
2024-02-25 16:00:00,1003858.3650259876,211508.40902218217
2024-02-25 17:00:00,1004650.2051279836,211563.49599768067
2024-02-25 18:00:00,1005435.1290150969,211565.34830712943
2024-02-25 19:00:00,1006206.8522420737,211565.34830712943
2024-02-25 20:00:00,1006962.2492118035,211565.34830712943
2024-02-25 21:00:00,1007710.7299666507,211565.34830712943
2024-02-25 22:00:00,1008454.8215851301,211565.34830712943
2024-02-25 23:00:00,1009191.365219098,211565.34830712943
2024-02-26 00:00:00,1009915.3399625581,211565.34830712943
2024-02-26 01:00:00,1010638.6829363895,211565.34830712943
2024-02-26 02:00:00,1011357.636773853,211565.34830712943
2024-02-26 03:00:00,1012069.6743964339,211565.34830712943
2024-02-26 04:00:00,1012785.469385754,211565.34830712943
2024-02-26 05:00:00,1013526.4021560898,211565.34830712943
2024-02-26 06:00:00,1014308.2004460928,211565.34830712943
2024-02-26 07:00:00,1015108.8520718575,211571.11536950065
2024-02-26 08:00:00,1015918.281970358,211656.07804206305
2024-02-26 09:00:00,1016699.4484907322,211858.35715143048
2024-02-26 10:00:00,1017474.9623354812,212105.33837619208
2024-02-26 11:00:00,1018173.7992979256,212400.22289942848
2024-02-26 12:00:00,1018842.4775733576,212699.29846403108
2024-02-26 13:00:00,1019567.7158560752,212992.69575642725
2024-02-26 14:00:00,1020345.0917586772,213269.64039085942
2024-02-26 15:00:00,1021134.4047821583,213499.75035412013
2024-02-26 16:00:00,1021935.6881775517,213678.2190161023
2024-02-26 17:00:00,1022742.6242485704,213736.47203275035
2024-02-26 18:00:00,1023542.6441047065,213738.28677131722
2024-02-26 19:00:00,1024329.4633007059,213738.28677131722
2024-02-26 20:00:00,1025101.8182973114,213738.28677131722
2024-02-26 21:00:00,1025861.6044034091,213738.28677131722
2024-02-26 22:00:00,1026611.9804671423,213738.28677131722
2024-02-26 23:00:00,1027356.7038552504,213738.28677131722
2024-02-27 00:00:00,1028097.0048559575,213738.28677131722
2024-02-27 01:00:00,1028827.2640446716,213738.28677131722
2024-02-27 02:00:00,1029502.8585349863,213738.28677131722
2024-02-27 03:00:00,1030169.6415015323,213738.28677131722
2024-02-27 04:00:00,1030844.6042222183,213738.28677131722
2024-02-27 05:00:00,1031575.495180561,213738.28677131722
2024-02-27 06:00:00,1032367.335282557,213738.28677131722
2024-02-27 07:00:00,1033154.7862481851,213754.12583476576
2024-02-27 08:00:00,1033924.6474173089,213979.65442083895
2024-02-27 09:00:00,1034627.8735161211,214424.75062666586
2024-02-27 10:00:00,1035291.4976345235,214887.28820044996
2024-02-27 11:00:00,1035926.2266051711,215365.10008557356
2024-02-27 12:00:00,1036544.6293185716,215834.02611245555
2024-02-27 13:00:00,1037184.3791952158,216273.47869815255
2024-02-27 14:00:00,1037855.5512981296,216711.63290215682
2024-02-27 15:00:00,1038569.4509785635,217154.96554628378
2024-02-27 16:00:00,1039340.5424359116,217550.16030068204
2024-02-27 17:00:00,1040138.0352135329,217659.64984923965
2024-02-27 18:00:00,1040927.9800066428,217661.710169483
2024-02-27 19:00:00,1041708.5147573883,217661.710169483
2024-02-27 20:00:00,1042472.6899998537,217661.710169483
2024-02-27 21:00:00,1043229.9822784696,217661.710169483
2024-02-27 22:00:00,1043980.9901118316,217661.710169483
2024-02-27 23:00:00,1044720.6593429099,217661.710169483
2024-02-28 00:00:00,1045455.3076679918,217661.710169483
2024-02-28 01:00:00,1046186.1986263345,217661.710169483
2024-02-28 02:00:00,1046907.0145216511,217661.710169483
2024-02-28 03:00:00,1047620.3156834894,217661.710169483
2024-02-28 04:00:00,1048332.985075699,217661.710169483
2024-02-28 05:00:00,1049067.6334007808,217661.710169483
2024-02-28 06:00:00,1049823.6621401394,217661.710169483
2024-02-28 07:00:00,1050574.0382038727,217667.69161743438
2024-02-28 08:00:00,1051266.590721063,217748.8450819195
2024-02-28 09:00:00,1051890.0143404603,217945.84189804707
2024-02-28 10:00:00,1052449.3299680606,218210.6831614611
2024-02-28 11:00:00,1053001.0976111495,218493.49697060892
2024-02-28 12:00:00,1053542.1916726169,218784.26709962066
2024-02-28 13:00:00,1054090.2019489668,219084.29183517344
2024-02-28 14:00:00,1054674.655357583,219345.4477152047
2024-02-28 15:00:00,1055317.5640823706,219594.00787758027
2024-02-28 16:00:00,1056031.4637628046,219779.62434713278
2024-02-28 17:00:00,1056778.0492087656,219839.9125716591
2024-02-28 18:00:00,1057538.4670844919,219841.7907070576
2024-02-28 19:00:00,1058300.1484994756,219841.7907070576
2024-02-28 20:00:00,1059051.1563328374,219841.7907070576
2024-02-28 21:00:00,1059802.762684795,219841.7907070576
2024-02-28 22:00:00,1060542.4319158734,219841.7907070576
2024-02-28 23:00:00,1061289.6491314631,219841.7907070576
2024-02-29 00:00:00,1062034.372519571,219841.7907070576
2024-02-29 01:00:00,1062767.1255357668,219841.7907070576
2024-02-29 02:00:00,1063493.5941067087,219841.7907070576
2024-02-29 03:00:00,1064217.5688501687,219841.7907070576
2024-02-29 04:00:00,1064924.585566753,219841.7907070576
2024-02-29 05:00:00,1065646.665001327,219841.7907070576
2024-02-29 06:00:00,1066399.5348925418,219841.7907070576
2024-02-29 07:00:00,1067153.6683230142,219857.87277378244
2024-02-29 08:00:00,1067868.199773077,220081.7319708722
2024-02-29 09:00:00,1068574.5847200325,220504.4775422895
2024-02-29 10:00:00,1069275.316991363,221003.28352889817
2024-02-29 11:00:00,1069987.9863835727,221491.15986741227
2024-02-29 12:00:00,1070738.9942169345,221940.52023729932
2024-02-29 13:00:00,1071505.0647682862,222385.52108270192
2024-02-29 14:00:00,1072273.0306285238,222846.88950376512
2024-02-29 15:00:00,1073032.8167346213,223316.11483179027
2024-02-29 16:00:00,1073789.4772436086,223676.49355057633
2024-02-29 17:00:00,1074547.9998104488,223792.87960982
2024-02-29 18:00:00,1075305.2920890648,223794.85670016654
2024-02-29 19:00:00,1076055.0363831695,223794.85670016654
2024-02-29 20:00:00,1076798.49623202,223794.85670016654
2024-02-29 21:00:00,1077535.0398659878,223794.85670016654
2024-02-29 22:00:00,1078268.4246518123,223794.85670016654
2024-02-29 23:00:00,1078996.1567620116,223794.85670016654
2024-03-01 00:00:00,1079721.395044729,223794.85670016654
2024-03-01 01:00:00,1080443.474479303,223794.85670016654
2024-03-01 02:00:00,1081160.5330078804,223794.85670016654
2024-03-01 03:00:00,1081876.9597668292,223794.85670016654
2024-03-01 04:00:00,1082595.9136042928,223794.85670016654
2024-03-01 05:00:00,1083336.8463746286,223794.85670016654
2024-03-01 06:00:00,1084114.2222772306,223794.98420016654
2024-03-01 07:00:00,1084918.6312697344,223841.41295016653
2024-03-01 08:00:00,1085749.4415825114,224118.66920016654
2024-03-01 09:00:00,1086583.377492399,224557.23545016654
2024-03-01 10:00:00,1087418.5769415437,225027.93545016655
2024-03-01 11:00:00,1088229.2703793016,225498.75545016656
2024-03-01 12:00:00,1088963.2869347548,226003.01795016657
2024-03-01 13:00:00,1089613.7436440538,226483.22045016658
2024-03-01 14:00:00,1090271.0833172023,226956.64295016657
2024-03-01 15:00:00,1090972.4141071283,227416.26170016656
2024-03-01 16:00:00,1091731.5684435973,227827.22045016655
2024-03-01 17:00:00,1092517.1241003394,228030.45920016654
2024-03-01 18:00:00,1093290.7426362024,228047.28920016653
2024-03-01 19:00:00,1094059.9720356974,228047.28920016653
2024-03-01 20:00:00,1094827.3061263063,228047.28920016653
2024-03-01 21:00:00,1095579.5442478927,228047.28920016653
2024-03-01 22:00:00,1096329.2885419973,228047.28920016653
2024-03-01 23:00:00,1097067.7274848514,228047.28920016653
2024-03-02 00:00:00,1097791.7022283114,228047.28920016653
2024-03-02 01:00:00,1098513.7816628853,228047.28920016653
2024-03-02 02:00:00,1099231.4719610915,228047.28920016653
2024-03-02 03:00:00,1099944.1413533012,228047.28920016653
2024-03-02 04:00:00,1100658.672803364,228047.28920016653
2024-03-02 05:00:00,1101398.973804071,228047.28920016653
2024-03-02 06:00:00,1102175.7179370443,228047.42420016654
2024-03-02 07:00:00,1102958.7465152715,228086.96420016655
2024-03-02 08:00:00,1103725.4488362516,228328.22045016655
2024-03-02 09:00:00,1104483.971403092,228717.69920016656
2024-03-02 10:00:00,1105237.4730639355,229132.94045016656
2024-03-02 11:00:00,1105979.6693735288,229544.90795016655
2024-03-02 12:00:00,1106740.7190188838,229992.38420016656
2024-03-02 13:00:00,1107529.4335237693,230428.89170016657
2024-03-02 14:00:00,1108338.231652641,230854.43045016658
2024-03-02 15:00:00,1109157.7366141675,231258.36545016657
2024-03-02 16:00:00,1109979.7354031757,231610.95170016657
2024-03-02 17:00:00,1110783.512626051,231796.56920016656
2024-03-02 18:00:00,1111564.679146425,231810.56045016655
2024-03-02 19:00:00,1112333.2767762914,231810.56045016655
2024-03-02 20:00:00,1113088.0419763925,231810.56045016655
2024-03-02 21:00:00,1113835.2591919822,231810.56045016655
2024-03-02 22:00:00,1114581.2128683145,231810.56045016655
2024-03-02 23:00:00,1115316.492963025,231810.56045016655
2024-03-03 00:00:00,1116042.961533967,231810.56045016655
2024-03-03 01:00:00,1116766.3045077983,231810.56045016655
2024-03-03 02:00:00,1117485.8901148906,231810.56045016655
2024-03-03 03:00:00,1118198.5595071004,231810.56045016655
2024-03-03 04:00:00,1118916.8815749353,231810.56045016655
2024-03-03 05:00:00,1119659.0778845286,231810.56045016655
2024-03-03 06:00:00,1120434.5917292775,231810.67295016654
2024-03-03 07:00:00,1121230.8209676414,231842.29295016653
2024-03-03 08:00:00,1122032.104363035,232037.59295016652
2024-03-03 09:00:00,1122827.1033131746,232380.7667001665
2024-03-03 10:00:00,1123599.45830978,232750.2917001665
2024-03-03 11:00:00,1124361.7714943925,233135.0604501665
2024-03-03 12:00:00,1125109.620479611,233571.6879501665
2024-03-03 13:00:00,1125863.1221404546,233996.0117001665
2024-03-03 14:00:00,1126656.225781708,234407.6379501665
2024-03-03 15:00:00,1127451.8232504432,234791.5629501665
2024-03-03 16:00:00,1128228.5673834165,235120.0329501665
2024-03-03 17:00:00,1129010.3656734193,235305.0092001665
2024-03-03 18:00:00,1129776.436224771,235323.5417001665
2024-03-03 19:00:00,1130531.201424872,235323.5417001665
2024-03-03 20:00:00,1131269.0085980974,235323.5417001665
2024-03-03 21:00:00,1131997.3724779254,235323.5417001665
2024-03-03 22:00:00,1132725.7363577534,235323.5417001665
2024-03-03 23:00:00,1133439.6360381874,235323.5417001665
2024-03-04 00:00:00,1134144.7574458858,235323.5417001665
2024-03-04 01:00:00,1134843.59440833,235323.5417001665
2024-03-04 02:00:00,1135537.4104647778,235323.5417001665
2024-03-04 03:00:00,1136230.594751597,235323.5417001665
2024-03-04 04:00:00,1136931.3270229273,235323.5417001665
2024-03-04 05:00:00,1137656.5653056449,235323.5417001665
2024-03-04 06:00:00,1138415.0878724852,235323.7217001665
2024-03-04 07:00:00,1139206.9279744811,235370.1692001665
2024-03-04 08:00:00,1140018.8849514963,235629.43295016652
2024-03-04 09:00:00,1140836.4946041368,236034.9542001665
2024-03-04 10:00:00,1141667.3049169139,236467.1754501665
2024-03-04 11:00:00,1142501.87259643,236897.2667001665
2024-03-04 12:00:00,1143341.4611819426,237361.21670016652
2024-03-04 13:00:00,1144145.2384048179,237825.10670016654
2024-03-04 14:00:00,1144952.8062454653,238283.82170016653
2024-03-04 15:00:00,1145757.215237969,238722.12920016653
2024-03-04 16:00:00,1146561.6242304728,239103.75920016653
2024-03-04 17:00:00,1147352.2007932113,239318.49545016652
2024-03-04 18:00:00,1148142.1455863211,239338.5129501665
2024-03-04 19:00:00,1148917.65943107,239338.5129501665
2024-03-04 20:00:00,1149679.3408460538,239338.5129501665
2024-03-04 21:00:00,1150431.5789676402,239338.5129501665
2024-03-04 22:00:00,1151172.511737976,239338.5129501665
2024-03-04 23:00:00,1151908.4236023154,239338.5129501665
2024-03-05 00:00:00,1152635.523942886,239338.5129501665
2024-03-05 01:00:00,1153355.1095499783,239338.5129501665
2024-03-05 02:00:00,1154080.3478326958,239338.5129501665
2024-03-05 03:00:00,1154806.8164036376,239338.5129501665
2024-03-05 04:00:00,1155534.548513837,239338.5129501665
2024-03-05 05:00:00,1156280.5021901692,239338.5129501665
2024-03-05 06:00:00,1157067.9531557974,239338.8579501665
2024-03-05 07:00:00,1157883.6674995518,239405.8292001665
2024-03-05 08:00:00,1158716.373121215,239728.3142001665
2024-03-05 09:00:00,1159555.3631881322,240206.8704501665
2024-03-05 10:00:00,1160397.4788521596,240706.32545016648
2024-03-05 11:00:00,1161240.8580554444,241198.23545016648
2024-03-05 12:00:00,1162080.4466409571,241697.9304501665
2024-03-05 13:00:00,1162925.0893834995,242192.0642001665
2024-03-05 14:00:00,1163756.5314659053,242678.2779501665
2024-03-05 15:00:00,1164574.1411185458,243133.6967001665
2024-03-05 16:00:00,1165382.9392474175,243521.5479501665
2024-03-05 17:00:00,1166173.515810156,243711.3167001665
2024-03-05 18:00:00,1166955.3141001589,243725.9792001665
2024-03-05 19:00:00,1167721.3846515105,243725.9792001665
2024-03-05 20:00:00,1168474.8863123541,243725.9792001665
2024-03-05 21:00:00,1169227.1244339405,243725.9792001665
2024-03-05 22:00:00,1169967.4254346476,243725.9792001665
2024-03-05 23:00:00,1170705.232607873,243725.9792001665
2024-03-06 00:00:00,1171436.1235662156,243725.9792001665
2024-03-06 01:00:00,1172165.1192156724,243725.9792001665
2024-03-06 02:00:00,1172888.4621895037,243725.9792001665
2024-03-06 03:00:00,1173607.4160269673,243725.9792001665
2024-03-06 04:00:00,1174326.369864431,243725.9792001665
2024-03-06 05:00:00,1175064.808807285,243725.9792001665
2024-03-06 06:00:00,1175820.8375466436,243726.3129501665
2024-03-06 07:00:00,1176576.2345163734,243776.6604501665
2024-03-06 08:00:00,1177323.451731963,244022.1504501665
2024-03-06 09:00:00,1178066.9115808136,244407.7254501665
2024-03-06 10:00:00,1178802.1916755242,244818.7892001665
2024-03-06 11:00:00,1179539.3670791208,245250.8792001665
2024-03-06 12:00:00,1180279.0363101992,245685.1404501665
2024-03-06 13:00:00,1181009.927268542,246095.8929501665
2024-03-06 14:00:00,1181733.2702423732,246485.9154501665
2024-03-06 15:00:00,1182452.8558494656,246841.2917001665
2024-03-06 16:00:00,1183174.9352840395,247134.5417001665
2024-03-06 17:00:00,1183902.6673942388,247290.7854501665
2024-03-06 18:00:00,1184629.7677348093,247305.6279501665
2024-03-06 19:00:00,1185349.9518604972,247305.6279501665
2024-03-06 20:00:00,1186065.7468498172,247305.6279501665
2024-03-06 21:00:00,1186779.6465302513,247305.6279501665
2024-03-06 22:00:00,1187496.7050588287,247305.6279501665
2024-03-06 23:00:00,1188211.86827852,247305.6279501665
2024-03-07 00:00:00,1188917.621455847,247305.6279501665
2024-03-07 01:00:00,1189610.8057426661,247305.6279501665
2024-03-07 02:00:00,1189610.8057426661,247305.6279501665
2024-03-07 03:00:00,1189794.9499639163,247305.6279501665
2024-03-07 04:00:00,1190151.2680345045,247305.6279501665
2024-03-07 05:00:00,1190860.1468089418,247305.6279501665
2024-03-07 06:00:00,1191589.774228027,247305.8417001665
2024-03-07 07:00:00,1192300.8808216816,247337.83295016648
2024-03-07 08:00:00,1192968.8275743858,247501.10045016647
2024-03-07 09:00:00,1193629.1598405123,247776.53420016647
2024-03-07 10:00:00,1194284.2051923776,248082.78920016647
2024-03-07 11:00:00,1194950.389640328,248404.94795016648
2024-03-07 12:00:00,1195652.418701949,248774.9904501665
2024-03-07 13:00:00,1196368.5462016,249109.85045016647
2024-03-07 14:00:00,1197086.4360060047,249424.05170016648
2024-03-07 15:00:00,1197796.6780727988,249706.70795016648
2024-03-07 16:00:00,1198503.9940486809,249942.9354501665
2024-03-07 17:00:00,1199213.0723293168,250072.8842001665
2024-03-07 18:00:00,1199920.9868237947,250091.9004501665
2024-03-07 19:00:00,1200621.8520992575,250091.9004501665
2024-03-07 20:00:00,1201316.8319418635,250091.9004501665
2024-03-07 21:00:00,1202005.36108405,250091.9004501665
2024-03-07 22:00:00,1202690.9308842917,250091.9004501665
2024-03-07 23:00:00,1203371.213770272,250091.9004501665
2024-03-08 00:00:00,1204049.1690839361,250091.9004501665
2024-03-08 01:00:00,1204724.1650556552,250091.9004501665
2024-03-08 02:00:00,1205394.4726317087,250091.9004501665
2024-03-08 03:00:00,1206064.1816891665,250091.9004501665
2024-03-08 04:00:00,1206736.2515699738,250091.9004501665
2024-03-08 05:00:00,1207428.8705892304,250091.9004501665
2024-03-08 06:00:00,1208155.571917404,250092.26045016648
2024-03-08 07:00:00,1208907.5440307255,250140.49670016646
2024-03-08 08:00:00,1209684.1884105995,250381.67795016646
2024-03-08 09:00:00,1210463.7588813854,250757.81420016647
2024-03-08 10:00:00,1211244.4931383296,251167.10420016648
2024-03-08 11:00:00,1212002.3174334748,251601.44420016647
2024-03-08 12:00:00,1212688.485752312,252072.50045016647
2024-03-08 13:00:00,1213296.5141433887,252512.39420016645
2024-03-08 14:00:00,1213910.9932348847,252933.49295016646
2024-03-08 15:00:00,1214566.6038543126,253330.55045016645
2024-03-08 16:00:00,1215276.2806535442,253671.30170016646
2024-03-08 17:00:00,1216010.6297193284,253858.53170016647
2024-03-08 18:00:00,1216733.8064379944,253878.89045016648
2024-03-08 19:00:00,1217452.8600285572,253878.89045016648
2024-03-08 20:00:00,1218170.1513143664,253878.89045016648
2024-03-08 21:00:00,1218873.3441621454,253878.89045016648
2024-03-08 22:00:00,1219574.2094376083,253878.89045016648
2024-03-08 23:00:00,1220264.5008845485,253878.89045016648
2024-03-09 00:00:00,1220941.2591610213,253878.89045016648
2024-03-09 01:00:00,1221616.2551327404,253878.89045016648
2024-03-09 02:00:00,1222287.1612273895,253878.89045016648
2024-03-09 03:00:00,1222953.34567534,253878.89045016648
2024-03-09 04:00:00,1223621.2924280441,253878.89045016648
2024-03-09 05:00:00,1224313.3461797382,253878.89045016648
2024-03-09 06:00:00,1225039.4489893161,253879.85045016647
2024-03-09 07:00:00,1225771.437231751,253960.03670016647
2024-03-09 08:00:00,1226488.1632499974,254301.81545016647
2024-03-09 09:00:00,1227197.2415306333,254764.03670016647
2024-03-09 10:00:00,1227901.6314156037,255254.10170016647
2024-03-09 11:00:00,1228595.4474720515,255762.91295016647
2024-03-09 12:00:00,1229306.8865760367,256284.89420016648
2024-03-09 13:00:00,1230044.1617327326,256821.29420016648
2024-03-09 14:00:00,1230800.223723124,257353.72670016647
2024-03-09 15:00:00,1231566.2942744757,257870.64920016646
2024-03-09 16:00:00,1232334.6923981435,258345.35420016645
2024-03-09 17:00:00,1233086.0659928694,258617.19920016645
2024-03-09 18:00:00,1233816.2919305505,258645.88295016644
2024-03-09 19:00:00,1234534.7802535507,258645.88295016644
2024-03-09 20:00:00,1235240.333924679,258645.88295016644
2024-03-09 21:00:00,1235938.8383767926,258645.88295016644
2024-03-09 22:00:00,1236636.179042748,258645.88295016644
2024-03-09 23:00:00,1237323.5111477433,258645.88295016644
2024-03-10 00:00:00,1237323.5111477433,258645.88295016644
2024-03-10 01:00:00,1237323.5111477433,258645.88295016644
2024-03-10 02:00:00,1237323.5111477433,258645.88295016644
2024-03-10 03:00:00,1237323.5111477433,258645.88295016644
2024-03-10 04:00:00,1237323.5111477433,258645.88295016644
2024-03-10 05:00:00,1237323.5111477433,258645.88295016644
2024-03-10 06:00:00,1237323.5111477433,258647.19920016645
2024-03-10 07:00:00,1237323.5111477433,258746.12795016644
2024-03-10 08:00:00,1237323.5111477433,259139.69045016644
2024-03-10 09:00:00,1237323.5111477433,259656.85670016645
2024-03-10 10:00:00,1237323.5111477433,260173.99670016646
2024-03-10 11:00:00,1237323.5111477433,260729.48795016645
2024-03-10 12:00:00,1237731.4348216867,261266.54795016645
2024-03-10 13:00:00,1238485.7012562915,261803.67170016645
2024-03-10 14:00:00,1239251.9713138416,262331.18795016647
2024-03-10 15:00:00,1240034.0356121094,262833.6842001665
2024-03-10 16:00:00,1240876.982551964,263025.8413730436
2024-03-10 17:00:00,1241731.8001106316,263044.48660279746
2024-03-10 18:00:00,1242606.0362726236,263044.48660279746
2024-03-10 19:00:00,1243421.3516039809,263044.48660279746
2024-03-10 20:00:00,1244153.5726036471,263044.48660279746
2024-03-10 21:00:00,1244870.6976342907,263044.48660279746
2024-03-10 22:00:00,1245584.1983023277,263044.48660279746
2024-03-10 23:00:00,1246294.473620155,263044.48660279746
2024-03-11 00:00:00,1246996.502681776,263044.48660279746
2024-03-11 01:00:00,1247696.1709200474,263044.48660279746
2024-03-11 02:00:00,1248393.3120798043,263044.48660279746
2024-03-11 03:00:00,1249087.8264079469,263044.48660279746
2024-03-11 04:00:00,1249784.2692960089,263044.48660279746
2024-03-11 05:00:00,1250502.0925983475,263044.8424277344
2024-03-11 06:00:00,1251263.2087457688,263111.9919806327
2024-03-11 07:00:00,1252052.6880244154,263431.0704207779
2024-03-11 08:00:00,1252833.222775161,263919.93912281893
2024-03-11 09:00:00,1253550.480809937,264415.94099541183
2024-03-11 10:00:00,1254204.329124611,264930.2161769492
2024-03-11 11:00:00,1254818.9412202395,265414.778120077
2024-03-11 12:00:00,1255416.6617910583,265892.42418868473
2024-03-11 13:00:00,1256003.210014759,266386.9082417696
2024-03-11 14:00:00,1256584.0390607684,266846.01278922276
2024-03-11 15:00:00,1257197.553872305,267229.9818501568
2024-03-11 16:00:00,1257856.8553564057,267420.1772200525
2024-03-11 17:00:00,1258563.3733074937,267435.2792740837
2024-03-11 18:00:00,1259317.506737966,267435.2792740837
2024-03-11 19:00:00,1260075.3975351776,267435.2792740837
2024-03-11 20:00:00,1260816.9620751422,267435.2792740837
2024-03-11 21:00:00,1261552.375173985,267435.2792740837
2024-03-11 22:00:00,1262286.5247335706,267435.2792740837
2024-03-11 23:00:00,1263013.8578313729,267435.2792740837
2024-03-12 00:00:00,1263729.1540551966,267435.2792740837
2024-03-12 01:00:00,1264445.7138182777,267435.2792740837
2024-03-12 02:00:00,1265165.4989315686,267435.2792740837
2024-03-12 03:00:00,1265885.151040727,267435.2792740837
2024-03-12 04:00:00,1266604.2378823229,267435.2792740837
2024-03-12 05:00:00,1267346.068430552,267435.4076323145
2024-03-12 06:00:00,1268124.90737861,267481.759986809
2024-03-12 07:00:00,1268928.0528318565,267746.35706391523
2024-03-12 08:00:00,1269723.1182840622,268189.37966540694
2024-03-12 09:00:00,1270453.3774727762,268647.2803802726
2024-03-12 10:00:00,1271117.866118039,269113.91142268805
2024-03-12 11:00:00,1271744.4818366128,269610.78251251613
2024-03-12 12:00:00,1272334.0891553578,270080.17114204465
2024-03-12 13:00:00,1272917.9772964113,270561.5258312644
2024-03-12 14:00:00,1273530.9268403852,271018.92773334356
2024-03-12 15:00:00,1274174.0350713714,271439.6210171566
2024-03-12 16:00:00,1274854.7169697487,271634.64312031865
2024-03-12 17:00:00,1275598.9415923604,271651.65335958137
2024-03-12 18:00:00,1276355.7351054798,271651.65335958137
2024-03-12 19:00:00,1277106.809440908,271651.65335958137
2024-03-12 20:00:00,1277845.4478899606,271651.65335958137
2024-03-12 21:00:00,1278575.2748152444,271651.65335958137
2024-03-12 22:00:00,1279295.6251960977,271651.65335958137
2024-03-12 23:00:00,1280004.6369746674,271651.65335958137
2024-03-13 00:00:00,1280707.231303851,271651.65335958137
2024-03-13 01:00:00,1281409.9586371668,271651.65335958137
2024-03-13 02:00:00,1282107.665064486,271651.65335958137
2024-03-13 03:00:00,1282802.711409158,271651.65335958137
2024-03-13 04:00:00,1283494.1333912234,271651.65335958137
2024-03-13 05:00:00,1284204.2757049182,271652.6130491998
2024-03-13 06:00:00,1284928.948720073,271734.3640901995
2024-03-13 07:00:00,1285660.7374563091,272083.57986943447
2024-03-13 08:00:00,1286389.866109898,272528.6247138309
2024-03-13 09:00:00,1287102.66850624,273022.53118227917
2024-03-13 10:00:00,1287796.0522992576,273510.26025788416
2024-03-13 11:00:00,1288496.8510726544,274023.0218346049
2024-03-13 12:00:00,1289195.1227675362,274536.3257295298
2024-03-13 13:00:00,1289882.0891111675,275084.7501861649
2024-03-13 14:00:00,1290588.474058123,275621.3198293789
2024-03-13 15:00:00,1291276.2716775816,276087.6858648062
2024-03-13 16:00:00,1291981.39308528,276372.9637962713
2024-03-13 17:00:00,1292692.366674802,276402.3091384286
2024-03-13 18:00:00,1293402.6419926293,276402.3091384286
2024-03-13 19:00:00,1294115.4443889712,276402.3091384286
2024-03-13 20:00:00,1294820.8318049342,276402.3091384286
2024-03-13 21:00:00,1295521.7635824631,276402.3091384286
2024-03-13 22:00:00,1296218.90474222,276402.3091384286
2024-03-13 23:00:00,1296915.347630282,276402.3091384286
2024-03-14 00:00:00,1297608.5984191673,276402.3091384286
2024-03-14 01:00:00,1298301.8492080527,276402.3091384286
2024-03-14 02:00:00,1298992.5729184232,276402.3091384286
2024-03-14 03:00:00,1299682.5983570989,276402.3091384286
2024-03-14 04:00:00,1300369.6977048626,276402.3091384286
2024-03-14 05:00:00,1301077.479195208,276402.3091384286
2024-03-14 06:00:00,1301794.6042258516,276403.68562335667
2024-03-14 07:00:00,1302518.711973444,276499.65574772184
2024-03-14 08:00:00,1303232.7779090435,276891.26503388194
2024-03-14 09:00:00,1303939.9941318263,277416.95996169536
2024-03-14 10:00:00,1304642.1894486127,277920.37724231643
2024-03-14 11:00:00,1305329.7210598066,278503.2255199383
2024-03-14 12:00:00,1306026.0309437362,279058.65476004605
2024-03-14 13:00:00,1306719.9800043164,279573.70940746553
2024-03-14 14:00:00,1307386.1312012337,280118.42625482124
2024-03-14 15:00:00,1308049.9215748017,280597.61473788245
2024-03-14 16:00:00,1308752.6489081176,280786.1369728221
2024-03-14 17:00:00,1309449.258051345,280804.63195148634
2024-03-14 18:00:00,1310157.5715582198,280804.63195148634
2024-03-14 19:00:00,1310876.0931322533,280804.63195148634
2024-03-14 20:00:00,1311587.631989338,280804.63195148634
2024-03-14 21:00:00,1312296.6437679077,280804.63195148634
2024-03-14 22:00:00,1313002.5964514334,280804.63195148634
2024-03-14 23:00:00,1313707.152591569,280804.63195148634
2024-03-15 00:00:00,1314408.6496366607,280804.63195148634
2024-03-15 01:00:00,1315104.5605081932,280804.63195148634
2024-03-15 02:00:00,1315793.4886627768,280804.63195148634
2024-03-15 03:00:00,1316483.1150890554,280804.63195148634
2024-03-15 04:00:00,1317169.5161651243,280804.63195148634
2024-03-15 05:00:00,1317883.715104856,280804.7653437649
2024-03-15 06:00:00,1318643.0024454573,280844.3437934366
2024-03-15 07:00:00,1319430.652917284,281096.2729067643
2024-03-15 08:00:00,1320195.69268661,281496.90149694355
2024-03-15 09:00:00,1320948.1635654278,281907.61839301715
2024-03-15 10:00:00,1321659.7024225125,282321.22274777904
2024-03-15 11:00:00,1322304.6394603185,282770.1524540032
2024-03-15 12:00:00,1322977.208106622,283194.087773718
2024-03-15 13:00:00,1323660.5500876468,283599.3238071843
2024-03-15 14:00:00,1324331.3231781635,284021.7316792565
2024-03-15 15:00:00,1325017.0259825375,284376.9680856454
2024-03-15 16:00:00,1325727.8665679272,284564.56001652323
2024-03-15 17:00:00,1326437.4436140596,284579.0120437246
2024-03-15 18:00:00,1327174.12025216,284579.0120437246
2024-03-15 19:00:00,1327911.3621578228,284579.0120437246
2024-03-15 20:00:00,1328634.9046378527,284579.0120437246
2024-03-15 21:00:00,1329347.7070341946,284579.0120437246
2024-03-15 22:00:00,1330060.5094305365,284579.0120437246
2024-03-15 23:00:00,1330762.1394797603,284579.0120437246
2024-03-16 00:00:00,1331454.825001083,284579.0120437246
2024-03-16 01:00:00,1332143.1878881042,284579.0120437246
2024-03-16 02:00:00,1332826.529869129,284579.0120437246
2024-03-16 03:00:00,1333509.1735784586,284579.0120437246
2024-03-16 04:00:00,1334191.8172877883,284579.0120437246
2024-03-16 05:00:00,1334895.8081603616,284579.3339914566
2024-03-16 06:00:00,1335643.0918780174,284627.2940729551
2024-03-16 07:00:00,1336420.700537851,284873.99997353175
2024-03-16 08:00:00,1337226.6390778772,285252.3190740832
2024-03-16 09:00:00,1338019.875723263,285647.1731287187
2024-03-16 10:00:00,1338755.987093801,286084.43040466186
2024-03-16 11:00:00,1339579.9476937614,286499.64276873745
2024-03-16 12:00:00,1340524.144029374,286892.2467361788
2024-03-16 13:00:00,1341355.2203504157,287289.87604893354
2024-03-16 14:00:00,1342162.8546931292,287632.53869115445
2024-03-16 15:00:00,1342921.4437620356,287914.0893595623
2024-03-16 16:00:00,1343735.4955541354,288070.48032442585
2024-03-16 17:00:00,1344466.4530145444,288085.49383887707
2024-03-16 18:00:00,1345214.4350038953,288085.49383887707
2024-03-16 19:00:00,1345969.9649777575,288085.49383887707
2024-03-16 20:00:00,1346713.6243328068,288085.49383887707
2024-03-16 21:00:00,1347450.999242602,288085.49383887707
2024-03-16 22:00:00,1348191.9985150038,288085.49383887707
2024-03-16 23:00:00,1348927.4116138467,288085.49383887707
2024-03-17 00:00:00,1349650.9540938765,288085.49383887707
2024-03-17 01:00:00,1350373.7983022116,288085.49383887707
2024-03-17 02:00:00,1351095.3789712891,288085.49383887707
2024-03-17 03:00:00,1351815.16408458,288085.49383887707
2024-03-17 04:00:00,1352534.2509261759,288085.49383887707
2024-03-17 05:00:00,1353279.1738204823,288085.82512191
2024-03-17 06:00:00,1354065.5607530517,288135.9198001707
2024-03-17 07:00:00,1354875.1236556845,288379.3017714655
2024-03-17 08:00:00,1355658.8505056067,288775.2604949021
2024-03-17 09:00:00,1356378.6356188976,289185.55737060326
2024-03-17 10:00:00,1357040.5971856455,289628.89423357055
2024-03-17 11:00:00,1357661.6267306602,290050.787804465
2024-03-17 12:00:00,1358272.6144636818,290481.08693791635
2024-03-17 13:00:00,1358860.2932225077,290870.63571830106
2024-03-17 14:00:00,1359456.8832582014,291224.39064712514
2024-03-17 15:00:00,1360067.1727195282,291517.2958184683
2024-03-17 16:00:00,1360727.7377428864,291677.24812445435
2024-03-17 17:00:00,1361426.707709463,291691.9340008708
2024-03-17 18:00:00,1362175.2549663763,291691.9340008708
2024-03-17 19:00:00,1362934.010290448,291691.9340008708
2024-03-17 20:00:00,1363678.2349130597,291691.9340008708
2024-03-17 21:00:00,1364423.024803234,291691.9340008708
2024-03-17 22:00:00,1365165.2876148934,291691.9340008708
2024-03-17 23:00:00,1365900.0024420414,291691.9340008708
2024-03-18 00:00:00,1366624.8084613287,291691.9340008708
2024-03-18 01:00:00,1367353.2388432228,291691.9340008708
2024-03-18 02:00:00,1368075.5177839955,291691.9340008708
2024-03-18 03:00:00,1368798.3619923305,291691.9340008708
2024-03-18 04:00:00,1369524.4315508753,291691.9340008708
2024-03-18 05:00:00,1370273.5440753512,291692.06730638805
2024-03-18 06:00:00,1371054.0788260968,291739.3695423116
2024-03-18 07:00:00,1371860.5826336853,292026.0766698959
2024-03-18 08:00:00,1372647.534833817,292462.9534515079
2024-03-18 09:00:00,1373385.4750111748,292952.251643563
2024-03-18 10:00:00,1374067.553452942,293402.66875493666
2024-03-18 11:00:00,1374704.9425062367,293918.90414951666
2024-03-18 12:00:00,1375317.8920502106,294377.0976676218
2024-03-18 13:00:00,1375910.0264474703,294830.26167727774
2024-03-18 14:00:00,1376493.3493209614,295310.8620874837
2024-03-18 15:00:00,1377114.3788659761,295713.45928916533
2024-03-18 16:00:00,1377778.169239544,295919.9777152934
2024-03-18 17:00:00,1378494.1637350626,295936.13181517186
2024-03-18 18:00:00,1379252.353791572,295936.13181517186
2024-03-18 19:00:00,1380014.168210688,295936.13181517186
2024-03-18 20:00:00,1380764.1120109912,295936.13181517186
2024-03-18 21:00:00,1381503.3157276064,295936.13181517186
2024-03-18 22:00:00,1382241.2559049642,295936.13181517186
2024-03-18 23:00:00,1382979.0630781895,295936.13181517186
2024-03-19 00:00:00,1383710.0205385985,295936.13181517186
2024-03-19 01:00:00,1384438.4509204926,295936.13181517186
2024-03-19 02:00:00,1385160.0315895702,295936.13181517186
2024-03-19 03:00:00,1385880.514974556,295936.13181517186
2024-03-19 04:00:00,1386599.6018161518,295936.13181517186
2024-03-19 05:00:00,1387332.521087513,295936.13181517186
2024-03-19 06:00:00,1388100.619951883,295937.38500955235
2024-03-19 07:00:00,1388888.8356912723,296034.2901203053
2024-03-19 08:00:00,1389679.0132416137,296423.2062072484
2024-03-19 09:00:00,1390463.4383632308,296946.3205397866
2024-03-19 10:00:00,1391241.0470230645,297465.02758430544
2024-03-19 11:00:00,1392041.8316529617,298037.1121462769
2024-03-19 12:00:00,1392850.16426737,298579.64379892993
2024-03-19 13:00:00,1393664.7813270325,299133.5134447015
2024-03-19 14:00:00,1394475.0425013602,299652.4980428274
2024-03-19 15:00:00,1395285.8689432503,300148.57073371264
2024-03-19 16:00:00,1396091.1092115813,300347.19655898813
2024-03-19 17:00:00,1396873.0405057166,300365.92759804754
2024-03-19 18:00:00,1397635.420192395,300365.92759804754
2024-03-19 19:00:00,1398397.932883206,300365.92759804754
2024-03-19 20:00:00,1399138.932155608,300365.92759804754
2024-03-19 21:00:00,1399877.4376005281,300365.92759804754
2024-03-19 22:00:00,1400607.264525812,300365.92759804754
2024-03-19 23:00:00,1401330.108734147,300365.92759804754
2024-03-20 00:00:00,1402046.1032296654,300365.92759804754
2024-03-20 01:00:00,1402761.2664493567,300365.92759804754
2024-03-20 02:00:00,1403470.2782279265,300365.92759804754
2024-03-20 03:00:00,1404174.2691004998,300365.92759804754
2024-03-20 04:00:00,1404875.2008780288,300365.92759804754
2024-03-20 05:00:00,1405596.7815471063,300366.85531169246
2024-03-20 06:00:00,1406332.8929176442,300448.45269756706
2024-03-20 07:00:00,1407072.0966342594,300807.0611595731
2024-03-20 08:00:00,1407811.3003508747,301286.8130129841
2024-03-20 09:00:00,1408551.2023391847,301783.54636486684
2024-03-20 10:00:00,1409283.9553553804,302304.9858982589
2024-03-20 11:00:00,1410014.3475482268,302803.6793831801
2024-03-20 12:00:00,1410749.6276429375,303327.706314021
2024-03-20 13:00:00,1411474.865925655,303839.2644632059
2024-03-20 14:00:00,1412197.0118622952,304380.2305661183
2024-03-20 15:00:00,1412916.098703891,304847.45343851263
2024-03-20 16:00:00,1413621.3531157216,305125.9157924252
2024-03-20 17:00:00,1414312.775097787,305153.60011272144
2024-03-20 18:00:00,1415014.2721428785,305153.60011272144
2024-03-20 19:00:00,1415727.639806783,305153.60011272144
2024-03-20 20:00:00,1416432.8942186136,305153.60011272144
2024-03-20 21:00:00,1417133.8259961426,305153.60011272144
2024-03-20 22:00:00,1417831.5324234618,305153.60011272144
2024-03-20 23:00:00,1418529.937122476,305153.60011272144
2024-03-21 00:00:00,1419221.4921086738,305153.60011272144
2024-03-21 01:00:00,1419917.9349967358,305153.60011272144
2024-03-21 02:00:00,1420608.7917112387,305153.60011272144
2024-03-21 03:00:00,1421298.2518823517,305153.60011272144
2024-03-21 04:00:00,1421987.1800369353,305153.60011272144
2024-03-21 05:00:00,1422698.5858898875,305154.585180389
2024-03-21 06:00:00,1423430.2416219914,305230.83694464905
2024-03-21 07:00:00,1424162.4626216576,305589.42471369
2024-03-21 08:00:00,1424853.884603723,306065.5158815141
2024-03-21 09:00:00,1425474.3821322082,306567.002889983
2024-03-21 10:00:00,1426033.2654963783,307068.4559441454
2024-03-21 11:00:00,1426540.4767551273,307564.6111076668
2024-03-21 12:00:00,1427013.9049642573,308114.1922677725
2024-03-21 13:00:00,1427481.0487281333,308639.59350417927
2024-03-21 14:00:00,1427955.7404765205,309146.46724868746
2024-03-21 15:00:00,1428460.59091192,309614.92083625536
2024-03-21 16:00:00,1429028.8510674215,309897.2643754494
2024-03-21 17:00:00,1429654.9347694658,309925.6974921221
2024-03-21 18:00:00,1430348.3185624834,309925.6974921221
2024-03-21 19:00:00,1431067.4054040792,309925.6974921221
2024-03-21 20:00:00,1431780.9060721162,309925.6974921221
2024-03-21 21:00:00,1432495.504024245,309925.6974921221
2024-03-21 22:00:00,1433215.1561334035,309925.6974921221
2024-03-21 23:00:00,1433936.736802481,309925.6974921221
2024-03-22 00:00:00,1434653.2965655623,309925.6974921221
2024-03-22 01:00:00,1435370.5546003382,309925.6974921221
2024-03-22 02:00:00,1436087.1143634194,309925.6974921221
2024-03-22 03:00:00,1436800.482027324,309925.6974921221
2024-03-22 04:00:00,1437304.0689234661,309925.6974921221
2024-03-22 05:00:00,1438020.6286865473,309926.02012441296
2024-03-22 06:00:00,1438779.384010619,309975.875865904
2024-03-22 07:00:00,1439577.0762944387,310226.850229495
2024-03-22 08:00:00,1440354.6849542724,310620.2502212205
2024-03-22 09:00:00,1441069.2829064012,311035.3986691864
2024-03-22 10:00:00,1441728.0191229396,311459.80213394115
2024-03-22 11:00:00,1442347.81837973,311902.5495283124
2024-03-22 12:00:00,1442944.2754112915,312301.38371571165
2024-03-22 13:00:00,1443531.2558984223,312686.47097225214
2024-03-22 14:00:00,1444115.975315303,313032.4602286639
2024-03-22 15:00:00,1444711.3350627725,313334.54781347036
2024-03-22 16:00:00,1445363.6538299245,313487.6579936696
2024-03-22 17:00:00,1446058.3011621996,313502.4948036252
2024-03-22 18:00:00,1446799.3004346015,313502.4948036252
2024-03-22 19:00:00,1447561.1148537176,313502.4948036252
2024-03-22 20:00:00,1448014.8584512584,313502.4948036252
2024-03-22 21:00:00,1448732.5487494646,313502.4948036252
2024-03-22 22:00:00,1449451.070323498,313502.4948036252
2024-03-22 23:00:00,1450166.3665473217,313502.4948036252
2024-03-23 00:00:00,1450869.6591482,313502.4948036252
2024-03-23 01:00:00,1451570.590925729,313502.4948036252
2024-03-23 02:00:00,1452265.1052538715,313502.4948036252
2024-03-23 03:00:00,1452954.033408455,313502.4948036252
2024-03-23 04:00:00,1453645.3223863882,313502.4948036252
2024-03-23 05:00:00,1454364.409227984,313502.710089895
2024-03-23 06:00:00,1455117.4121233313,313534.2606138523
2024-03-23 07:00:00,1455909.3852294597,313689.75971173344
2024-03-23 08:00:00,1456687.3929016904,313965.69141197146
2024-03-23 09:00:00,1457407.045010849,314264.57475486014
2024-03-23 10:00:00,1458114.8265011944,314597.7491939062
2024-03-23 11:00:00,1458835.7088985771,314966.24443100975
2024-03-23 12:00:00,1459566.1010914235,315287.06045329943
2024-03-23 13:00:00,1460260.7484236986,315599.2775444819
2024-03-23 14:00:00,1460932.6187983074,315872.2926206587
2024-03-23 15:00:00,1461583.1420096725,316114.45829147217
2024-03-23 16:00:00,1462227.513779916,316238.805704775
2024-03-23 17:00:00,1462906.3668714736,316257.3688083458
2024-03-23 18:00:00,1463641.7799703164,316257.3688083458
2024-03-23 19:00:00,1464389.1966921047,316257.3688083458
2024-03-23 20:00:00,1465128.40040872,316257.3688083458
2024-03-23 21:00:00,1465856.830790614,316257.3688083458
2024-03-23 22:00:00,1466582.9003491588,316257.3688083458
2024-03-23 23:00:00,1467303.7827465415,316257.3688083458
2024-03-24 00:00:00,1468017.848682141,316257.3688083458
2024-03-24 01:00:00,1468730.6510784829,316257.3688083458
2024-03-24 02:00:00,1469452.797015123,316257.3688083458
2024-03-24 03:00:00,1470171.883856719,316257.3688083458
2024-03-24 04:00:00,1470890.4054307523,316257.3688083458
2024-03-24 05:00:00,1471635.1953209266,316257.7459023933
2024-03-24 06:00:00,1472409.5786305505,316307.6452873379
2024-03-24 07:00:00,1473194.7020238624,316557.34239701135
2024-03-24 08:00:00,1473953.9893644636,316935.81042272865
2024-03-24 09:00:00,1474669.983859982,317356.22728760354
2024-03-24 10:00:00,1475339.3604071091,317800.6634658222
2024-03-24 11:00:00,1475943.4984273142,318289.7204527677
2024-03-24 12:00:00,1476556.447971288,318742.2705185001
2024-03-24 13:00:00,1477296.3499595982,319183.56309444475
2024-03-24 14:00:00,1478082.7368921675,319568.35908963945
2024-03-24 15:00:00,1478870.9526315567,319924.34314680117
2024-03-24 16:00:00,1479638.3532242319,320102.62421110744
2024-03-24 17:00:00,1480397.640564833,320122.1458912414
2024-03-24 18:00:00,1481147.0190975736,320122.1458912414
2024-03-24 19:00:00,1481896.2646261817,320122.1458912414
2024-03-24 20:00:00,1482627.355090723,320122.1458912414
2024-03-24 21:00:00,1483350.8975707528,320122.1458912414
2024-03-24 22:00:00,1484071.7799681355,320122.1458912414
2024-03-24 23:00:00,1484784.5823644775,320122.1458912414
2024-03-25 00:00:00,1485484.250602749,320122.1458912414
2024-03-25 01:00:00,1486188.2414753223,320122.1458912414
2024-03-25 02:00:00,1486889.040248719,320122.1458912414
2024-03-25 03:00:00,1487584.9511202516,320122.1458912414
2024-03-25 04:00:00,1488282.6575475708,320122.1458912414
2024-03-25 05:00:00,1489006.6322910308,320122.49202292075
2024-03-25 06:00:00,1489757.8396305912,320168.6428672229
2024-03-25 07:00:00,1490542.2647522083,320399.7361168273
2024-03-25 08:00:00,1491334.9361300315,320763.30093571555
2024-03-25 09:00:00,1492139.3451225352,321179.5088509601
2024-03-25 10:00:00,1492929.3564177114,321620.40623253235
2024-03-25 11:00:00,1493713.9477944938,322092.05142761685
2024-03-25 12:00:00,1494476.4604853047,322512.2360274906
2024-03-25 13:00:00,1495337.5624892265,322923.1703310201
2024-03-25 14:00:00,1496242.6556099257,323330.42234211706
2024-03-25 15:00:00,1497118.85358287,323684.04819925886
2024-03-25 16:00:00,1498023.9467035693,323866.38768072455
2024-03-25 17:00:00,1499020.6464204304,323887.3002141248
2024-03-25 18:00:00,1500014.4200463796,323887.3002141248
2024-03-25 19:00:00,1500996.1900493833,323887.3002141248
2024-03-25 20:00:00,1501960.3702558829,323887.3002141248
2024-03-25 21:00:00,1502874.2749003507,323887.3002141248
2024-03-25 22:00:00,1503709.1418391648,323887.3002141248
2024-03-25 23:00:00,1504490.3748616052,323887.3002141248
2024-03-26 00:00:00,1505194.3657341786,323887.3002141248
2024-03-26 01:00:00,1505892.6374290604,323887.3002141248
2024-03-26 02:00:00,1506584.0594111257,323887.3002141248
2024-03-26 03:00:00,1507277.4432041433,323887.3002141248
2024-03-26 04:00:00,1507976.41317072,323887.3002141248
2024-03-26 05:00:00,1508698.5591073602,323887.4173178521
2024-03-26 06:00:00,1509437.7628239754,323917.7898256914
2024-03-26 07:00:00,1510217.167039596,324110.754428438
2024-03-26 08:00:00,1511014.1610517208,324443.7622209283
2024-03-26 09:00:00,1511800.4149801577,324824.10892384767
2024-03-26 10:00:00,1512571.0409230425,325220.34047972795
2024-03-26 11:00:00,1513301.5661200213,325658.4101109013
2024-03-26 12:00:00,1514029.4312343528,326095.1776364961
2024-03-26 13:00:00,1514787.4882867297,326523.5218089883
2024-03-26 14:00:00,1515537.4320870328,326893.65282632894
2024-03-26 15:00:00,1516279.1296311298,327235.06420633354
2024-03-26 16:00:00,1516991.233755777,327418.9365813052
2024-03-26 17:00:00,1517711.5841366302,327438.17779443995
2024-03-26 18:00:00,1518438.7509792668,327438.17779443995
2024-03-26 19:00:00,1519168.4449004184,327438.17779443995
2024-03-26 20:00:00,1519891.9873804483,327438.17779443995
2024-03-26 21:00:00,1520606.0533160476,327438.17779443995
2024-03-26 22:00:00,1521311.3077278782,327438.17779443995
2024-03-26 23:00:00,1522008.3158835026,327438.17779443995
2024-03-27 00:00:00,1522699.039593873,327438.17779443995
2024-03-27 01:00:00,1523386.7042091994,327438.17779443995
2024-03-27 02:00:00,1524071.143474316,327438.17779443995
2024-03-27 03:00:00,1524753.7871836456,327438.17779443995
2024-03-27 04:00:00,1525444.5108940161,327438.17779443995
2024-03-27 05:00:00,1526159.2751013103,327438.30424589245
2024-03-27 06:00:00,1526888.4037548993,327485.35825778026
2024-03-27 07:00:00,1527620.757758698,327760.6041140589
2024-03-27 08:00:00,1528302.8362004652,328201.79104666784
2024-03-27 09:00:00,1528917.7475553914,328690.8604932234
2024-03-27 10:00:00,1529450.2628503216,329146.96322237543
2024-03-27 11:00:00,1529937.5234892168,329653.2827984628
2024-03-27 12:00:00,1530409.6881590893,330132.1007737615
2024-03-27 13:00:00,1530912.5767835365,330598.7911236881
2024-03-27 14:00:00,1531440.6031889995,331050.8357265604
2024-03-27 15:00:00,1531957.3242432121,331475.1908364426
2024-03-27 16:00:00,1532542.6089276555,331671.153069916
2024-03-27 17:00:00,1533227.746464467,331688.40184464114
2024-03-27 18:00:00,1533929.775526088,331688.40184464114
2024-03-27 19:00:00,1534645.0717499116,331688.40184464114
2024-03-27 20:00:00,1535361.0662454301,331688.40184464114
2024-03-27 21:00:00,1536077.0607409487,331688.40184464114
2024-03-27 22:00:00,1536787.469062908,331688.40184464114
2024-03-27 23:00:00,1537494.685285691,331688.40184464114
2024-03-28 00:00:00,1538200.6379692166,331688.40184464114
2024-03-28 01:00:00,1538903.9305700948,331688.40184464114
2024-03-28 02:00:00,1539601.636997414,331688.40184464114
2024-03-28 03:00:00,1540296.6833420862,331688.40184464114
2024-03-28 04:00:00,1540990.6324026664,331688.40184464114
2024-03-28 05:00:00,1541704.6983382658,331688.74354019813
2024-03-28 06:00:00,1542435.6557986748,331737.8523651979
2024-03-28 07:00:00,1543157.2364677524,331973.6784973338
2024-03-28 08:00:00,1543822.2571295446,332366.25821840146
2024-03-28 09:00:00,1544410.0688925027,332797.5357248262
2024-03-28 10:00:00,1544939.4918413556,333222.7287082503
2024-03-28 11:00:00,1545421.5653190888,333650.9267080058
2024-03-28 12:00:00,1545878.501015806,334057.9128681112
2024-03-28 13:00:00,1546338.7950668656,334437.51252956525
2024-03-28 14:00:00,1546802.8797356973,334807.06286847865
2024-03-28 15:00:00,1547284.2549417356,335085.65589329565
2024-03-28 16:00:00,1547826.6790445265,335240.01695147157
2024-03-28 17:00:00,1548434.607682504,335254.30857017235
2024-03-28 18:00:00,1549112.197234804,335254.30857017235
2024-03-28 19:00:00,1549816.1881073774,335254.30857017235
2024-03-28 20:00:00,1550520.1789799507,335254.30857017235
2024-03-28 21:00:00,1551222.3742967371,335254.30857017235
2024-03-28 22:00:00,1551924.4033583582,335254.30857017235
2024-03-28 23:00:00,1552621.4115139826,335254.30857017235
2024-03-29 00:00:00,1553311.0379402612,335254.30857017235
2024-03-29 01:00:00,1554000.6643665398,335254.30857017235
2024-03-29 02:00:00,1554680.0827256597,335254.30857017235
2024-03-29 03:00:00,1555355.7437180406,335254.30857017235
2024-03-29 04:00:00,1556034.5968095982,335254.30857017235
2024-03-29 05:00:00,1556732.3032369174,335254.479894174
2024-03-29 06:00:00,1557468.9798750177,335303.0929782558
2024-03-29 07:00:00,1558238.9075462075,335574.6141044942
2024-03-29 08:00:00,1559032.1441915934,335993.9012157289
2024-03-29 09:00:00,1559825.9461045417,336428.6805588478
2024-03-29 10:00:00,1560613.0313088058,336864.58187309
2024-03-29 11:00:00,1561275.5581431163,337310.913243164
2024-03-29 12:00:00,1561931.2352646103,337753.74836918997
2024-03-29 13:00:00,1562558.549254879,338227.35026763915
2024-03-29 14:00:00,1563226.2299993183,338675.7496289507
2024-03-29 15:00:00,1563935.9400495829,339071.7762183544
2024-03-29 16:00:00,1564631.1526494205,339283.0854032823
2024-03-29 17:00:00,1565356.5239362705,339303.16559112736
2024-03-29 18:00:00,1566081.8952231205,339303.16559112736
2024-03-29 19:00:00,1566816.6100502685,339303.16559112736
2024-03-29 20:00:00,1567542.5466046808,339303.16559112736
2024-03-29 21:00:00,1568263.595257229,339303.16559112736
2024-03-29 22:00:00,1568977.095925266,339303.16559112736
2024-03-29 23:00:00,1569681.6520654017,339303.16559112736
2024-03-30 00:00:00,1570376.1663935443,339303.16559112736
2024-03-30 01:00:00,1571068.2866473047,339303.16559112736
2024-03-30 02:00:00,1571753.5571882485,339303.16559112736
2024-03-30 03:00:00,1572437.996453365,339303.16559112736
2024-03-30 04:00:00,1573123.8322618713,339303.16559112736
2024-03-30 05:00:00,1573832.1457687463,339303.27547861496
2024-03-30 06:00:00,1574574.541584538,339335.39768348675
2024-03-30 07:00:00,1575338.184810474,339530.47063999076
2024-03-30 08:00:00,1576073.597909317,339857.6060164492
2024-03-30 09:00:00,1576756.9398903416,340243.9748706839
2024-03-30 10:00:00,1577479.0858269818,340612.66825409845
2024-03-30 11:00:00,1578157.3736509767,341033.46904529736
2024-03-30 12:00:00,1578920.4516093503,341443.81480343675
2024-03-30 13:00:00,1579669.6971379584,341867.32891272503
2024-03-30 14:00:00,1580454.2885147408,342237.1137030616
2024-03-30 15:00:00,1581226.8430175448,342581.04696064565
2024-03-30 16:00:00,1581920.792078125,342765.52187197196
2024-03-30 17:00:00,1582659.2975230452,342783.8819676635
2024-03-30 18:00:00,1583401.693338837,342783.8819676635
2024-03-30 19:00:00,1584142.8256153713,342783.8819676635
2024-03-30 20:00:00,1584870.1587131736,342783.8819676635
2024-03-30 21:00:00,1585594.8317283285,342783.8819676635
2024-03-30 22:00:00,1586308.8976639279,342783.8819676635
2024-03-30 23:00:00,1587024.1938877515,342783.8819676635
2024-03-31 00:00:00,1587728.7500278873,342783.8819676635
2024-03-31 01:00:00,1588434.5697072805,342783.8819676635
2024-03-31 02:00:00,1589149.1676594093,342783.8819676635
2024-03-31 03:00:00,1589858.1794379791,342783.8819676635
2024-03-31 04:00:00,1590361.633329989,342783.8819676635
2024-03-31 05:00:00,1591041.0516891088,342784.2005536904
2024-03-31 06:00:00,1591804.6949150448,342836.92210290587
2024-03-31 07:00:00,1592578.379952974,343074.9516056559
2024-03-31 08:00:00,1593331.9481158839,343449.228971999
2024-03-31 09:00:00,1594021.0092745998,343840.0545750991
2024-03-31 10:00:00,1594638.2814528754,344255.20775990933
2024-03-31 11:00:00,1595211.5625143733,344692.59780330234
2024-03-31 12:00:00,1595767.2537793668,345121.0846952665
2024-03-31 13:00:00,1596313.4352488967,345515.67305279477
2024-03-31 14:00:00,1596862.8420686363,345871.3127054934
2024-03-31 15:00:00,1597439.348480344,346170.4939438073
2024-03-31 16:00:00,1598049.770945803,346323.21801468637
2024-03-31 17:00:00,1598717.8839536726,346337.92844771734
2024-03-31 18:00:00,1599428.8575431947,346337.92844771734
2024-03-31 19:00:00,1600161.2115469933,346337.92844771734
2024-03-31 20:00:00,1600880.9966602842,346337.92844771734
2024-03-31 21:00:00,1601595.7608675784,346337.92844771734
2024-03-31 22:00:00,1602299.7517401518,346337.92844771734
2024-03-31 23:00:00,1602999.985245986,346337.92844771734
2024-04-01 00:00:00,1603688.9134005695,346337.92844771734
2024-04-01 01:00:00,1604376.5780158958,346337.92844771734
2024-04-01 02:00:00,1605071.0923440384,346337.92844771734
2024-04-01 03:00:00,1605765.0414046186,346337.92844771734
2024-04-01 04:00:00,1606460.9522761512,346337.92844771734
2024-04-01 05:00:00,1607187.420847093,346337.92844771734
2024-04-01 06:00:00,1607942.9508209552,346345.40969771735
2024-04-01 07:00:00,1608714.275035535,346428.9184477173
2024-04-01 08:00:00,1609445.9307676388,346634.6659477173
2024-04-01 09:00:00,1610149.9216402122,346913.3434477173
2024-04-01 10:00:00,1610919.4170479719,347258.27219771734
2024-04-01 11:00:00,1611647.847429866,347663.1634477173
2024-04-01 12:00:00,1612383.8257962714,348093.69344771735
2024-04-01 13:00:00,1613129.147702975,348527.45594771736
2024-04-01 14:00:00,1613878.393231583,348934.4396977174
2024-04-01 15:00:00,1614666.0437034098,349282.9834477174
2024-04-01 16:00:00,1615546.1320472257,349567.1884477174
2024-04-01 17:00:00,1616455.0157856971,349718.0809477174
2024-04-01 18:00:00,1617385.944959107,349754.1409477174
2024-04-01 19:00:00,1618311.1549548255,349754.2796977174
2024-04-01 20:00:00,1619213.754248043,349754.2796977174
2024-04-01 21:00:00,1620101.8228398005,349754.2796977174
2024-04-01 22:00:00,1620968.5110172813,349754.2796977174
2024-04-01 23:00:00,1621822.7633083866,349754.2796977174
2024-04-02 00:00:00,1622668.1043226237,349754.2796977174
2024-04-02 01:00:00,1623527.2445155932,349754.2796977174
2024-04-02 02:00:00,1624381.4968066984,349754.2796977174
2024-04-02 03:00:00,1625231.8587269322,349754.2796977174
2024-04-02 04:00:00,1626089.9016358096,349754.2796977174
2024-04-02 05:00:00,1626964.1377978015,349754.2796977174
2024-04-02 06:00:00,1627851.6411219963,349764.5096977174
2024-04-02 07:00:00,1628736.6173676762,349898.58344771736
2024-04-02 08:00:00,1629614.6108964074,350221.6346977174
2024-04-02 09:00:00,1630505.339570812,350600.7934477174
2024-04-02 10:00:00,1631399.1273402607,351026.8946977174
2024-04-02 11:00:00,1632302.2586500077,351446.5459477174
2024-04-02 12:00:00,1633209.3135816592,351883.3159477174
2024-04-02 13:00:00,1634106.3267013177,352321.6684477174
2024-04-02 14:00:00,1635032.234968731,352732.10969771736
2024-04-02 15:00:00,1635950.4622475007,353105.95469771733
2024-04-02 16:00:00,1636886.9775944697,353428.58219771733
2024-04-02 17:00:00,1637808.430223449,353614.6009477173
2024-04-02 18:00:00,1638755.020633444,353656.5671977173
2024-04-02 19:00:00,1639702.1430599685,353656.7059477173
2024-04-02 20:00:00,1640635.4663077607,353656.7059477173
2024-04-02 21:00:00,1641564.4336702183,353656.7059477173
2024-04-02 22:00:00,1642494.6645719332,353656.7059477173
2024-04-02 23:00:00,1643423.0999178614,353656.7059477173
2024-04-03 00:00:00,1644342.5907358883,353656.7059477173
2024-04-03 01:00:00,1645258.4571913085,353656.7059477173
2024-04-03 02:00:00,1646153.5085000147,353656.7059477173
2024-04-03 03:00:00,1647041.7100959043,353656.7059477173
2024-04-03 04:00:00,1647916.6445295913,353656.7059477173
2024-04-03 05:00:00,1648703.0314621606,353656.7059477173
2024-04-03 06:00:00,1649430.3645599629,353675.5271977173
2024-04-03 07:00:00,1650144.9625120917,353861.8009477173
2024-04-03 08:00:00,1650817.5311583953,354237.12719771726
2024-04-03 09:00:00,1651417.2135401664,354654.15344771725
2024-04-03 10:00:00,1651948.4652958391,355106.22344771726
2024-04-03 11:00:00,1652472.036062868,355631.5796977173
2024-04-03 12:00:00,1652947.8250953474,356159.1671977173
2024-04-03 13:00:00,1653427.4047455988,356692.7246977173
2024-04-03 14:00:00,1653902.096493986,357219.1234477173
2024-04-03 15:00:00,1654398.0024014844,357726.0484477173
2024-04-03 16:00:00,1654950.6013204006,358197.7121977173
2024-04-03 17:00:00,1655563.417860242,358506.5996977173
2024-04-03 18:00:00,1656239.078852623,358555.0496977173
2024-04-03 19:00:00,1656946.8603429685,358555.2259477173
2024-04-03 20:00:00,1657647.6591163652,358555.2259477173
2024-04-03 21:00:00,1658346.7620870743,358555.2259477173
2024-04-03 22:00:00,1659038.8823408347,358555.2259477173
2024-04-03 23:00:00,1659730.8695904627,358555.2259477173
2024-04-04 00:00:00,1660423.6881159178,358555.2259477173
2024-04-04 01:00:00,1661117.637176498,358555.2259477173
2024-04-04 02:00:00,1661805.3017918244,358555.2259477173
2024-04-04 03:00:00,1662492.401139588,358555.2259477173
2024-04-04 04:00:00,1663179.5004873518,358555.2259477173
2024-04-04 05:00:00,1663886.0184384398,358555.2259477173
2024-04-04 06:00:00,1664605.8035517307,358579.0121977173
2024-04-04 07:00:00,1665305.4717900022,358811.0621977173
2024-04-04 08:00:00,1665957.3915447572,359262.8959477173
2024-04-04 09:00:00,1666548.2624027596,359748.4796977173
2024-04-04 10:00:00,1667075.0252689652,360270.7984477173
2024-04-04 11:00:00,1667742.573009272,360815.25719771726
2024-04-04 12:00:00,1668379.3967950044,361345.8784477173
2024-04-04 13:00:00,1669068.8569661174,361880.2496977173
2024-04-04 14:00:00,1669853.9803594293,362395.4509477173
2024-04-04 15:00:00,1670664.1085296245,362870.9734477173
2024-04-04 16:00:00,1671527.0393403661,363295.2296977173
2024-04-04 17:00:00,1672376.9689971698,363574.0684477173
2024-04-04 18:00:00,1673244.4884504776,363627.0371977173
2024-04-04 19:00:00,1674111.8748996533,363627.2509477173
2024-04-04 20:00:00,1674978.1640647368,363627.2509477173
2024-04-04 21:00:00,1675834.245162662,363627.2509477173
2024-04-04 22:00:00,1676588.5115972667,363627.2509477173
2024-04-04 23:00:00,1677281.064114457,363627.2509477173
2024-04-05 00:00:00,1677968.0304580883,363627.2509477173
2024-04-05 01:00:00,1678648.2800930354,363627.2509477173
2024-04-05 02:00:00,1679327.6984521553,363627.2509477173
2024-04-05 03:00:00,1680005.2880044554,363627.2509477173
2024-04-05 04:00:00,1680686.6681745276,363627.2509477173
2024-04-05 05:00:00,1681392.0555904906,363627.2509477173
2024-04-05 06:00:00,1682129.9957678483,363651.0896977173
2024-04-05 07:00:00,1682869.1994844635,363896.1109477173
2024-04-05 08:00:00,1683602.8170275197,364380.6259477173
2024-04-05 09:00:00,1684401.074578902,364913.47094771726
2024-04-05 10:00:00,1685135.2241384876,365475.4384477173
2024-04-05 11:00:00,1685855.5745193409,366045.1571977173
2024-04-05 12:00:00,1686598.6686068275,366596.44469771726
2024-04-05 13:00:00,1687407.0012212358,367154.5609477173
2024-04-05 14:00:00,1688227.9027261522,367698.8359477173
2024-04-05 15:00:00,1689073.9420120842,368214.2471977173
2024-04-05 16:00:00,1689965.900974713,368689.40219771734
2024-04-05 17:00:00,1690907.304223546,369007.28969771735
2024-04-05 18:00:00,1691879.5644310862,369053.20844771736
2024-04-05 19:00:00,1692872.074517778,369053.4446977174
2024-04-05 20:00:00,1693845.5982645755,369053.4446977174
2024-04-05 21:00:00,1694801.5322148688,369053.4446977174
2024-04-05 22:00:00,1695703.5662405237,369053.4446977174
2024-04-05 23:00:00,1696589.1077537662,369053.4446977174
2024-04-06 00:00:00,1697447.7159302062,369053.4446977174
2024-04-06 01:00:00,1698299.4743938297,369053.4446977174
2024-04-06 02:00:00,1699139.7612510372,369053.4446977174
2024-04-06 03:00:00,1699970.0062962517,369053.4446977174
2024-04-06 04:00:00,1700804.1749633707,369053.4446977174
2024-04-06 05:00:00,1701670.8631408515,369053.4446977174
2024-04-06 06:00:00,1702579.1816117603,369071.63594771735
2024-04-06 07:00:00,1703511.93959199,369238.74344771734
2024-04-06 08:00:00,1704459.22827368,369582.49094771734
2024-04-06 09:00:00,1705364.3213943793,369987.39344771736
2024-04-06 10:00:00,1706294.5522960941,370440.70844771736
2024-04-06 11:00:00,1707234.1599891405,370896.6971977174
2024-04-06 12:00:00,1708162.429079903,371327.2796977174
2024-04-06 13:00:00,1709096.4505993903,371759.4034477174
2024-04-06 14:00:00,1710029.20857962,372168.3109477174
2024-04-06 15:00:00,1710861.4154357868,372539.9659477174
2024-04-06 16:00:00,1711642.7814623597,372866.1221977174
2024-04-06 17:00:00,1712410.182055035,373076.3359477174
2024-04-06 18:00:00,1713157.5987768231,373119.0859477174
2024-04-06 19:00:00,1713898.0327816627,373119.4046977174
2024-04-06 20:00:00,1714623.969336075,373119.4046977174
2024-04-06 21:00:00,1715340.6621032886,373119.4046977174
2024-04-06 22:00:00,1716056.523594675,373119.4046977174
2024-04-06 23:00:00,1716757.4553722038,373119.4046977174
2024-04-07 00:00:00,1717449.5756259642,373119.4046977174
2024-04-07 01:00:00,1718141.5628755921,373119.4046977174
2024-04-07 02:00:00,1718829.3604950507,373119.4046977174
2024-04-07 03:00:00,1719512.0042043803,373119.4046977174
2024-04-07 04:00:00,1720194.64791371,373119.4046977174
2024-04-07 05:00:00,1720894.3161519815,373119.4046977174
2024-04-07 06:00:00,1721639.1060421558,373134.5734477174
2024-04-07 07:00:00,1722408.4684457832,373285.7771977174
2024-04-07 08:00:00,1723184.248298797,373597.3684477174
2024-04-07 09:00:00,1723970.502227234,373956.0634477174
2024-04-07 10:00:00,1724727.2957403534,374354.4821977174
2024-04-07 11:00:00,1725474.0141904468,374787.72344771744
2024-04-07 12:00:00,1726207.631733503,375237.17594771745
2024-04-07 13:00:00,1726966.9190741042,375683.39969771745
2024-04-07 14:00:00,1727727.4699539628,376100.54594771744
2024-04-07 15:00:00,1728501.9862677192,376472.8046977174
2024-04-07 16:00:00,1729270.0851320892,376799.9434477174
2024-04-07 17:00:00,1730016.8035821826,377014.9871977174
2024-04-07 18:00:00,1730760.3299330994,377041.9196977174
2024-04-07 19:00:00,1731499.6666538469,377042.1521977174
2024-04-07 20:00:00,1732225.6032082592,377042.1521977174
2024-04-07 21:00:00,1732946.6518608073,377042.1521977174
2024-04-07 22:00:00,1733660.1525288443,377042.1521977174
2024-04-07 23:00:00,1734364.0103972852,377042.1521977174
2024-04-08 00:00:00,1735057.3941903028,377042.1521977174
2024-04-08 01:00:00,1735749.5144440632,377042.1521977174
2024-04-08 02:00:00,1736439.6728868713,377042.1521977174
2024-04-08 03:00:00,1737129.1330579843,377042.1521977174
2024-04-08 04:00:00,1737821.818579307,377042.1521977174
2024-04-08 05:00:00,1738534.620975649,377042.1521977174
2024-04-08 06:00:00,1739284.9970393823,377051.4109477174
2024-04-08 07:00:00,1740068.89014447,377126.46344771737
2024-04-08 08:00:00,1740858.2031679512,377283.70094771736
2024-04-08 09:00:00,1741656.593723466,377475.69344771735
2024-04-08 10:00:00,1742437.9597500388,377707.01969771733
2024-04-08 11:00:00,1743228.835572075,377973.6296977173
2024-04-08 12:00:00,1744018.8468672512,378050.7521977173
2024-04-08 13:00:00,1744798.9493545666,378276.9821977173
2024-04-08 14:00:00,1745579.6171094445,378592.04594771727
2024-04-08 15:00:00,1746359.021325065,378874.17719771725
2024-04-08 16:00:00,1747132.274099564,379116.66719771724
2024-04-08 17:00:00,1747892.2597118602,379272.03344771726
2024-04-08 18:00:00,1748637.0496020345,379311.28844771726
2024-04-08 19:00:00,1749377.483606874,379311.6859477173
2024-04-08 20:00:00,1750108.441067283,379311.6859477173
2024-04-08 21:00:00,1750832.5488148755,379311.6859477173
2024-04-08 22:00:00,1751547.8450386992,379311.6859477173
2024-04-08 23:00:00,1752259.383895784,379311.6859477173
2024-04-09 00:00:00,1752962.1112290998,379311.6859477173
2024-04-09 01:00:00,1753659.817656419,379311.6859477173
2024-04-09 02:00:00,1754358.0893513008,379311.6859477173
2024-04-09 03:00:00,1755054.0002228334,379311.6859477173
2024-04-09 04:00:00,1755751.7066501526,379311.6859477173
2024-04-09 05:00:00,1756471.4917634435,379311.6859477173
2024-04-09 06:00:00,1757223.9626422613,379320.16844771727
2024-04-09 07:00:00,1757992.0615066313,379408.7509477173
2024-04-09 08:00:00,1758785.1651478847,379601.7071977173
2024-04-09 09:00:00,1759572.1173480165,379849.9234477173
2024-04-09 10:00:00,1760343.4415625962,380130.1834477173
2024-04-09 11:00:00,1761098.4062688958,380428.2071977173
2024-04-09 12:00:00,1761877.8104845164,380749.99469771725
2024-04-09 13:00:00,1762792.280396547,381061.8709477172
2024-04-09 14:00:00,1763631.4699696626,381354.64844771725
2024-04-09 15:00:00,1764490.610162632,381620.7671977173
2024-04-09 16:00:00,1765359.8254186276,381844.7921977173
2024-04-09 17:00:00,1766234.7598523146,382004.0509477173
2024-04-09 18:00:00,1767102.1463014903,382050.2509477173
2024-04-09 19:00:00,1767992.1767042,382050.68969771726
2024-04-09 20:00:00,1768862.0902318903,382050.68969771726
2024-04-09 21:00:00,1769707.56425026,382050.68969771726
2024-04-09 22:00:00,1770542.830201471,382050.68969771726
2024-04-09 23:00:00,1771368.1873448214,382050.68969771726
2024-04-10 00:00:00,1772155.1395449531,382050.68969771726
2024-04-10 01:00:00,1772853.411239835,382050.68969771726
2024-04-10 02:00:00,1773548.05857211,382050.68969771726
2024-04-10 03:00:00,1774239.3475500431,382050.68969771726
2024-04-10 04:00:00,1774933.2966106234,382050.68969771726
2024-04-10 05:00:00,1775642.8736567558,382050.68969771726
2024-04-10 06:00:00,1776364.4543258334,382067.7146977173
2024-04-10 07:00:00,1777091.0891519405,382223.6171977173
2024-04-10 08:00:00,1777863.5106506122,382527.8246977173
2024-04-10 09:00:00,1778592.6393042011,382873.15469771734
2024-04-10 10:00:00,1779258.3582376882,383252.26094771735
2024-04-10 11:00:00,1779895.7472909829,383616.7834477174
2024-04-10 12:00:00,1780519.4369186447,384010.1471977174
2024-04-10 13:00:00,1781139.7681919646,384401.2871977174
2024-04-10 14:00:00,1781785.935517995,384766.4096977174
2024-04-10 15:00:00,1782440.3491002317,385131.4447668546
2024-04-10 16:00:00,1783144.339972805,385462.47015063185
2024-04-10 17:00:00,1783911.1752979176,385674.49373941816
2024-04-10 18:00:00,1784734.4376261833,385716.49961098435
2024-04-10 19:00:00,1785572.9289276039,385716.75674811983
2024-04-10 20:00:00,1786393.1321608254,385716.75674811983
2024-04-10 21:00:00,1787201.4647752338,385716.75674811983
2024-04-10 22:00:00,1787972.7889898135,385716.75674811983
2024-04-10 23:00:00,1788669.9301495703,385716.75674811983
2024-04-11 00:00:00,1789364.444477713,385716.75674811983
2024-04-11 01:00:00,1790055.8664597783,385716.75674811983
2024-04-11 02:00:00,1790744.7946143618,385716.75674811983
2024-04-11 03:00:00,1791432.5922338204,385716.75674811983
2024-04-11 04:00:00,1792118.8603057568,385716.75674811983
2024-04-11 05:00:00,1792822.152906635,385716.75674811983
2024-04-11 06:00:00,1793537.4491304588,385724.480233801
2024-04-11 07:00:00,1794238.3809079877,385803.8266162988
2024-04-11 08:00:00,1794875.7699612824,386004.5869454554
2024-04-11 09:00:00,1795455.3354680343,386288.4642865171
2024-04-11 10:00:00,1796017.1781741495,386631.883507891
2024-04-11 11:00:00,1796666.4378462571,387033.49302483635
2024-04-11 12:00:00,1797331.6247632147,387445.9485149826
2024-04-11 13:00:00,1798002.9298702609,387887.02306425
2024-04-11 14:00:00,1798725.2088110335,388297.8186562534
2024-04-11 15:00:00,1799480.7387848957,388660.76726450684
2024-04-11 16:00:00,1800290.3016875286,388951.3376907297
2024-04-11 17:00:00,1801160.3482193514,389095.6881535082
2024-04-11 18:00:00,1802079.273769816,389129.9873675465
2024-04-11 19:00:00,1803010.2029432259,389130.1259233033
2024-04-11 20:00:00,1803898.9698066781,389130.1259233033
2024-04-11 21:00:00,1804753.2220977833,389130.1259233033
2024-04-11 22:00:00,1805585.2959498179,389130.1259233033
2024-04-11 23:00:00,1806349.6374474487,389130.1259233033
2024-04-12 00:00:00,1807049.8709532828,389130.1259233033
2024-04-12 01:00:00,1807748.707915727,389130.1259233033
2024-04-12 02:00:00,1808442.0917087446,389130.1259233033
2024-04-12 03:00:00,1809132.2501515527,389130.1259233033
2024-04-12 04:00:00,1809824.9356728755,389130.1259233033
2024-04-12 05:00:00,1810542.060703519,389130.1259233033
2024-04-12 06:00:00,1811281.962691829,389154.6989607502
2024-04-12 07:00:00,1812088.4664994176,389407.4806022497
2024-04-12 08:00:00,1812934.5057853495,389909.04283793806
2024-04-12 09:00:00,1813733.4616084266,390444.1542604981
2024-04-12 10:00:00,1814578.2373551014,390990.73953597265
2024-04-12 11:00:00,1815442.5647092327,391564.9742387742
2024-04-12 12:00:00,1816319.859966269,392137.7427682894
2024-04-12 13:00:00,1817227.480165483,392669.48357784696
2024-04-12 14:00:00,1818141.9500775135,393214.3943665151
2024-04-12 15:00:00,1819103.603205498,393706.34298572986
2024-04-12 16:00:00,1820111.9075329076,394173.88452143635
2024-04-12 17:00:00,1821152.1993541492,394476.0909613561
2024-04-12 18:00:00,1822198.7756206447,394522.45048012084
2024-04-12 19:00:00,1823247.845714622,394522.6874645121
2024-04-12 20:00:00,1824232.1427961406,394522.6874645121
2024-04-12 21:00:00,1825178.7332061357,394522.6874645121
2024-04-12 22:00:00,1826102.6796625967,394522.6874645121
2024-04-12 23:00:00,1827020.3416738037,394522.6874645121
2024-04-13 00:00:00,1827911.6023647378,394522.6874645121
2024-04-13 01:00:00,1828794.0847829361,394522.6874645121
2024-04-13 02:00:00,1829674.7383943144,394522.6874645121
2024-04-13 03:00:00,1830550.3710996963,394522.6874645121
2024-04-13 04:00:00,1831435.9126129388,394522.6874645121
2024-04-13 05:00:00,1832357.365241918,394522.6874645121
2024-04-13 06:00:00,1833320.28190916,394540.7950377113
2024-04-13 07:00:00,1834311.3954524621,394707.66173078486
2024-04-13 08:00:00,1835295.6925339808,395067.3597131502
2024-04-13 09:00:00,1836238.4923262037,395453.27049586346
2024-04-13 10:00:00,1837173.7441339153,395884.9783314182
2024-04-13 11:00:00,1838107.20038584,396331.35688011977
2024-04-13 12:00:00,1839026.8242079993,396781.57044703665
2024-04-13 13:00:00,1839987.0807925942,397218.1426032187
2024-04-13 14:00:00,1840946.240093097,397618.39784287516
2024-04-13 15:00:00,1841941.1442541713,397985.79783557064
2024-04-13 16:00:00,1842956.8635619597,398300.67380999454
2024-04-13 17:00:00,1843939.198832526,398516.3930962105
2024-04-13 18:00:00,1844881.4333571864,398558.2980708515
2024-04-13 19:00:00,1845819.2122434126,398558.6027208682
2024-04-13 20:00:00,1846734.380427138,398558.6027208682
2024-04-13 21:00:00,1847631.9255633259,398558.6027208682
2024-04-13 22:00:00,1848507.4252645753,398558.6027208682
2024-04-13 23:00:00,1849386.682332564,398558.6027208682
2024-04-14 00:00:00,1850247.7843364857,398558.6027208682
2024-04-14 01:00:00,1851066.2917670195,398558.6027208682
2024-04-14 02:00:00,1851792.228321432,398558.6027208682
2024-04-14 03:00:00,1852513.27697398,398558.6027208682
2024-04-14 04:00:00,1853236.121182315,398558.6027208682
2024-04-14 05:00:00,1853979.0822656692,398558.6027208682
2024-04-14 06:00:00,1854750.406480249,398573.83946882124
2024-04-14 07:00:00,1855572.0062568602,398732.5990789328
2024-04-14 08:00:00,1856479.6264560742,399035.0703335767
2024-04-14 09:00:00,1857343.8208060733,399386.6089875935
2024-04-14 10:00:00,1858181.613835799,399783.4916544974
2024-04-14 11:00:00,1859008.1015142745,400232.00716191024
2024-04-14 12:00:00,1859842.9684530885,400664.93654657906
2024-04-14 13:00:00,1860721.6602535145,401104.62136679154
2024-04-14 14:00:00,1861607.201766757,401532.02357610536
2024-04-14 15:00:00,1862530.4499515232,401911.01112238225
2024-04-14 16:00:00,1863507.1990485305,402253.5125608574
2024-04-14 17:00:00,1864504.065020557,402459.8184902194
2024-04-14 18:00:00,1865529.1278686435,402486.2189318903
2024-04-14 19:00:00,1866565.4960679805,402486.4528899373
2024-04-14 20:00:00,1867569.8767734852,402486.4528899373
2024-04-14 21:00:00,1868517.6974717046,402486.4528899373
2024-04-14 22:00:00,1869439.2831048162,402486.4528899373
2024-04-14 23:00:00,1870346.9033040302,402486.4528899373
2024-04-15 00:00:00,1871236.3684391773,402486.4528899373
2024-04-15 01:00:00,1872109.341061912,402486.4528899373
2024-04-15 02:00:00,1872903.9742506875,402486.4528899373
2024-04-15 03:00:00,1873614.2495685148,402486.4528899373
2024-04-15 04:00:00,1874320.2022520404,402486.4528899373
2024-04-15 05:00:00,1875050.0291773241,402486.4528899373
2024-04-15 06:00:00,1875794.9520716306,402494.81855884223
2024-04-15 07:00:00,1876629.652755279,402583.01111226174
2024-04-15 08:00:00,1877514.0969844298,402777.73111281404
2024-04-15 09:00:00,1878343.7767620818,403038.26194062387
2024-04-15 10:00:00,1879136.8804033352,403322.4511385036
2024-04-15 11:00:00,1879897.9965507565,403614.86903434806
2024-04-15 12:00:00,1880660.5092415675,403951.8298782359
2024-04-15 13:00:00,1881426.0810274226,404271.89588612
2024-04-15 14:00:00,1882259.5514228467,404575.56612436095
2024-04-15 15:00:00,1883143.8293968318,404845.52949931694
2024-04-15 16:00:00,1884022.3881931256,405074.77542859776
2024-04-15 17:00:00,1884925.5195028726,405241.8465533974
2024-04-15 18:00:00,1885838.7258756456,405286.1514855502
2024-04-15 19:00:00,1886735.0407236093,405286.5832937532
2024-04-15 20:00:00,1887614.297791598,405286.5832937532
2024-04-15 21:00:00,1888498.7420207486,405286.5832937532
2024-04-15 22:00:00,1889380.5261672519,405286.5832937532
2024-04-15 23:00:00,1890252.4015058945,405286.5832937532
2024-04-16 00:00:00,1891117.127872423,405286.5832937532
2024-04-16 01:00:00,1891974.4725096056,405286.5832937532
2024-04-16 02:00:00,1892819.115252148,405286.5832937532
2024-04-16 03:00:00,1893667.781369694,405286.5832937532
2024-04-16 04:00:00,1894501.7837816477,405286.5832937532
2024-04-16 05:00:00,1895351.5804343189,405286.5832937532
2024-04-16 06:00:00,1896235.858408304,405296.2467354092
2024-04-16 07:00:00,1897145.2741633048,405374.1844357029
2024-04-16 08:00:00,1898074.8067933249,405529.8354122851
2024-04-16 09:00:00,1899026.4181093164,405725.4259739218
2024-04-16 10:00:00,1899972.4432517488,405957.888737567
2024-04-16 11:00:00,1900946.1000026788,406229.7711176434
2024-04-16 12:00:00,1901885.7076957251,406309.73900795303
2024-04-16 13:00:00,1902848.0590954046,406543.7077579503
2024-04-16 14:00:00,1904775.2889732784,406847.5929362339
2024-04-16 15:00:00,1906669.5338263274,407121.573766272
2024-04-16 16:00:00,1908694.7877497494,407359.03246471536
2024-04-16 17:00:00,1909662.725322988,407506.97262623033
2024-04-16 18:00:00,1910674.654013004,407546.4198989846
2024-04-16 19:00:00,1911693.565419969,407546.8060554505
2024-04-16 20:00:00,1912738.1798755121,407546.8060554505
2024-04-16 21:00:00,1913715.6272442143,407546.8060554505
2024-04-16 22:00:00,1914657.8617688746,407546.8060554505
2024-04-16 23:00:00,1915569.2393348278,407546.8060554505
2024-04-17 00:00:00,1916457.4409307174,407546.8060554505
2024-04-17 01:00:00,1917320.5047455914,407546.8060554505
2024-04-17 02:00:00,1918167.9405749133,407546.8060554505
2024-04-17 03:00:00,1918999.4491593852,407546.8060554505
2024-04-17 04:00:00,1919814.7644907425,407546.8060554505
2024-04-17 05:00:00,1920643.7459966997,407546.8060554505
2024-04-17 06:00:00,1921477.2163921238,407554.4517369316
2024-04-17 07:00:00,1922300.0464569593,407640.6447253148
2024-04-17 08:00:00,1923111.438166412,407846.93289806665
2024-04-17 09:00:00,1923941.816215759,408120.1258593172
2024-04-17 10:00:00,1924789.0857899154,408451.9457195565
2024-04-17 11:00:00,1925629.372647123,408852.8465893872
2024-04-17 12:00:00,1926463.3750590766,409297.31620750035
2024-04-17 13:00:00,1927350.8783832714,409726.84720845736
2024-04-17 14:00:00,1928254.7079647132,410145.3492756941
2024-04-17 15:00:00,1929169.7098932732,410507.6858333971
2024-04-17 16:00:00,1930085.410093528,410787.3540901925
2024-04-17 17:00:00,1931056.4400128438,410944.7483574713
2024-04-17 18:00:00,1932085.4264828349,410981.0426910651
2024-04-17 19:00:00,1933133.2662885878,410981.18709096266
2024-04-17 20:00:00,1934161.554486884,410981.18709096266
2024-04-17 21:00:00,1935182.8599682315,410981.18709096266
2024-04-17 22:00:00,1936170.3491489268,410981.18709096266
2024-04-17 23:00:00,1937146.3999742393,410981.18709096266
2024-04-18 00:00:00,1938065.3255247038,410981.18709096266
2024-04-18 01:00:00,1938962.8706608918,410981.18709096266
2024-04-18 02:00:00,1939840.3321730935,410981.18709096266
2024-04-18 03:00:00,1940707.718622269,410981.18709096266
2024-04-18 04:00:00,1941566.1605435435,410981.18709096266
2024-04-18 05:00:00,1942398.3673997102,410981.18709096266
2024-04-18 06:00:00,1943130.023131814,410999.1551671676
2024-04-18 07:00:00,1943957.7410985138,411169.38789937535
2024-04-18 08:00:00,1944718.9902500673,411517.6973370294
2024-04-18 09:00:00,1945431.2273788468,411909.11468433106
2024-04-18 10:00:00,1946108.118659452,412383.5563168098
2024-04-18 11:00:00,1946775.1011321966,412848.7806858217
2024-04-18 12:00:00,1947427.0208869516,413291.49802818557
2024-04-18 13:00:00,1948080.1709299309,413717.574226437
2024-04-18 14:00:00,1948745.889863418,414123.73097035574
2024-04-18 15:00:00,1949436.048306226,414490.5064067145
2024-04-18 16:00:00,1950189.0512015733,414825.3895421484
2024-04-18 17:00:00,1950985.912209566,415042.96808886045
2024-04-18 18:00:00,1951788.6586504155,415085.59959357325
2024-04-18 19:00:00,1952496.5731448934,415085.924011369
2024-04-18 20:00:00,1953199.8657457717,415085.924011369
2024-04-18 21:00:00,1953900.6645191684,415085.924011369
2024-04-18 22:00:00,1954601.9953090944,415085.924011369
2024-04-18 23:00:00,1955300.4000081087,415085.924011369
2024-04-19 00:00:00,1955991.821990174,415085.924011369
2024-04-19 01:00:00,1956678.2230662429,415085.924011369
2024-04-19 02:00:00,1957361.9640596646,415085.924011369
2024-04-19 03:00:00,1958043.9094972995,415085.924011369
2024-04-19 04:00:00,1958726.5532066291,415085.924011369
2024-04-19 05:00:00,1959429.8458075074,415085.924011369
2024-04-19 06:00:00,1960163.297095398,415095.5816350754
2024-04-19 07:00:00,1960926.3750537715,415174.19606526743
2024-04-19 08:00:00,1961711.365442951,415330.93282894674
2024-04-19 09:00:00,1962513.5466162378,415514.15140516736
2024-04-19 10:00:00,1963379.1375096266,415752.0014101546
2024-04-19 11:00:00,1964283.6653627632,416023.6248630717
2024-04-19 12:00:00,1965230.2557727583,416103.35615009087
2024-04-19 13:00:00,1966284.2137685998,416318.9855059589
2024-04-19 14:00:00,1967439.9864277616,416646.842920028
2024-04-19 15:00:00,1968545.6165290242,416939.62877259933
2024-04-19 16:00:00,1969580.1891725743,417188.4795043168
2024-04-19 17:00:00,1970583.3395898547,417339.49247509445
2024-04-19 18:00:00,1971561.884242649,417379.0432827299
2024-04-19 19:00:00,1972530.38708345,417379.43552514253
2024-04-19 20:00:00,1973444.291727918,417379.43552514253
2024-04-19 21:00:00,1974311.6781770936,417379.43552514253
2024-04-19 22:00:00,1975151.9650343012,417379.43552514253
2024-04-19 23:00:00,1975959.0341094523,417379.43552514253
2024-04-20 00:00:00,1976673.233049184,417379.43552514253
2024-04-20 01:00:00,1977384.7719062688,417379.43552514253
2024-04-20 02:00:00,1978105.122287122,417379.43552514253
2024-04-20 03:00:00,1978876.9785182313,417379.43552514253
2024-04-20 04:00:00,1979732.926612024,417379.43552514253
2024-04-20 05:00:00,1980603.405407277,417379.43552514253
2024-04-20 06:00:00,1981491.4739990344,417402.89715495094
2024-04-20 07:00:00,1982399.7924699432,417651.3942753953
2024-04-20 08:00:00,1983283.5384273988,418143.8072258269
2024-04-20 09:00:00,1984089.3439632924,418686.0079232364
2024-04-20 10:00:00,1984870.576985733,419253.94051520934
2024-04-20 11:00:00,1985671.9268831925,419803.85172727314
2024-04-20 12:00:00,1986353.4400573971,420379.2513538461
2024-04-20 13:00:00,1987103.9491252627,420912.79466563486
2024-04-20 14:00:00,1987871.3497179379,421483.7505101906
2024-04-20 15:00:00,1988662.7575565036,422006.9422710696
2024-04-20 16:00:00,1989489.3782391113,422495.2556439443
2024-04-20 17:00:00,1990360.6883101915,422816.949356302
2024-04-20 18:00:00,1991265.2161633282,422862.0192846123
2024-04-20 19:00:00,1992180.517351186,422862.2561787522
2024-04-20 20:00:00,1993066.0588644284,422862.2561787522
2024-04-20 21:00:00,1993930.3862185597,422862.2561787522
2024-04-20 22:00:00,1994771.371347462,422862.2561787522
2024-04-20 23:00:00,1995563.3444535905,422862.2561787522
2024-04-21 00:00:00,1996274.18503898,422862.2561787522
2024-04-21 01:00:00,1996971.1931946045,422862.2561787522
2024-04-21 02:00:00,1997660.819620883,422862.2561787522
2024-04-21 03:00:00,1998344.693618437,422862.2561787522
2024-04-21 04:00:00,1999027.8693442962,422862.2561787522
2024-04-21 05:00:00,1999736.1828511711,422862.2561787522
2024-04-21 06:00:00,2000467.838583275,422869.6216131732
2024-04-21 07:00:00,2001242.7871604615,422952.8797389521
2024-04-21 08:00:00,2002086.2993678788,423149.61967977963
2024-04-21 09:00:00,2002920.3017798325,423431.9456754993
2024-04-21 10:00:00,2003774.5540709377,423792.6698898951
2024-04-21 11:00:00,2004622.521916789,424197.58557796304
2024-04-21 12:00:00,2005484.3221924056,424618.4159013123
2024-04-21 13:00:00,2006396.3980300536,425054.19874306937
2024-04-21 14:00:00,2007458.0370145387,425447.5790522647
2024-04-21 15:00:00,2008487.7217562248,425780.43760257174
2024-04-21 16:00:00,2009364.618000864,426072.97386962216
2024-04-21 17:00:00,2010243.30980129,426230.81688521244
2024-04-21 18:00:00,2011103.1482659543,426268.6612035865
2024-04-21 19:00:00,2011957.965824622,426268.8009184509
2024-04-21 20:00:00,2012783.3229679724,426268.8009184509
2024-04-21 21:00:00,2013503.806352958,426268.8009184509
2024-04-21 22:00:00,2014216.6087493,426268.8009184509
2024-04-21 23:00:00,2014926.3187995646,426268.8009184509
2024-04-22 00:00:00,2015624.5904944465,426268.8009184509
2024-04-22 01:00:00,2016316.0124765118,426268.8009184509
2024-04-22 02:00:00,2017007.9997261397,426268.8009184509
2024-04-22 03:00:00,2017694.966069771,426268.8009184509
2024-04-22 04:00:00,2018384.5924960496,426268.8009184509
2024-04-22 05:00:00,2019100.453987436,426268.8009184509
2024-04-22 06:00:00,2019842.7167990953,426287.0125396399
2024-04-22 07:00:00,2020593.2258669608,426464.2369255113
2024-04-22 08:00:00,2021302.1046413982,426834.1224858427
2024-04-22 09:00:00,2021973.975016007,427270.03572108987
2024-04-22 10:00:00,2022627.5573224165,427738.11903080984
2024-04-22 11:00:00,2023307.1086856688,428249.39782574604
2024-04-22 12:00:00,2024006.7769239403,428801.2632028586
2024-04-22 13:00:00,2024654.207789228,429340.31977621256
2024-04-22 14:00:00,2025328.6052423515,429860.24306051637
2024-04-22 15:00:00,2025964.730756389,430344.15654151427
2024-04-22 16:00:00,2026676.1366093413,430816.51286450576
2024-04-22 17:00:00,2027392.1311048598,431117.54867404664
2024-04-22 18:00:00,2028106.1970404591,431163.5783193227
2024-04-22 19:00:00,2028854.7442973724,431163.7632070951
2024-04-22 20:00:00,2029590.024392083,431163.7632070951
2024-04-22 21:00:00,2030317.8895064145,431163.7632070951
2024-04-22 22:00:00,2031033.884001933,431163.7632070951
2024-04-22 23:00:00,2031743.4610480655,431163.7632070951
2024-04-23 00:00:00,2032445.0910972892,431163.7632070951
2024-04-23 01:00:00,2033140.8357136562,431163.7632070951
2024-04-23 02:00:00,2033833.521234979,431163.7632070951
2024-04-23 03:00:00,2034521.7511178677,431163.7632070951
2024-04-23 04:00:00,2035213.0400958008,431163.7632070951
2024-04-23 05:00:00,2035927.6380479296,431163.7632070951
2024-04-23 06:00:00,2036671.1643988464,431172.4671070662
2024-04-23 07:00:00,2037444.284169213,431263.30194976635
2024-04-23 08:00:00,2038199.11587138,431457.7463282656
2024-04-23 09:00:00,2038951.586750198,431699.7820279754
2024-04-23 10:00:00,2039572.6162952126,431984.4317704472
2024-04-23 11:00:00,2040162.2236139576,432294.92003854795
2024-04-23 12:00:00,2040715.9530679989,432607.72493003774
2024-04-23 13:00:00,2041281.6861449855,432909.472118458
2024-04-23 14:00:00,2041846.1556827147,433215.43804943934
2024-04-23 15:00:00,2042403.8087586605,433483.68811349646
2024-04-23 16:00:00,2042999.0022509645,433702.8404816144
2024-04-23 17:00:00,2043657.7384675029,433869.20944223576
2024-04-23 18:00:00,2044513.1212937331,433916.70473085967
2024-04-23 19:00:00,2045274.3704452866,433917.13052369945
2024-04-23 20:00:00,2046005.4609098278,433917.13052369945
2024-04-23 21:00:00,2046727.606846468,433917.13052369945
2024-04-23 22:00:00,2047440.40924281,433917.13052369945
2024-04-23 23:00:00,2048144.4001153833,433917.13052369945
2024-04-24 00:00:00,2048841.5412751401,433917.13052369945
2024-04-24 01:00:00,2049534.7920640255,433917.13052369945
2024-04-24 02:00:00,2050226.2140460908,433917.13052369945
2024-04-24 03:00:00,2050913.8786614172,433917.13052369945
2024-04-24 04:00:00,2051604.6023717877,433917.13052369945
2024-04-24 05:00:00,2052323.5562092513,433917.13052369945
2024-04-24 06:00:00,2053050.1910353585,433936.1283216936
2024-04-24 07:00:00,2053746.6339234204,434119.8753472257
2024-04-24 08:00:00,2054363.906101696,434493.70038213814
2024-04-24 09:00:00,2054928.9409069878,434891.8620851315
2024-04-24 10:00:00,2055430.0339756482,435337.2686911377
2024-04-24 11:00:00,2055911.575436852,435860.69655027095
2024-04-24 12:00:00,2056398.8360757472,436411.0235975724
2024-04-24 13:00:00,2056912.8970473125,436946.28963827086
2024-04-24 14:00:00,2057568.5741688064,437465.43336355145
2024-04-24 15:00:00,2058246.329976272,437957.3320104552
2024-04-24 16:00:00,2058948.9243054555,438447.04795377946
2024-04-24 17:00:00,2059706.2830861376,438750.0692025632
2024-04-24 18:00:00,2060529.6784185357,438798.1119507809
2024-04-24 19:00:00,2061379.475071207,438798.295181
2024-04-24 20:00:00,2062174.1082599824,438798.295181
2024-04-24 21:00:00,2062894.4586408357,438798.295181
2024-04-24 22:00:00,2063602.0738760158,438798.295181
2024-04-24 23:00:00,2064303.5709211074,438798.295181
2024-04-25 00:00:00,2065002.540887684,438798.295181
2024-04-25 01:00:00,2065693.397602187,438798.295181
2024-04-25 02:00:00,2066380.3639458183,438798.295181
2024-04-25 03:00:00,2067064.8032109349,438798.295181
2024-04-25 04:00:00,2067753.7313655184,438798.295181
2024-04-25 05:00:00,2068463.8736792132,438798.295181
2024-04-25 06:00:00,2069170.3916303013,438816.5171886891
2024-04-25 07:00:00,2069854.8308954178,439008.5038338905
2024-04-25 08:00:00,2070484.1066966387,439379.82141942246
2024-04-25 09:00:00,2071091.4700670536,439779.26817040937
2024-04-25 10:00:00,2071751.4698228491,440216.29876459937
2024-04-25 11:00:00,2072397.1051323502,440765.41276874964
2024-04-25 12:00:00,2073016.339121578,441298.3581244791
2024-04-25 13:00:00,2073745.467775167,441845.73504558206
2024-04-25 14:00:00,2074504.9213709338,442372.60179331707
2024-04-25 15:00:00,2075276.777602043,442896.12890743726
2024-04-25 16:00:00,2076089.5658548854,443365.98694671993
2024-04-25 17:00:00,2076926.0953453537,443681.94738548814
2024-04-25 18:00:00,2077771.4363595909,443731.88514401735
2024-04-25 19:00:00,2078616.9103779604,443732.0584966516
2024-04-25 20:00:00,2079433.455997542,443732.0584966516
2024-04-25 21:00:00,2080155.0366666196,443732.0584966516
2024-04-25 22:00:00,2080864.2147003547,443732.0584966516
2024-04-25 23:00:00,2081566.9420336706,443732.0584966516
2024-04-26 00:00:00,2082266.47726781,443732.0584966516
2024-04-26 01:00:00,2082959.7280566953,443732.0584966516
2024-04-26 02:00:00,2083651.0170346284,443732.0584966516
2024-04-26 03:00:00,2084339.945189212,443732.0584966516
2024-04-26 04:00:00,2085030.10363202,443732.0584966516
2024-04-26 05:00:00,2085742.906028362,443732.0584966516
2024-04-26 06:00:00,2086483.905300764,443739.7096134914
2024-04-26 07:00:00,2087242.6606248356,443823.18712080433
2024-04-26 08:00:00,2088054.7506059832,444034.8232305482
2024-04-26 09:00:00,2088883.8651160726,444300.26893931004
2024-04-26 10:00:00,2089609.2364029225,444652.22388034634
2024-04-26 11:00:00,2090313.9255471907,445046.3844354129
2024-04-26 12:00:00,2091175.5928186749,445478.91339981096
2024-04-26 13:00:00,2092008.3649424042,445912.8839148819
2024-04-26 14:00:00,2092795.8824100986,446306.8138894962
2024-04-26 15:00:00,2093648.2061412847,446651.75208273594
2024-04-26 16:00:00,2094443.9698651852,446926.216615949
2024-04-26 17:00:00,2095296.2935963713,447082.71347516443
2024-04-26 18:00:00,2096155.4337893408,447117.87366240745
2024-04-26 19:00:00,2097028.4064120755,447118.0170304289
2024-04-26 20:00:00,2097832.3831411493,447118.0170304289
2024-04-26 21:00:00,2098567.796239992,447118.0170304289
2024-04-26 22:00:00,2099290.507444195,447118.0170304289
2024-04-26 23:00:00,2100002.611568842,447118.0170304289
2024-04-27 00:00:00,2100707.3007131102,447118.0170304289
2024-04-27 01:00:00,2101409.3297747313,447118.0170304289
2024-04-27 02:00:00,2102104.542374569,447118.0170304289
2024-04-27 03:00:00,2102800.4532461013,447118.0170304289
2024-04-27 04:00:00,2103497.4614017257,447118.0170304289
2024-04-27 05:00:00,2104218.510054274,447118.0170304289
2024-04-27 06:00:00,2104952.12759733,447126.8608363994
2024-04-27 07:00:00,2105810.037502075,447200.463146473
2024-04-27 08:00:00,2106634.5633695982,447355.0912896207
2024-04-27 09:00:00,2107447.9168900033,447538.7964948017
2024-04-27 10:00:00,2108262.666953798,447768.5674662399
2024-04-27 11:00:00,2109093.045003145,448023.35559641843
2024-04-27 12:00:00,2109910.7211578516,448101.571187524
2024-04-27 13:00:00,2110837.75996039,448320.99148668366
2024-04-27 14:00:00,2111773.0117681017,448623.4959417088
2024-04-27 15:00:00,2112700.748842335,448903.70923321537
2024-04-27 16:00:00,2113674.9708608272,449146.6527136281
2024-04-27 17:00:00,2114669.309754339,449296.01100519224
2024-04-27 18:00:00,2115664.2139154132,449336.0689835995
2024-04-27 19:00:00,2116686.9159401506,449336.4624136915
2024-04-27 20:00:00,2117678.7277551475,449336.4624136915
2024-04-27 21:00:00,2118624.054625885,449336.4624136915
2024-04-27 22:00:00,2119546.039271394,449336.4624136915
2024-04-27 23:00:00,2120444.7149427067,449336.4624136915
2024-04-28 00:00:00,2121324.8032865226,449336.4624136915
2024-04-28 01:00:00,2122192.755003261,449336.4624136915
2024-04-28 02:00:00,2122980.9707426503,449336.4624136915
2024-04-28 03:00:00,2123695.7349499445,449336.4624136915
2024-04-28 04:00:00,2124396.6667274735,449336.4624136915
2024-04-28 05:00:00,2125113.2264905544,449336.4624136915
2024-04-28 06:00:00,2125858.847656556,449345.14863057254
2024-04-28 07:00:00,2126774.547856811,449435.4122390639
2024-04-28 08:00:00,2127657.595542572,449622.04165821447
2024-04-28 09:00:00,2128549.4215010684,449868.52969636075
2024-04-28 10:00:00,2129462.062606279,450137.35775792785
2024-04-28 11:00:00,2130465.213023559,450441.45500280213
2024-04-28 12:00:00,2131232.181352804,450761.6556552076
2024-04-28 13:00:00,2131966.896179952,451074.3351805246
2024-04-28 14:00:00,2132699.1171796187,451357.570525294
2024-04-28 15:00:00,2133450.8897867417,451626.6766751698
2024-04-28 16:00:00,2134254.8665158153,451839.65012156975
2024-04-28 17:00:00,2135085.2445651623,451996.8951211369
2024-04-28 18:00:00,2135959.4807271543,452042.56665556633
2024-04-28 19:00:00,2136856.89285921,452043.0246952764
2024-04-28 20:00:00,2137735.584659636,452043.0246952764
2024-04-28 21:00:00,2138602.8381046792,452043.0246952764
2024-04-28 22:00:00,2139426.36644121,452043.0246952764
2024-04-28 23:00:00,2140217.076008081,452043.0246952764
2024-04-29 00:00:00,2140934.8993104193,452043.0246952764
2024-04-29 01:00:00,2141638.32491543,452043.0246952764
2024-04-29 02:00:00,2142329.7468974954,452043.0246952764
2024-04-29 03:00:00,2143021.734147123,452043.0246952764
2024-04-29 04:00:00,2143714.2866643136,452043.0246952764
2024-04-29 05:00:00,2144427.7873323504,452043.0246952764
2024-04-29 06:00:00,2145168.919608885,452060.4572877877
2024-04-29 07:00:00,2145947.6255528107,452216.3292370255
2024-04-29 08:00:00,2146800.4813005263,452532.40256428294
2024-04-29 09:00:00,2147632.6881566932,452890.2100149212
2024-04-29 10:00:00,2148492.5266213575,453266.9804010048
2024-04-29 11:00:00,2149310.901047759,453633.2116354319
2024-04-29 12:00:00,2150097.853247891,454014.93278869265
2024-04-29 13:00:00,2150889.261086457,454388.4722153064
2024-04-29 14:00:00,2151690.045716354,454748.3358936374
2024-04-29 15:00:00,2152525.4446716974,455139.9799391661
2024-04-29 16:00:00,2153326.2293015947,455476.906697263
2024-04-29 17:00:00,2154153.947268294,455685.2904305435
2024-04-29 18:00:00,2154972.321694696,455729.0857226384
2024-04-29 19:00:00,2155816.3991696755,455729.34705906693
2024-04-29 20:00:00,2156646.64421489,455729.34705906693
2024-04-29 21:00:00,2157384.5843922477,455729.34705906693
2024-04-29 22:00:00,2158100.578887766,455729.34705906693
2024-04-29 23:00:00,2158811.419473156,455729.34705906693
2024-04-30 00:00:00,2159513.448534777,455729.34705906693
2024-04-30 01:00:00,2160211.1549620964,455729.34705906693
2024-04-30 02:00:00,2160904.538755114,455729.34705906693
2024-04-30 03:00:00,2161595.262465485,455729.34705906693
2024-04-30 04:00:00,2162285.9861758556,455729.34705906693
2024-04-30 05:00:00,2163004.507749889,455729.34705906693
2024-04-30 06:00:00,2163735.5982144303,455739.12952346745
2024-04-30 07:00:00,2164564.014452825,455874.63426572515
2024-04-30 08:00:00,2165377.9332407922,456212.27097955375
2024-04-30 09:00:00,2166162.3583624093,456603.6759431327
2024-04-30 10:00:00,2167001.4149313928,457017.0061724493
2024-04-30 11:00:00,2167778.857336061,457446.6416556011
2024-04-30 12:00:00,2168560.223362634,457877.7822554129
2024-04-30 13:00:00,2169303.0514418557,458317.8150457285
2024-04-30 14:00:00,2170042.388162603,458744.48293003
2024-04-30 15:00:00,2170830.6039019926,459116.6211564987
2024-04-30 16:00:00,2171712.5210526283,459445.8773879009
2024-04-30 17:00:00,2172618.877712585,459634.6738131174
2024-04-30 18:00:00,2173511.5349469087,459678.0028887058
2024-04-30 19:00:00,2174384.108557246,459678.13500525325
2024-04-30 20:00:00,2175231.943398965,459678.13500525325
2024-04-30 21:00:00,2176067.209350176,459678.13500525325
2024-04-30 22:00:00,2176834.742946984,459678.13500525325
2024-04-30 23:00:00,2177552.566249322,459678.13500525325
2024-05-01 00:00:00,2178259.6494679726,459678.13500525325
2024-05-01 01:00:00,2178956.790627729,459678.13500525325
2024-05-01 02:00:00,2179651.304955872,459678.13500525325
2024-05-01 03:00:00,2180345.254016452,459678.13500525325
2024-05-01 04:00:00,2181041.1648879843,459678.13500525325
2024-05-01 05:00:00,2181750.176666554,459678.90375525324
2024-05-01 06:00:00,2182461.7155236388,459721.95750525326
2024-05-01 07:00:00,2183147.418328013,459889.14750525326
2024-05-01 08:00:00,2183881.035871069,460145.7900052533
2024-05-01 09:00:00,2184597.0303665875,460456.95000525325
2024-05-01 10:00:00,2185307.870951977,460810.15875525324
2024-05-01 11:00:00,2186060.8738473244,461189.30625525326
2024-05-01 12:00:00,2186759.8438139013,461617.14750525326
2024-05-01 13:00:00,2187424.3324591643,462049.76250525325
2024-05-01 14:00:00,2188084.8974825228,462450.1312552533
2024-05-01 15:00:00,2188816.5532146264,462801.49875525327
2024-05-01 16:00:00,2189636.1911802855,463097.11125525326
2024-05-01 17:00:00,2190414.8971242113,463281.12750525324
2024-05-01 18:00:00,2191256.5805248087,463332.7537552532
2024-05-01 19:00:00,2192116.418989473,463334.6025052532
2024-05-01 20:00:00,2192928.5089706206,463334.6025052532
2024-05-01 21:00:00,2193711.138536451,463334.6025052532
2024-05-01 22:00:00,2194433.982744786,463334.6025052532
2024-05-01 23:00:00,2195151.8060471243,463334.6025052532
2024-05-02 00:00:00,2195859.0222699074,463334.6025052532
2024-05-02 01:00:00,2196564.8419493004,463334.6025052532
2024-05-02 02:00:00,2197269.9633569987,463334.6025052532
2024-05-02 03:00:00,2197965.7079733657,463334.6025052532
2024-05-02 04:00:00,2198661.0535773356,463334.6025052532
2024-05-02 05:00:00,2199377.6133404165,463335.1050052532
2024-05-02 06:00:00,2200098.096725402,463362.6787552532
2024-05-02 07:00:00,2200794.4066093313,463465.1925052532
2024-05-02 08:00:00,2201532.213782557,463622.2537552532
2024-05-02 09:00:00,2202273.2130549587,463811.47125525324
2024-05-02 10:00:00,2203079.018590852,464028.01500525326
2024-05-02 11:00:00,2203779.950368381,464258.61750525323
2024-05-02 12:00:00,2204441.7789309965,464508.6600052532
2024-05-02 13:00:00,2205101.0804150975,464756.4825052532
2024-05-02 14:00:00,2205779.23523496,464986.56000525324
2024-05-02 15:00:00,2206489.377548655,465202.27875525324
2024-05-02 16:00:00,2207249.928428514,465387.98625525326
2024-05-02 17:00:00,2208067.6045832206,465517.26000525325
2024-05-02 18:00:00,2208926.3457637927,465545.12250525324
2024-05-02 19:00:00,2209808.1299102963,465546.29625525326
2024-05-02 20:00:00,2210683.1973481155,465546.29625525326
2024-05-02 21:00:00,2211544.4323561694,465546.29625525326
2024-05-02 22:00:00,2212397.288103885,465546.29625525326
2024-05-02 23:00:00,2213218.887880496,465546.29625525326
2024-05-03 00:00:00,2214024.6934163896,465546.29625525326
2024-05-03 01:00:00,2214818.495329338,465546.29625525326
2024-05-03 02:00:00,2215599.7283517784,465546.29625525326
2024-05-03 03:00:00,2216377.1707564467,465546.29625525326
2024-05-03 04:00:00,2217151.554066071,465546.29625525326
2024-05-03 05:00:00,2217947.3177899714,465547.08375525323
2024-05-03 06:00:00,2218752.9903217326,465588.0225052532
2024-05-03 07:00:00,2219586.992733686,465746.9475052532
2024-05-03 08:00:00,2220437.35465392,465985.5937552532
2024-05-03 09:00:00,2221280.8668613373,466267.2862552532
2024-05-03 10:00:00,2222105.6587371253,466578.57375525316
2024-05-03 11:00:00,2222917.748718273,466902.81375525316
2024-05-03 12:00:00,2223737.386683932,467322.20250525314
2024-05-03 13:00:00,2224589.0121434233,467741.66625525313
2024-05-03 14:00:00,2225402.3656638283,468130.24875525315
2024-05-03 15:00:00,2226223.9654404395,468482.66250525316
2024-05-03 16:00:00,2227080.611805927,468788.6587552532
2024-05-03 17:00:00,2227980.118753067,469013.2425052532
2024-05-03 18:00:00,2228902.6686661383,469066.0537552532
2024-05-03 19:00:00,2229851.05463192,469068.3862552532
2024-05-03 20:00:00,2230776.9628993333,469068.3862552532
2024-05-03 21:00:00,2231684.0178309847,469068.3862552532
2024-05-03 22:00:00,2232577.8056004336,469068.3862552532
2024-05-03 23:00:00,2233459.7227510693,469068.3862552532
2024-05-04 00:00:00,2234327.80747194,469068.3862552532
2024-05-04 01:00:00,2235189.607747556,469068.3862552532
2024-05-04 02:00:00,2236046.3871171763,469068.3862552532
2024-05-04 03:00:00,2236899.4091200572,469068.3862552532
2024-05-04 04:00:00,2237738.4656890407,469068.3862552532
2024-05-04 05:00:00,2238588.8276092745,469069.55250525323
2024-05-04 06:00:00,2239456.912330145,469119.44250525325
2024-05-04 07:00:00,2240360.2098950576,469303.2637552532
2024-05-04 08:00:00,2241263.3412048044,469565.67750525323
2024-05-04 09:00:00,2242160.886340992,469876.9200052532
2024-05-04 10:00:00,2243072.263906945,470222.9175052532
2024-05-04 11:00:00,2243972.2031175154,470582.0587552532
2024-05-04 12:00:00,2244765.439762901,470960.52375525323
2024-05-04 13:00:00,2245581.287110788,471340.39500525326
2024-05-04 14:00:00,2246402.188615704,471698.82750525326
2024-05-04 15:00:00,2247276.5577818286,472012.36875525326
2024-05-04 16:00:00,2248236.9473705557,472281.1050052533
2024-05-04 17:00:00,2249213.1312000006,472441.8262552533
2024-05-04 18:00:00,2250209.4319044645,472480.6612552533
2024-05-04 19:00:00,2251166.7623981475,472482.6187552533
2024-05-04 20:00:00,2252105.2395560686,472482.6187552533
2024-05-04 21:00:00,2253031.147823482,472482.6187552533
2024-05-04 22:00:00,2253947.5462954314,472482.6187552533
2024-05-04 23:00:00,2254858.9238613844,472482.6187552533
2024-05-05 00:00:00,2255757.034265135,472482.6187552533
2024-05-05 01:00:00,2256651.9525697087,472482.6187552533
2024-05-05 02:00:00,2257539.5888980357,472482.6187552533
2024-05-05 03:00:00,2258418.9789701565,472482.6187552533
2024-05-05 04:00:00,2259288.3272302845,472482.6187552533
2024-05-05 05:00:00,2260173.3034759643,472483.3387552533
2024-05-05 06:00:00,2261082.7192309652,472518.4912552533
2024-05-05 07:00:00,2262024.8207514933,472647.57375525334
2024-05-05 08:00:00,2262993.3235922945,472844.67750525335
2024-05-05 09:00:00,2263901.6420632033,473094.84750525333
2024-05-05 10:00:00,2264791.672465913,473380.9912552533
2024-05-05 11:00:00,2265671.6278055967,473705.59500525333
2024-05-05 12:00:00,2266621.277310636,474072.98250525334
2024-05-05 13:00:00,2267573.586898322,474441.75375525333
2024-05-05 14:00:00,2268445.861249362,474782.85000525333
2024-05-05 15:00:00,2269379.1844971543,475088.65125525335
2024-05-05 16:00:00,2270299.5065910085,475346.11500525335
2024-05-05 17:00:00,2271165.4964967943,475520.6550052533
2024-05-05 18:00:00,2272041.129202176,475591.2937552533
2024-05-05 19:00:00,2272941.8996885736,475595.0362552533
2024-05-05 20:00:00,2273801.206136708,475595.0362552533
2024-05-05 21:00:00,2274640.395709824,475595.0362552533
2024-05-05 22:00:00,2275466.3181207366,475595.0362552533
2024-05-05 23:00:00,2276279.804645274,475595.0362552533
2024-05-06 00:00:00,2277075.003101612,475595.0362552533
2024-05-06 01:00:00,2277850.0846829307,475595.0362552533
2024-05-06 02:00:00,2278620.7106258157,475595.0362552533
2024-05-06 03:00:00,2279326.6633093413,475595.0362552533
2024-05-06 04:00:00,2279653.454462546,475595.0362552533
2024-05-06 05:00:00,2280258.8560220087,475596.2700052533
2024-05-06 06:00:00,2280978.508131167,475655.2987552533
2024-05-06 07:00:00,2281829.435318963,475892.16000525333
2024-05-06 08:00:00,2282711.2194654667,476247.34125525336
2024-05-06 09:00:00,2283573.585008646,476645.8950052534
2024-05-06 10:00:00,2284386.3732614885,477077.66625525337
2024-05-06 11:00:00,2285173.3254616205,477529.86000525334
2024-05-06 12:00:00,2285954.5584840607,478023.8062552533
2024-05-06 13:00:00,2286739.54887324,478522.9950052533
2024-05-06 14:00:00,2287532.7855186258,479002.7437552533
2024-05-06 15:00:00,2288341.118133034,479455.72500525333
2024-05-06 16:00:00,2289177.08235594,479871.91500525334
2024-05-06 17:00:00,2290050.187982807,480166.25625525333
2024-05-06 18:00:00,2290958.3734495835,480256.67250525334
2024-05-06 19:00:00,2291891.1314298133,480261.00375525333
2024-05-06 20:00:00,2292818.170232352,480261.00375525333
2024-05-06 21:00:00,2293819.4918428124,480261.00375525333
2024-05-06 22:00:00,2294802.525385074,480261.00375525333
2024-05-06 23:00:00,2295651.058498488,480261.00375525333
2024-05-07 00:00:00,2296388.433408283,480261.00375525333
2024-05-07 01:00:00,2297283.351712857,480261.00375525333
2024-05-07 02:00:00,2298155.060796334,480261.00375525333
2024-05-07 03:00:00,2299017.426339513,480261.00375525333
2024-05-07 04:00:00,2299872.942169876,480261.00375525333
2024-05-07 05:00:00,2300735.4407171872,480262.49250525335
2024-05-07 06:00:00,2301610.9404184367,480336.43875525333
2024-05-07 07:00:00,2302520.522428603,480636.77625525335
2024-05-07 08:00:00,2303484.13736754,481061.06250525336
2024-05-07 09:00:00,2304350.127273326,481525.56750525336
2024-05-07 10:00:00,2305182.3341294928,482020.7362552534
2024-05-07 11:00:00,2306000.0102841994,482538.19500525336
2024-05-07 12:00:00,2306852.866031915,483074.29500525334
2024-05-07 13:00:00,2307785.6240121447,483610.55250525335
2024-05-07 14:00:00,2308705.1148301717,484137.54000525334
2024-05-07 15:00:00,2309644.1572556556,484651.0275052533
2024-05-07 16:00:00,2310604.0148278535,485133.9000052533
2024-05-07 17:00:00,2311605.336438314,485498.5875052533
2024-05-07 18:00:00,2312628.736734746,485606.81625525333
2024-05-07 19:00:00,2313621.8120890004,485612.36250525335
2024-05-07 20:00:00,2314555.268340925,485612.36250525335
2024-05-07 21:00:00,2315470.270269485,485612.36250525335
2024-05-07 22:00:00,2316365.321578191,485612.36250525335
2024-05-07 23:00:00,2317249.0675356467,485612.36250525335
2024-05-08 00:00:00,2318131.549953845,485612.36250525335
2024-05-08 01:00:00,2319007.7479267893,485612.36250525335
2024-05-08 02:00:00,2319874.43610427,485612.36250525335
2024-05-08 03:00:00,2320727.857119548,485612.36250525335
2024-05-08 04:00:00,2321570.105787708,485612.36250525335
2024-05-08 05:00:00,2322428.713964148,485613.91875525337
2024-05-08 06:00:00,2323284.2297945106,485692.5037552534
2024-05-08 07:00:00,2324189.32291521,486001.8675052534
2024-05-08 08:00:00,2325039.817839576,486445.9950052534
2024-05-08 09:00:00,2325884.5935862507,486937.14000525343
2024-05-08 10:00:00,2326733.691967227,487450.0837552534
2024-05-08 11:00:00,2327584.053887461,487976.8312552534
2024-05-08 12:00:00,2328450.3430525446,488517.5550052534
2024-05-08 13:00:00,2329315.767690768,489066.3337552534
2024-05-08 14:00:00,2330198.815376529,489606.4125052534
2024-05-08 15:00:00,2331083.6586180767,490131.0975052534
2024-05-08 16:00:00,2331976.182848268,490626.5925052534
2024-05-08 17:00:00,2332826.677772634,491002.8600052534
2024-05-08 18:00:00,2333708.59492327,491109.5287552534
2024-05-08 19:00:00,2334585.358163777,491115.6262552534
2024-05-08 20:00:00,2335450.2507854705,491115.6262552534
2024-05-08 21:00:00,2336304.3700724435,491115.6262552534
2024-05-08 22:00:00,2337153.601457552,491115.6262552534
2024-05-08 23:00:00,2337995.151854017,491115.6262552534
2024-05-09 00:00:00,2338829.8525376655,491115.6262552534
2024-05-09 01:00:00,2339667.0802998287,491115.6262552534
2024-05-09 02:00:00,2340506.8351405067,491115.6262552534
2024-05-09 03:00:00,2341351.045619619,491115.6262552534
2024-05-09 04:00:00,2342205.8631782867,491115.6262552534
2024-05-09 05:00:00,2343084.554978713,491117.1337552534
2024-05-09 06:00:00,2343972.0583029077,491192.47875525337
2024-05-09 07:00:00,2344850.2180868043,491491.6162552534
2024-05-09 08:00:00,2345730.8716981825,491925.16125525336
2024-05-09 09:00:00,2346572.55509878,492394.1287552534
2024-05-09 10:00:00,2347409.2175933807,492889.3087552534
2024-05-09 11:00:00,2348252.729800798,493421.5462552534
2024-05-09 12:00:00,2349208.0984835285,493947.6262552534
2024-05-09 13:00:00,2350134.0067509417,494476.1812552534
2024-05-09 14:00:00,2351032.2501588245,494992.10625525337
2024-05-09 15:00:00,2351949.346902469,495485.2650052534
2024-05-09 16:00:00,2352862.6862793746,495940.3162552534
2024-05-09 17:00:00,2353819.3185013626,496292.1825052534
2024-05-09 18:00:00,2354829.9836521214,496392.6637552534
2024-05-09 19:00:00,2355879.0537460987,496398.2625052534
2024-05-09 20:00:00,2356941.823265709,496398.2625052534
2024-05-09 21:00:00,2357998.4413441974,496398.2625052534
2024-05-09 22:00:00,2359026.0312707988,496398.2625052534
2024-05-09 23:00:00,2359943.693282006,496398.2625052534
2024-05-10 00:00:00,2360856.899654779,496398.2625052534
2024-05-10 01:00:00,2361770.1060275524,496398.2625052534
2024-05-10 02:00:00,2362675.1991482517,496398.2625052534
2024-05-10 03:00:00,2363579.0287296935,496398.2625052534
2024-05-10 04:00:00,2364485.3853896502,496398.2625052534
2024-05-10 05:00:00,2365417.445098185,496399.9350052534
2024-05-10 06:00:00,2366402.274196233,496466.7562552534
2024-05-10 07:00:00,2367507.3722809665,496710.5137552534
2024-05-10 08:00:00,2368609.943287185,497067.6487552534
2024-05-10 09:00:00,2369704.135033065,497461.5862552534
2024-05-10 10:00:00,2370785.1926208744,497887.1550052534
2024-05-10 11:00:00,2371826.747981373,498363.9562552534
2024-05-10 12:00:00,2372823.746957532,498833.6700052534
2024-05-10 13:00:00,2373805.516960536,499303.9350052534
2024-05-10 14:00:00,2374868.851747709,499759.99125525344
2024-05-10 15:00:00,2375964.307032846,500159.4517452034
2024-05-10 16:00:00,2377107.1117891027,500529.577587565
2024-05-10 17:00:00,2378156.0488789477,500791.92551704485
2024-05-10 18:00:00,2379233.914367581,500863.5454280589
2024-05-10 19:00:00,2380332.0297353654,500867.3606711232
2024-05-10 20:00:00,2381408.066417178,500867.3606711232
2024-05-10 21:00:00,2382469.007129968,500867.3606711232
2024-05-10 22:00:00,2383519.20775907,500867.3606711232
2024-05-10 23:00:00,2384437.5680419724,500867.3606711232
2024-05-11 00:00:00,2385349.6438796204,500867.3606711232
2024-05-11 01:00:00,2386252.0769176725,500867.3606711232
2024-05-11 02:00:00,2387150.8855931177,500867.3606711232
2024-05-11 03:00:00,2388044.806366699,500867.3606711232
2024-05-11 04:00:00,2388940.5559471,500867.3606711232
2024-05-11 05:00:00,2389857.6526907445,500868.53622652666
2024-05-11 06:00:00,2390789.7123992792,500928.82205283304
2024-05-11 07:00:00,2391828.7406812636,501175.7268562893
2024-05-11 08:00:00,2392908.0027132863,501541.08484408236
2024-05-11 09:00:00,2393935.0273723253,501948.42931673565
2024-05-11 10:00:00,2394957.0311253676,502393.4060543511
2024-05-11 11:00:00,2395978.4696108475,502843.0361601449
2024-05-11 12:00:00,2396948.3689950383,503348.962129684
2024-05-11 13:00:00,2397945.7669835943,503864.5301026566
2024-05-11 14:00:00,2398969.699296556,504358.0168291055
2024-05-11 15:00:00,2399986.116876039,504800.6474011098
2024-05-11 16:00:00,2401059.0944628078,505233.63309996703
2024-05-11 17:00:00,2402086.1191218467,505523.52656154707
2024-05-11 18:00:00,2403126.976210651,505617.418200144
2024-05-11 19:00:00,2404178.573383143,505621.7124249146
2024-05-11 20:00:00,2405204.3345029247,505621.7124249146
2024-05-11 21:00:00,2406139.7525658016,505621.7124249146
2024-05-11 22:00:00,2407050.43186006,505621.7124249146
2024-05-11 23:00:00,2407933.0472823908,505621.7124249146
2024-05-12 00:00:00,2408777.8230290655,505621.7124249146
2024-05-12 01:00:00,2409608.766345975,505621.7124249146
2024-05-12 02:00:00,2410435.9522961453,505621.7124249146
2024-05-12 03:00:00,2411305.8658238356,505621.7124249146
2024-05-12 04:00:00,2412170.193177967,505621.7124249146
2024-05-12 05:00:00,2412900.0201032506,505622.4260236544
2024-05-12 06:00:00,2413778.578899544,505657.54117921664
2024-05-12 07:00:00,2414684.370291938,505791.3090176859
2024-05-12 08:00:00,2415598.8402039683,505984.4073569835
2024-05-12 09:00:00,2416457.4483804083,506232.43092153856
2024-05-12 10:00:00,2417221.2246104768,506507.7439987199
2024-05-12 11:00:00,2417987.494668027,506819.9613577972
2024-05-12 12:00:00,2418748.045547886,507175.1123216752
2024-05-12 13:00:00,2419546.4361034003,507537.8236950754
2024-05-12 14:00:00,2420371.660242618,507895.5056367132
2024-05-12 15:00:00,2421199.9434768804,508212.66643747245
2024-05-12 16:00:00,2421754.9364701794,508476.65932993364
2024-05-12 17:00:00,2422665.74876857,508652.01417437615
2024-05-12 18:00:00,2423570.143617574,508725.7971553662
2024-05-12 19:00:00,2424468.9522930193,508729.7017532337
2024-05-12 20:00:00,2425357.0208847765,508729.7017532337
2024-05-12 21:00:00,2426229.4282399486,508729.7017532337
2024-05-12 22:00:00,2426967.3684173063,508729.7017532337
2024-05-12 23:00:00,2427687.0205264646,508729.7017532337
2024-05-13 00:00:00,2428384.859957916,508729.7017532337
2024-05-13 01:00:00,2429082.001117673,508729.7017532337
2024-05-13 02:00:00,2429772.0265563484,508729.7017532337
2024-05-13 03:00:00,2430458.294628285,508729.7017532337
2024-05-13 04:00:00,2431144.5627002213,508729.7017532337
2024-05-13 05:00:00,2431859.16065235,508730.4479213649
2024-05-13 06:00:00,2432580.7413214277,508772.2286425141
2024-05-13 07:00:00,2433346.313107283,508931.36215835635
2024-05-13 08:00:00,2434169.1431721183,509187.34393277846
2024-05-13 09:00:00,2434940.3011315325,509504.373394556
2024-05-13 10:00:00,2435686.321309931,509865.4743702236
2024-05-13 11:00:00,2436424.959758984,510256.80722965585
2024-05-13 12:00:00,2437159.275573735,510677.5304161469
2024-05-13 13:00:00,2437895.9522118354,511096.4506507266
2024-05-13 14:00:00,2438643.3689336237,511495.4705486445
2024-05-13 15:00:00,2439412.731337251,511857.5033755006
2024-05-13 16:00:00,2440214.779506406,512140.3150741891
2024-05-13 17:00:00,2441046.42109501,512325.09979379317
2024-05-13 18:00:00,2441921.355528697,512377.4917540464
2024-05-13 19:00:00,2442822.1260150946,512379.3966717605
2024-05-13 20:00:00,2443712.1564178043,512379.3966717605
2024-05-13 21:00:00,2444559.425991961,512379.3966717605
2024-05-13 22:00:00,2445379.06395762,512379.3966717605
2024-05-13 23:00:00,2446183.6059542564,512379.3966717605
2024-05-14 00:00:00,2446969.8598826933,512379.3966717605
2024-05-14 01:00:00,2447729.014219162,512379.3966717605
2024-05-14 02:00:00,2448429.247724996,512379.3966717605
2024-05-14 03:00:00,2449085.4901140523,512379.3966717605
2024-05-14 04:00:00,2449646.767552605,512379.3966717605
2024-05-14 05:00:00,2450428.69884674,512381.0392611305
2024-05-14 06:00:00,2451210.064873313,512447.00876253244
2024-05-14 07:00:00,2451997.017073445,512689.89454962994
2024-05-14 08:00:00,2452804.086148596,513054.485301858
2024-05-14 09:00:00,2453628.7450202513,513454.79215229413
2024-05-14 10:00:00,2454462.2154156757,513893.3192427303
2024-05-14 11:00:00,2455222.7662955346,514349.4494099112
2024-05-14 12:00:00,2455965.162111326,514832.40720773325
2024-05-14 13:00:00,2456720.8250893205,515303.51906406804
2024-05-14 14:00:00,2457496.4719382017,515765.06959633145
2024-05-14 15:00:00,2458311.088997864,516168.82512868795
2024-05-14 16:00:00,2459169.1319067418,516548.5953472692
2024-05-14 17:00:00,2460054.8064241167,516805.61597902916
2024-05-14 18:00:00,2460958.1039890293,516880.4673194035
2024-05-14 19:00:00,2461854.9508535224,516884.06223609735
2024-05-14 20:00:00,2462744.981256232,516884.06223609735
2024-05-14 21:00:00,2463604.2877043667,516884.06223609735
2024-05-14 22:00:00,2464440.2519272724,516884.06223609735
2024-05-14 23:00:00,2465266.174338185,516884.06223609735
2024-05-15 00:00:00,2466082.021686072,516884.06223609735
2024-05-15 01:00:00,2466890.3543004803,516884.06223609735
2024-05-15 02:00:00,2467694.8962971168,516884.06223609735
2024-05-15 03:00:00,2468498.8730261903,516884.06223609735
2024-05-15 04:00:00,2469305.376833779,516884.06223609735
2024-05-15 05:00:00,2470127.5086269192,516885.5466657183
2024-05-15 06:00:00,2470950.3386917547,516959.070057336
2024-05-15 07:00:00,2471771.240196671,517266.41297921794
2024-05-15 08:00:00,2472626.0577553385,517711.1550285314
2024-05-15 09:00:00,2473481.4405815685,518190.1011100185
2024-05-15 10:00:00,2474366.4168272484,518669.7013992931
2024-05-15 11:00:00,2475293.455629787,519221.5592833231
2024-05-15 12:00:00,2476187.376403368,519750.6867303576
2024-05-15 13:00:00,2477120.832655293,520276.27437969117
2024-05-15 14:00:00,2478149.6528701186,520788.64397865103
2024-05-15 15:00:00,2479131.28986899,521288.54725239356
2024-05-15 16:00:00,2480099.2274422287,521744.90561067517
2024-05-15 17:00:00,2481107.3987655058,522088.9765294378
2024-05-15 18:00:00,2482121.8545340365,522185.06815849367
2024-05-15 19:00:00,2483152.636559814,522190.64536614274
2024-05-15 20:00:00,2484171.414962647,522190.64536614274
2024-05-15 21:00:00,2485187.8325421303,522190.64536614274
2024-05-15 22:00:00,2486182.171435642,522190.64536614274
2024-05-15 23:00:00,2487086.699288779,522190.64536614274
2024-05-16 00:00:00,2487986.073231787,522190.64536614274
2024-05-16 01:00:00,2488887.408985747,522190.64536614274
2024-05-16 02:00:00,2489785.65239363,522190.64536614274
2024-05-16 03:00:00,2490683.8958015125,522190.64536614274
2024-05-16 04:00:00,2491579.5123777813,522190.64536614274
2024-05-16 05:00:00,2492492.851754687,522192.3511403343
2024-05-16 06:00:00,2493400.471953901,522256.039469966
2024-05-16 07:00:00,2494294.25972335,522509.0399075625
2024-05-16 08:00:00,2495200.051115744,522849.71024553094
2024-05-16 09:00:00,2496117.5801228187,523259.3232745021
2024-05-16 10:00:00,2497018.915876779,523701.9556672199
2024-05-16 11:00:00,2497886.302325954,524195.20042618975
2024-05-16 12:00:00,2498807.189687371,524644.5875914457
2024-05-16 13:00:00,2499683.3876603153,525106.7000421088
2024-05-16 14:00:00,2500537.6399514205,525579.0841671476
2024-05-16 15:00:00,2501436.3156227334,525983.6320754009
2024-05-16 16:00:00,2502359.696811632,526335.6570995535
2024-05-16 17:00:00,2503334.4840976866,526590.7394940172
2024-05-16 18:00:00,2504365.2661234643,526666.7771246242
2024-05-16 19:00:00,2505426.2068362543,526670.5037658607
2024-05-16 20:00:00,2506490.3728992543,526670.5037658607
2024-05-16 21:00:00,2507546.292706048,526670.5037658607
2024-05-16 22:00:00,2508555.0292968876,526670.5037658607
2024-05-16 23:00:00,2509474.5201149145,526670.5037658607
2024-05-17 00:00:00,2510387.161220125,526670.5037658607
2024-05-17 01:00:00,2511294.9144234713,526670.5037658607
2024-05-17 02:00:00,2512193.024827222,526670.5037658607
2024-05-17 03:00:00,2513088.774407623,526670.5037658607
2024-05-17 04:00:00,2513985.0892555863,526670.5037658607
2024-05-17 05:00:00,2514905.8436128707,526671.3079674907
2024-05-17 06:00:00,2515849.3416767884,526713.9570630515
2024-05-17 07:00:00,2516838.6596643035,526878.0071741318
2024-05-17 08:00:00,2517932.8514101836,527145.3414854159
2024-05-17 09:00:00,2519013.3437304306,527445.0708540926
2024-05-17 10:00:00,2519955.578255091,527813.7647611377
2024-05-17 11:00:00,2520876.4656165075,528188.7641451207
2024-05-17 12:00:00,2521782.124004769,528626.5742511083
2024-05-17 13:00:00,2522681.6309519093,529062.5999950378
2024-05-17 14:00:00,2523578.4778164024,529458.1293942052
2024-05-17 15:00:00,2524472.830853414,529814.1726347631
2024-05-17 16:00:00,2525348.4635587954,530109.6121325917
2024-05-17 17:00:00,2526213.356180489,530301.7238424531
2024-05-17 18:00:00,2527058.8301988584,530355.0683787505
2024-05-17 19:00:00,2527904.3042172277,530356.8450392002
2024-05-17 20:00:00,2528740.2684401334,530356.8450392002
2024-05-17 21:00:00,2529582.5171082933,530356.8450392002
2024-05-17 22:00:00,2530422.2719489713,530356.8450392002
2024-05-17 23:00:00,2531246.9308206267,530356.8450392002
2024-05-18 00:00:00,2532065.3052470284,530356.8450392002
2024-05-18 01:00:00,2532883.114405867,530356.8450392002
2024-05-18 02:00:00,2533686.392863246,530356.8450392002
2024-05-18 03:00:00,2534495.955765879,530356.8450392002
2024-05-18 04:00:00,2535301.19603421,530356.8450392002
2024-05-18 05:00:00,2536135.1984461634,530358.3622070522
2024-05-18 06:00:00,2536995.735182523,530430.6467976576
2024-05-18 07:00:00,2537883.1055025854,530733.9667125882
2024-05-18 08:00:00,2538788.065619152,531156.350971836
2024-05-18 09:00:00,2539710.748536356,531605.5146922077
2024-05-18 10:00:00,2540615.841657055,532106.1153158968
2024-05-18 11:00:00,2541550.3951930716,532639.2432826789
2024-05-18 12:00:00,2542422.2705317144,533174.7265335458
2024-05-18 13:00:00,2543224.8507173983,533714.8776508645
2024-05-18 14:00:00,2544145.738078815,534246.2492022614
2024-05-18 15:00:00,2545091.7632212476,534736.7319154989
2024-05-18 16:00:00,2546061.529601306,535199.5442200524
2024-05-18 17:00:00,2547075.985369837,535578.1961447673
2024-05-18 18:00:00,2548118.638014428,535690.3535640985
2024-05-18 19:00:00,2549190.352061939,535696.0314965413
2024-05-18 20:00:00,2550253.9528573765,535696.0314965413
2024-05-18 21:00:00,2551308.077108383,535696.0314965413
2024-05-18 22:00:00,2552318.6092550093,535696.0314965413
2024-05-18 23:00:00,2553236.4042703486,535696.0314965413
2024-05-19 00:00:00,2554130.1920397975,535696.0314965413
2024-05-19 01:00:00,2554989.498487932,535696.0314965413
2024-05-19 02:00:00,2555806.0441075135,535696.0314965413
2024-05-19 03:00:00,2556607.5270091053,535696.0314965413
2024-05-19 04:00:00,2557411.503738179,535696.0314965413
2024-05-19 05:00:00,2558219.836352587,535696.7954150883
2024-05-19 06:00:00,2559050.2144019343,535738.1559961467
2024-05-19 07:00:00,2559887.57516823,535901.4659201818
2024-05-19 08:00:00,2560714.7611184004,536138.5703637752
2024-05-19 09:00:00,2561543.87562849,536431.3021985742
2024-05-19 10:00:00,2562334.0531788315,536751.5986521166
2024-05-19 11:00:00,2563129.816902732,537075.0264622143
2024-05-19 12:00:00,2563893.5931328004,537476.5836918863
2024-05-19 13:00:00,2564600.676351451,537916.4041784244
2024-05-19 14:00:00,2565308.5908459285,538285.8958590635
2024-05-19 15:00:00,2566042.2083889847,538642.9114609937
2024-05-19 16:00:00,2566820.3490653476,538958.9021098842
2024-05-19 17:00:00,2567600.451552663,539179.0498598509
2024-05-19 18:00:00,2568403.730010042,539233.9642548464
2024-05-19 19:00:00,2569241.6560439,539236.4102844094
2024-05-19 20:00:00,2570073.164628372,539236.4102844094
2024-05-19 21:00:00,2570889.7102479534,539236.4102844094
2024-05-19 22:00:00,2571659.7709232755,539236.4102844094
2024-05-19 23:00:00,2572403.9955458874,539236.4102844094
2024-05-20 00:00:00,2573134.387738734,539236.4102844094
2024-05-20 01:00:00,2573856.533675374,539236.4102844094
2024-05-20 02:00:00,2574569.336071716,539236.4102844094
2024-05-20 03:00:00,2575280.176657106,539236.4102844094
2024-05-20 04:00:00,2575991.7155141905,539236.4102844094
2024-05-20 05:00:00,2576724.6347855516,539237.9298032295
2024-05-20 06:00:00,2577489.508299712,539311.7170400732
2024-05-20 07:00:00,2578332.3222354343,539606.3988794604
2024-05-20 08:00:00,2579177.6632496715,540046.6130739516
2024-05-20 09:00:00,2580025.4980913904,540506.2736567135
2024-05-20 10:00:00,2580888.561906264,540994.6986857377
2024-05-20 11:00:00,2581735.8314804207,541514.6017825647
2024-05-20 12:00:00,2582576.1183376284,542034.5783581805
2024-05-20 13:00:00,2583423.2549076523,542574.1904277651
2024-05-20 14:00:00,2584281.8630840923,543075.6624141504
2024-05-20 15:00:00,2585134.885086973,543597.1631444601
2024-05-20 16:00:00,2585992.794991718,544087.6690177505
2024-05-20 17:00:00,2586837.0054708305,544438.6162807462
2024-05-20 18:00:00,2587665.421709225,544546.9949355151
2024-05-20 19:00:00,2588485.059674884,544552.7174765687
2024-05-20 20:00:00,2589299.809738679,544552.7174765687
2024-05-20 21:00:00,2590083.7028437667,544552.7174765687
2024-05-20 22:00:00,2590829.1910056355,544552.7174765687
2024-05-20 23:00:00,2591571.586821427,544552.7174765687
2024-05-21 00:00:00,2592296.958108277,544552.7174765687
2024-05-21 01:00:00,2593019.802316612,544552.7174765687
2024-05-21 02:00:00,2593728.2820786526,544552.7174765687
2024-05-21 03:00:00,2594433.536490483,544552.7174765687
2024-05-21 04:00:00,2595144.510080005,544552.7174765687
2024-05-21 05:00:00,2595876.7310796715,544554.4517931859
2024-05-21 06:00:00,2596620.9557022834,544624.1618778968
2024-05-21 07:00:00,2597436.80305017,544858.9406578637
2024-05-21 08:00:00,2598240.7797792437,545228.7275505516
2024-05-21 09:00:00,2599002.4611942274,545638.5482472953
2024-05-21 10:00:00,2599761.748534829,546066.617892255
2024-05-21 11:00:00,2600512.9558743895,546531.6325411655
2024-05-21 12:00:00,2601244.478602361,546993.7125185978
2024-05-21 13:00:00,2601993.724130969,547456.3427334983
2024-05-21 14:00:00,2602776.918964362,547901.1182511286
2024-05-21 15:00:00,2603655.610764788,548318.6392854609
2024-05-21 16:00:00,2604499.1229722053,548698.2776624324
2024-05-21 17:00:00,2605425.596507181,548964.0279863026
2024-05-21 18:00:00,2606297.305590658,549035.4113515014
2024-05-21 19:00:00,2607177.2609303417,549039.221421795
2024-05-21 20:00:00,2608053.458903286,549039.221421795
2024-05-21 21:00:00,2608895.707571446,549039.221421795
2024-05-21 22:00:00,2609723.0265257484,549039.221421795
2024-05-21 23:00:00,2610540.702680455,549039.221421795
2024-05-22 00:00:00,2611347.9047597386,549039.221421795
2024-05-22 01:00:00,2612142.4049443817,549039.221421795
2024-05-22 02:00:00,2612902.9558242406,549039.221421795
2024-05-22 03:00:00,2613616.323488145,549039.221421795
2024-05-22 04:00:00,2614325.9005342773,549039.221421795
2024-05-22 05:00:00,2615058.254538076,549040.4862223427
2024-05-22 06:00:00,2615786.68491997,549096.879424028
2024-05-22 07:00:00,2616486.3531582416,549328.1832011626
2024-05-22 08:00:00,2617116.194227025,549676.0459095761
2024-05-22 09:00:00,2617697.588540597,550092.3219790815
2024-05-22 10:00:00,2618333.7140546343,550536.4337974015
2024-05-22 11:00:00,2619007.546240195,551000.9505635353
2024-05-22 12:00:00,2619680.1148864985,551507.7603747518
2024-05-22 13:00:00,2620276.57191806,552028.6724257525
2024-05-22 14:00:00,2620886.2961118245,552507.2548018607
2024-05-22 15:00:00,2621542.538500881,552939.645902407
2024-05-22 16:00:00,2622239.546656505,553362.912486598
2024-05-22 17:00:00,2622986.8303741612,553646.1688691179
2024-05-22 18:00:00,2623793.899449312,553739.7766499514
2024-05-22 19:00:00,2624642.432562726,553744.2361081576
2024-05-22 20:00:00,2625493.625758787,553744.2361081576
2024-05-22 21:00:00,2626318.9829021376,553744.2361081576
2024-05-22 22:00:00,2627127.315516546,553744.2361081576
2024-05-22 23:00:00,2627927.5348788807,553744.2361081576
2024-05-23 00:00:00,2628672.457773187,553744.2361081576
2024-05-23 01:00:00,2629397.829060037,553744.2361081576
2024-05-23 02:00:00,2630113.125283861,553744.2361081576
2024-05-23 03:00:00,2630826.625951898,553744.2361081576
2024-05-23 04:00:00,2631541.9221757217,553744.2361081576
2024-05-23 05:00:00,2632270.485561748,553745.0258743257
2024-05-23 06:00:00,2633039.8479653755,553789.898074735
2024-05-23 07:00:00,2633835.611689276,553952.0697209495
2024-05-23 08:00:00,2634569.062977167,554212.6007573254
2024-05-23 09:00:00,2635280.6018342515,554534.8534060458
2024-05-23 10:00:00,2635975.116162394,554883.3251254895
2024-05-23 11:00:00,2636653.2709822566,555259.8607695507
2024-05-23 12:00:00,2637324.576089303,555684.2186338776
2024-05-23 13:00:00,2638002.863913298,556107.9120702426
2024-05-23 14:00:00,2638696.8129738783,556512.1761047147
2024-05-23 15:00:00,2639395.2176728924,556856.3635694297
2024-05-23 16:00:00,2640173.923616818,557152.1632012872
2024-05-23 17:00:00,2640958.9140059976,557333.230963372
2024-05-23 18:00:00,2641813.731564665,557385.0793168866
2024-05-23 19:00:00,2642698.175793816,557386.9825090278
2024-05-23 20:00:00,2643578.696401062,557386.9825090278
2024-05-23 21:00:00,2644461.744086823,557386.9825090278
2024-05-23 22:00:00,2645346.720332503,557386.9825090278
2024-05-23 23:00:00,2646230.4662899585,557386.9825090278
2024-05-24 00:00:00,2647098.4180066967,557386.9825090278
2024-05-24 01:00:00,2647934.3822296024,557386.9825090278
2024-05-24 02:00:00,2648757.644557868,557386.9825090278
2024-05-24 03:00:00,2649571.5633458355,557386.9825090278
2024-05-24 04:00:00,2650380.4279767736,557386.9825090278
2024-05-24 05:00:00,2651203.8233091715,557388.5298569878
2024-05-24 06:00:00,2652036.728437033,557469.7440894014
2024-05-24 07:00:00,2652870.7308489867,557775.1637278988
2024-05-24 08:00:00,2653691.0670863404,558201.1868379437
2024-05-24 09:00:00,2654495.043815414,558675.1649582981
2024-05-24 10:00:00,2655310.1928916057,559188.1865711255
2024-05-24 11:00:00,2656146.290118644,559723.4628312463
2024-05-24 12:00:00,2656969.8184551746,560268.3983387011
2024-05-24 13:00:00,2657790.7199600907,560831.2833430085
2024-05-24 14:00:00,2658611.621465007,561355.8319814993
2024-05-24 15:00:00,2659477.744374925,561875.3963843153
2024-05-24 16:00:00,2660382.837495624,562391.1658140615
2024-05-24 17:00:00,2661324.540003755,562758.840612865
2024-05-24 18:00:00,2662316.9170863144,562863.8251445934
2024-05-24 19:00:00,2663347.0008403976,562869.6908731876
2024-05-24 20:00:00,2664276.66647455,562869.6908731876
2024-05-24 21:00:00,2665195.026757452,562869.6908731876
2024-05-24 22:00:00,2666109.629673615,562869.6908731876
2024-05-24 23:00:00,2667021.572507131,562869.6908731876
2024-05-25 00:00:00,2667920.381182576,562869.6908731876
2024-05-25 01:00:00,2668809.1480460283,562869.6908731876
2024-05-25 02:00:00,2669692.3287359215,562869.6908731876
2024-05-25 03:00:00,2670571.58580391,562869.6908731876
2024-05-25 04:00:00,2671455.4647654984,562869.6908731876
2024-05-25 05:00:00,2672366.144059757,562870.947096334
2024-05-25 06:00:00,2673293.1828622953,562931.3564292197
2024-05-25 07:00:00,2674232.7905553416,563165.6150533636
2024-05-25 08:00:00,2675245.2845129203,563510.776949602
2024-05-25 09:00:00,2676228.883322744,563893.6218325128
2024-05-25 10:00:00,2677203.1053412366,564334.0151186774
2024-05-25 11:00:00,2678166.587276041,564806.2256399979
2024-05-25 12:00:00,2679122.6542304666,565314.00180841
2024-05-25 13:00:00,2680073.5672747632,565806.2788608018
2024-05-25 14:00:00,2681027.6724182367,566272.8957001753
2024-05-25 15:00:00,2682013.7650555423,566734.9232215644
2024-05-25 16:00:00,2683080.4581970572,567139.5873415037
2024-05-25 17:00:00,2684123.2438457804,567441.2329882877
2024-05-25 18:00:00,2685188.540443905,567530.9579872136
2024-05-25 19:00:00,2686282.03391809,567535.4114004531
2024-05-25 20:00:00,2687367.015127804,567535.4114004531
2024-05-25 21:00:00,2688424.89674555,567535.4114004531
2024-05-25 22:00:00,2689365.7347268206,567535.4114004531
2024-05-25 23:00:00,2690299.1909787455,567535.4114004531
2024-05-26 00:00:00,2691219.3800684675,567535.4114004531
2024-05-26 01:00:00,2692135.0802687225,567535.4114004531
2024-05-26 02:00:00,2693047.1561063705,567535.4114004531
2024-05-26 03:00:00,2693956.039844842,567535.4114004531
2024-05-26 04:00:00,2694868.813954185,567535.4114004531
2024-05-26 05:00:00,2695820.558274309,567536.5225159858
2024-05-26 06:00:00,2696895.331416865,567588.8542910652
2024-05-26 07:00:00,2698002.225057385,567776.1453976857
2024-05-26 08:00:00,2699124.77993449,568027.4443472442
2024-05-26 09:00:00,2700240.884111176,568328.0518124071
2024-05-26 10:00:00,2701344.585652519,568662.1482374705
2024-05-26 11:00:00,2702404.8280936144,569036.1181583423
2024-05-26 12:00:00,2703450.0078167203,569400.9432368758
2024-05-26 13:00:00,2704469.6174953803,569791.5080771048
2024-05-26 14:00:00,2705511.704872409,570132.6195525158
2024-05-26 15:00:00,2706609.8202401935,570443.6763393311
2024-05-26 16:00:00,2707707.237336283,570707.3550305339
2024-05-26 17:00:00,2708823.5077681346,570869.9927051619
2024-05-26 18:00:00,2709946.760916935,570910.1669780107
2024-05-26 19:00:00,2711052.95628576,570912.1268858035
2024-05-26 20:00:00,2712128.294695878,570912.1268858035
2024-05-26 21:00:00,2713200.407755786,570912.1268858035
2024-05-26 22:00:00,2714229.926242307,570912.1268858035
2024-05-26 23:00:00,2715182.801097556,570912.1268858035
2024-05-27 00:00:00,2716129.9235240803,570912.1268858035
2024-05-27 01:00:00,2717078.309489862,570912.1268858035
2024-05-27 02:00:00,2718015.5231085257,570912.1268858035
2024-05-27 03:00:00,2718952.603723057,570912.1268858035
2024-05-27 04:00:00,2719887.1572590736,570912.1268858035
2024-05-27 05:00:00,2720863.3410885185,570912.8810590436
2024-05-27 06:00:00,2721932.960320945,570953.4235536963
2024-05-27 07:00:00,2723039.15568977,571114.1258281833
2024-05-27 08:00:00,2724157.3546815403,571343.3664165846
2024-05-27 09:00:00,2725271.098034877,571630.0117165176
2024-05-27 10:00:00,2726330.110187748,571938.0387699328
2024-05-27 11:00:00,2727369.7037372948,572272.8912148359
2024-05-27 12:00:00,2728401.616298198,572678.3647994297
2024-05-27 13:00:00,2729386.6116514113,573086.5609408709
2024-05-27 14:00:00,2730435.6817453885,573492.945104991
2024-05-27 15:00:00,2731536.1579365223,573860.6643291424
2024-05-27 16:00:00,2732647.9394789063,574170.6330424853
2024-05-27 17:00:00,2733735.414516102,574395.9196052847
2024-05-27 18:00:00,2734837.9855223205,574449.9534170483
2024-05-27 19:00:00,2735931.6120006377,574452.3635729045
2024-05-27 20:00:00,2736998.3051421526,574452.3635729045
2024-05-27 21:00:00,2737962.3523445195,574452.3635729045
2024-05-27 22:00:00,2738898.1694197934,574452.3635729045
2024-05-27 23:00:00,2739823.3794155116,574452.3635729045
2024-05-28 00:00:00,2740731.6978864204,574452.3635729045
2024-05-28 01:00:00,2741638.1875505093,574452.3635729045
2024-05-28 02:00:00,2742528.217953219,574452.3635729045
2024-05-28 03:00:00,2743409.4368321598,574452.3635729045
2024-05-28 04:00:00,2744274.3294538534,574452.3635729045
2024-05-28 05:00:00,2745151.7909660554,574453.5610933533
2024-05-28 06:00:00,2746058.147626012,574502.2013642179
2024-05-28 07:00:00,2746986.416716775,574693.4045632189
2024-05-28 08:00:00,2747899.0578219853,574957.3771932725
2024-05-28 09:00:00,2748775.388799062,575274.7416810946
2024-05-28 10:00:00,2749683.707269971,575610.7359168509
2024-05-28 11:00:00,2750588.102118975,575967.7429171075
2024-05-28 12:00:00,2751485.1152386335,576350.7246491446
2024-05-28 13:00:00,2752392.170170285,576749.4991594963
2024-05-28 14:00:00,2753317.380166003,577105.4578982388
2024-05-28 15:00:00,2754282.125640065,577405.3818045707
2024-05-28 16:00:00,2755273.937455062,577674.034625899
2024-05-28 17:00:00,2756317.85363891,577828.8172460286
2024-05-28 18:00:00,2757353.5235665524,577868.8064652289
2024-05-28 19:00:00,2758377.3228753814,577870.7327518804
2024-05-28 20:00:00,2759335.218636627,577870.7327518804
2024-05-28 21:00:00,2760286.8299526186,577870.7327518804
2024-05-28 22:00:00,2761232.023819224,577870.7327518804
2024-05-28 23:00:00,2762168.4061620603,577870.7327518804
2024-05-29 00:00:00,2763099.3353354703,577870.7327518804
2024-05-29 01:00:00,2764022.018252674,577870.7327518804
2024-05-29 02:00:00,2764941.509070701,577870.7327518804
2024-05-29 03:00:00,2765854.017171779,577870.7327518804
2024-05-29 04:00:00,2766758.4120207834,577870.7327518804
2024-05-29 05:00:00,2767675.508764428,577871.528319774
2024-05-29 06:00:00,2768598.7569491942,577910.5171888539
2024-05-29 07:00:00,2769601.9073664746,578063.6487295424
2024-05-29 08:00:00,2770602.53070524,578312.4723781567
2024-05-29 09:00:00,2771588.6233425457,578581.189891568
2024-05-29 10:00:00,2772559.087994299,578877.804930823
2024-05-29 11:00:00,2773506.9086925182,579211.3626791941
2024-05-29 12:00:00,2774454.0311190425,579634.4568219458
2024-05-29 13:00:00,2775369.7313192976,580055.7745456178
2024-05-29 14:00:00,2776278.615057769,580435.4776247256
2024-05-29 15:00:00,2777223.941928507,580789.6488114471
2024-05-29 16:00:00,2778152.9092909642,581105.8152611244
2024-05-29 17:00:00,2779158.5535357264,581324.2471921808
2024-05-29 18:00:00,2780198.8453569678,581374.9214926262
2024-05-29 19:00:00,2781261.7478807103,581377.3404557084
2024-05-29 20:00:00,2782316.969415809,581377.3404557084
2024-05-29 21:00:00,2783361.0186037896,581377.3404557084
2024-05-29 22:00:00,2784382.324085137,581377.3404557084
2024-05-29 23:00:00,2785322.4637947124,581377.3404557084
2024-05-30 00:00:00,2786257.715602424,581377.3404557084
2024-05-30 01:00:00,2787191.7371219113,581377.3404557084
2024-05-30 02:00:00,2788123.2315628836,581377.3404557084
2024-05-30 03:00:00,2789054.726003856,581377.3404557084
2024-05-30 04:00:00,2789979.935999574,581377.3404557084
2024-05-30 05:00:00,2790923.9993310543,581379.0401833853
2024-05-30 06:00:00,2791863.6070241006,581447.3818121428
2024-05-30 07:00:00,2792772.4907625723,581692.4254344354
2024-05-30 08:00:00,2793756.089572396,582042.2888803729
2024-05-30 09:00:00,2794714.6836053366,582445.4407903182
2024-05-30 10:00:00,2795673.8429058394,582855.0747814525
2024-05-30 11:00:00,2796585.2204717924,583335.9211480164
2024-05-30 12:00:00,2797497.861577003,583793.7285894491
2024-05-30 13:00:00,2798402.256426007,584256.3428930345
2024-05-30 14:00:00,2799311.672181008,584694.6648095993
2024-05-30 15:00:00,2800253.906705668,585111.3950444458
2024-05-30 16:00:00,2801209.1423842665,585468.9677503213
2024-05-30 17:00:00,2802287.1408770317,585716.0192371209
2024-05-30 18:00:00,2803353.8340185466,585790.9067107018
2024-05-30 19:00:00,2804405.431191039,585794.7046131255
2024-05-30 20:00:00,2805455.0665525785,585794.7046131255
2024-05-30 21:00:00,2806492.8312953054,585794.7046131255
2024-05-30 22:00:00,2807480.1874718685,585794.7046131255
2024-05-30 23:00:00,2808412.9454520983,585794.7046131255
2024-05-31 00:00:00,2809343.7416213755,585794.7046131255
2024-05-31 01:00:00,2810262.1019042777,585794.7046131255
2024-05-31 02:00:00,2811126.429258409,585794.7046131255
2024-05-31 03:00:00,2812013.2343109087,585794.7046131255
2024-05-31 04:00:00,2812897.6785400594,585794.7046131255
2024-05-31 05:00:00,2813790.335774383,585796.1580100954
2024-05-31 06:00:00,2814673.383460144,585868.0770325876
2024-05-31 07:00:00,2815597.4629207375,586154.7112936011
2024-05-31 08:00:00,2816554.0951427254,586567.8806034457
2024-05-31 09:00:00,2817520.0709050116,587018.899786217
2024-05-31 10:00:00,2818480.4604937388,587527.0374522554
2024-05-31 11:00:00,2819419.635923355,588085.0977614819
2024-05-31 12:00:00,2820349.168553375,588608.3601781038
2024-05-31 13:00:00,2821280.5299902153,589136.9527544443
2024-05-31 14:00:00,2822188.848461124,589649.24682205
2024-05-31 15:00:00,2823108.339279151,590122.6568579323
2024-05-31 16:00:00,2824018.453305847,590566.4949223743
2024-05-31 17:00:00,2824913.3716104208,590907.6295677406
2024-05-31 18:00:00,2825780.0597879016,591011.0394798324
2024-05-31 19:00:00,2826636.706153389,591016.3924487066
2024-05-31 20:00:00,2827477.6912822914,591016.3924487066
2024-05-31 21:00:00,2828310.463406021,591016.3924487066
2024-05-31 22:00:00,2829126.3107539075,591016.3924487066
2024-05-31 23:00:00,2829872.330932306,591016.3924487066
2024-06-01 00:00:00,2830607.744031149,591016.3924487066
2024-06-01 01:00:00,2831340.0980349476,591016.3924487066
2024-06-01 02:00:00,2832060.448415801,591016.3924487066
2024-06-01 03:00:00,2832782.7273565736,591016.3924487066
2024-06-01 04:00:00,2833501.8141981694,591016.3924487066
2024-06-01 05:00:00,2834246.6040883437,591019.8236987066
2024-06-01 06:00:00,2835011.477602504,591096.2374487065
2024-06-01 07:00:00,2835837.400013417,591316.0436987065
2024-06-01 08:00:00,2836725.468605174,591628.1036987066
2024-06-01 09:00:00,2837602.930117376,591988.4974487067
2024-06-01 10:00:00,2838464.5973888603,592389.4699487067
2024-06-01 11:00:00,2839320.6784867854,592800.6986987067
2024-06-01 12:00:00,2840183.609297527,593245.3286987067
2024-06-01 13:00:00,2841070.4143500268,593682.1999487067
2024-06-01 14:00:00,2841953.59503992,594104.0711987066
2024-06-01 15:00:00,2842834.8139188606,594490.5761987066
2024-06-01 16:00:00,2843701.6351004736,594840.3424487066
2024-06-01 17:00:00,2844555.7543874467,595088.1236987066
2024-06-01 18:00:00,2845408.0781186325,595193.0974487066
2024-06-01 19:00:00,2846261.1001215135,595203.4924487066
2024-06-01 20:00:00,2847104.6123289308,595203.4924487066
2024-06-01 21:00:00,2847939.180008447,595203.4924487066
2024-06-01 22:00:00,2848768.1615144038,595203.4924487066
2024-06-01 23:00:00,2849549.5275409766,595203.4924487066
2024-06-02 00:00:00,2850287.4677183344,595203.4924487066
2024-06-02 01:00:00,2851018.5581828756,595203.4924487066
2024-06-02 02:00:00,2851748.3851081594,595203.4924487066
2024-06-02 03:00:00,2852475.019934267,595203.4924487066
2024-06-02 04:00:00,2853034.4685659995,595203.4924487066
2024-06-02 05:00:00,2853736.0986152235,595208.0224487067
2024-06-02 06:00:00,2854590.916173891,595299.7474487067
2024-06-02 07:00:00,2855439.449287305,595555.3774487067
2024-06-02 08:00:00,2856275.413510211,595896.7736987066
2024-06-02 09:00:00,2857110.1141938595,596280.7174487066
2024-06-02 10:00:00,2857909.6352844993,596698.0436987067
2024-06-02 11:00:00,2858715.4408203927,597141.8786987066
2024-06-02 12:00:00,2859519.982817029,597605.0036987066
2024-06-02 13:00:00,2860265.470978898,598068.0424487066
2024-06-02 14:00:00,2861026.7201304515,598508.8961987066
2024-06-02 15:00:00,2861792.9901880017,598928.5549487065
2024-06-02 16:00:00,2862574.3562145745,599300.0974487065
2024-06-02 17:00:00,2863404.601259789,599571.8486987065
2024-06-02 18:00:00,2864268.795609788,599697.3686987065
2024-06-02 19:00:00,2865134.3865031768,599710.5011987064
2024-06-02 20:00:00,2865970.9159936453,599710.5011987064
2024-06-02 21:00:00,2866797.4036721205,599710.5011987064
2024-06-02 22:00:00,2867614.5145592648,599710.5011987064
2024-06-02 23:00:00,2868423.379190203,599710.5011987064
2024-06-03 00:00:00,2869223.465548405,599710.5011987064
2024-06-03 01:00:00,2870019.7612888347,599710.5011987064
2024-06-03 02:00:00,2870807.977028224,599710.5011987064
2024-06-03 03:00:00,2871593.6656890986,599710.5011987064
2024-06-03 04:00:00,2872378.0908107157,599710.5011987064
2024-06-03 05:00:00,2873186.423425124,599714.8399487064
2024-06-03 06:00:00,2874014.8396635186,599807.1911987064
2024-06-03 07:00:00,2874854.5945041967,600074.2361987064
2024-06-03 08:00:00,2875692.3875339227,600440.0449487064
2024-06-03 09:00:00,2876516.3481338834,600865.9211987064
2024-06-03 10:00:00,2877316.0022286554,601324.3474487064
2024-06-03 11:00:00,2878019.9931012285,601795.7186987064
2024-06-03 12:00:00,2878752.347105027,602296.8686987064
2024-06-03 13:00:00,2879495.3081883816,602790.8374487064
2024-06-03 14:00:00,2880319.967060037,603270.0836987064
2024-06-03 15:00:00,2881172.290791223,603723.8861987063
2024-06-03 16:00:00,2882015.2377310777,604138.2761987064
2024-06-03 17:00:00,2882849.9384147264,604454.2624487063
2024-06-03 18:00:00,2883671.5381913376,604593.9986987063
2024-06-03 19:00:00,2884502.3485041144,604610.0636987062
2024-06-03 20:00:00,2885338.31272702,604610.0636987062
2024-06-03 21:00:00,2886169.2560439296,604610.0636987062
2024-06-03 22:00:00,2886983.873103592,604610.0636987062
2024-06-03 23:00:00,2887792.9039896955,604610.0636987062
2024-06-04 00:00:00,2888589.365985291,604610.0636987062
2024-06-04 01:00:00,2889382.0373631143,604610.0636987062
2024-06-04 02:00:00,2890167.726023989,604610.0636987062
2024-06-04 03:00:00,2890954.6782241208,604610.0636987062
2024-06-04 04:00:00,2891699.6011184272,604610.0636987062
2024-06-04 05:00:00,2892496.595130552,604614.7099487062
2024-06-04 06:00:00,2893319.4251953876,604716.2524487062
2024-06-04 07:00:00,2894164.899213757,605006.6074487062
2024-06-04 08:00:00,2895022.9421226345,605403.1099487061
2024-06-04 09:00:00,2895879.7214922546,605839.0961987061
2024-06-04 10:00:00,2896741.954031301,606306.6011987061
2024-06-04 11:00:00,2897602.357763528,606784.5049487061
2024-06-04 12:00:00,2898415.013012238,607278.0874487062
2024-06-04 13:00:00,2899247.352872537,607764.8299487062
2024-06-04 14:00:00,2900051.7618650408,608227.4899487062
2024-06-04 15:00:00,2900865.1153854458,608665.8311987063
2024-06-04 16:00:00,2901672.7497281595,609069.1736987063
2024-06-04 17:00:00,2902516.261935577,609379.2986987063
2024-06-04 18:00:00,2903381.6865738,609508.2761987064
2024-06-04 19:00:00,2904274.9090756862,609523.2499487064
2024-06-04 20:00:00,2905164.241206701,609523.2499487064
2024-06-04 21:00:00,2906043.0992622925,609523.2499487064
2024-06-04 22:00:00,2906901.7074387325,609523.2499487064
2024-06-04 23:00:00,2907747.0484529696,609523.2499487064
2024-06-05 00:00:00,2908586.105021953,609523.2499487064
2024-06-05 01:00:00,2909429.051961808,609523.2499487064
2024-06-05 02:00:00,2910265.5814522766,609523.2499487064
2024-06-05 03:00:00,2911097.7883084435,609523.2499487064
2024-06-05 04:00:00,2911935.0160706067,609523.2499487064
2024-06-05 05:00:00,2912796.683342091,609527.1124487064
2024-06-05 06:00:00,2913662.107980314,609614.6374487064
2024-06-05 07:00:00,2914502.394837522,609870.7999487064
2024-06-05 08:00:00,2915391.028696842,610223.0224487064
2024-06-05 09:00:00,2916298.5158919236,610618.2161987064
2024-06-05 10:00:00,2917240.052144889,611044.7711987065
2024-06-05 11:00:00,2918141.387898849,611493.0199487065
2024-06-05 12:00:00,2919053.463736497,611939.7311987065
2024-06-05 13:00:00,2919932.155536923,612377.8774487065
2024-06-05 14:00:00,2920781.2539178994,612794.3036987066
2024-06-05 15:00:00,2921658.7154301014,613181.4424487066
2024-06-05 16:00:00,2922504.0564443385,613527.6161987066
2024-06-05 17:00:00,2923283.460659959,613804.5536987066
2024-06-05 18:00:00,2924102.533358055,613933.4186987065
2024-06-05 19:00:00,2924960.5762669328,613947.9049487065
2024-06-05 20:00:00,2925825.601892759,613947.9049487065
2024-06-05 21:00:00,2926679.1559121693,613947.9049487065
2024-06-05 22:00:00,2927532.17791505,613947.9049487065
2024-06-05 23:00:00,2928382.107571854,613947.9049487065
2024-06-06 00:00:00,2929192.2357420493,613947.9049487065
2024-06-06 01:00:00,2929987.4341983874,613947.9049487065
2024-06-06 02:00:00,2930768.2349573974,613947.9049487065
2024-06-06 03:00:00,2931545.145345536,613947.9049487065
2024-06-06 04:00:00,2932316.3033049502,613947.9049487065
2024-06-06 05:00:00,2933107.0128718214,613953.7211987065
2024-06-06 06:00:00,2933893.9650719534,614067.4886987065
2024-06-06 07:00:00,2934662.7622080185,614386.7786987065
2024-06-06 08:00:00,2935392.02386574,614812.1036987065
2024-06-06 09:00:00,2936106.2228054716,615280.4186987064
2024-06-06 10:00:00,2936805.1927720485,615772.6099487065
2024-06-06 11:00:00,2937494.819198327,616290.0536987064
2024-06-06 12:00:00,2938195.750975856,616799.7949487064
2024-06-06 13:00:00,2938912.8760065,617303.3186987065
2024-06-06 14:00:00,2939705.414380191,617792.8736987065
2024-06-06 15:00:00,2940449.07373524,618249.9311987065
2024-06-06 16:00:00,2941174.44502209,618661.0849487066
2024-06-06 17:00:00,2941946.9995248937,618983.7274487065
2024-06-06 18:00:00,2942769.131318034,619118.0074487065
2024-06-06 19:00:00,2943632.760400471,619131.8411987065
2024-06-06 20:00:00,2944492.0668486054,619131.8411987065
2024-06-06 21:00:00,2945346.3191397106,619131.8411987065
2024-06-06 22:00:00,2946196.6810599444,619131.8411987065
2024-06-06 23:00:00,2947032.64528285,619131.8411987065
2024-06-07 00:00:00,2947873.6304117525,619131.8411987065
2024-06-07 01:00:00,2948709.594634658,619131.8411987065
2024-06-07 02:00:00,2949546.955400954,619131.8411987065
2024-06-07 03:00:00,2950379.8605288155,619131.8411987065
2024-06-07 04:00:00,2951206.3482072907,619131.8411987065
2024-06-07 05:00:00,2952060.600498396,619138.3024487066
2024-06-07 06:00:00,2952938.594027127,619254.1924487066
2024-06-07 07:00:00,2953840.4950486496,619575.2186987066
2024-06-07 08:00:00,2954795.2984638177,619999.8911987066
2024-06-07 09:00:00,2955741.1906021177,620468.4836987066
2024-06-07 10:00:00,2956617.388575062,620961.5936987066
2024-06-07 11:00:00,2957488.0003744476,621487.0249487066
2024-06-07 12:00:00,2958404.398846397,621988.7974487066
2024-06-07 13:00:00,2959379.3191365846,622479.0011987066
2024-06-07 14:00:00,2960323.947735627,622964.2286987066
2024-06-07 15:00:00,2961286.8644028693,623420.6074487066
2024-06-07 16:00:00,2962282.4668356385,623837.7986987067
2024-06-07 17:00:00,2963308.7932229824,624159.7136987067
2024-06-07 18:00:00,2964406.210319072,624291.3536987067
2024-06-07 19:00:00,2965502.363875904,624305.2474487068
2024-06-07 20:00:00,2966575.3414626727,624305.2474487068
2024-06-07 21:00:00,2967632.524808724,624305.2474487068
2024-06-07 22:00:00,2968651.3032115567,624305.2474487068
2024-06-07 23:00:00,2969605.40835503,624305.2474487068
2024-06-08 00:00:00,2970559.380494371,624305.2474487068
2024-06-08 01:00:00,2971506.5029208953,624305.2474487068
2024-06-08 02:00:00,2972445.5453463793,624305.2474487068
2024-06-08 03:00:00,2973382.1936974805,624305.2474487068
2024-06-08 04:00:00,2974319.274312012,624305.2474487068
2024-06-08 05:00:00,2975289.1736962027,624310.4186987068
2024-06-08 06:00:00,2976374.0219017845,624415.8086987068
2024-06-08 07:00:00,2977477.8564472604,624715.8086987068
2024-06-08 08:00:00,2978592.8633398544,625119.9199487068
2024-06-08 09:00:00,2979690.978707639,625563.1624487068
2024-06-08 10:00:00,2980721.760733417,626036.5286987068
2024-06-08 11:00:00,2981697.2462911666,626541.5786987068
2024-06-08 12:00:00,2982741.7277425774,627030.2036987068
2024-06-08 13:00:00,2983727.820379883,627511.1524487068
2024-06-08 14:00:00,2984749.8241329254,627983.8286987068
2024-06-08 15:00:00,2985707.1546266084,628416.9611987068
2024-06-08 16:00:00,2986683.2054519206,628808.2999487068
2024-06-08 17:00:00,2987697.528216319,629113.3624487068
2024-06-08 18:00:00,2988734.594687351,629230.7074487067
2024-06-08 19:00:00,2989795.003383612,629243.8849487067
2024-06-08 20:00:00,2990761.5444134604,629243.8849487067
2024-06-08 21:00:00,2991703.0806664256,629243.8849487067
2024-06-08 22:00:00,2992634.442103266,629243.8849487067
2024-06-08 23:00:00,2993547.7814801713,629243.8849487067
2024-06-09 00:00:00,2994453.572872565,629243.8849487067
2024-06-09 01:00:00,2995355.4738940876,629243.8849487067
2024-06-09 02:00:00,2996246.900840187,629243.8849487067
2024-06-09 03:00:00,2997124.894368918,629243.8849487067
2024-06-09 04:00:00,2998000.3940701676,629243.8849487067
2024-06-09 05:00:00,2998887.3321268,629249.0449487068
2024-06-09 06:00:00,2999794.3870584513,629356.8274487067
2024-06-09 07:00:00,3000721.558865122,629664.9686987067
2024-06-09 08:00:00,3001611.0240002694,630073.2086987067
2024-06-09 09:00:00,3002476.614893658,630525.1511987067
2024-06-09 10:00:00,3003341.5075153518,631007.0074487067
2024-06-09 11:00:00,3004244.1068085693,631513.9436987067
2024-06-09 12:00:00,3005141.651944757,632010.9386987067
2024-06-09 13:00:00,3006052.4642431475,632501.5136987066
2024-06-09 14:00:00,3006965.670615921,632983.4111987066
2024-06-09 15:00:00,3007923.566377166,633429.2074487066
2024-06-09 16:00:00,3008886.4830444083,633834.0236987066
2024-06-09 17:00:00,3009873.2739534085,634153.5311987066
2024-06-09 18:00:00,3010891.620092811,634267.4449487065
2024-06-09 19:00:00,3011874.6536350725,634281.0686987066
2024-06-09 20:00:00,3012856.4236380765,634281.0686987066
2024-06-09 21:00:00,3013828.683845617,634281.0686987066
2024-06-09 22:00:00,3014785.8813351677,634281.0686987066
2024-06-09 23:00:00,3015722.3966821367,634281.0686987066
2024-06-10 00:00:00,3016650.13375637,634281.0686987066
2024-06-10 01:00:00,3017570.322846092,634281.0686987066
2024-06-10 02:00:00,3018484.2274905597,634281.0686987066
2024-06-10 03:00:00,3019396.1703240755,634281.0686987066
2024-06-10 04:00:00,3020305.5860790764,634281.0686987066
2024-06-10 05:00:00,3021249.6494105565,634285.5011987066
2024-06-10 06:00:00,3022281.1297080293,634384.3474487065
2024-06-10 07:00:00,3023318.196179061,634670.2211987065
2024-06-10 08:00:00,3024371.7551625054,635056.6436987065
2024-06-10 09:00:00,3025429.503776119,635486.5099487065
2024-06-10 10:00:00,3026436.976827701,635951.1049487065
2024-06-10 11:00:00,3027435.073087952,636448.9174487065
2024-06-10 12:00:00,3028436.3946984126,636950.6711987065
2024-06-10 13:00:00,3029455.3061053776,637447.4861987064
2024-06-10 14:00:00,3030496.163194182,637929.4736987065
2024-06-10 15:00:00,3031519.962503011,638340.2124504284
2024-06-10 16:00:00,3032581.601487496,638743.6996860924
2024-06-10 17:00:00,3033680.814139372,639035.4270326832
2024-06-10 18:00:00,3034804.5993047017,639162.6204626466
2024-06-10 19:00:00,3035946.0075175688,639176.5041987313
2024-06-10 20:00:00,3037076.6423957148,639176.5041987313
2024-06-10 21:00:00,3038189.820481489,639176.5041987313
2024-06-10 22:00:00,3039278.42605381,639176.5041987313
2024-06-10 23:00:00,3040360.0489091817,639176.5041987313
2024-06-11 00:00:00,3041438.6126695094,639176.5041987313
2024-06-11 01:00:00,3042503.3440000718,639176.5041987313
2024-06-11 02:00:00,3043554.242900869,639176.5041987313
2024-06-11 03:00:00,3044596.89554546,639176.5041987313
2024-06-11 04:00:00,3045638.2846507933,639176.5041987313
2024-06-11 05:00:00,3046698.693347054,639180.7667296398
2024-06-11 06:00:00,3047776.6918398193,639274.070583893
2024-06-11 07:00:00,3048871.0165898316,639539.221229934
2024-06-11 08:00:00,3049952.074177641,639895.0167859119
2024-06-11 09:00:00,3050990.5371920625,640326.230550191
2024-06-11 10:00:00,3051997.5779802143,640764.4834459537
2024-06-11 11:00:00,3052988.159506987,641252.3265948847
2024-06-11 12:00:00,3053976.2139552445,641745.5242788265
2024-06-11 13:00:00,3054964.9666751972,642231.1929462495
2024-06-11 14:00:00,3056020.3212144286,642690.3874718063
2024-06-11 15:00:00,3057109.492054312,643150.1518169461
2024-06-11 16:00:00,3058190.5496421214,643551.0595216824
2024-06-11 17:00:00,3059301.067645248,643881.748697958
2024-06-11 18:00:00,3060437.587956251,644022.5592570347
2024-06-11 19:00:00,3061575.7708189087,644037.9324886337
2024-06-11 20:00:00,3062697.7604284515,644037.9324886337
2024-06-11 21:00:00,3063808.278431578,644037.9324886337
2024-06-11 22:00:00,3064906.3937993627,644037.9324886337
2024-06-11 23:00:00,3065993.6028282936,644037.9324886337
2024-06-12 00:00:00,3067073.962144408,644037.9324886337
2024-06-12 01:00:00,3068114.9522373443,644037.9324886337
2024-06-12 02:00:00,3069052.0328518758,644037.9324886337
2024-06-12 03:00:00,3070233.0762961856,644037.9324886337
2024-06-12 04:00:00,3071365.672985284,644037.9324886337
2024-06-12 05:00:00,3072507.6132146805,644042.6515110679
2024-06-12 06:00:00,3073628.904552528,644136.3460195682
2024-06-12 07:00:00,3074650.343038008,644397.033219064
2024-06-12 08:00:00,3075515.933931397,644744.4503697858
2024-06-12 09:00:00,3076373.2785685793,645120.5549136191
2024-06-12 10:00:00,3077136.3565269527,645526.1080303558
2024-06-12 11:00:00,3077871.071354101,645974.0911736351
2024-06-12 12:00:00,3078623.941245316,646429.0434258634
2024-06-12 13:00:00,3079362.579694369,646884.800008293
2024-06-12 14:00:00,3080118.109668231,647340.2688683276
2024-06-12 15:00:00,3080908.9854902676,647743.2853839626
2024-06-12 16:00:00,3081710.8674042565,648125.2244190422
2024-06-12 17:00:00,3082572.667679873,648402.7405197811
2024-06-12 18:00:00,3083439.488861486,648522.1464088219
2024-06-12 19:00:00,3084342.0881547034,648535.8798935814
2024-06-12 20:00:00,3085251.6701648696,648535.8798935814
2024-06-12 21:00:00,3086153.7041905248,648535.8798935814
2024-06-12 22:00:00,3087057.5337719666,648535.8798935814
2024-06-12 23:00:00,3087963.8904319233,648535.8798935814
2024-06-13 00:00:00,3088870.24709188,648535.8798935814
2024-06-13 01:00:00,3089781.0593902706,648535.8798935814
2024-06-13 02:00:00,3090685.454239275,648535.8798935814
2024-06-13 03:00:00,3091688.604656555,648535.8798935814
2024-06-13 04:00:00,3092562.408555117,648535.8798935814
2024-06-13 05:00:00,3093544.7438256834,648541.877760711
2024-06-13 06:00:00,3094464.367647843,648661.2066203428
2024-06-13 07:00:00,3095375.1799462335,648979.8595530529
2024-06-13 08:00:00,3096324.9624554054,649419.2084908647
2024-06-13 09:00:00,3097252.6995296385,649868.2125141685
2024-06-13 10:00:00,3098151.5082050837,650358.6227332026
2024-06-13 11:00:00,3099085.529724571,650866.6647421424
2024-06-13 12:00:00,3099987.563750226,651381.1109737686
2024-06-13 13:00:00,3100963.6145755383,651896.6440612031
2024-06-13 14:00:00,3101970.522359558,652389.7553283988
2024-06-13 15:00:00,3102964.8612530697,652843.4277558175
2024-06-13 16:00:00,3103952.217429633,653266.1081133245
2024-06-13 17:00:00,3104944.7275163247,653582.5407065287
2024-06-13 18:00:00,3105949.8064935245,653713.2292715297
2024-06-13 19:00:00,3106985.609425299,653727.0956187965
2024-06-13 20:00:00,3107943.5051865443,653727.0956187965
2024-06-13 21:00:00,3108871.9405324725,653727.0956187965
2024-06-13 22:00:00,3109797.7157957535,653727.0956187965
2024-06-13 23:00:00,3110716.0760786557,653727.0956187965
2024-06-14 00:00:00,3111631.244262381,653727.0956187965
2024-06-14 01:00:00,3112537.035654775,653727.0956187965
2024-06-14 02:00:00,3113443.525318864,653727.0956187965
2024-06-14 03:00:00,3114349.1837071255,653727.0956187965
2024-06-14 04:00:00,3115264.484894983,653727.0956187965
2024-06-14 05:00:00,3116211.773576673,653732.0420113895
2024-06-14 06:00:00,3117287.2449909234,653840.7469968433
2024-06-14 07:00:00,3118386.5906469324,654153.1336364718
2024-06-14 08:00:00,3119503.5593504785,654561.2972932872
2024-06-14 09:00:00,3120597.8841004907,655004.5521435238
2024-06-14 10:00:00,3121668.201604612,655501.3422954188
2024-06-14 11:00:00,3122753.049810194,656001.4259064151
2024-06-14 12:00:00,3123795.1371872225,656483.010887429
2024-06-14 13:00:00,3124811.5547667057,656966.6502156857
2024-06-14 14:00:00,3125850.4500445575,657439.6698699011
2024-06-14 15:00:00,3126940.8844236983,657894.4759944152
2024-06-14 16:00:00,3128099.88243307,658295.0796142296
2024-06-14 17:00:00,3129222.437310175,658611.7843857437
2024-06-14 18:00:00,3130319.8544062646,658721.3745090613
2024-06-14 19:00:00,3131411.1200612327,658734.8318302601
2024-06-14 20:00:00,3132472.6260415856,658734.8318302601
2024-06-14 21:00:00,3133519.202308081,658734.8318302601
2024-06-14 22:00:00,3134553.209684069,658734.8318302601
2024-06-14 23:00:00,3135568.3637242946,658734.8318302601
2024-06-15 00:00:00,3136555.154633295,658734.8318302601
2024-06-15 01:00:00,3137530.6401910447,658734.8318302601
2024-06-15 02:00:00,3138499.841303541,658734.8318302601
2024-06-15 03:00:00,3139467.7788767796,658734.8318302601
2024-06-15 04:00:00,3140438.243528533,658734.8318302601
2024-06-15 05:00:00,3141433.7129571694,658739.3229199129
2024-06-15 06:00:00,3142448.733993263,658836.8680704145
2024-06-15 07:00:00,3143494.6119880634,659138.0432967627
2024-06-15 08:00:00,3144562.40241367,659514.7280676514
2024-06-15 09:00:00,3145618.887488026,659948.8588934031
2024-06-15 10:00:00,3146661.540132617,660412.38825127
2024-06-15 11:00:00,3147726.836730742,660875.8420662368
2024-06-15 12:00:00,3148790.304522047,661370.6712775856
2024-06-15 13:00:00,3149902.2190685635,661847.5505021008
2024-06-15 14:00:00,3150960.6659538723,662288.8396028844
2024-06-15 15:00:00,3152069.388401212,662714.6844684858
2024-06-15 16:00:00,3153198.2277235715,663101.8365678169
2024-06-15 17:00:00,3154249.8248960637,663405.6185168294
2024-06-15 18:00:00,3155364.266521095,663535.792553232
2024-06-15 19:00:00,3156444.758841342,663551.3334628375
2024-06-15 20:00:00,3157531.4026027103,663551.3334628375
2024-06-15 21:00:00,3158596.0009291405,663551.3334628375
2024-06-15 22:00:00,3159645.0710231178,663551.3334628375
2024-06-15 23:00:00,3160673.8912379434,663551.3334628375
2024-06-16 00:00:00,3161671.9874981944,663551.3334628375
2024-06-16 01:00:00,3162581.4032531953,663551.3334628375
2024-06-16 02:00:00,3163478.948389383,663551.3334628375
2024-06-16 03:00:00,3164359.036733199,663551.3334628375
2024-06-16 04:00:00,3165235.799973706,663551.3334628375
2024-06-16 05:00:00,3166124.0015695957,663556.032865941
2024-06-16 06:00:00,3167038.6044857586,663657.2698791074
2024-06-16 07:00:00,3167976.9486395475,663942.2536127745
2024-06-16 08:00:00,3168971.985804754,664333.1969135321
2024-06-16 09:00:00,3169948.169634199,664776.9651330599
2024-06-16 10:00:00,3170878.965803476,665236.3208103988
2024-06-16 11:00:00,3171779.0380181787,665728.642165902
2024-06-16 12:00:00,3172733.8414333467,666246.688482002
2024-06-16 13:00:00,3173742.012756624,666716.353174849
2024-06-16 14:00:00,3174691.229998233,667171.6960813598
2024-06-16 15:00:00,3175721.313752316,667598.0570552391
2024-06-16 16:00:00,3176762.3038452524,668005.8515487297
2024-06-16 17:00:00,3177783.7423307323,668304.4118708795
2024-06-16 18:00:00,3178710.215865708,668436.6412638141
2024-06-16 19:00:00,3179626.0823211283,668451.161141291
2024-06-16 20:00:00,3180529.91190257,668451.161141291
2024-06-16 21:00:00,3181380.8390903664,668451.161141291
2024-06-16 22:00:00,3182224.3512977837,668451.161141291
2024-06-16 23:00:00,3183099.850999033,668451.161141291
2024-06-17 00:00:00,3183984.694240581,668451.161141291
2024-06-17 01:00:00,3184868.972214566,668451.161141291
2024-06-17 02:00:00,3185752.5519168563,668451.161141291
2024-06-17 03:00:00,3186640.055241051,668451.161141291
2024-06-17 04:00:00,3187532.0142036797,668451.161141291
2024-06-17 05:00:00,3188443.9570371956,668455.7391392208
2024-06-17 06:00:00,3189391.2457188857,668560.5912373649
2024-06-17 07:00:00,3190345.9161299216,668853.8080631545
2024-06-17 08:00:00,3191305.7737021195,669251.9407365894
2024-06-17 09:00:00,3192251.798844552,669693.4051882386
2024-06-17 10:00:00,3193213.4519725367,670140.3206648334
2024-06-17 11:00:00,3194172.046005477,670619.3427751253
2024-06-17 12:00:00,3195145.004484712,671092.2000286058
2024-06-17 13:00:00,3196131.23012615,671563.5838095718
2024-06-17 14:00:00,3197104.753872948,672005.4773249851
2024-06-17 15:00:00,3198094.770132158,672443.0862945841
2024-06-17 16:00:00,3199075.841863467,672832.1233127279
2024-06-17 17:00:00,3200057.046598908,673128.948778219
2024-06-17 18:00:00,3201024.851168014,673262.8020599594
2024-06-17 19:00:00,3201989.0313745136,673277.100036908
2024-06-17 20:00:00,3202942.438246292,673277.100036908
2024-06-17 21:00:00,3203892.220755464,673277.100036908
2024-06-17 22:00:00,3204829.3013699953,673277.100036908
2024-06-17 23:00:00,3205762.75762192,673277.100036908
2024-06-18 00:00:00,3206684.2102508997,673277.100036908
2024-06-18 01:00:00,3207604.3993406217,673277.100036908
2024-06-18 02:00:00,3208513.981350788,673277.100036908
2024-06-18 03:00:00,3209421.601550002,673277.100036908
2024-06-18 04:00:00,3210330.618292606,673277.100036908
2024-06-18 05:00:00,3211260.1509226263,673282.4678630227
2024-06-18 06:00:00,3212224.198124993,673388.4222799237
2024-06-18 07:00:00,3213197.721871791,673695.0710658551
2024-06-18 08:00:00,3214266.2105690925,674115.414744565
2024-06-18 09:00:00,3215380.5191899915,674552.2657479601
2024-06-18 10:00:00,3216471.651840827,675045.1462050709
2024-06-18 11:00:00,3217560.257413148,675531.3558919692
2024-06-18 12:00:00,3218624.423476148,676011.9437249748
2024-06-18 13:00:00,3219719.3134937226,676515.5666255082
2024-06-18 14:00:00,3220790.329269539,677001.3009498989
2024-06-18 15:00:00,3221872.783400738,677426.6542360629
2024-06-18 16:00:00,3222963.9160515736,677850.2199161119
2024-06-18 17:00:00,3224052.5216238946,678159.1678239751
2024-06-18 18:00:00,3225100.3614296475,678269.752825342
2024-06-18 19:00:00,3226177.0963831553,678283.147677911
2024-06-18 20:00:00,3227243.6232695044,678283.147677911
2024-06-18 21:00:00,3228296.3509771214,678283.147677911
2024-06-18 22:00:00,3229336.6427983628,678283.147677911
2024-06-18 23:00:00,3230367.4248241405,678283.147677911
2024-06-19 00:00:00,3231386.3362311055,678283.147677911
2024-06-19 01:00:00,3232381.9386638748,678283.147677911
2024-06-19 02:00:00,3233285.0699736215,678283.147677911
2024-06-19 03:00:00,3234182.08309328,678283.147677911
2024-06-19 04:00:00,3235070.8499567322,678283.147677911
2024-06-19 05:00:00,3235960.182087747,678288.3837662084
2024-06-19 06:00:00,3236848.383683637,678398.1849846059
2024-06-19 07:00:00,3237722.7528497614,678706.0141022092
2024-06-19 08:00:00,3238611.5197132137,679118.837648068
2024-06-19 09:00:00,3239517.3111056075,679584.8115262939
2024-06-19 10:00:00,3240423.6677655643,680060.5058089404
2024-06-19 11:00:00,3241342.0280484664,680551.2822270726
2024-06-19 12:00:00,3242263.613681578,681055.8452239467
2024-06-19 13:00:00,3243178.0835936083,681552.238948204
2024-06-19 14:00:00,3244109.5780345807,682040.5361728111
2024-06-19 15:00:00,3245061.1893505724,682464.5364880313
2024-06-19 16:00:00,3246096.294010652,682866.6830629538
2024-06-19 17:00:00,3247130.8666542023,683181.537804733
2024-06-19 18:00:00,3248163.6104909326,683297.7380944181
2024-06-19 19:00:00,3249201.3752336595,683311.1572897848
2024-06-19 20:00:00,3250240.403515644,683311.1572897848
2024-06-19 21:00:00,3251276.2064474183,683311.1572897848
2024-06-19 22:00:00,3252309.382547579,683311.1572897848
2024-06-19 23:00:00,3253345.185479353,683311.1572897848
2024-06-20 00:00:00,3254381.154666293,683311.1572897848
2024-06-20 01:00:00,3255421.4464875343,683311.1572897848
2024-06-20 02:00:00,3256458.379954434,683311.1572897848
2024-06-20 03:00:00,3257491.6890587267,683311.1572897848
2024-06-20 04:00:00,3258528.6225256263,683311.1572897848
2024-06-20 05:00:00,3259580.086693986,683317.6530892361
2024-06-20 06:00:00,3260648.010123725,683436.350772401
2024-06-20 07:00:00,3261700.737831342,683766.3725839772
2024-06-20 08:00:00,3262744.088747628,684199.3242068347
2024-06-20 09:00:00,3263752.260070905,684678.9298107906
2024-06-20 10:00:00,3264688.775417874,685153.9516545894
2024-06-20 11:00:00,3265596.3956170883,685684.600399439
2024-06-20 12:00:00,3266504.581083865,686161.608638136
2024-06-20 13:00:00,3267395.841774799,686663.3129750149
2024-06-20 14:00:00,3268275.7971144826,687169.9620190728
2024-06-20 15:00:00,3269204.232460411,687607.6941370077
2024-06-20 16:00:00,3270166.450855958,688021.020757733
2024-06-20 17:00:00,3271180.341356926,688333.1590157659
2024-06-20 18:00:00,3272201.779842406,688465.8141850384
2024-06-20 19:00:00,3273262.0222835015,688480.1388651028
2024-06-20 20:00:00,3274331.7745200605,688480.1388651028
2024-06-20 21:00:00,3275290.235548869,688480.1388651028
2024-06-20 22:00:00,3276242.545136555,688480.1388651028
2024-06-20 23:00:00,3277188.5702789878,688480.1388651028
2024-06-21 00:00:00,3278132.7666146006,688480.1388651028
2024-06-21 01:00:00,3279073.0725793415,688480.1388651028
2024-06-21 02:00:00,3280010.153193873,688480.1388651028
2024-06-21 03:00:00,3280938.4222846357,688480.1388651028
2024-06-21 04:00:00,3281868.6531863506,688480.1388651028
2024-06-21 05:00:00,3282827.114215159,688484.3716384013
2024-06-21 06:00:00,3283874.255749217,688573.7784705904
2024-06-21 07:00:00,3284944.007985776,688839.1142538899
2024-06-21 08:00:00,3285977.3170900685,689189.0972713049
2024-06-21 09:00:00,3286964.8062707637,689624.4736124892
2024-06-21 10:00:00,3287922.702032009,690086.5204051236
2024-06-21 11:00:00,3288857.9538397207,690562.8334844104
2024-06-21 12:00:00,3289787.486469741,691054.4016104395
2024-06-21 13:00:00,3290728.490706177,691540.1102579259
2024-06-21 14:00:00,3291688.880294904,692027.1475144206
2024-06-21 15:00:00,3292691.33244049,692495.2937603819
2024-06-21 16:00:00,3293733.985085081,692897.6001303131
2024-06-21 17:00:00,3294786.712792698,693207.890513141
2024-06-21 18:00:00,3295848.9170447453,693340.6529379638
2024-06-21 19:00:00,3296939.4844280183,693356.2511786575
2024-06-21 20:00:00,3298028.2230044715,693356.2511786575
2024-06-21 21:00:00,3299102.297875332,693356.2511786575
2024-06-21 22:00:00,3300143.853235831,693356.2511786575
2024-06-21 23:00:00,3301099.9201902566,693356.2511786575
2024-06-22 00:00:00,3302047.740888476,693356.2511786575
2024-06-22 01:00:00,3302995.5615866953,693356.2511786575
2024-06-22 02:00:00,3303931.5116661014,693356.2511786575
2024-06-22 03:00:00,3304868.725284765,693356.2511786575
2024-06-22 04:00:00,3305802.580549087,693356.2511786575
2024-06-22 05:00:00,3306762.837133682,693361.1847005786
2024-06-22 06:00:00,3307830.760563421,693471.1243655232
2024-06-22 07:00:00,3308984.1723992336,693758.6361136585
2024-06-22 08:00:00,3310145.531231954,694178.3577050598
2024-06-22 09:00:00,3311297.546524377,694614.0011736349
2024-06-22 10:00:00,3312389.909463437,695109.3888778412
2024-06-22 11:00:00,3313514.259896329,695625.8586269944
2024-06-22 12:00:00,3314683.2997176936,696100.1464418996
2024-06-22 13:00:00,3315810.1772291004,696576.203007623
2024-06-22 14:00:00,3316957.703632056,697068.8031945642
2024-06-22 15:00:00,3318102.7362075294,697514.7156162453
2024-06-22 16:00:00,3319289.3658253984,697892.0898874267
2024-06-22 17:00:00,3320507.9829370994,698182.6793011102
2024-06-22 18:00:00,3321741.130750261,698297.2950356954
2024-06-22 19:00:00,3322957.3870386127,698310.6042683406
2024-06-22 20:00:00,3324080.4739322476,698310.6042683406
2024-06-22 21:00:00,3325157.6411491856,698310.6042683406
2024-06-22 22:00:00,3326208.5400499827,698310.6042683406
2024-06-22 23:00:00,3327165.8705436657,698310.6042683406
2024-06-23 00:00:00,3328116.2183204,698310.6042683406
2024-06-23 01:00:00,3329059.7163843177,698310.6042683406
2024-06-23 02:00:00,3329986.322923426,698310.6042683406
2024-06-23 03:00:00,3330897.0022176844,698310.6042683406
2024-06-23 04:00:00,3331790.2247195705,698310.6042683406
2024-06-23 05:00:00,3332701.6022855234,698317.29633418
2024-06-23 06:00:00,3333635.0585374483,698435.3919856527
2024-06-23 07:00:00,3334577.2930621086,698751.0126945033
2024-06-23 08:00:00,3335485.478528885,699176.1340906933
2024-06-23 09:00:00,3336352.299710498,699658.8966418881
2024-06-23 10:00:00,3337225.2723332327,700174.3142850356
2024-06-23 11:00:00,3338149.218789694,700712.9772151577
2024-06-23 12:00:00,3339076.955863927,701205.3625325491
2024-06-23 13:00:00,3340010.279111719,701705.6174646688
2024-06-23 14:00:00,3340939.1134700445,702178.8265945317
2024-06-23 15:00:00,3341873.667006061,702614.8341849428
2024-06-23 16:00:00,3342842.169846862,703046.5894988747
2024-06-23 17:00:00,3343831.354830245,703379.3350777136
2024-06-23 18:00:00,3344834.33899236,703513.8762126709
2024-06-23 19:00:00,3345875.894352859,703527.7156357996
2024-06-23 20:00:00,3346828.203940545,703527.7156357996
2024-06-23 21:00:00,3347755.375747216,703527.7156357996
2024-06-23 22:00:00,3348673.6030259854,703527.7156357996
2024-06-23 23:00:00,3349566.6925237393,703527.7156357996
2024-06-24 00:00:00,3350444.154035941,703527.7156357996
2024-06-24 01:00:00,3351314.632831194,703527.7156357996
2024-06-24 02:00:00,3352174.6375510236,703527.7156357996
2024-06-24 03:00:00,3353026.9612822095,703527.7156357996
2024-06-24 04:00:00,3353872.3022964466,703527.7156357996
2024-06-24 05:00:00,3354733.969567931,703532.5634707633
2024-06-24 06:00:00,3355620.209352868,703636.1940439868
2024-06-24 07:00:00,3356541.6619818476,703920.865108624
2024-06-24 08:00:00,3357412.8390487954,704309.6873947259
2024-06-24 09:00:00,3358241.953558885,704739.124959551
2024-06-24 10:00:00,3359124.435977083,705215.7550711901
2024-06-24 11:00:00,3360023.9429242234,705676.0857243163
2024-06-24 12:00:00,3360953.4755542437,706194.1239613964
2024-06-24 13:00:00,3361949.077987013,706659.262980107
2024-06-24 14:00:00,3362946.475975569,707106.7290576256
2024-06-24 15:00:00,3363974.8971779975,707524.6115175324
2024-06-24 16:00:00,3365000.658297779,707910.3331900728
2024-06-24 17:00:00,3366053.386005396,708218.9468459417
2024-06-24 18:00:00,3367102.323095241,708347.5113659516
2024-06-24 19:00:00,3368151.9584567808,708363.076663834
2024-06-24 20:00:00,3369201.5938183204,708363.076663834
2024-06-24 21:00:00,3370228.6184773594,708363.076663834
2024-06-24 22:00:00,3371163.172013376,708363.076663834
2024-06-24 23:00:00,3372079.5704853255,708363.076663834
2024-06-25 00:00:00,3372980.2079675905,708363.076663834
2024-06-25 01:00:00,3373879.7149147308,708363.076663834
2024-06-25 02:00:00,3374776.561779224,708363.076663834
2024-06-25 03:00:00,3375669.78428111,708363.076663834
2024-06-25 04:00:00,3376562.873778864,708363.076663834
2024-06-25 05:00:00,3377475.514884074,708366.4313523424
2024-06-25 06:00:00,3378408.272864304,708444.0738242072
2024-06-25 07:00:00,3379381.796611102,708671.4777546603
2024-06-25 08:00:00,3380412.5786368796,708979.6811599807
2024-06-25 09:00:00,3381447.1512804297,709353.1239078615
2024-06-25 10:00:00,3382459.6452380084,709754.6168440961
2024-06-25 11:00:00,3383429.411618067,710176.2434577659
2024-06-25 12:00:00,3384349.600707789,710630.7791294634
2024-06-25 13:00:00,3385283.622227276,711059.2494682348
2024-06-25 14:00:00,3386223.928192017,711491.4155824576
2024-06-25 15:00:00,3387199.9790173294,711887.5592061435
2024-06-25 16:00:00,3388173.502764127,712227.9739881057
2024-06-25 17:00:00,3389162.8207516423,712478.8441776434
2024-06-25 18:00:00,3390228.815621462,712586.3277599594
2024-06-25 19:00:00,3391292.4164168998,712597.115121445
2024-06-25 20:00:00,3392352.1268414655,712597.115121445
2024-06-25 21:00:00,3393346.4657349773,712597.115121445
2024-06-25 22:00:00,3394291.2273381525,712597.115121445
2024-06-25 23:00:00,3395198.1492656716,712597.115121445
2024-06-26 00:00:00,3396098.354484507,712597.115121445
2024-06-26 01:00:00,3396992.707521518,712597.115121445
2024-06-26 02:00:00,3397875.1899397164,712597.115121445
2024-06-26 03:00:00,3398760.1661853963,712597.115121445
2024-06-26 04:00:00,3399640.12152508,712597.115121445
2024-06-26 05:00:00,3400527.0595817124,712601.563120423
2024-06-26 06:00:00,3401419.716816036,712698.6372995756
2024-06-26 07:00:00,3402302.066230102,712992.5869871406
2024-06-26 08:00:00,3403192.7949045063,713393.0336250012
2024-06-26 09:00:00,3404079.0346894437,713838.3218180501
2024-06-26 10:00:00,3404972.1241871975,714285.3495287631
2024-06-26 11:00:00,3405865.9119566465,714761.6888201748
2024-06-26 12:00:00,3406754.1135525363,715245.2299582186
2024-06-26 13:00:00,3407641.483872599,715738.4755994475
2024-06-26 14:00:00,3408524.664562492,716213.8730191429
2024-06-26 15:00:00,3409399.033728617,716630.0778586051
2024-06-26 16:00:00,3410267.6837170497,717013.5472436707
2024-06-26 17:00:00,3411130.7475319235,717322.405242378
2024-06-26 18:00:00,3411988.6574366684,717451.0052597
2024-06-26 19:00:00,3412860.3665201454,717465.5289373774
2024-06-26 20:00:00,3413742.150666649,717465.5289373774
2024-06-26 21:00:00,3414622.8042780273,717465.5289373774
2024-06-26 22:00:00,3415490.1907272027,717465.5289373774
2024-06-26 23:00:00,3416346.271825128,717465.5289373774
2024-06-27 00:00:00,3417201.7876554905,717465.5289373774
2024-06-27 01:00:00,3418085.3673577807,717465.5289373774
2024-06-27 02:00:00,3418969.246319369,717465.5289373774
2024-06-27 03:00:00,3419835.5354844527,717465.5289373774
2024-06-27 04:00:00,3420699.862838584,717465.5289373774
2024-06-27 05:00:00,3421586.8008952164,717469.7939962903
2024-06-27 06:00:00,3422488.8349208715,717558.0838871548
2024-06-27 07:00:00,3423393.3627740084,717820.3327933005
2024-06-27 08:00:00,3424290.375893667,718172.3321847769
2024-06-27 09:00:00,3425177.8792178617,718579.9185675598
2024-06-27 10:00:00,3426012.4468973777,719053.0717679264
2024-06-27 11:00:00,3426843.9554818496,719545.9115362572
2024-06-27 12:00:00,3427703.095674819,720030.4639496971
2024-06-27 13:00:00,3428501.9184937635,720525.0146174377
2024-06-27 14:00:00,3429403.819515286,721023.8717263646
2024-06-27 15:00:00,3430313.8005378493,721464.0247405128
2024-06-27 16:00:00,3431206.324768041,721873.3199783596
2024-06-27 17:00:00,3432071.2173897345,722178.5588965473
2024-06-27 18:00:00,3432937.3402996524,722315.6444684105
2024-06-27 19:00:00,3433833.655147616,722332.0941757337
2024-06-27 20:00:00,3434746.163248694,722332.0941757337
2024-06-27 21:00:00,3435655.0469871657,722332.0941757337
2024-06-27 22:00:00,3436558.1782969125,722332.0941757337
2024-06-27 23:00:00,3437446.3798928023,722332.0941757337
2024-06-28 00:00:00,3438319.352515537,722332.0941757337
2024-06-28 01:00:00,3439180.4545194586,722332.0941757337
2024-06-28 02:00:00,3440027.02582192,722332.0941757337
2024-06-28 03:00:00,3440861.0282338737,722332.0941757337
2024-06-28 04:00:00,3441693.2350900406,722332.0941757337
2024-06-28 05:00:00,3442532.9899307187,722335.9186291859
2024-06-28 06:00:00,3443383.3518509525,722420.6950072808
2024-06-28 07:00:00,3444250.0400284333,722670.7331378468
2024-06-28 08:00:00,3445100.5349527993,723029.985876832
2024-06-28 09:00:00,3445916.9475682485,723433.318888579
2024-06-28 10:00:00,3446781.840189942,723860.2211776596
2024-06-28 11:00:00,3447651.7537176325,724307.4909041381
2024-06-28 12:00:00,3448460.086332041,724760.155171275
2024-06-28 13:00:00,3449321.753603525,725209.0674486756
2024-06-28 14:00:00,3450182.1573357517,725643.1532111227
2024-06-28 15:00:00,3451077.9069161527,726036.9277543933
2024-06-28 16:00:00,3451903.264059503,726394.3454683141
2024-06-28 17:00:00,3452744.9474601005,726664.1334998384
2024-06-28 18:00:00,3453627.4298782987,726795.03154345
2024-06-28 19:00:00,3454550.678063065,726809.6431165788
2024-06-28 20:00:00,3455484.699582552,726809.6431165788
2024-06-28 21:00:00,3456405.4539398365,726809.6431165788
2024-06-28 22:00:00,3457307.354961359,726809.6431165788
2024-06-28 23:00:00,3458199.8791915504,726809.6431165788
2024-06-29 00:00:00,3459071.7545301933,726809.6431165788
2024-06-29 01:00:00,3459940.969786189,726809.6431165788
2024-06-29 02:00:00,3460800.2762343236,726809.6431165788
2024-06-29 03:00:00,3461652.5999655095,726809.6431165788
2024-06-29 04:00:00,3462511.7401584787,726809.6431165788
2024-06-29 05:00:00,3463390.431958905,726812.9690821067
2024-06-29 06:00:00,3464279.8970940523,726888.4522999619
2024-06-29 07:00:00,3465201.881739561,727101.6499759115
2024-06-29 08:00:00,3466124.032640235,727416.0749495452
2024-06-29 09:00:00,3467125.2212465634,727771.4373880025
2024-06-29 10:00:00,3468098.1797257983,728174.2339255579
2024-06-29 11:00:00,3469056.0754870437,728574.4252558034
2024-06-29 12:00:00,3469975.5663050706,729007.7416732848
2024-06-29 13:00:00,3470956.6380363796,729427.6399373394
2024-06-29 14:00:00,3471879.3209535833,729858.5685806274
2024-06-29 15:00:00,3472868.771945231,730236.6619918824
2024-06-29 16:00:00,3473980.553487615,730594.4333352078
2024-06-29 17:00:00,3474995.574523709,730834.8124620081
2024-06-29 18:00:00,3476023.6964668394,730934.5778044634
2024-06-29 19:00:00,3477100.8636837774,730945.0548889139
2024-06-29 20:00:00,3478171.7464554613,730945.0548889139
2024-06-29 21:00:00,3479235.9125184612,730945.0548889139
2024-06-29 22:00:00,3480290.036769468,730945.0548889139
2024-06-29 23:00:00,3481269.4459491223,730945.0548889139
2024-06-30 00:00:00,3482222.8528209007,730945.0548889139
2024-06-30 01:00:00,3483173.200597635,730945.0548889139
2024-06-30 02:00:00,3484113.506562376,730945.0548889139
2024-06-30 03:00:00,3485076.423229618,730945.0548889139
2024-06-30 04:00:00,3485869.6598750036,730945.0548889139
2024-06-30 05:00:00,3486836.2009048522,730949.0613156621
2024-06-30 06:00:00,3487879.5518211382,731038.2616847055
2024-06-30 07:00:00,3488932.9778004503,731302.8617970578
2024-06-30 08:00:00,3489970.1772756143,731656.9707490848
2024-06-30 09:00:00,3491002.2228406495,732044.7424397122
2024-06-30 10:00:00,3491972.8204965354,732485.4990506502
2024-06-30 11:00:00,3492943.2851482886,732938.2923289458
2024-06-30 12:00:00,3493933.301407499,733364.502577926
2024-06-30 13:00:00,3494935.1882855217,733781.6188257281
2024-06-30 14:00:00,3495905.652937275,734201.5189667615
2024-06-30 15:00:00,3496865.3442543074,734587.8948311596
2024-06-30 16:00:00,3497826.299110597,734920.6662285866
2024-06-30 17:00:00,3498850.098419426,735184.5009196808
2024-06-30 18:00:00,3499878.3866177225,735313.7699994931
2024-06-30 19:00:00,3500927.4567116997,735328.6989525073
2024-06-30 20:00:00,3501977.7903449344,735328.6989525073
2024-06-30 21:00:00,3503011.2324533598,735328.6989525073
2024-06-30 22:00:00,3503984.7562001576,735328.6989525073
2024-06-30 23:00:00,3504899.924383883,735328.6989525073
2024-07-01 00:00:00,3505801.260137843,735328.6989525073
2024-07-01 01:00:00,3506688.763462038,735328.6989525073
2024-07-01 02:00:00,3507562.4343564673,735328.6989525073
2024-07-01 03:00:00,3508429.122533948,735328.6989525073
2024-07-01 04:00:00,3509289.6592703075,735328.6989525073
2024-07-01 05:00:00,3510167.1207825094,735333.0227025073
2024-07-01 06:00:00,3511066.6277296497,735451.3802025074
2024-07-01 07:00:00,3511991.7047212357,735815.4827025074
2024-07-01 08:00:00,3512998.6125052553,736299.4389525075
2024-07-01 09:00:00,3513997.407037201,736831.4364525075
2024-07-01 10:00:00,3514978.47876851,737400.3377025075
2024-07-01 11:00:00,3515963.307866558,737989.6127025075
2024-07-01 12:00:00,3516942.550791047,738559.4402025075
2024-07-01 13:00:00,3517894.029102906,739124.0327025076
2024-07-01 14:00:00,3518899.6733476683,739680.2739525075
2024-07-01 15:00:00,3519904.054053173,740210.6814525075
2024-07-01 16:00:00,3520916.5480107516,740702.1452025075
2024-07-01 17:00:00,3521934.7611460215,741099.1839525074
2024-07-01 18:00:00,3522984.396507561,741283.1627025075
2024-07-01 19:00:00,3524039.0527750975,741303.7764525075
2024-07-01 20:00:00,3525077.515789519,741303.7764525075
2024-07-01 21:00:00,3526105.2387202526,741303.7764525075
2024-07-01 22:00:00,3527134.0589350783,741303.7764525075
2024-07-01 23:00:00,3528142.795525918,741303.7764525075
2024-07-02 00:00:00,3529139.6614979445,741303.7764525075
2024-07-02 01:00:00,3530096.9919916275,741303.7764525075
2024-07-02 02:00:00,3530990.2144935136,741303.7764525075
2024-07-02 03:00:00,3531871.566376587,741303.7764525075
2024-07-02 04:00:00,3532732.6683805087,741303.7764525075
2024-07-02 05:00:00,3533596.8627305077,741308.5277025074
2024-07-02 06:00:00,3534462.8526362935,741438.7427025074
2024-07-02 07:00:00,3535320.895545171,741828.6902025074
2024-07-02 08:00:00,3536129.760176109,742341.9377025075
2024-07-02 09:00:00,3536882.0647997614,742894.1964525075
2024-07-02 10:00:00,3537597.3610235853,743473.2039525075
2024-07-02 11:00:00,3538295.0674509048,744065.2577025074
2024-07-02 12:00:00,3538997.096512526,744653.6402025074
2024-07-02 13:00:00,3539689.7820338486,745241.6702025074
2024-07-02 14:00:00,3540402.5844301907,745826.0589525074
2024-07-02 15:00:00,3541186.3112801127,746406.7652025075
2024-07-02 16:00:00,3542052.3011858985,746954.7714525075
2024-07-02 17:00:00,3542936.047143354,747392.3177025075
2024-07-02 18:00:00,3543860.69187151,747571.6314525075
2024-07-02 19:00:00,3544803.3586596004,747592.6614525075
2024-07-02 20:00:00,3545747.987258643,747592.6614525075
2024-07-02 21:00:00,3546680.7452388727,747592.6614525075
2024-07-02 22:00:00,3547594.6498833406,747592.6614525075
2024-07-02 23:00:00,3548492.1950195283,747592.6614525075
2024-07-03 00:00:00,3549374.810441859,747592.6614525075
2024-07-03 01:00:00,3550250.4431472407,747592.6614525075
2024-07-03 02:00:00,3551125.3775809277,747592.6614525075
2024-07-03 03:00:00,3552000.3120146147,747592.6614525075
2024-07-03 04:00:00,3552887.8153388095,747592.6614525075
2024-07-03 05:00:00,3553808.569696094,747596.8614525074
2024-07-03 06:00:00,3554725.533435606,747718.5977025074
2024-07-03 07:00:00,3555637.4762691217,748085.0552025074
2024-07-03 08:00:00,3556527.6396759637,748578.8364525074
2024-07-03 09:00:00,3557418.2020952026,749112.0489525074
2024-07-03 10:00:00,3559193.2087435923,749673.7164525074
2024-07-03 11:00:00,3560895.3291274495,750253.2002025074
2024-07-03 12:00:00,3562700.5277138846,750822.2139525075
2024-07-03 13:00:00,3564401.251554352,751388.1414525075
2024-07-03 14:00:00,3565186.3749476643,751945.9014525075
2024-07-03 15:00:00,3565894.15643801,752494.2414525074
2024-07-03 16:00:00,3566693.6775286496,753008.5764525074
2024-07-03 17:00:00,3567520.2982112574,753417.3789525074
2024-07-03 18:00:00,3568378.9063876974,753592.2414525074
2024-07-03 19:00:00,3569266.4097118923,753613.6427025074
2024-07-03 20:00:00,3570155.741842907,753613.6427025074
2024-07-03 21:00:00,3571032.638087546,753613.6427025074
2024-07-03 22:00:00,3571907.0072536706,753613.6427025074
2024-07-03 23:00:00,3572785.167037567,753613.6427025074
2024-07-04 00:00:00,3573658.1396603016,753613.6427025074
2024-07-04 01:00:00,3574533.639361551,753613.6427025074
2024-07-04 02:00:00,3575402.854617547,753613.6427025074
2024-07-04 03:00:00,3576267.181971678,753613.6427025074
2024-07-04 04:00:00,3577130.245786552,753613.6427025074
2024-07-04 05:00:00,3578003.351413419,753617.3702025075
2024-07-04 06:00:00,3578872.699673547,753730.2114525075
2024-07-04 07:00:00,3579726.253692957,754079.7489525075
2024-07-04 08:00:00,3580554.6699313517,754545.8852025075
2024-07-04 09:00:00,3581342.885670741,755069.5577025075
2024-07-04 10:00:00,3582198.966768666,755622.2102025074
2024-07-04 11:00:00,3583098.340711674,756186.6977025075
2024-07-04 12:00:00,3583935.435469705,756743.7714525075
2024-07-04 13:00:00,3584755.771707059,757301.0927025075
2024-07-04 14:00:00,3585595.526547737,757847.8614525076
2024-07-04 15:00:00,3586472.422792376,758380.2002025075
2024-07-04 16:00:00,3587367.474101082,758877.3414525075
2024-07-04 17:00:00,3588308.3120823526,759249.8477025075
2024-07-04 18:00:00,3589294.5377237904,759415.8189525075
2024-07-04 19:00:00,3590311.487319803,759434.2577025074
2024-07-04 20:00:00,3591298.843496366,759434.2577025074
2024-07-04 21:00:00,3592238.5841935445,759434.2577025074
2024-07-04 22:00:00,3593169.9456303846,759434.2577025074
2024-07-04 23:00:00,3594100.8748037945,759434.2577025074
2024-07-05 00:00:00,3595027.913606333,759434.2577025074
2024-07-05 01:00:00,3595948.102696055,759434.2577025074
2024-07-05 02:00:00,3596859.347257876,759434.2577025074
2024-07-05 03:00:00,3597768.2309963475,759434.2577025074
2024-07-05 04:00:00,3598680.872101558,759434.2577025074
2024-07-05 05:00:00,3599612.3665425302,759437.6589525074
2024-07-05 06:00:00,3600634.902312102,759546.5477025075
2024-07-05 07:00:00,3601688.328291414,759882.9114525075
2024-07-05 08:00:00,3602738.528920516,760335.4614525075
2024-07-05 09:00:00,3603757.872590911,760839.5889525075
2024-07-05 10:00:00,3604764.2151073683,761376.6939525075
2024-07-05 11:00:00,3605757.2904616226,761931.1539525074
2024-07-05 12:00:00,3606730.4151960234,762445.1702025074
2024-07-05 13:00:00,3607715.410549237,762960.2102025074
2024-07-05 14:00:00,3608755.569366346,763468.5227025074
2024-07-05 15:00:00,3609868.7474521203,763953.9152025074
2024-07-05 16:00:00,3610934.044050245,764393.8877025074
2024-07-05 17:00:00,3612015.1016380545,764716.4177025075
2024-07-05 18:00:00,3613096.7244934263,764847.9827025074
2024-07-05 19:00:00,3614183.3682547947,764862.4389525075
2024-07-05 20:00:00,3615256.877858093,764862.4389525075
2024-07-05 21:00:00,3616320.345649398,764862.4389525075
2024-07-05 22:00:00,3617357.2791162976,764862.4389525075
2024-07-05 23:00:00,3618307.626893032,764862.4389525075
2024-07-06 00:00:00,3619251.1249569496,764862.4389525075
2024-07-06 01:00:00,3620186.9420322236,764862.4389525075
2024-07-06 02:00:00,3621119.7000124534,764862.4389525075
2024-07-06 03:00:00,3622052.5909968154,764862.4389525075
2024-07-06 04:00:00,3622986.6125163026,764862.4389525075
2024-07-06 05:00:00,3624004.127379878,764864.9102025074
2024-07-06 06:00:00,3625090.205873684,764943.2252025073
2024-07-06 07:00:00,3626202.1204202008,765173.2727025073
2024-07-06 08:00:00,3627300.7678045146,765488.7452025074
2024-07-06 09:00:00,3628380.5618530666,765866.1377025073
2024-07-06 10:00:00,3629467.90388613,766278.8664525073
2024-07-06 11:00:00,3630550.923284892,766690.4664525073
2024-07-06 12:00:00,3631651.3994760257,767121.5702025073
2024-07-06 13:00:00,3632743.6294109533,767555.9514525073
2024-07-06 14:00:00,3633818.9678210714,767975.1714525073
2024-07-06 15:00:00,3634926.426729154,768351.2102025072
2024-07-06 16:00:00,3636045.190988487,768679.3014525073
2024-07-06 17:00:00,3637164.653519515,768932.7714525072
2024-07-06 18:00:00,3638310.3843666837,769062.5027025072
2024-07-06 19:00:00,3639474.403282052,769077.2552025071
2024-07-06 20:00:00,3640627.1168461693,769077.2552025071
2024-07-06 21:00:00,3641769.2233307315,769077.2552025071
2024-07-06 22:00:00,3642900.6894847048,769077.2552025071
2024-07-06 23:00:00,3644026.303456854,769077.2552025071
2024-07-07 00:00:00,3645155.1427792134,769077.2552025071
2024-07-07 01:00:00,3646249.3345250934,769077.2552025071
2024-07-07 02:00:00,3647320.35030091,769077.2552025071
2024-07-07 03:00:00,3648250.581202625,769077.2552025071
2024-07-07 04:00:00,3649188.2270847186,769077.2552025071
2024-07-07 05:00:00,3650156.72992552,769080.5027025072
2024-07-07 06:00:00,3651290.5901538753,769181.3664525072
2024-07-07 07:00:00,3652445.7975454745,769493.7939525072
2024-07-07 08:00:00,3653616.7991777915,769915.2752025072
2024-07-07 09:00:00,3654778.291014645,770376.9752025071
2024-07-07 10:00:00,3655912.716510563,770865.7614525071
2024-07-07 11:00:00,3657006.908256443,771389.5239525071
2024-07-07 12:00:00,3658098.1739114113,771896.1002025071
2024-07-07 13:00:00,3659183.022116993,772403.0589525071
2024-07-07 14:00:00,3660367.7231749427,772903.4927025071
2024-07-07 15:00:00,3661573.2061285735,773384.5389525071
2024-07-07 16:00:00,3662780.517889024,773825.347702507
2024-07-07 17:00:00,3663954.0465998556,774158.681452507
2024-07-07 18:00:00,3665118.065515224,774314.152702507
2024-07-07 19:00:00,3666289.067147541,774332.8427025069
2024-07-07 20:00:00,3667446.801617655,774332.8427025069
2024-07-07 21:00:00,3668598.816910078,774332.8427025069
2024-07-07 22:00:00,3669735.037961783,774332.8427025069
2024-07-07 23:00:00,3670860.651933932,774332.8427025069
2024-07-08 00:00:00,3671963.0899360185,774332.8427025069
2024-07-08 01:00:00,3673051.6955083394,774332.8427025069
2024-07-08 02:00:00,3674127.0339184576,774332.8427025069
2024-07-08 03:00:00,3675208.224510399,774332.8427025069
2024-07-08 04:00:00,3676286.788270727,774332.8427025069
2024-07-08 05:00:00,3677393.1166436845,774335.4114525069
2024-07-08 06:00:00,3678508.821807973,774432.367702507
2024-07-08 07:00:00,3679655.8161943993,774742.668952507
2024-07-08 08:00:00,3680797.3574113986,775164.5514525069
2024-07-08 09:00:00,3681944.3517978247,775625.5427025069
2024-07-08 10:00:00,3682911.025831806,776115.8964525069
2024-07-08 11:00:00,3683932.3313131533,776612.3402025069
2024-07-08 12:00:00,3684982.664946388,777084.7239525069
2024-07-08 13:00:00,3685958.7157717003,777557.175202507
2024-07-08 14:00:00,3686956.113760256,778025.328952507
2024-07-08 15:00:00,3687974.326895526,778472.137702507
2024-07-08 16:00:00,3689013.3551775105,778878.112702507
2024-07-08 17:00:00,3690125.8349915897,779190.060202507
2024-07-08 18:00:00,3691242.6374399704,779341.815202507
2024-07-08 19:00:00,3693464.005956555,779360.718952507
2024-07-08 20:00:00,3695651.524921454,779360.718952507
2024-07-08 21:00:00,3697810.8470102935,779360.718952507
2024-07-08 22:00:00,3698880.5992468526,779360.718952507
2024-07-08 23:00:00,3699947.2923883675,779360.718952507
2024-07-09 00:00:00,3701004.4757344187,779360.718952507
2024-07-09 01:00:00,3702057.901713731,779360.718952507
2024-07-09 02:00:00,3703108.800614528,779360.718952507
2024-07-09 03:00:00,3704150.1897198614,779360.718952507
2024-07-09 04:00:00,3705179.009934687,779360.718952507
2024-07-09 05:00:00,3706220.964307583,779363.325202507
2024-07-09 06:00:00,3707281.3730038437,779460.9827025069
2024-07-09 07:00:00,3708346.6696019685,779774.3702025069
2024-07-09 08:00:00,3709371.1671824926,780202.1514525069
2024-07-09 09:00:00,3710341.0665666834,780678.4502025069
2024-07-09 10:00:00,3711283.866358906,781181.4377025069
2024-07-09 11:00:00,3712201.6613742453,781675.0014525069
2024-07-09 12:00:00,3713098.6744939038,782162.8164525068
2024-07-09 13:00:00,3713996.2196300915,782650.9239525069
2024-07-09 14:00:00,3714893.931021445,783126.4727025068
2024-07-09 15:00:00,3715804.7433198355,783586.4702025069
2024-07-09 16:00:00,3716740.5603951095,784006.2677025069
2024-07-09 17:00:00,3717731.840193577,784303.7364525069
2024-07-09 18:00:00,3718776.45464912,784436.6364525069
2024-07-09 19:00:00,3719838.093633605,784452.1989525069
2024-07-09 20:00:00,3720826.0150777306,784452.1989525069
2024-07-09 21:00:00,3721775.66458277,784452.1989525069
2024-07-09 22:00:00,3722705.19721279,784452.1989525069
2024-07-09 23:00:00,3723625.9515700745,784452.1989525069
2024-07-10 00:00:00,3724531.7429624684,784452.1989525069
2024-07-10 01:00:00,3725429.853366219,784452.1989525069
2024-07-10 02:00:00,3726304.787799906,784452.1989525069
2024-07-10 03:00:00,3727175.964866854,784452.1989525069
2024-07-10 04:00:00,3728036.501603213,784452.1989525069
2024-07-10 05:00:00,3728906.980398466,784453.4664525068
2024-07-10 06:00:00,3729763.759768086,784513.4177025069
2024-07-10 07:00:00,3730621.1044052686,784714.1627025069
2024-07-10 08:00:00,3731489.056122007,785003.4677025069
2024-07-10 09:00:00,3732354.48076023,785336.8577025069
2024-07-10 10:00:00,3733312.9417890385,785700.836452507
2024-07-10 11:00:00,3734294.8447961747,786082.038952507
2024-07-10 12:00:00,3735291.7107682014,786458.456452507
2024-07-10 13:00:00,3736307.9620925193,786834.2552025069
2024-07-10 14:00:00,3737304.828064546,787188.7239525069
2024-07-10 15:00:00,3738188.008754439,787667.217091843
2024-07-10 16:00:00,3738966.01642667,788104.710219484
2024-07-10 17:00:00,3739805.771267348,788453.0338826875
2024-07-10 18:00:00,3740711.4296556097,788615.0861474806
2024-07-10 19:00:00,3741659.8156213914,788633.4122794041
2024-07-10 20:00:00,3742615.882575817,788633.4122794041
2024-07-10 21:00:00,3743575.04187632,788633.4122794041
2024-07-10 22:00:00,3744522.862574539,788633.4122794041
2024-07-10 23:00:00,3745463.70055581,788633.4122794041
2024-07-11 00:00:00,3746397.722075297,788633.4122794041
2024-07-11 01:00:00,3747331.045323089,788633.4122794041
2024-07-11 02:00:00,3748254.4265119876,788633.4122794041
2024-07-11 03:00:00,3749169.594695713,788633.4122794041
2024-07-11 04:00:00,3750071.4957172354,788633.4122794041
2024-07-11 05:00:00,3750986.6639009607,788637.8256516237
2024-07-11 06:00:00,3751886.0378439687,788751.7263983729
2024-07-11 07:00:00,3752772.277628906,789099.0534237197
2024-07-11 08:00:00,3753694.96054611,789590.9131975754
2024-07-11 09:00:00,3754607.6016513202,790104.4580716937
2024-07-11 10:00:00,3755488.1222585663,790686.5151966279
2024-07-11 11:00:00,3756344.768624054,791280.1250968117
2024-07-11 12:00:00,3757167.465684757,791825.3611616363
2024-07-11 13:00:00,3758009.714352917,792380.2337973812
2024-07-11 14:00:00,3758863.966644022,792930.5586162655
2024-07-11 15:00:00,3759802.310797811,793452.4798289054
2024-07-11 16:00:00,3760756.4159412845,793957.5472186999
2024-07-11 17:00:00,3761743.90512198,794351.820456128
2024-07-11 18:00:00,3762758.3608905105,794536.4495299463
2024-07-11 19:00:00,3763795.9926291048,794556.4690800727
2024-07-11 20:00:00,3764848.1550691593,794556.4690800727
2024-07-11 21:00:00,3765892.20425714,794556.4690800727
2024-07-11 22:00:00,3766895.88669095,794556.4690800727
2024-07-11 23:00:00,3767837.988211478,794556.4690800727
2024-07-12 00:00:00,3768770.746191708,794556.4690800727
2024-07-12 01:00:00,3769700.4118258604,794556.4690800727
2024-07-12 02:00:00,3770630.6427275753,794556.4690800727
2024-07-12 03:00:00,3771554.0239164736,794556.4690800727
2024-07-12 04:00:00,3772480.4974514493,794556.4690800727
2024-07-12 05:00:00,3773419.539876933,794559.0287847384
2024-07-12 06:00:00,3774367.3605751526,794640.8923949143
2024-07-12 07:00:00,3775325.256336398,794871.5745493424
2024-07-12 08:00:00,3776376.7205047575,795194.1794046734
2024-07-12 09:00:00,3777420.0714210435,795572.7973323838
2024-07-12 10:00:00,3778401.8414240475,795971.7514803514
2024-07-12 11:00:00,3779377.3269817973,796402.6892248198
2024-07-12 12:00:00,3780385.4983050744,796845.0970349832
2024-07-12 13:00:00,3781419.3726769295,797286.7187971658
2024-07-12 14:00:00,3782411.8827636214,797705.5106003236
2024-07-12 15:00:00,3783465.3087429334,798082.2755824036
2024-07-12 16:00:00,3784465.932081699,798400.0574492324
2024-07-12 17:00:00,3785492.8237366052,798657.5400679016
2024-07-12 18:00:00,3786530.4554751995,798788.0259799416
2024-07-12 19:00:00,3787580.090836739,798803.4019871838
2024-07-12 20:00:00,3788616.5920402086,798803.4019871838
2024-07-12 21:00:00,3789593.341137216,798803.4019871838
2024-07-12 22:00:00,3790529.7234800523,798803.4019871838
2024-07-12 23:00:00,3791458.857097675,798803.4019871838
2024-07-13 00:00:00,3792376.519108882,798803.4019871838
2024-07-13 01:00:00,3793288.461942398,798803.4019871838
2024-07-13 02:00:00,3794198.575969094,798803.4019871838
2024-07-13 03:00:00,3795103.8020939254,798803.4019871838
2024-07-13 04:00:00,3796011.4222931396,798803.4019871838
2024-07-13 05:00:00,3796937.330560553,798805.9563738882
2024-07-13 06:00:00,3797885.1512587722,798887.0297252298
2024-07-13 07:00:00,3798861.335088217,799119.918753435
2024-07-13 08:00:00,3799965.0366295604,799440.8412297221
2024-07-13 09:00:00,3801096.3697794015,799809.9820661779
2024-07-13 10:00:00,3802220.853216426,800234.3910493512
2024-07-13 11:00:00,3803295.061091419,800660.2187174401
2024-07-13 12:00:00,3804418.1479850537,801105.4616557729
2024-07-13 13:00:00,3805533.72014521,801538.3770115975
2024-07-13 14:00:00,3806595.359129695,801954.4509130237
2024-07-13 15:00:00,3807585.2423847727,802332.2765195961
2024-07-13 16:00:00,3808647.44663682,802647.2625823434
2024-07-13 17:00:00,3809781.8721327386,802909.8777529974
2024-07-13 18:00:00,3810845.3399240435,803037.6656117612
2024-07-13 19:00:00,3811949.1744695194,803052.0217971229
2024-07-13 20:00:00,3813049.7836647853,803052.0217971229
2024-07-13 21:00:00,3814146.50248918,803052.0217971229
2024-07-13 22:00:00,3815229.388883809,803052.0217971229
2024-07-13 23:00:00,3816305.9908331847,803052.0217971229
2024-07-14 00:00:00,3817367.4968135376,803052.0217971229
2024-07-14 01:00:00,3818420.357525287,803052.0217971229
2024-07-14 02:00:00,3819461.7466306207,803052.0217971229
2024-07-14 03:00:00,3820498.1148299575,803052.0217971229
2024-07-14 04:00:00,3821539.503935291,803052.0217971229
2024-07-14 05:00:00,3822598.6490922943,803056.9963912491
2024-07-14 06:00:00,3823689.2164755673,803189.8269639257
2024-07-14 07:00:00,3824801.6962896464,803578.0450291937
2024-07-14 08:00:00,3825950.619235992,804080.0995433152
2024-07-14 09:00:00,3827098.1456389474,804607.8503916947
2024-07-14 10:00:00,3828233.2694065603,805193.2479926196
2024-07-14 11:00:00,3829351.3353941985,805776.022809178
2024-07-14 12:00:00,3830460.0578415385,806365.2727140598
2024-07-14 13:00:00,3831564.2913994114,806980.5687942102
2024-07-14 14:00:00,3832665.46586224,807540.3965659079
2024-07-14 15:00:00,3833761.05415151,808125.4967444402
2024-07-14 16:00:00,3834834.563754808,808688.0989881853
2024-07-14 17:00:00,3835947.6088364497,809132.1508050533
2024-07-14 18:00:00,3837039.43975898,809304.8530414123
2024-07-14 19:00:00,3838116.174712488,809326.742803537
2024-07-14 20:00:00,3839164.54653477,809326.742803537
2024-07-14 21:00:00,3840198.420906625,809326.742803537
2024-07-14 22:00:00,3841134.9362535942,809326.742803537
2024-07-14 23:00:00,3842024.268384609,809326.742803537
2024-07-15 00:00:00,3842899.202818296,809326.742803537
2024-07-15 01:00:00,3843757.810994736,809326.742803537
2024-07-15 02:00:00,3844596.8675637194,809326.742803537
2024-07-15 03:00:00,3845428.3761481913,809326.742803537
2024-07-15 04:00:00,3846251.771480589,809326.742803537
2024-07-15 05:00:00,3847077.693891502,809330.5658956801
2024-07-15 06:00:00,3847919.2442879668,809444.7231226595
2024-07-15 07:00:00,3848758.4338610824,809793.1615717092
2024-07-15 08:00:00,3849598.1887017605,810245.7377953507
2024-07-15 09:00:00,3850400.236870915,810783.5002869762
2024-07-15 10:00:00,3851168.335735285,811309.6812382893
2024-07-15 11:00:00,3851908.7697401247,811892.043530949
2024-07-15 12:00:00,3852643.484567273,812451.2543886639
2024-07-15 13:00:00,3853373.8767601196,813026.9430427768
2024-07-15 14:00:00,3854116.837843474,813587.4588340815
2024-07-15 15:00:00,3854895.676791532,814112.5260460721
2024-07-15 16:00:00,3855695.896153867,814601.3238998555
2024-07-15 17:00:00,3856520.555025522,814989.8256980061
2024-07-15 18:00:00,3857402.472176158,815159.7561266726
2024-07-15 19:00:00,3858340.8163299467,815177.7943233297
2024-07-15 20:00:00,3859276.766409353,815177.7943233297
2024-07-15 21:00:00,3860194.9936881224,815177.7943233297
2024-07-15 22:00:00,3861088.7814575713,815177.7943233297
2024-07-15 23:00:00,3861970.565604075,815177.7943233297
2024-07-16 00:00:00,3862838.517320813,815177.7943233297
2024-07-16 01:00:00,3863703.409942507,815177.7943233297
2024-07-16 02:00:00,3864562.7163906414,815177.7943233297
2024-07-16 03:00:00,3865420.061027824,815177.7943233297
2024-07-16 04:00:00,3866274.8785864916,815177.7943233297
2024-07-16 05:00:00,3867141.5667639724,815182.3303381418
2024-07-16 06:00:00,3868025.312721428,815309.146915905
2024-07-16 07:00:00,3868926.0832078257,815712.7622406626
2024-07-16 08:00:00,3869817.3438987597,816233.8925432385
2024-07-16 09:00:00,3870683.4668086777,816785.5563589559
2024-07-16 10:00:00,3871594.8443746306,817352.5027535228
2024-07-16 11:00:00,3872582.333555326,817932.0786097557
2024-07-16 12:00:00,3873543.421415748,818497.9989248517
2024-07-16 13:00:00,3874468.066143904,819090.5694615928
2024-07-16 14:00:00,3875400.957128266,819665.5463254513
2024-07-16 15:00:00,3876320.5809504255,820233.6114037501
2024-07-16 16:00:00,3877282.932350105,820805.3999179695
2024-07-16 17:00:00,3878269.7232591053,821243.2939600031
2024-07-16 18:00:00,3879306.224462575,821422.8675284957
2024-07-16 19:00:00,3880363.407808626,821443.6025193654
2024-07-16 20:00:00,3881404.2648974303,821443.6025193654
2024-07-16 21:00:00,3882431.2895564693,821443.6025193654
2024-07-16 22:00:00,3883369.068442696,821443.6025193654
2024-07-16 23:00:00,3884303.089962183,821443.6025193654
2024-07-17 00:00:00,3885228.9982295963,821443.6025193654
2024-07-17 01:00:00,3886149.7525868807,821443.6025193654
2024-07-17 02:00:00,3887066.7163263927,821443.6025193654
2024-07-17 03:00:00,3887981.7182549527,821443.6025193654
2024-07-17 04:00:00,3888900.078537855,821443.6025193654
2024-07-17 05:00:00,3889840.3845025958,821447.4936107579
2024-07-17 06:00:00,3890777.5981212594,821563.2340645818
2024-07-17 07:00:00,3891765.0873019546,821930.136908481
2024-07-17 08:00:00,3892822.9689197005,822374.384140443
2024-07-17 09:00:00,3893863.8260085047,822883.4311266093
2024-07-17 10:00:00,3894876.3199660834,823453.9178842538
2024-07-17 11:00:00,3895941.051296646,824018.5606291324
2024-07-17 12:00:00,3897022.6741520176,824582.0443276172
2024-07-17 13:00:00,3898087.40548258,825151.3692193892
2024-07-17 14:00:00,3899133.8487449433,825671.3213326118
2024-07-17 15:00:00,3900185.312913303,826220.7239163219
2024-07-17 16:00:00,3901173.9326291233,826709.3755157868
2024-07-17 17:00:00,3902222.8697189684,827072.746001853
2024-07-17 18:00:00,3903270.0112530263,827239.0749362268
2024-07-17 19:00:00,3904358.0515577844,827257.7642886899
2024-07-17 20:00:00,3905458.527748918,827257.7642886899
2024-07-17 21:00:00,3906548.962128059,827257.7642886899
2024-07-17 22:00:00,3907628.0579049163,827257.7642886899
2024-07-17 23:00:00,3908695.9813346555,827257.7642886899
2024-07-18 00:00:00,3909758.750854266,827257.7642886899
2024-07-18 01:00:00,3910815.3689327543,827257.7642886899
2024-07-18 02:00:00,3911861.2469275547,827257.7642886899
2024-07-18 03:00:00,3912912.278832484,827257.7642886899
2024-07-18 04:00:00,3913962.6124657188,827257.7642886899
2024-07-18 05:00:00,3915024.1184460716,827262.2067194026
2024-07-18 06:00:00,3916054.335204287,827381.8175876328
2024-07-18 07:00:00,3917146.5651392145,827756.2424482174
2024-07-18 08:00:00,3918198.594575137,828259.2329150095
2024-07-18 09:00:00,3919217.3729779697,828790.0059372509
2024-07-18 10:00:00,3920214.3719541286,829381.3181139146
2024-07-18 11:00:00,3921195.5766895697,829995.7497092829
2024-07-18 12:00:00,3922159.058624374,830562.8890369562
2024-07-18 13:00:00,3923117.5196531825,831107.315100476
2024-07-18 14:00:00,3924108.6331964843,831651.2638799944
2024-07-18 15:00:00,3925099.214723257,832158.0664591339
2024-07-18 16:00:00,3926148.8500847965,832632.5511602899
2024-07-18 17:00:00,3927238.153928812,833020.0130342225
2024-07-18 18:00:00,3928377.0350631643,833200.3714464032
2024-07-18 19:00:00,3929552.9245973453,833220.6448186386
2024-07-18 20:00:00,3930674.914206888,833220.6448186386
2024-07-18 21:00:00,3931776.088669717,833220.6448186386
2024-07-18 22:00:00,3932876.6978649828,833220.6448186386
2024-07-18 23:00:00,3933992.9682968343,833220.6448186386
2024-07-19 00:00:00,3935140.6609549555,833220.6448186386
2024-07-19 01:00:00,3936277.713282488,833220.6448186386
2024-07-19 02:00:00,3937411.706514976,833220.6448186386
2024-07-19 03:00:00,3938535.4916803055,833220.6448186386
2024-07-19 04:00:00,3939659.842113198,833220.6448186386
2024-07-19 05:00:00,3940797.4597082925,833225.0227089606
2024-07-19 06:00:00,3941949.6080048475,833344.2108612086
2024-07-19 07:00:00,3943110.401570006,833718.8068291153
2024-07-19 08:00:00,3944236.148546288,834211.8778342536
2024-07-19 09:00:00,3945306.4660504092,834763.4090777161
2024-07-19 10:00:00,3946351.645773515,835354.0773689211
2024-07-19 11:00:00,3947384.256606113,835921.5034544017
2024-07-19 12:00:00,3948411.8465327146,836466.2044190209
2024-07-19 13:00:00,3949435.080573981,837019.2466006246
2024-07-19 14:00:00,3950503.5692712828,837555.0919756227
2024-07-19 15:00:00,3951590.213032651,838059.7037266663
2024-07-19 16:00:00,3952700.1990192486,838538.372010781
2024-07-19 17:00:00,3953829.570358137,838935.9613155846
2024-07-19 18:00:00,3954941.917168084,839123.7206453723
2024-07-19 19:00:00,3956089.4435710395,839143.7901853758
2024-07-19 20:00:00,3957204.4504636335,839143.7901853758
2024-07-19 21:00:00,3958316.9302777126,839143.7901853758
2024-07-19 22:00:00,3959413.78210624,839143.7901853758
2024-07-19 23:00:00,3960497.366772564,839143.7901853758
2024-07-20 00:00:00,3961565.1571981707,839143.7901853758
2024-07-20 01:00:00,3962623.6040834794,839143.7901853758
2024-07-20 02:00:00,3963673.239445019,839143.7901853758
2024-07-20 03:00:00,3964721.6112673013,839143.7901853758
2024-07-20 04:00:00,3965767.4892621017,839143.7901853758
2024-07-20 05:00:00,3966837.2414986608,839147.0412880944
2024-07-20 06:00:00,3967928.374149496,839248.6231797636
2024-07-20 07:00:00,3969028.2850730675,839563.2128799895
2024-07-20 08:00:00,3970122.0445555174,839993.883018821
2024-07-20 09:00:00,3971206.892761099,840453.639275447
2024-07-20 10:00:00,3972330.1459098994,840929.9123678325
2024-07-20 11:00:00,3973444.5875349306,841440.456759678
2024-07-20 12:00:00,3974557.0673490097,841970.6709831608
2024-07-20 13:00:00,3975689.664038108,842478.9525919949
2024-07-20 14:00:00,3976690.8526444365,842991.2202577498
2024-07-20 15:00:00,3977707.27022392,843466.7964204479
2024-07-20 16:00:00,3978779.682543126,843907.2093137286
2024-07-20 17:00:00,3979893.4258964625,844234.1920407595
2024-07-20 18:00:00,3980969.595582408,844388.8037333904
2024-07-20 19:00:00,3982073.829140281,844407.0107861761
2024-07-20 20:00:00,3983160.6059057815,844407.0107861761
2024-07-20 21:00:00,3984232.7189656897,844407.0107861761
2024-07-20 22:00:00,3985277.4664253653,844407.0107861761
2024-07-20 23:00:00,3986228.379469662,844407.0107861761
2024-07-21 00:00:00,3987169.383706098,844407.0107861761
2024-07-21 01:00:00,3988101.5764187654,844407.0107861761
2024-07-21 02:00:00,3989004.873983678,844407.0107861761
2024-07-21 03:00:00,3989888.054673571,844407.0107861761
2024-07-21 04:00:00,3990765.516185773,844407.0107861761
2024-07-21 05:00:00,3991657.4751484017,844410.2570010513
2024-07-21 06:00:00,3992558.2456347994,844516.0276454163
2024-07-21 07:00:00,3993470.8867400098,844834.3034756785
2024-07-21 08:00:00,3994350.9750838256,845247.7626254369
2024-07-21 09:00:00,3995191.428196199,845691.8728390654
2024-07-21 10:00:00,3995992.9110977906,846166.9774763699
2024-07-21 11:00:00,3996768.4249425395,846669.242983851
2024-07-21 12:00:00,3997635.2461241526,847189.0068432678
2024-07-21 13:00:00,3998583.6320899343,847696.4287210194
2024-07-21 14:00:00,3999531.4527881537,848215.4578827003
2024-07-21 15:00:00,4000483.629371708,848687.0411322692
2024-07-21 16:00:00,4001415.12381268,849117.6139713646
2024-07-21 17:00:00,4002368.696939624,849459.1678384612
2024-07-21 18:00:00,4003356.186120319,849609.7085436168
2024-07-21 19:00:00,4004373.7009838945,849629.3198549544
2024-07-21 20:00:00,4005283.1167388954,849629.3198549544
2024-07-21 21:00:00,4006176.2062366493,849629.3198549544
2024-07-21 22:00:00,4007055.59630877,849629.3198549544
2024-07-21 23:00:00,4007924.246297203,849629.3198549544
2024-07-22 00:00:00,4008787.310112077,849629.3198549544
2024-07-22 01:00:00,4009652.036478605,849629.3198549544
2024-07-22 02:00:00,4010505.457493883,849629.3198549544
2024-07-22 03:00:00,4011353.425339734,849629.3198549544
2024-07-22 04:00:00,4012191.916641155,849629.3198549544
2024-07-22 05:00:00,4013041.713293826,849630.5802802697
2024-07-22 06:00:00,4013920.970361815,849692.426543437
2024-07-22 07:00:00,4014815.323398826,849900.2335585904
2024-07-22 08:00:00,4015687.198737469,850191.5342768932
2024-07-22 09:00:00,4016516.878515121,850521.4833362133
2024-07-22 10:00:00,4017314.570798941,850867.3387295413
2024-07-22 11:00:00,4018087.125301745,851257.0121627768
2024-07-22 12:00:00,4018926.880142423,851641.5023005827
2024-07-22 13:00:00,4019835.1986133317,852015.3945543193
2024-07-22 14:00:00,4020710.698314581,852356.5570219248
2024-07-22 15:00:00,4021603.2225447726,852830.7092818449
2024-07-22 16:00:00,4022524.675173752,853286.6047189251
2024-07-22 17:00:00,4023452.24599282,853619.1204061678
2024-07-22 18:00:00,4024437.075090868,853781.1238668223
2024-07-22 19:00:00,4025451.3978552665,853799.9331162625
2024-07-22 20:00:00,4026403.1421753904,853799.9331162625
2024-07-22 21:00:00,4027310.7623746046,853799.9331162625
2024-07-22 22:00:00,4028202.0230655386,853799.9331162625
2024-07-22 23:00:00,4029077.522766788,853799.9331162625
2024-07-23 00:00:00,4029948.1345661734,853799.9331162625
2024-07-23 01:00:00,4030812.3289161725,853799.9331162625
2024-07-23 02:00:00,4031672.732648399,853799.9331162625
2024-07-23 03:00:00,4032525.75465128,853799.9331162625
2024-07-23 04:00:00,4033380.0069423853,853799.9331162625
2024-07-23 05:00:00,4034245.0325682117,853802.5534346664
2024-07-23 06:00:00,4035124.4226403325,853896.9252851353
2024-07-23 07:00:00,4036011.360696965,854204.1014466359
2024-07-23 08:00:00,4036869.4036058425,854629.2582166777
2024-07-23 09:00:00,4037691.0033824537,855118.168225993
2024-07-23 10:00:00,4038470.407598074,855608.6719165669
2024-07-23 11:00:00,4039228.5976545834,856120.3091670207
2024-07-23 12:00:00,4040047.5373485475,856596.6660390459
2024-07-23 13:00:00,4040967.7264382695,857071.1225093651
2024-07-23 14:00:00,4041840.1337934416,857546.1263977889
2024-07-23 15:00:00,4042718.293577338,857995.4125832169
2024-07-23 16:00:00,4043601.4742672313,858399.6392144174
2024-07-23 17:00:00,4044552.387311528,858691.6269064432
2024-07-23 18:00:00,4045517.964061417,858823.7938215288
2024-07-23 19:00:00,4046477.12336192,858839.179992879
2024-07-23 20:00:00,4047405.392452683,858839.179992879
2024-07-23 21:00:00,4048312.314380202,858839.179992879
2024-07-23 22:00:00,4049212.3865949046,858839.179992879
2024-07-23 23:00:00,4050106.3073684857,858839.179992879
2024-07-24 00:00:00,4050991.2836141656,858839.179992879
2024-07-24 01:00:00,4051868.0468546725,858839.179992879
2024-07-24 02:00:00,4052727.885319337,858839.179992879
2024-07-24 03:00:00,4053585.2299565193,858839.179992879
2024-07-24 04:00:00,4054439.4822476245,858839.179992879
2024-07-24 05:00:00,4055301.1495191087,858840.4483800809
2024-07-24 06:00:00,4056156.6653494714,858902.5471245686
2024-07-24 07:00:00,4057014.009986654,859102.5694511645
2024-07-24 08:00:00,4057868.8275453215,859396.3361262411
2024-07-24 09:00:00,4058719.1894655554,859720.4915507479
2024-07-24 10:00:00,4059589.1029932457,860067.0592156841
2024-07-24 11:00:00,4060540.7143092374,860462.7216590586
2024-07-24 12:00:00,4061491.627353534,860829.9204472839
2024-07-24 13:00:00,4062398.5492810532,861209.039968839
2024-07-24 14:00:00,4063272.220175483,861548.0623381076
2024-07-24 15:00:00,4064169.6323075383,862032.132976373
2024-07-24 16:00:00,4065072.231600756,862479.4645840893
2024-07-24 17:00:00,4066013.0695820265,862826.9837531073
2024-07-24 18:00:00,4067028.09061812,862975.8759419355
2024-07-24 19:00:00,4068062.66326167,862993.644680775
2024-07-24 20:00:00,4069105.4489103933,862993.644680775
2024-07-24 21:00:00,4070123.662045663,862993.644680775
2024-07-24 22:00:00,4071050.135580639,862993.644680775
2024-07-24 23:00:00,4071974.0820371,862993.644680775
2024-07-25 00:00:00,4072898.726765256,862993.644680775
2024-07-25 01:00:00,4073825.8985719266,862993.644680775
2024-07-25 02:00:00,4074746.785933343,862993.644680775
2024-07-25 03:00:00,4075661.388849506,862993.644680775
2024-07-25 04:00:00,4076572.0681437645,862993.644680775
2024-07-25 05:00:00,4077495.881596093,862996.2318777135
2024-07-25 06:00:00,4078411.581796348,863095.2671893295
2024-07-25 07:00:00,4079316.6749170474,863395.0554051076
2024-07-25 08:00:00,4080244.94400781,863821.8898620495
2024-07-25 09:00:00,4081162.7390231495,864305.9157094717
2024-07-25 10:00:00,4082048.978808087,864799.6315644886
2024-07-25 11:00:00,4082922.6497025164,865270.4813689294
2024-07-25 12:00:00,4083767.5584533233,865777.3617473711
2024-07-25 13:00:00,4084659.3844118197,866244.8207959207
2024-07-25 14:00:00,4085580.2717732363,866708.2266489605
2024-07-25 15:00:00,4086531.317821665,867185.5715961929
2024-07-25 16:00:00,4087486.5535002635,867592.4600355333
2024-07-25 17:00:00,4088459.5119794984,867899.4628821983
2024-07-25 18:00:00,4089496.5784505303,868036.9310378534
2024-07-25 19:00:00,4090564.5018802695,868052.5658666902
2024-07-25 20:00:00,4091639.275022825,868052.5658666902
2024-07-25 21:00:00,4092698.985447391,868052.5658666902
2024-07-25 22:00:00,4093656.315941074,868052.5658666902
2024-07-25 23:00:00,4094605.2671744185,868052.5658666902
2024-07-26 00:00:00,4095551.8575844136,868052.5658666902
2024-07-26 01:00:00,4096491.46527746,868052.5658666902
2024-07-26 02:00:00,4097431.771242201,868052.5658666902
2024-07-26 03:00:00,4098366.3247782174,868052.5658666902
2024-07-26 04:00:00,4099306.6307429583,868052.5658666902
2024-07-26 05:00:00,4100258.8073265124,868054.959665268
2024-07-26 06:00:00,4101307.1791487946,868129.8053294661
2024-07-26 07:00:00,4102382.650563045,868348.7529965043
2024-07-26 08:00:00,4103443.591275835,868674.3047067651
2024-07-26 09:00:00,4104484.9803811684,869055.3332513208
2024-07-26 10:00:00,4105478.754007118,869477.7705585448
2024-07-26 11:00:00,4106522.104923404,869899.318277294
2024-07-26 12:00:00,4107530.409250813,870324.0624299082
2024-07-26 13:00:00,4108487.041472801,870766.097292763
2024-07-26 14:00:00,4109483.9074448277,871190.6978606249
2024-07-26 15:00:00,4110627.6764810444,871578.5010194521
2024-07-26 16:00:00,4111795.4527631514,871915.8267943049
2024-07-26 17:00:00,4112926.0876412974,872158.0481481666
2024-07-26 18:00:00,4113994.576338599,872285.0049013393
2024-07-26 19:00:00,4115119.625043186,872300.4330231551
2024-07-26 20:00:00,4116229.444774618,872300.4330231551
2024-07-26 21:00:00,4117326.296603145,872300.4330231551
2024-07-26 22:00:00,4118402.333284958,872300.4330231551
2024-07-26 23:00:00,4119445.684201244,872300.4330231551
2024-07-27 00:00:00,4120393.504899463,872300.4330231551
2024-07-27 01:00:00,4121330.020246432,872300.4330231551
2024-07-27 02:00:00,4122260.8164157094,872300.4330231551
2024-07-27 03:00:00,4123193.009128377,872300.4330231551
2024-07-27 04:00:00,4124132.616821423,872300.4330231551
2024-07-27 05:00:00,4125109.4989225627,872304.7221556413
2024-07-27 06:00:00,4126186.9321477655,872426.389878006
2024-07-27 07:00:00,4127281.256897778,872779.8102867599
2024-07-27 08:00:00,4128364.70855997,873293.9247135122
2024-07-27 09:00:00,4129418.8328109765,873812.893995684
2024-07-27 10:00:00,4130435.782406989,874379.8234563093
2024-07-27 11:00:00,4131434.5769389346,874956.2922483427
2024-07-27 12:00:00,4132415.083402681,875513.4846783234
2024-07-27 13:00:00,4133368.656529625,876083.0677350173
2024-07-27 14:00:00,4134368.1493332656,876627.7586130833
2024-07-27 15:00:00,4135336.785178199,877184.6835723066
2024-07-27 16:00:00,4136349.9774074727,877723.1062670089
2024-07-27 17:00:00,4137375.040255559,878139.1372145975
2024-07-27 18:00:00,4138434.0524084303,878310.5677765496
2024-07-27 19:00:00,4139528.942426005,878331.1229504745
2024-07-27 20:00:00,4140620.208080973,878331.1229504745
2024-07-27 21:00:00,4141723.9096223162,878331.1229504745
2024-07-27 22:00:00,4142806.929021078,878331.1229504745
2024-07-27 23:00:00,4143794.983469336,878331.1229504745
2024-07-28 00:00:00,4144752.746226449,878331.1229504745
2024-07-28 01:00:00,4145701.132192231,878331.1229504745
2024-07-28 02:00:00,4146654.539064009,878331.1229504745
2024-07-28 03:00:00,4147697.1917086,878331.1229504745
2024-07-28 04:00:00,4148734.956451327,878331.1229504745
2024-07-28 05:00:00,4149788.9144471684,878335.1676850565
2024-07-28 06:00:00,4150869.2737632827,878452.0053905566
2024-07-28 07:00:00,4151963.4655091628,878830.2434457181
2024-07-28 08:00:00,4153038.803919281,879325.8652985919
2024-07-28 09:00:00,4154079.0957405223,879865.9420571924
2024-07-28 10:00:00,4155103.7263251785,880425.1138877448
2024-07-28 11:00:00,4156154.0599584132,881023.859158476
2024-07-28 12:00:00,4157121.997531652,881603.7853198374
2024-07-28 13:00:00,4158119.5617753733,882197.1943007738
2024-07-28 14:00:00,4159093.9167979984,882771.6065512013
2024-07-28 15:00:00,4160080.7077069986,883342.4392454727
2024-07-28 16:00:00,4161128.5475127515,883853.181241684
2024-07-28 17:00:00,4162183.203780288,884272.6996661004
2024-07-28 18:00:00,4163296.381866062,884441.8753103431
2024-07-28 19:00:00,4164420.7322989544,884462.7476014852
2024-07-28 20:00:00,4165541.3253651075,884462.7476014852
2024-07-28 21:00:00,4166651.843368234,884462.7476014852
2024-07-28 22:00:00,4167752.4525635,884462.7476014852
2024-07-28 23:00:00,4168844.8155025598,884462.7476014852
2024-07-29 00:00:00,4169924.6095511117,884462.7476014852
2024-07-29 01:00:00,4170998.6844219724,884462.7476014852
2024-07-29 02:00:00,4172060.3234064574,884462.7476014852
2024-07-29 03:00:00,4173124.4894694574,884462.7476014852
2024-07-29 04:00:00,4174192.4128991966,884462.7476014852
2024-07-29 05:00:00,4175287.169912639,884465.224503925
2024-07-29 06:00:00,4176404.138616185,884561.082382548
2024-07-29 07:00:00,4177544.416293927,884868.1882281593
2024-07-29 08:00:00,4178697.8281297395,885313.0014365441
2024-07-29 09:00:00,4179812.2697547707,885806.8543118053
2024-07-29 10:00:00,4180899.611787834,886313.8454276983
2024-07-29 11:00:00,4182006.5054283543,886783.0786029337
2024-07-29 12:00:00,4183041.610088434,887266.6840537293
2024-07-29 13:00:00,4184172.24496658,887734.4844544231
2024-07-29 14:00:00,4185314.351451142,888233.2633083515
2024-07-29 15:00:00,4186579.619762268,888704.0408513894
2024-07-29 16:00:00,4187741.1115991212,889135.6652639156
2024-07-29 17:00:00,4188923.2855785564,889421.0130117562
2024-07-29 18:00:00,4190082.8488554903,889554.10653795
2024-07-29 19:00:00,4191258.173122109,889569.1052616414
2024-07-29 20:00:00,4192401.5098948954,889569.1052616414
2024-07-29 21:00:00,4193505.2114362386,889569.1052616414
2024-07-29 22:00:00,4194596.876103603,889569.1052616414
2024-07-29 23:00:00,4195678.498958975,889569.1052616414
2024-07-30 00:00:00,4196750.213006486,889569.1052616414
2024-07-30 01:00:00,4197812.9825260965,889569.1052616414
2024-07-30 02:00:00,4198858.860520897,889569.1052616414
2024-07-30 03:00:00,4199899.152342139,889569.1052616414
2024-07-30 04:00:00,4200931.197907174,889569.1052616414
2024-07-30 05:00:00,4201981.963803839,889571.4669427323
2024-07-30 06:00:00,4203049.887233578,889653.1398034655
2024-07-30 07:00:00,4204132.90663234,889881.9424386837
2024-07-30 08:00:00,4205180.048166398,890187.1293902048
2024-07-30 09:00:00,4206183.198583678,890548.3203021752
2024-07-30 10:00:00,4207150.570889355,890981.5296636486
2024-07-30 11:00:00,4208113.354552465,891390.3335531019
2024-07-30 12:00:00,4209079.496569917,891838.1035775583
2024-07-30 13:00:00,4210000.949198896,892278.1325952593
2024-07-30 14:00:00,4210941.787180167,892680.3137927159
2024-07-30 15:00:00,4211925.518994123,893046.4429782564
2024-07-30 16:00:00,4212881.020680985,893368.6291144127
2024-07-30 17:00:00,4213882.907559008,893633.7522892146
2024-07-30 18:00:00,4214913.689584786,893762.2741034016
2024-07-30 19:00:00,4215985.403632297,893776.3016935851
2024-07-30 20:00:00,4217048.306156039,893776.3016935851
2024-07-30 21:00:00,4218086.636166329,893776.3016935851
2024-07-30 22:00:00,4219112.39728611,893776.3016935851
2024-07-30 23:00:00,4220057.025885153,893776.3016935851
2024-07-31 00:00:00,4220977.214974875,893776.3016935851
2024-07-31 01:00:00,4221889.989084218,893776.3016935851
2024-07-31 02:00:00,4222800.103110913,893776.3016935851
2024-07-31 03:00:00,4223706.326766738,893776.3016935851
2024-07-31 04:00:00,4224608.360792393,893776.3016935851
2024-07-31 05:00:00,4225520.303625909,893780.5092600316
2024-07-31 06:00:00,4226431.681191862,893904.9001900505
2024-07-31 07:00:00,4227341.263202028,894261.573969765
2024-07-31 08:00:00,4228283.929990118,894741.0732439341
2024-07-31 09:00:00,4229255.791185262,895291.8785354687
2024-07-31 10:00:00,4230219.273120066,895874.1598846412
2024-07-31 11:00:00,4231086.094301679,896452.9424706198
2024-07-31 12:00:00,4231925.150870662,897013.9184752407
2024-07-31 13:00:00,4232819.503907673,897579.0472028804
2024-07-31 14:00:00,4233683.13299011,898153.5856332182
2024-07-31 15:00:00,4234557.502156234,898706.6542705583
2024-07-31 16:00:00,4235483.842687078,899219.1343863647
2024-07-31 17:00:00,4236458.762977265,899621.2082757521
2024-07-31 18:00:00,4237490.8085423,899798.3709936438
2024-07-31 19:00:00,4238465.595828355,899819.5064855301
2024-07-31 20:00:00,4239420.399243523,899819.5064855301
2024-07-31 21:00:00,4240361.237224794,899819.5064855301
2024-07-31 22:00:00,4241282.689853773,899819.5064855301
2024-07-31 23:00:00,4242198.3900540285,899819.5064855301
2024-08-01 00:00:00,4243112.859966059,899819.5064855301
2024-08-01 01:00:00,4244012.233909067,899819.5064855301
2024-08-01 02:00:00,4244897.210154747,899819.5064855301
2024-08-01 03:00:00,4245777.16549443,899819.5064855301
2024-08-01 04:00:00,4246649.739104767,899819.5064855301
2024-08-01 05:00:00,4247537.375433095,899820.30523553
2024-08-01 06:00:00,4248427.4058358045,899905.58773553
2024-08-01 07:00:00,4249308.059447183,900255.60898553
2024-08-01 08:00:00,4250145.287209347,900759.07273553
2024-08-01 09:00:00,4251008.351024221,901312.14898553
2024-08-01 10:00:00,4251860.674755407,901877.81023553
2024-08-01 11:00:00,4252682.274532018,902437.7564855301
2024-08-01 12:00:00,4253483.624429478,903025.03273553
2024-08-01 13:00:00,4254295.847414758,903613.20523553
2024-08-01 14:00:00,4255091.045871096,904199.2252355301
2024-08-01 15:00:00,4255928.140629127,904782.9164855301
2024-08-01 16:00:00,4256793.56526735,905333.2252355301
2024-08-01 17:00:00,4257700.0549314385,905766.8789855301
2024-08-01 18:00:00,4258586.427720509,905926.1489855301
2024-08-01 19:00:00,4259523.50833504,905937.2602355301
2024-08-01 20:00:00,4260463.116028086,905937.2602355301
2024-08-01 21:00:00,4261388.326023805,905937.2602355301
2024-08-01 22:00:00,4262302.928939967,905937.2602355301
2024-08-01 23:00:00,4263213.741238358,905937.2602355301
2024-08-02 00:00:00,4264119.532630753,905937.2602355301
2024-08-02 01:00:00,4265020.170113018,905937.2602355301
2024-08-02 02:00:00,4265922.769406235,905937.2602355301
2024-08-02 03:00:00,4266834.146972188,905937.2602355301
2024-08-02 04:00:00,4267753.205526785,905937.2602355301
2024-08-02 05:00:00,4268693.511491526,905937.9764855301
2024-08-02 06:00:00,4269656.4281587675,906023.9677355301
2024-08-02 07:00:00,4270671.449194861,906398.5402355301
2024-08-02 08:00:00,4271723.046367353,906945.2789855301
2024-08-02 09:00:00,4272729.82114724,907542.4327355302
2024-08-02 10:00:00,4273735.332387869,908150.1727355302
2024-08-02 11:00:00,4274702.704693546,908754.2152355302
2024-08-02 12:00:00,4275649.295103541,909362.6939855302
2024-08-02 13:00:00,4276597.11580176,909971.4464855301
2024-08-02 14:00:00,4277567.015185951,910574.1989855301
2024-08-02 15:00:00,4278545.726093911,911174.8289855301
2024-08-02 16:00:00,4279549.009515324,911742.1664855301
2024-08-02 17:00:00,4280604.231050422,912183.8377355301
2024-08-02 18:00:00,4281683.326827279,912341.4952355301
2024-08-02 19:00:00,4282783.237750851,912351.75148553
2024-08-02 20:00:00,4283866.2571496125,912351.75148553
2024-08-02 21:00:00,4284846.0653416645,912351.75148553
2024-08-02 22:00:00,4285812.905630811,912351.75148553
2024-08-02 23:00:00,4286767.576041847,912351.75148553
2024-08-03 00:00:00,4287718.489086144,912351.75148553
2024-08-03 01:00:00,4288669.402130441,912351.75148553
2024-08-03 02:00:00,4289615.294268741,912351.75148553
2024-08-03 03:00:00,4290546.788709714,912351.75148553
2024-08-03 04:00:00,4291482.605784988,912351.75148553
2024-08-03 05:00:00,4292455.564264223,912352.31398553
2024-08-03 06:00:00,4293532.864485294,912425.2702355301
2024-08-03 07:00:00,4294630.979853078,912749.5964855301
2024-08-03 08:00:00,4295697.672994592,913234.2014855301
2024-08-03 09:00:00,4296722.037570984,913786.2877355302
2024-08-03 10:00:00,4297715.678192801,914357.4614855301
2024-08-03 11:00:00,4298688.104655506,914915.8552355302
2024-08-03 12:00:00,4299649.192515928,915480.3952355302
2024-08-03 13:00:00,4300618.393628424,916042.8314855302
2024-08-03 14:00:00,4301580.612023971,916596.3952355302
2024-08-03 15:00:00,4302560.553220155,917131.9814855303
2024-08-03 16:00:00,4303532.414415298,917623.1452355302
2024-08-03 17:00:00,4304526.055037115,917999.7389855302
2024-08-03 18:00:00,4305554.87525194,918128.8702355302
2024-08-03 19:00:00,4306611.493330429,918137.2139855302
2024-08-03 20:00:00,4307647.994533898,918137.2139855302
2024-08-03 21:00:00,4308587.036959382,918137.2139855302
2024-08-03 22:00:00,4309510.285144147,918137.2139855302
2024-08-03 23:00:00,4310429.077690479,918137.2139855302
2024-08-04 00:00:00,4311315.317475417,918137.2139855302
2024-08-04 01:00:00,4312187.026558894,918137.2139855302
2024-08-04 02:00:00,4313049.392102073,918137.2139855302
2024-08-04 03:00:00,4313909.230566737,918137.2139855302
2024-08-04 04:00:00,4314723.681371234,918137.2139855302
2024-08-04 05:00:00,4315601.6748999655,918137.7089855302
2024-08-04 06:00:00,4316502.445386363,918198.4364855302
2024-08-04 07:00:00,4318334.178297204,918469.1489855302
2024-08-04 08:00:00,4320260.011631688,918888.1477355303
2024-08-04 09:00:00,4322164.630807061,919367.7389855303
2024-08-04 10:00:00,4324084.013441126,919873.2164855304
2024-08-04 11:00:00,4325962.098292094,920389.0927355303
2024-08-04 12:00:00,4327945.7219220875,920878.4864855304
2024-08-04 13:00:00,4329788.893188311,921371.4502355304
2024-08-04 14:00:00,4331688.4582066545,921844.0402355304
2024-08-04 15:00:00,4333649.471134148,922290.0164855303
2024-08-04 16:00:00,4335650.717811679,922685.8627355302
2024-08-04 17:00:00,4337683.220460314,922989.6764855302
2024-08-04 18:00:00,4339861.562140081,923119.9327355302
2024-08-04 19:00:00,4342015.032047097,923127.4814855302
2024-08-04 20:00:00,4344133.056352839,923127.4814855302
2024-08-04 21:00:00,4346091.874712148,923127.4814855302
2024-08-04 22:00:00,4347923.6076229885,923127.4814855302
2024-08-04 23:00:00,4349727.675674299,923127.4814855302
2024-08-05 00:00:00,4351505.209401203,923127.4814855302
2024-08-05 01:00:00,4353263.989545445,923127.4814855302
2024-08-05 02:00:00,4355001.289522311,923127.4814855302
2024-08-05 03:00:00,4356728.547687184,923127.4814855302
2024-08-05 04:00:00,4358438.182804519,923127.4814855302
2024-08-05 05:00:00,4360180.204428084,923128.0102355302
2024-08-05 06:00:00,4361938.984572326,923203.5614855302
2024-08-05 07:00:00,4363751.697892239,923548.1602355302
2024-08-05 08:00:00,4365551.842321645,924067.6064855303
2024-08-05 09:00:00,4367271.851761304,924639.3914855303
2024-08-05 10:00:00,4368925.09312652,925228.4902355303
2024-08-05 11:00:00,4370497.600983393,925822.2427355302
2024-08-05 12:00:00,4372070.374848532,926384.7652355302
2024-08-05 13:00:00,4373627.786736383,926942.9114855302
2024-08-05 14:00:00,4375214.260027154,927486.1177355302
2024-08-05 15:00:00,4376864.70830559,927992.5252355302
2024-08-05 16:00:00,4378649.756765973,928457.1727355302
2024-08-05 17:00:00,4380545.132154147,928799.8139855302
2024-08-05 18:00:00,4382453.342441094,928931.6789855302
2024-08-05 19:00:00,4384371.6610421,928939.3777355301
2024-08-05 20:00:00,4386267.036430274,928939.3777355301
2024-08-05 21:00:00,4388161.613793654,928939.3777355301
2024-08-05 22:00:00,4390041.095188011,928939.3777355301
2024-08-05 23:00:00,4391871.099045131,928939.3777355301
2024-08-06 00:00:00,4393656.147505514,928939.3777355301
2024-08-06 01:00:00,4395438.668887382,928939.3777355301
2024-08-06 02:00:00,4397223.717347765,928939.3777355301
2024-08-06 03:00:00,4398122.526023211,928939.3777355301
2024-08-06 04:00:00,4398905.720856603,928939.3777355301
2024-08-06 05:00:00,4399776.8979235515,928939.9252355301
2024-08-06 06:00:00,4400684.518122765,929015.8514855301
2024-08-06 07:00:00,4401607.766307531,929369.5252355301
2024-08-06 08:00:00,4402512.161156535,929904.9839855301
2024-08-06 09:00:00,4403393.247031344,930491.6602355301
2024-08-06 10:00:00,4404255.04730696,931096.7414855302
2024-08-06 11:00:00,4405136.266185901,931699.5127355302
2024-08-06 12:00:00,4406020.710415051,932254.4302355301
2024-08-06 13:00:00,4406957.791029583,932805.8977355302
2024-08-06 14:00:00,4407895.569915809,933338.9414855301
2024-08-06 15:00:00,4408810.738099534,933840.7327355301
2024-08-06 16:00:00,4409740.403733687,934292.7464855302
2024-08-06 17:00:00,4410701.491594109,934643.3002355301
2024-08-06 18:00:00,4411638.006941077,934777.3177355301
2024-08-06 19:00:00,4412608.4715928305,934784.30398553
2024-08-06 20:00:00,4413571.953527635,934784.30398553
2024-08-06 21:00:00,4414522.999576064,934784.30398553
2024-08-06 22:00:00,4415454.627021168,934784.30398553
2024-08-06 23:00:00,4416376.6116666775,934784.30398553
2024-08-07 00:00:00,4417281.139519814,934784.30398553
2024-08-07 01:00:00,4418179.94819526,934784.30398553
2024-08-07 02:00:00,4419069.97859797,934784.30398553
2024-08-07 03:00:00,4419956.218382907,934784.30398553
2024-08-07 04:00:00,4420833.812899241,934784.30398553
2024-08-07 05:00:00,4421722.014495131,934784.8327355301
2024-08-07 06:00:00,4422611.4796302775,934860.8902355301
2024-08-07 07:00:00,4423498.284682778,935214.6127355301
2024-08-07 08:00:00,4424347.516067887,935749.7864855301
2024-08-07 09:00:00,4425156.945966387,936336.13273553
2024-08-07 10:00:00,4425952.144422725,936939.30148553
2024-08-07 11:00:00,4426732.812177603,937550.45398553
2024-08-07 12:00:00,4427576.191380888,938149.74523553
2024-08-07 13:00:00,4428489.3977536615,938749.0589855299
2024-08-07 14:00:00,4429386.41087332,939342.1889855299
2024-08-07 15:00:00,4430218.052461924,939927.7739855299
2024-08-07 16:00:00,4431074.133559849,940470.5902355299
2024-08-07 17:00:00,4431937.629638153,940877.24398553
2024-08-07 18:00:00,4432813.129339403,941016.72148553
2024-08-07 19:00:00,4433732.753161562,941024.59273553
2024-08-07 20:00:00,4434661.022252324,941024.59273553
2024-08-07 21:00:00,4435581.909613741,941024.59273553
2024-08-07 22:00:00,4436494.550718951,941024.59273553
2024-08-07 23:00:00,4437401.605650603,941024.59273553
2024-08-08 00:00:00,4438304.20494382,941024.59273553
2024-08-08 01:00:00,4439200.519791784,941024.59273553
2024-08-08 02:00:00,4440088.023115979,941024.59273553
2024-08-08 03:00:00,4440966.01664471,941024.59273553
2024-08-08 04:00:00,4441842.779885217,941024.59273553
2024-08-08 05:00:00,4442725.827570978,941025.01648553
2024-08-08 06:00:00,4443608.309989176,941096.5439855299
2024-08-08 07:00:00,4444489.661872249,941430.54148553
2024-08-08 08:00:00,4445328.718441232,941945.83273553
2024-08-08 09:00:00,4446180.343900723,942511.57273553
2024-08-08 10:00:00,4447050.955700109,943091.6377355299
2024-08-08 11:00:00,4447913.321243288,943674.4289855299
2024-08-08 12:00:00,4448810.168107781,944253.4814855299
2024-08-08 13:00:00,4449658.135953632,944830.23523553
2024-08-08 14:00:00,4450566.321420409,945399.92023553
2024-08-08 15:00:00,4451463.866556597,945961.15273553
2024-08-08 16:00:00,4452369.524944859,946486.16023553
2024-08-08 17:00:00,4453277.145144072,946881.14773553
2024-08-08 18:00:00,4454207.376045788,947016.18523553
2024-08-08 19:00:00,4455132.586041506,947023.38523553
2024-08-08 20:00:00,4456075.385833729,947023.38523553
2024-08-08 21:00:00,4457021.976243724,947023.38523553
2024-08-08 22:00:00,4457961.018669208,947023.38523553
2024-08-08 23:00:00,4458894.474921132,947023.38523553
2024-08-09 00:00:00,4459823.44228359,947023.38523553
2024-08-09 01:00:00,4460744.329645007,947023.38523553
2024-08-09 02:00:00,4461660.595112824,947023.38523553
2024-08-09 03:00:00,4462566.95177278,947023.38523553
2024-08-09 04:00:00,4463462.003081487,947023.38523553
2024-08-09 05:00:00,4464371.585091653,947023.76398553
2024-08-09 06:00:00,4465297.493359067,947092.04023553
2024-08-09 07:00:00,4467180.565864997,947422.44898553
2024-08-09 08:00:00,4469142.709327615,947938.1264855299
2024-08-09 09:00:00,4471151.803248955,948504.1327355299
2024-08-09 10:00:00,4473183.241864531,949084.0439855299
2024-08-09 11:00:00,4475133.082444906,949676.51023553
2024-08-09 12:00:00,4476094.037301196,950251.47148553
2024-08-09 13:00:00,4477041.325982885,950831.2139855301
2024-08-09 14:00:00,4478012.488906334,951401.8589855301
2024-08-09 15:00:00,4479064.086078826,951952.3177355301
2024-08-09 16:00:00,4480029.363569418,952465.1564855301
2024-08-09 17:00:00,4480985.4305238435,952824.9727355301
2024-08-09 18:00:00,4481932.020933839,952946.0752355302
2024-08-09 19:00:00,4482901.222046334,952952.2852355301
2024-08-09 20:00:00,4483850.871551374,952952.2852355301
2024-08-09 21:00:00,4484786.123359085,952952.2852355301
2024-08-09 22:00:00,4485705.6141771125,952952.2852355301
2024-08-09 23:00:00,4486627.598822622,952952.2852355301
2024-08-10 00:00:00,4487546.657377219,952952.2852355301
2024-08-10 01:00:00,4488467.544738635,952952.2852355301
2024-08-10 02:00:00,4489380.185843846,952952.2852355301
2024-08-10 03:00:00,4490287.107771365,952952.2852355301
2024-08-10 04:00:00,4491192.200892064,952952.2852355301
2024-08-10 05:00:00,4492132.34060164,952952.6189855301
2024-08-10 06:00:00,4493188.958680129,953015.8627355301
2024-08-10 07:00:00,4494305.927383675,953325.7964855301
2024-08-10 08:00:00,4495451.791234977,953813.62648553
2024-08-10 09:00:00,4496613.28307183,954359.4539855301
2024-08-10 10:00:00,4497752.862477877,954924.12148553
2024-08-10 11:00:00,4498866.040563651,955495.4264855301
2024-08-10 12:00:00,4499972.934204171,956064.3314855301
2024-08-10 13:00:00,4501033.176645267,956633.0414855301
2024-08-10 14:00:00,4502129.330202099,957198.4177355301
2024-08-10 15:00:00,4503224.918491368,957773.4632933878
2024-08-10 16:00:00,4504374.406705276,958298.9670997639
2024-08-10 17:00:00,4505434.2501339745,958685.7374214166
2024-08-10 18:00:00,4506494.093562673,958819.5444488134
2024-08-10 19:00:00,4507585.226213508,958827.2309988628
2024-08-10 20:00:00,4508667.414336443,958827.2309988628
2024-08-10 21:00:00,4509742.187478999,958827.2309988628
2024-08-10 22:00:00,4510775.496583291,958827.2309988628
2024-08-10 23:00:00,4511729.601726765,958827.2309988628
2024-08-11 00:00:00,4512676.025881594,958827.2309988628
2024-08-11 01:00:00,4513620.089213074,958827.2309988628
2024-08-11 02:00:00,4514563.587276991,958827.2309988628
2024-08-11 03:00:00,4515497.608796478,958827.2309988628
2024-08-11 04:00:00,4516415.270807685,958827.2309988628
2024-08-11 05:00:00,4517347.895783783,958827.5976906528
2024-08-11 06:00:00,4518474.075023495,958895.6575089786
2024-08-11 07:00:00,4519677.762421339,959240.3598144415
2024-08-11 08:00:00,4520842.346604269,959731.709133062
2024-08-11 09:00:00,4521957.353496863,960305.1366887889
2024-08-11 10:00:00,4523037.147545415,960873.8233121331
2024-08-11 11:00:00,4524108.296325364,961453.8143775911
2024-08-11 12:00:00,4525188.788645611,962000.3074796662
2024-08-11 13:00:00,4526226.420384206,962580.5809058512
2024-08-11 14:00:00,4527266.712205447,963135.2877382044
2024-08-11 15:00:00,4528322.066744679,963702.2897610802
2024-08-11 16:00:00,4529412.634127952,964191.617923644
2024-08-11 17:00:00,4530510.583240571,964546.616706061
2024-08-11 18:00:00,4531636.197212721,964665.2905889623
2024-08-11 19:00:00,4532710.970355277,964671.7229932348
2024-08-11 20:00:00,4533755.019543258,964671.7229932348
2024-08-11 21:00:00,4534770.871855178,964671.7229932348
2024-08-11 22:00:00,4535684.776499646,964671.7229932348
2024-08-11 23:00:00,4536599.2464116765,964671.7229932348
2024-08-12 00:00:00,4537506.86661089,964671.7229932348
2024-08-12 01:00:00,4538404.411747078,964671.7229932348
2024-08-12 02:00:00,4539288.689721064,964671.7229932348
2024-08-12 03:00:00,4540162.360615493,964671.7229932348
2024-08-12 04:00:00,4541034.06969897,964671.7229932348
2024-08-12 05:00:00,4541920.309483907,964672.0664247632
2024-08-12 06:00:00,4542824.704332911,964736.085207886
2024-08-12 07:00:00,4543749.349061067,965054.3788448825
2024-08-12 08:00:00,4544658.232799538,965564.0223065597
2024-08-12 09:00:00,4545552.020568987,966108.9697833221
2024-08-12 10:00:00,4546412.4243012145,966650.3400513579
2024-08-12 11:00:00,4547221.455187318,967238.2877781219
2024-08-12 12:00:00,4548050.436693275,967827.1120044645
2024-08-12 13:00:00,4548864.355481243,968370.2221008503
2024-08-12 14:00:00,4550533.75684854,968939.8834771605
2024-08-12 15:00:00,4552110.188327319,969493.8722493345
2024-08-12 16:00:00,4553746.937180122,970013.7977651076
2024-08-12 17:00:00,4555457.968840848,970390.9258603993
2024-08-12 18:00:00,4557263.433435547,970534.7676688803
2024-08-12 19:00:00,4559132.873017911,970542.7855876863
2024-08-12 20:00:00,4560979.635395708,970542.7855876863
2024-08-12 21:00:00,4562783.4374387525,970542.7855876863
2024-08-12 22:00:00,4564559.840630532,970542.7855876863
2024-08-12 23:00:00,4566314.763654936,970542.7855876863
2024-08-13 00:00:00,4568053.460175192,970542.7855876863
2024-08-13 01:00:00,4569780.718340065,970542.7855876863
2024-08-13 02:00:00,4571500.395269394,970542.7855876863
2024-08-13 03:00:00,4573191.077297868,970542.7855876863
2024-08-13 04:00:00,4574864.136278805,970542.7855876863
2024-08-13 05:00:00,4576567.653206052,970543.3015302239
2024-08-13 06:00:00,4578310.273348212,970615.9327359073
2024-08-13 07:00:00,4580104.299587529,970985.6900559538
2024-08-13 08:00:00,4581890.478583037,971537.8901223236
2024-08-13 09:00:00,4583631.436173542,972139.8064082266
2024-08-13 10:00:00,4585315.933509862,972762.2303682937
2024-08-13 11:00:00,4586963.854709784,973355.8449501247
2024-08-13 12:00:00,4588589.431215469,973963.7097202892
2024-08-13 13:00:00,4590399.617456867,974549.0134027423
2024-08-13 14:00:00,4592234.9414792815,975149.3975593401
2024-08-13 15:00:00,4594114.156865374,975748.7453380924
2024-08-13 16:00:00,4596070.182137904,976300.7496105478
2024-08-13 17:00:00,4598124.231455982,976699.1440469777
2024-08-13 18:00:00,4600250.036503467,976844.4453587814
2024-08-13 19:00:00,4602430.040734888,976852.2752869935
2024-08-13 20:00:00,4604588.564798933,976852.2752869935
2024-08-13 21:00:00,4606686.704986888,976852.2752869935
2024-08-13 22:00:00,4608613.934864762,976852.2752869935
2024-08-13 23:00:00,4610510.972804591,976852.2752869935
2024-08-14 00:00:00,4612379.015843566,976852.2752869935
2024-08-14 01:00:00,4614244.531804025,976852.2752869935
2024-08-14 02:00:00,4616094.951795462,976852.2752869935
2024-08-14 03:00:00,4617931.672361266,976852.2752869935
2024-08-14 04:00:00,4619755.824036562,976852.2752869935
2024-08-14 05:00:00,4621609.901641639,976853.0003567423
2024-08-14 06:00:00,4623462.582703326,976936.701577623
2024-08-14 07:00:00,4625310.741624513,977319.2772042627
2024-08-14 08:00:00,4627078.233539424,977886.0591611165
2024-08-14 09:00:00,4628835.617140276,978478.8860458375
2024-08-14 10:00:00,4630589.14362129,979102.3584978386
2024-08-14 11:00:00,4632336.485410149,979725.4056883791
2024-08-14 12:00:00,4634068.731229985,980361.2829722925
2024-08-14 13:00:00,4635755.75564482,980991.232424794
2024-08-14 14:00:00,4637541.9346403275,981593.4010076713
2024-08-14 15:00:00,4639326.98310071,982188.2361289772
2024-08-14 16:00:00,4641181.0607057875,982759.7022863515
2024-08-14 17:00:00,4643149.654868824,983200.776518976
2024-08-14 18:00:00,4645231.369046433,983354.3167170635
2024-08-14 19:00:00,4647368.346441036,983364.2333408722
2024-08-14 20:00:00,4649490.227866616,983364.2333408722
2024-08-14 21:00:00,4651608.252172358,983364.2333408722
2024-08-14 22:00:00,4653660.040420186,983364.2333408722
2024-08-14 23:00:00,4655554.285273234,983364.2333408722
2024-08-15 00:00:00,4657434.897202716,983364.2333408722
2024-08-15 01:00:00,4659310.720983434,983364.2333408722
2024-08-15 02:00:00,4661173.709865378,983364.2333408722
2024-08-15 03:00:00,4663037.829282448,983364.2333408722
2024-08-15 04:00:00,4664894.699974304,983364.2333408722
2024-08-15 05:00:00,4666781.69610214,983364.7527396756
2024-08-15 06:00:00,4668681.261120483,983439.7192626903
2024-08-15 07:00:00,4670647.328205006,983789.103302364
2024-08-15 08:00:00,4671629.231212143,984322.0167253038
2024-08-15 09:00:00,4672559.462113858,984920.6349752326
2024-08-15 10:00:00,4673462.061407075,985540.4430438874
2024-08-15 11:00:00,4674342.715018454,986133.5652759464
2024-08-15 12:00:00,4675215.820645321,986753.9840981789
2024-08-15 13:00:00,4676110.306686465,987344.4597228378
2024-08-15 14:00:00,4677012.34071212,987961.6655617937
2024-08-15 15:00:00,4677950.684865909,988546.8424163779
2024-08-15 16:00:00,4678950.044665417,989113.7470267247
2024-08-15 17:00:00,4680024.68480384,989537.6138615016
2024-08-15 18:00:00,4681071.261070335,989679.9143682636
2024-08-15 19:00:00,4682154.280469097,989687.6006811097
2024-08-15 20:00:00,4683229.186615785,989687.6006811097
2024-08-15 21:00:00,4684296.977041392,989687.6006811097
2024-08-15 22:00:00,4685310.86754236,989687.6006811097
2024-08-15 23:00:00,4686261.215319094,989687.6006811097
2024-08-16 00:00:00,4687206.542189832,989687.6006811097
2024-08-16 01:00:00,4688150.040253749,989687.6006811097
2024-08-16 02:00:00,4689087.1208682805,989687.6006811097
2024-08-16 03:00:00,4690024.334486945,989687.6006811097
2024-08-16 04:00:00,4690960.849833913,989687.6006811097
2024-08-16 05:00:00,4691941.921565223,989688.1088137598
2024-08-16 06:00:00,4693014.732896826,989766.4199098164
2024-08-16 07:00:00,4694109.057646838,990097.7569763558
2024-08-16 08:00:00,4695195.136140644,990601.6568672137
2024-08-16 09:00:00,4696237.0905135395,991162.7767824336
2024-08-16 10:00:00,4697251.546282071,991763.621262602
2024-08-16 11:00:00,4698250.906081579,992359.3240692931
2024-08-16 12:00:00,4699290.4996311255,992935.3683893472
2024-08-16 13:00:00,4700318.920833554,993470.9236103785
2024-08-16 14:00:00,4701333.509606217,994040.9413352124
2024-08-16 15:00:00,4702357.308915046,994530.8093670522
2024-08-16 16:00:00,4703381.80649557,995003.8192075685
2024-08-16 17:00:00,4704439.555109183,995363.4424109799
2024-08-16 18:00:00,4705540.596567879,995500.8875947808
2024-08-16 19:00:00,4706656.8669997305,995508.8856310054
2024-08-16 20:00:00,4707753.585824125,995508.8856310054
2024-08-16 21:00:00,4708846.514030748,995508.8856310054
2024-08-16 22:00:00,4709891.693753853,995508.8856310054
2024-08-16 23:00:00,4710854.610421095,995508.8856310054
2024-08-17 00:00:00,4711811.109638951,995508.8856310054
2024-08-17 01:00:00,4712762.7209549425,995508.8856310054
2024-08-17 02:00:00,4713713.068731677,995508.8856310054
2024-08-17 03:00:00,4714667.340130315,995508.8856310054
2024-08-17 04:00:00,4715731.506193315,995508.8856310054
2024-08-17 05:00:00,4716808.241146822,995509.2828098249
2024-08-17 06:00:00,4717904.394703655,995574.5059227188
2024-08-17 07:00:00,4719024.422502245,995916.0309360265
2024-08-17 08:00:00,4720139.296390707,996434.8847262015
2024-08-17 09:00:00,4721199.006815272,996990.635923437
2024-08-17 10:00:00,4722221.010568314,997548.2978186666
2024-08-17 11:00:00,4723217.8765403405,998158.697868329
2024-08-17 12:00:00,4724205.365721036,998712.7090606963
2024-08-17 13:00:00,4725178.324200271,999300.7306657096
2024-08-17 14:00:00,4726170.834286963,999882.3279047307
2024-08-17 15:00:00,4727192.272772443,1000451.6230080661
2024-08-17 16:00:00,4728233.828132941,1000974.8867469475
2024-08-17 17:00:00,4729336.964406722,1001340.10941857
2024-08-17 18:00:00,4730458.9540162645,1001458.2879866719
2024-08-17 19:00:00,4731598.400418179,1001464.2192969599
2024-08-17 20:00:00,4732705.294058699,1001464.2192969599
2024-08-17 21:00:00,4733798.787532884,1001464.2192969599
2024-08-17 22:00:00,4734833.8921929635,1001464.2192969599
2024-08-17 23:00:00,4735869.163108208,1001464.2192969599
2024-08-18 00:00:00,4736928.873532774,1001464.2192969599
2024-08-18 01:00:00,4737985.35860713,1001464.2192969599
2024-08-18 02:00:00,4739038.086314747,1001464.2192969599
2024-08-18 03:00:00,4740088.985215545,1001464.2192969599
2024-08-18 04:00:00,4741145.603294034,1001464.2192969599
2024-08-18 05:00:00,4742223.601786799,1001464.6321789733
2024-08-18 06:00:00,4743336.64686844,1001534.4998314792
2024-08-18 07:00:00,4744478.055081307,1001852.3088262449
2024-08-18 08:00:00,4745630.2033778615,1002362.7779055465
2024-08-18 09:00:00,4746716.281871667,1002902.9026057093
2024-08-18 10:00:00,4747755.875421214,1003458.0483243634
2024-08-18 11:00:00,4748769.067650488,1004040.44798686
2024-08-18 12:00:00,4749820.66482298,1004612.7703019823
2024-08-18 13:00:00,4750891.680598796,1005181.1123405882
2024-08-18 14:00:00,4751899.851922073,1005760.2444740933
2024-08-18 15:00:00,4752967.077080118,1006334.3410374587
2024-08-18 16:00:00,4754055.682652438,1006841.9814495741
2024-08-18 17:00:00,4755176.408722724,1007220.8307979113
2024-08-18 18:00:00,4756303.984505826,1007352.9942241084
2024-08-18 19:00:00,4757422.1834975965,1007360.1140383893
2024-08-18 20:00:00,4758475.609476908,1007360.1140383893
2024-08-18 21:00:00,4759466.191003681,1007360.1140383893
2024-08-18 22:00:00,4760555.494847697,1007360.1140383893
2024-08-18 23:00:00,4761637.815974764,1007360.1140383893
2024-08-19 00:00:00,4762714.417924139,1007360.1140383893
2024-08-19 01:00:00,4763787.229255742,1007360.1140383893
2024-08-19 02:00:00,4764850.131779484,1007360.1140383893
2024-08-19 03:00:00,4765914.9961141795,1007360.1140383893
2024-08-19 04:00:00,4766984.183083176,1007360.1140383893
2024-08-19 05:00:00,4768072.223387934,1007360.9433663894
2024-08-19 06:00:00,4769187.230280528,1007443.5870215581
2024-08-19 07:00:00,4770330.9993167445,1007777.8871869489
2024-08-19 08:00:00,4771458.575099846,1008301.4649564377
2024-08-19 09:00:00,4772539.632687656,1008863.6350955677
2024-08-19 10:00:00,4773595.55249445,1009455.4079905628
2024-08-19 11:00:00,4774634.580776433,1010021.334068717
2024-08-19 12:00:00,4775659.078356957,1010626.4552881691
2024-08-19 13:00:00,4776710.542525317,1011207.8018703785
2024-08-19 14:00:00,4777812.980527403,1011770.5273602617
2024-08-19 15:00:00,4778897.263465422,1012342.7166921344
2024-08-19 16:00:00,4780028.463611131,1012905.0150508189
2024-08-19 17:00:00,4781156.737665927,1013329.7266207117
2024-08-19 18:00:00,4782296.882339537,1013486.9536163957
2024-08-19 19:00:00,4783430.875572025,1013497.533415414
2024-08-19 20:00:00,4784542.657114409,1013497.533415414
2024-08-19 21:00:00,4785645.79338819,1013497.533415414
2024-08-19 22:00:00,4786731.173610301,1013497.533415414
2024-08-19 23:00:00,4787821.042721879,1013497.533415414
2024-08-20 00:00:00,4788903.363848945,1013497.533415414
2024-08-20 01:00:00,4789983.723165059,1013497.533415414
2024-08-20 02:00:00,4791045.362149545,1013497.533415414
2024-08-20 03:00:00,4792098.921132989,1013497.533415414
2024-08-20 04:00:00,4793157.3680182975,1013497.533415414
2024-08-20 05:00:00,4794229.082065809,1013497.9547554353
2024-08-20 06:00:00,4795329.558256943,1013569.6678448133
2024-08-20 07:00:00,4796441.339799327,1013904.4754464156
2024-08-20 08:00:00,4797506.071129889,1014408.3026412198
2024-08-20 09:00:00,4798512.280642214,1014978.4094002405
2024-08-20 10:00:00,4799479.652947891,1015565.3251399124
2024-08-20 11:00:00,4800429.30245293,1016139.9237335443
2024-08-20 12:00:00,4801360.23162634,1016745.076718849
2024-08-20 13:00:00,4802280.420716062,1017296.032838245
2024-08-20 14:00:00,4803207.592522733,1017867.888034118
2024-08-20 15:00:00,4804152.354125908,1018442.856740617
2024-08-20 16:00:00,4805119.726431584,1018965.8016001469
2024-08-20 17:00:00,4806130.391582343,1019366.5258055597
2024-08-20 18:00:00,4807179.328672187,1019500.452062621
2024-08-20 19:00:00,4808261.649799254,1019507.9976665545
2024-08-20 20:00:00,4809324.419318864,1019507.9976665545
2024-08-20 21:00:00,4810269.746189602,1019507.9976665545
2024-08-20 22:00:00,4811187.408200809,1019507.9976665545
2024-08-20 23:00:00,4812086.915147949,1019507.9976665545
2024-08-21 00:00:00,4812978.741106446,1019507.9976665545
2024-08-21 01:00:00,4813861.921796339,1019507.9976665545
2024-08-21 02:00:00,4814734.329151511,1019507.9976665545
2024-08-21 03:00:00,4815596.69469469,1019507.9976665545
2024-08-21 04:00:00,4816463.515876303,1019507.9976665545
2024-08-21 05:00:00,4817341.6756602,1019508.5273791826
2024-08-21 06:00:00,4818223.459806704,1019587.7851570722
2024-08-21 07:00:00,4819096.565433571,1019940.0292669948
2024-08-21 08:00:00,4819923.751383741,1020451.9175685751
2024-08-21 09:00:00,4820695.075598321,1021036.4933062866
2024-08-21 10:00:00,4821418.618078351,1021631.0228998567
2024-08-21 11:00:00,4822120.115123442,1022262.3558316842
2024-08-21 12:00:00,4822812.10237307,1022887.7475953555
2024-08-21 13:00:00,4823500.332255959,1023459.4580079309
2024-08-21 14:00:00,4824199.302222535,1024080.3384589312
2024-08-21 15:00:00,4824901.497539321,1024667.683278837
2024-08-21 16:00:00,4825655.896978058,1025208.3073519351
2024-08-21 17:00:00,4826473.007865202,1025624.827985444
2024-08-21 18:00:00,4827364.268556136,1025758.5609964193
2024-08-21 19:00:00,4828285.721185115,1025766.5844770661
2024-08-21 20:00:00,4829207.705830624,1025766.5844770661
2024-08-21 21:00:00,4830114.760762276,1025766.5844770661
2024-08-21 22:00:00,4831003.527625728,1025766.5844770661
2024-08-21 23:00:00,4831883.615969544,1025766.5844770661
2024-08-22 00:00:00,4832756.588592279,1025766.5844770661
2024-08-22 01:00:00,4833620.782942277,1025766.5844770661
2024-08-22 02:00:00,4834472.541405901,1025766.5844770661
2024-08-22 03:00:00,4835316.053613318,1025766.5844770661
2024-08-22 04:00:00,4836157.604009783,1025766.5844770661
2024-08-22 05:00:00,4837003.643295715,1025767.005710123
2024-08-22 06:00:00,4837852.874680824,1025841.2687163544
2024-08-22 07:00:00,4838694.425077288,1026160.5623863714
2024-08-22 08:00:00,4839532.9163787095,1026666.2994993571
2024-08-22 09:00:00,4840384.674842333,1027206.4556822826
2024-08-22 10:00:00,4841233.77322331,1027780.491166328
2024-08-22 11:00:00,4842055.372999921,1028356.6125162565
2024-08-22 12:00:00,4842935.8936071675,1028935.9612337907
2024-08-22 13:00:00,4843864.328953096,1029487.2361850225
2024-08-22 14:00:00,4844793.163311421,1030037.3754421662
2024-08-22 15:00:00,4845761.666152222,1030585.6034667876
2024-08-22 16:00:00,4846780.577559187,1031133.7784415144
2024-08-22 17:00:00,4847801.450777104,1031539.6143766805
2024-08-22 18:00:00,4848834.194613834,1031669.4494484004
2024-08-22 19:00:00,4849895.135326624,1031676.4830287128
2024-08-22 20:00:00,4850947.863034241,1031676.4830287128
2024-08-22 21:00:00,4851995.004568299,1031676.4830287128
2024-08-22 22:00:00,4853013.21770357,1031676.4830287128
2024-08-22 23:00:00,4853954.221940006,1031676.4830287128
2024-08-23 00:00:00,4854898.850539049,1031676.4830287128
2024-08-23 01:00:00,4855843.612142224,1031676.4830287128
2024-08-23 02:00:00,4856778.331933406,1031676.4830287128
2024-08-23 03:00:00,4857709.128102683,1031676.4830287128
2024-08-23 04:00:00,4858643.14962217,1031676.4830287128
2024-08-23 05:00:00,4859601.045383416,1031677.0285528152
2024-08-23 06:00:00,4860668.436796626,1031750.8776117202
2024-08-23 07:00:00,4861740.7161117,1032078.5742744993
2024-08-23 08:00:00,4862817.451065208,1032540.5412765002
2024-08-23 09:00:00,4863889.165112719,1033068.4726357152
2024-08-23 10:00:00,4864885.332813051,1033650.2246066007
2024-08-23 11:00:00,4865843.228574296,1034230.0156171803
2024-08-23 12:00:00,4866844.550184757,1034805.9776715684
2024-08-23 13:00:00,4867812.487757996,1035354.994041717
2024-08-23 14:00:00,4868863.951926355,1035893.040410773
2024-08-23 15:00:00,4869891.109589526,1036431.1472898549
2024-08-23 16:00:00,4870938.949395279,1036928.3036889259
2024-08-23 17:00:00,4872008.136364276,1037313.4673206134
2024-08-23 18:00:00,4873115.030004796,1037441.3823103865
2024-08-23 19:00:00,4874223.187184573,1037449.5329066769
2024-08-23 20:00:00,4875304.810039945,1037449.5329066769
2024-08-23 21:00:00,4876361.428118434,1037449.5329066769
2024-08-23 22:00:00,4877325.608324933,1037449.5329066769
2024-08-23 23:00:00,4878280.411740101,1037449.5329066769
2024-08-24 00:00:00,4879225.738610839,1037449.5329066769
2024-08-24 01:00:00,4880168.671407194,1037449.5329066769
2024-08-24 02:00:00,4881107.148565115,1037449.5329066769
2024-08-24 03:00:00,4882041.303088735,1037449.5329066769
2024-08-24 04:00:00,4882972.664525575,1037449.5329066769
2024-08-24 05:00:00,4883943.129177328,1037450.313840927
2024-08-24 06:00:00,4885031.169482087,1037533.3637255451
2024-08-24 07:00:00,4886127.323038919,1037897.0817948334
2024-08-24 08:00:00,4887227.799230053,1038401.7697138372
2024-08-24 09:00:00,4888275.639035806,1038981.5809629562
2024-08-24 10:00:00,4889268.016118365,1039556.2022642682
2024-08-24 11:00:00,4890230.932785607,1040103.7930309799
2024-08-24 12:00:00,4891171.238750348,1040673.8411319511
2024-08-24 13:00:00,4892103.431463015,1041237.9501150275
2024-08-24 14:00:00,4893042.473888499,1041838.4586471888
2024-08-24 15:00:00,4894002.863477226,1042435.9961757018
2024-08-24 16:00:00,4894972.762861418,1043011.6072297803
2024-08-24 17:00:00,4895987.783897511,1043455.2250641786
2024-08-24 18:00:00,4897045.665515257,1043612.2567572108
2024-08-24 19:00:00,4898111.660385077,1043622.9407861663
2024-08-24 20:00:00,4899054.4601773,1043622.9407861663
2024-08-24 21:00:00,4899956.893215352,1043622.9407861663
2024-08-24 22:00:00,4900844.961807109,1043622.9407861663
2024-08-24 23:00:00,4901722.423319311,1043622.9407861663
2024-08-25 00:00:00,4902590.375036049,1043622.9407861663
2024-08-25 01:00:00,4903455.799674272,1043622.9407861663
2024-08-25 02:00:00,4904312.579043891,1043622.9407861663
2024-08-25 03:00:00,4905143.389356668,1043622.9407861663
2024-08-25 04:00:00,4905959.236704554,1043622.9407861663
2024-08-25 05:00:00,4906787.519938816,1043623.3100810032
2024-08-25 06:00:00,4907639.27840244,1043691.3128296684
2024-08-25 07:00:00,4908618.521326929,1044031.7979507059
2024-08-25 08:00:00,4909649.86862027,1044547.2086366715
2024-08-25 09:00:00,4910664.324388801,1045113.3724312197
2024-08-25 10:00:00,4911687.425425936,1045683.663223362
2024-08-25 11:00:00,4912658.455345252,1046247.0094952219
2024-08-25 12:00:00,4913620.241477368,1046814.282730569
2024-08-25 13:00:00,4914577.438966919,1047420.4136691163
2024-08-25 14:00:00,4915652.777377036,1047973.0156097482
2024-08-25 15:00:00,4916708.131916268,1048515.5584295357
2024-08-25 16:00:00,4917706.228176518,1049022.5745398768
2024-08-25 17:00:00,4918659.1030317675,1049364.6109998163
2024-08-25 18:00:00,4919596.881917994,1049480.601508844
2024-08-25 19:00:00,4920542.907060426,1049486.6691033621
2024-08-25 20:00:00,4921466.853516887,1049486.6691033621
2024-08-25 21:00:00,4922374.473716101,1049486.6691033621
2024-08-25 22:00:00,4923267.696217987,1049486.6691033621
2024-08-25 23:00:00,4924150.178636185,1049486.6691033621
2024-08-26 00:00:00,4925013.242451059,1049486.6691033621
2024-08-26 01:00:00,4925864.169638855,1049486.6691033621
2024-08-26 02:00:00,4926688.961514643,1049486.6691033621
2024-08-26 03:00:00,4927508.599480302,1049486.6691033621
2024-08-26 04:00:00,4928327.672178399,1049486.6691033621
2024-08-26 05:00:00,4929161.142573823,1049487.0539933476
2024-08-26 06:00:00,4930018.487211006,1049555.3426721892
2024-08-26 07:00:00,4930904.16172838,1049892.9880162333
2024-08-26 08:00:00,4931801.008592873,1050401.2526467359
2024-08-26 09:00:00,4932669.658581306,1050973.8381901383
2024-08-26 10:00:00,4933510.809965374,1051577.4714371962
2024-08-26 11:00:00,4934325.959041566,1052193.7494728775
2024-08-26 12:00:00,4935139.877829533,1052794.2656626338
2024-08-26 13:00:00,4935996.524195021,1053372.5426389382
2024-08-26 14:00:00,4936838.772863181,1053965.990647078
2024-08-26 15:00:00,4937684.246881551,1054493.7016141242
2024-08-26 16:00:00,4938536.570612737,1055015.4035453899
2024-08-26 17:00:00,4939422.11212598,1055378.4642863532
2024-08-26 18:00:00,4940354.304838647,1055497.2137906435
2024-08-26 19:00:00,4941285.79927962,1055503.597349597
2024-08-26 20:00:00,4942189.0968445325,1055503.597349597
2024-08-26 21:00:00,4943077.863707985,1055503.597349597
2024-08-26 22:00:00,4944820.21784188,1055503.597349597
2024-08-26 23:00:00,4946527.059872436,1055503.597349597
2024-08-27 00:00:00,4948186.41942774,1055503.597349597
2024-08-27 01:00:00,4949826.8258941835,1055503.597349597
2024-08-27 02:00:00,4951458.853100288,1055503.597349597
2024-08-27 03:00:00,4953077.978905553,1055503.597349597
2024-08-27 04:00:00,4954682.075243862,1055503.597349597
2024-08-27 05:00:00,4956322.481710305,1055503.9413734716
2024-08-27 06:00:00,4958010.636660265,1055568.447012547
2024-08-27 07:00:00,4959745.143550351,1055883.5183868005
2024-08-27 08:00:00,4961520.150198741,1056363.4454813355
2024-08-27 09:00:00,4963370.570190177,1056886.643108785
2024-08-27 10:00:00,4965126.55724764,1057467.9194315486
2024-08-27 11:00:00,4966909.078629508,1058025.9512131996
2024-08-27 12:00:00,4968638.863872895,1058617.399455928
2024-08-27 13:00:00,4970388.732740269,1059162.722580393
2024-08-27 14:00:00,4972040.577562095,1059709.9124580685
2024-08-27 15:00:00,4973628.181387992,1060245.8226242412
2024-08-27 16:00:00,4975257.415507317,1060769.2062826501
2024-08-27 17:00:00,4977002.230217661,1061172.831416418
2024-08-27 18:00:00,4978856.307822738,1061308.0441274454
2024-08-27 19:00:00,4980743.037942309,1061315.9042193491
2024-08-27 20:00:00,4982579.758508113,1061315.9042193491
2024-08-27 21:00:00,4984384.624584218,1061315.9042193491
2024-08-27 22:00:00,4986158.500697482,1061315.9042193491
2024-08-27 23:00:00,4987922.334998754,1061315.9042193491
2024-08-28 00:00:00,4989660.765510745,1061315.9042193491
2024-08-28 01:00:00,4991365.412973117,1061315.9042193491
2024-08-28 02:00:00,4993028.696150325,1061315.9042193491
2024-08-28 03:00:00,4994670.4991601575,1061315.9042193491
2024-08-28 04:00:00,4996307.248012961,1061315.9042193491
2024-08-28 05:00:00,4997959.0928347865,1061316.2262806608
2024-08-28 06:00:00,4999622.11000373,1061379.8477061198
2024-08-28 07:00:00,5001271.161738777,1061686.3120104345
2024-08-28 08:00:00,5002878.849188659,1062153.3041225846
2024-08-28 09:00:00,5004442.977785194,1062715.1075881154
2024-08-28 10:00:00,5005941.4688424105,1063300.8547398678
2024-08-28 11:00:00,5007437.432821112,1063876.2350301084
2024-08-28 12:00:00,5009174.466789713,1064466.4441059718
2024-08-28 13:00:00,5010840.011037172,1065056.5240973192
2024-08-28 14:00:00,5012455.545730864,1065622.861842182
2024-08-28 15:00:00,5014143.966689088,1066173.8543890344
2024-08-28 16:00:00,5014986.215357249,1066685.0201575002
2024-08-28 17:00:00,5015907.667986228,1067093.791969402
2024-08-28 18:00:00,5016852.296585271,1067233.074123985
2024-08-28 19:00:00,5017806.401728745,1067241.2806539603
2024-08-28 20:00:00,5018756.184237916,1067241.2806539603
2024-08-28 21:00:00,5019695.2266633995,1067241.2806539603
2024-08-28 22:00:00,5020626.721104372,1067241.2806539603
2024-08-28 23:00:00,5021556.386738525,1067241.2806539603
2024-08-29 00:00:00,5022478.537639199,1067241.2806539603
2024-08-29 01:00:00,5023391.877016104,1067241.2806539603
2024-08-29 02:00:00,5024296.970136803,1067241.2806539603
2024-08-29 03:00:00,5025196.34407981,1067241.2806539603
2024-08-29 04:00:00,5026096.416294513,1067241.2806539603
2024-08-29 05:00:00,5026997.8850526055,1067241.6094547755
2024-08-29 06:00:00,5027904.939984257,1067306.6881043823
2024-08-29 07:00:00,5028849.0033157375,1067626.0194214224
2024-08-29 08:00:00,5029815.677349718,1068121.7454530331
2024-08-29 09:00:00,5030737.661995227,1068656.3671892302
2024-08-29 10:00:00,5031628.9226861615,1069214.1997228505
2024-08-29 11:00:00,5032509.011029977,1069803.6701362643
2024-08-29 12:00:00,5033377.095750848,1070381.7610294183
2024-08-29 13:00:00,5034247.009278539,1070935.2340702203
2024-08-29 14:00:00,5035167.896639955,1071520.795893538
2024-08-29 15:00:00,5036115.185321645,1072103.2452012456
2024-08-29 16:00:00,5037115.80866041,1072606.7764882396
2024-08-29 17:00:00,5038127.039078732,1072982.5365608379
2024-08-29 18:00:00,5039184.920696478,1073114.849701575
2024-08-29 19:00:00,5040257.898283247,1073123.1756847813
2024-08-29 20:00:00,5041326.3869805485,1073123.1756847813
2024-08-29 21:00:00,5042388.591232596,1073123.1756847813
2024-08-29 22:00:00,5043400.519922612,1073123.1756847813
2024-08-29 23:00:00,5044343.884982398,1073123.1756847813
2024-08-30 00:00:00,5045279.702057672,1073123.1756847813
2024-08-30 01:00:00,5046209.234687692,1073123.1756847813
2024-08-30 02:00:00,5047138.202050149,1073123.1756847813
2024-08-30 03:00:00,5048065.2408526875,1073123.1756847813
2024-08-30 04:00:00,5048991.714387664,1073123.1756847813
2024-08-30 05:00:00,5049967.066941281,1073123.702774602
2024-08-30 06:00:00,5051050.086340043,1073202.7178092666
2024-08-30 07:00:00,5052158.808787383,1073559.095718898
2024-08-30 08:00:00,5053253.133537395,1074096.928458999
2024-08-30 09:00:00,5054329.73548677,1074654.198162166
2024-08-30 10:00:00,5055363.609858626,1075236.5581130825
2024-08-30 11:00:00,5056446.6292573875,1075828.0241562522
2024-08-30 12:00:00,5057524.627750153,1076405.911474004
2024-08-30 13:00:00,5058576.091918512,1077013.573393212
2024-08-30 14:00:00,5059591.811226301,1077629.373162104
2024-08-30 15:00:00,5060615.211522733,1078244.222864031
2024-08-30 16:00:00,5061649.085894588,1078788.0334840524
2024-08-30 17:00:00,5062731.407021655,1079213.5108959407
2024-08-30 18:00:00,5063842.623296477,1079358.7790433895
2024-08-30 19:00:00,5064953.1412996035,1079366.7275792253
2024-08-30 20:00:00,5066053.052223175,1079366.7275792253
2024-08-30 21:00:00,5067142.788330621,1079366.7275792253
2024-08-30 22:00:00,5068221.884107478,1079366.7275792253
2024-08-30 23:00:00,5069292.334615732,1079366.7275792253
2024-08-31 00:00:00,5070353.275328522,1079366.7275792253
2024-08-31 01:00:00,5071404.174229319,1079366.7275792253
2024-08-31 02:00:00,5072346.275749847,1079366.7275792253
2024-08-31 03:00:00,5073284.054636073,1079366.7275792253
2024-08-31 04:00:00,5074218.07615556,1079366.7275792253
2024-08-31 05:00:00,5075192.2981740525,1079367.4648038936
2024-08-31 06:00:00,5076273.921029424,1079451.1539791655
2024-08-31 07:00:00,5077372.036397208,1079811.2245506516
2024-08-31 08:00:00,5078457.582874485,1080339.6328395726
2024-08-31 09:00:00,5079507.783503587,1080950.926866041
2024-08-31 10:00:00,5080510.235649173,1081531.6069375928
2024-08-31 11:00:00,5081491.440384614,1082135.8387176173
2024-08-31 12:00:00,5082487.042817383,1082767.1200307016
2024-08-31 13:00:00,5083478.322615851,1083397.2141878577
2024-08-31 14:00:00,5084519.87797635,1083988.1228368576
2024-08-31 15:00:00,5085574.401239754,1084586.7940223867
2024-08-31 16:00:00,5086640.396109574,1085143.5134963007
2024-08-31 17:00:00,5087713.373696342,1085565.6230859358
2024-08-31 18:00:00,5088820.832604425,1085722.7185408878
2024-08-31 19:00:00,5089925.764433993,1085733.2204020796
2024-08-31 20:00:00,5090999.274037291,1085733.2204020796
2024-08-31 21:00:00,5092060.214750081,1085733.2204020796
2024-08-31 22:00:00,5093082.916774819,1085733.2204020796
2024-08-31 23:00:00,5094035.226362505,1085733.2204020796
2024-09-01 00:00:00,5094978.591422291,1085733.2204020796
2024-09-01 01:00:00,5095916.935576079,1085733.2204020796
2024-09-01 02:00:00,5096851.489112096,1085733.2204020796
2024-09-01 03:00:00,5097783.681824763,1085733.2204020796
2024-09-01 04:00:00,5098451.927836766,1085733.2204020796
2024-09-01 05:00:00,5099338.167621703,1085733.2204020796
2024-09-01 06:00:00,5100388.501254938,1085759.5191520797
2024-09-01 07:00:00,5101452.534313805,1085941.2816520797
2024-09-01 08:00:00,5102509.152392294,1086278.5379020798
2024-09-01 09:00:00,5103556.825942881,1086695.8941520797
2024-09-01 10:00:00,5104590.833318869,1087152.8354020796
2024-09-01 11:00:00,5105593.285464454,1087632.4979020797
2024-09-01 12:00:00,5106668.756878705,1088048.4891520797
2024-09-01 13:00:00,5107671.209024291,1088458.5441520796
2024-09-01 14:00:00,5108695.573600682,1088836.3754020797
2024-09-01 15:00:00,5109707.635294831,1089151.7316520796
2024-09-01 16:00:00,5110814.395931219,1089400.4316520796
2024-09-01 17:00:00,5111887.905534517,1089525.7079020797
2024-09-01 18:00:00,5112977.907650228,1089560.9016520798
2024-09-01 19:00:00,5114074.06120706,1089561.1679020799
2024-09-01 20:00:00,5115157.645873384,1089561.1679020799
2024-09-01 21:00:00,5116241.928811403,1089561.1679020799
2024-09-01 22:00:00,5117275.370919828,1089561.1679020799
2024-09-01 23:00:00,5118235.760508556,1089561.1679020799
2024-09-02 00:00:00,5119184.844746033,1089561.1679020799
2024-09-02 01:00:00,5120130.304620903,1089561.1679020799
2024-09-02 02:00:00,5121068.083507129,1089561.1679020799
2024-09-02 03:00:00,5121997.050869587,1089561.1679020799
2024-09-02 04:00:00,5122925.319960349,1089561.1679020799
2024-09-02 05:00:00,5123889.500166848,1089561.1679020799
2024-09-02 06:00:00,5124964.971581099,1089582.05165208
2024-09-02 07:00:00,5126043.535341427,1089730.2741520798
2024-09-02 08:00:00,5127125.856468493,1090013.0279020797
2024-09-02 09:00:00,5128179.9807195,1090383.5166520798
2024-09-02 10:00:00,5129200.02266159,1090795.5929020797
2024-09-02 11:00:00,5130194.926822664,1091203.6041520797
2024-09-02 12:00:00,5131170.977647977,1091608.0341520796
2024-09-02 13:00:00,5132133.894315219,1091997.7266520795
2024-09-02 14:00:00,5133108.116333711,1092349.0641520794
2024-09-02 15:00:00,5134115.157121863,1092645.2091520794
2024-09-02 16:00:00,5135147.335691031,1092868.2704020794
2024-09-02 17:00:00,5136217.786199285,1092985.1991520794
2024-09-02 18:00:00,5137333.491363574,1093016.6429020795
2024-09-02 19:00:00,5138454.915705554,1093016.8116520795
2024-09-02 20:00:00,5139553.031073338,1093016.8116520795
2024-09-02 21:00:00,5140639.109567144,1093016.8116520795
2024-09-02 22:00:00,5141710.823614655,1093016.8116520795
2024-09-02 23:00:00,5142762.420787147,1093016.8116520795
2024-09-03 00:00:00,5143805.771703433,1093016.8116520795
2024-09-03 01:00:00,5144843.53644616,1093016.8116520795
2024-09-03 02:00:00,5145873.7532043755,1093016.8116520795
2024-09-03 03:00:00,5146896.987245642,1093016.8116520795
2024-09-03 04:00:00,5147922.183097861,1093016.8116520795
2024-09-03 05:00:00,5148964.270474889,1093016.8116520795
2024-09-03 06:00:00,5150044.064523442,1093033.6266520794
2024-09-03 07:00:00,5151148.99635301,1093151.7441520793
2024-09-03 08:00:00,5152246.546453232,1093371.1754020792
2024-09-03 09:00:00,5153315.035150534,1093648.3679020791
2024-09-03 10:00:00,5154355.892239338,1093971.6141520792
2024-09-03 11:00:00,5155383.482165939,1094310.3254020792
2024-09-03 12:00:00,5156369.707807377,1094663.005402079
2024-09-03 13:00:00,5157350.912542818,1094995.5741520792
2024-09-03 14:00:00,5158330.155467307,1095298.8929020793
2024-09-03 15:00:00,5159344.0459682755,1095555.5691520793
2024-09-03 16:00:00,5160372.866183101,1095748.0379020793
2024-09-03 17:00:00,5161446.3757863995,1095855.5354020793
2024-09-03 18:00:00,5162544.324899019,1095878.5716520792
2024-09-03 19:00:00,5163639.913188288,1095878.6804020791
2024-09-03 20:00:00,5164705.209786413,1095878.6804020791
2024-09-03 21:00:00,5165749.824241957,1095878.6804020791
2024-09-03 22:00:00,5166784.230630341,1095878.6804020791
2024-09-03 23:00:00,5167797.422859615,1095878.6804020791
2024-09-04 00:00:00,5168720.804048513,1095878.6804020791
2024-09-04 01:00:00,5169638.46605972,1095878.6804020791
2024-09-04 02:00:00,5170546.086258934,1095878.6804020791
2024-09-04 03:00:00,5171448.685552151,1095878.6804020791
2024-09-04 04:00:00,5172347.494227597,1095878.6804020791
2024-09-04 05:00:00,5173253.850887553,1095878.6804020791
2024-09-04 06:00:00,5174150.864007211,1095898.330402079
2024-09-04 07:00:00,5175033.346425409,1096040.3466520791
2024-09-04 08:00:00,5175879.518715474,1096309.5441520792
2024-09-04 09:00:00,5176672.755360859,1096649.9391520792
2024-09-04 10:00:00,5177419.34080682,1097032.1016520793
2024-09-04 11:00:00,5178144.71209367,1097437.9829020794
2024-09-04 12:00:00,5178851.795312321,1097877.3891520794
2024-09-04 13:00:00,5179547.007912158,1098303.7341520793
2024-09-04 14:00:00,5180250.998784731,1098702.9704020794
2024-09-04 15:00:00,5180978.863899062,1099063.0791520793
2024-09-04 16:00:00,5181742.64012913,1099351.6004020793
2024-09-04 17:00:00,5182571.056367525,1099523.9991520792
2024-09-04 18:00:00,5183468.767758878,1099556.2116520791
2024-09-04 19:00:00,5184393.412487034,1099556.327902079
2024-09-04 20:00:00,5185301.16569038,1099556.327902079
2024-09-04 21:00:00,5186193.124653009,1099556.327902079
2024-09-04 22:00:00,5187074.908799512,1099556.327902079
2024-09-04 23:00:00,5187946.784138155,1099556.327902079
2024-09-05 00:00:00,5188813.4723156355,1099556.327902079
2024-09-05 01:00:00,5189669.553413561,1099556.327902079
2024-09-05 02:00:00,5190521.8771447465,1099556.327902079
2024-09-05 03:00:00,5191361.631985425,1099556.327902079
2024-09-05 04:00:00,5192199.425015151,1099556.327902079
2024-09-05 05:00:00,5193047.958128564,1099556.327902079
2024-09-05 06:00:00,5193892.168607676,1099575.587902079
2024-09-05 07:00:00,5194731.923448355,1099741.559152079
2024-09-05 08:00:00,5195552.259685709,1100063.759152079
2024-09-05 09:00:00,5196339.344889973,1100462.721652079
2024-09-05 10:00:00,5197188.576275082,1100893.4541520788
2024-09-05 11:00:00,5198013.933418432,1101306.6404020789
2024-09-05 12:00:00,5198825.325127885,1101741.261652079
2024-09-05 13:00:00,5199632.394203036,1102166.6729020788
2024-09-05 14:00:00,5200454.5259961765,1102568.4216520789
2024-09-05 15:00:00,5201317.024543488,1102897.514152079
2024-09-05 16:00:00,5202218.360297449,1103158.2554020789
2024-09-05 17:00:00,5203182.540503948,1103302.375402079
2024-09-05 18:00:00,5204195.034461526,1103332.517902079
2024-09-05 19:00:00,5205142.855159746,1103332.592902079
2024-09-05 20:00:00,5206068.763427159,1103332.592902079
2024-09-05 21:00:00,5206975.685354678,1103332.592902079
2024-09-05 22:00:00,5207880.778475377,1103332.592902079
2024-09-05 23:00:00,5208783.211513429,1103332.592902079
2024-09-06 00:00:00,5209688.304634128,1103332.592902079
2024-09-06 01:00:00,5210590.338659783,1103332.592902079
2024-09-06 02:00:00,5211482.16461828,1103332.592902079
2024-09-06 03:00:00,5212362.119957963,1103332.592902079
2024-09-06 04:00:00,5213240.27974186,1103332.592902079
2024-09-06 05:00:00,5214139.088417306,1103332.592902079
2024-09-06 06:00:00,5215058.579235333,1103356.742902079
2024-09-06 07:00:00,5215981.960424231,1103562.9666520788
2024-09-06 08:00:00,5216865.008109992,1103964.8316520788
2024-09-06 09:00:00,5217699.708793641,1104449.0466520789
2024-09-06 10:00:00,5218589.040924656,1104964.990402079
2024-09-06 11:00:00,5219471.523342854,1105517.290402079
2024-09-06 12:00:00,5220335.850696986,1106063.579152079
2024-09-06 13:00:00,5221199.34677529,1106598.119152079
2024-09-06 14:00:00,5222080.56565423,1107111.674152079
2024-09-06 15:00:00,5222995.866842088,1107572.256652079
2024-09-06 16:00:00,5223961.8426043745,1107950.192902079
2024-09-06 17:00:00,5224995.71697623,1108168.652902079
2024-09-06 18:00:00,5226078.038103296,1108204.424152079
2024-09-06 19:00:00,5227166.078408055,1108204.484152079
2024-09-06 20:00:00,5228159.852034004,1108204.484152079
2024-09-06 21:00:00,5229112.726889254,1108204.484152079
2024-09-06 22:00:00,5230060.015570943,1108204.484152079
2024-09-06 23:00:00,5231009.798080115,1108204.484152079
2024-09-07 00:00:00,5231948.707501466,1108204.484152079
2024-09-07 01:00:00,5232886.486387692,1108204.484152079
2024-09-07 02:00:00,5233820.640911312,1108204.484152079
2024-09-07 03:00:00,5234752.135352285,1108204.484152079
2024-09-07 04:00:00,5235682.366254,1108204.484152079
2024-09-07 05:00:00,5236649.605555544,1108204.484152079
2024-09-07 06:00:00,5237708.617708415,1108236.557902079
2024-09-07 07:00:00,5238794.69620222,1108520.196652079
2024-09-07 08:00:00,5239886.360869586,1109056.859152079
2024-09-07 09:00:00,5240942.280676379,1109658.239152079
2024-09-07 10:00:00,5241962.322618469,1110272.575402079
2024-09-07 11:00:00,5242970.360937613,1110885.3179020789
2024-09-07 12:00:00,5243961.640736081,1111482.719152079
2024-09-07 13:00:00,5244945.9378176,1112072.414152079
2024-09-07 14:00:00,5245961.657125388,1112651.279152079
2024-09-07 15:00:00,5246973.718819537,1113198.629152079
2024-09-07 16:00:00,5248023.487185209,1113668.6166520792
2024-09-07 17:00:00,5249113.92156435,1113914.9691520792
2024-09-07 18:00:00,5250235.911173892,1113953.7704020792
2024-09-07 19:00:00,5251358.466050997,1113953.8154020791
2024-09-07 20:00:00,5252435.201004505,1113953.8154020791
2024-09-07 21:00:00,5253413.7456573,1113953.8154020791
2024-09-07 22:00:00,5254382.946769795,1113953.8154020791
2024-09-07 23:00:00,5255344.59989778,1113953.8154020791
2024-09-08 00:00:00,5256294.947674515,1113953.8154020791
2024-09-08 01:00:00,5257240.972816947,1113953.8154020791
2024-09-08 02:00:00,5258180.580509993,1113953.8154020791
2024-09-08 03:00:00,5259117.794128657,1113953.8154020791
2024-09-08 04:00:00,5260060.59392088,1113953.8154020791
2024-09-08 05:00:00,5261039.836845369,1113953.8154020791
2024-09-08 06:00:00,5262152.881927011,1113988.952902079
2024-09-08 07:00:00,5263277.9306315975,1114294.026652079
2024-09-08 08:00:00,5264421.832671946,1114853.215402079
2024-09-08 09:00:00,5265518.684500473,1115474.245402079
2024-09-08 10:00:00,5266585.377641987,1116108.1266520792
2024-09-08 11:00:00,5267644.921811388,1116739.172902079
2024-09-08 12:00:00,5268649.867784455,1117386.257902079
2024-09-08 13:00:00,5269761.6493268395,1118030.372902079
2024-09-08 14:00:00,5270967.830552165,1118669.177902079
2024-09-08 15:00:00,5272104.184608003,1119300.771652079
2024-09-08 16:00:00,5273201.435448927,1119861.569152079
2024-09-08 17:00:00,5274330.973042981,1120181.275402079
2024-09-08 18:00:00,5275476.7038901495,1120222.4166520792
2024-09-08 19:00:00,5276621.304202193,1120222.4466520792
2024-09-08 20:00:00,5277744.557350993,1120222.4466520792
2024-09-08 21:00:00,5278848.790908866,1120222.4466520792
2024-09-08 22:00:00,5279946.208004955,1120222.4466520792
2024-09-08 23:00:00,5281029.227403717,1120222.4466520792
2024-09-09 00:00:00,5282104.565813835,1120222.4466520792
2024-09-09 01:00:00,5283171.092700184,1120222.4466520792
2024-09-09 02:00:00,5284219.331518334,1120222.4466520792
2024-09-09 03:00:00,5285249.4152724175,1120222.4466520792
2024-09-09 04:00:00,5286281.460837453,1120222.4466520792
2024-09-09 05:00:00,5287333.623277507,1120222.4466520792
2024-09-09 06:00:00,5288437.3248188505,1120255.9641520793
2024-09-09 07:00:00,5289567.959696997,1120554.2091520794
2024-09-09 08:00:00,5290706.84083135,1121098.5891520793
2024-09-09 09:00:00,5291841.964598963,1121690.5529020794
2024-09-09 10:00:00,5292936.289348975,1122291.9554020795
2024-09-09 11:00:00,5294016.781669222,1122884.3129020794
2024-09-09 12:00:00,5295150.076630015,1123506.5804020795
2024-09-09 13:00:00,5296295.242209621,1124128.4841520796
2024-09-09 14:00:00,5297458.5628532935,1124751.5166520795
2024-09-09 15:00:00,5298626.505390566,1125371.9654020795
2024-09-09 16:00:00,5299779.351958816,1125930.6741520795
2024-09-09 17:00:00,5300911.383380352,1126246.9679020795
2024-09-09 18:00:00,5302032.674718199,1126282.3604020795
2024-09-09 19:00:00,5303138.870087025,1126282.3716520795
2024-09-09 20:00:00,5304214.906768838,1126282.3716520795
2024-09-09 21:00:00,5305280.203366963,1126282.3716520795
2024-09-09 22:00:00,5306329.27346094,1126282.3716520795
2024-09-09 23:00:00,5307351.277213982,1126282.3716520795
2024-09-10 00:00:00,5308341.858740755,1126282.3716520795
2024-09-10 01:00:00,5309263.311369735,1126282.3716520795
2024-09-10 02:00:00,5310186.692558633,1126282.3716520795
2024-09-10 03:00:00,5311110.639015094,1126282.3716520795
2024-09-10 04:00:00,5312040.86991681,1126282.3716520795
2024-09-10 05:00:00,5312979.912342293,1126282.3716520795
2024-09-10 06:00:00,5313924.673945468,1126314.5954020794
2024-09-10 07:00:00,5314887.5906127095,1126599.5054020793
2024-09-10 08:00:00,5315897.025475244,1127116.8629020792
2024-09-10 09:00:00,5316935.355485533,1127678.0954020792
2024-09-10 10:00:00,5317879.4188170135,1128251.6166520792
2024-09-10 11:00:00,5318776.963953202,1128821.5866520791
2024-09-10 12:00:00,5319619.910893057,1129415.121652079
2024-09-10 13:00:00,5320542.061793731,1130007.910402079
2024-09-10 14:00:00,5321488.086936163,1130598.996652079
2024-09-10 15:00:00,5322401.991580631,1130988.0948215425
2024-09-10 16:00:00,5323302.063795334,1131300.5669880188
2024-09-10 17:00:00,5324280.0764315985,1131478.3784154803
2024-09-10 18:00:00,5325253.733182528,1131511.8432995377
2024-09-10 19:00:00,5326223.632566719,1131511.9654113804
2024-09-10 20:00:00,5327154.428735997,1131511.9654113804
2024-09-10 21:00:00,5328073.487290594,1131511.9654113804
2024-09-10 22:00:00,5328979.84395055,1131511.9654113804
2024-09-10 23:00:00,5329871.669909047,1131511.9654113804
2024-09-11 00:00:00,5330759.738500805,1131511.9654113804
2024-09-11 01:00:00,5331636.634745444,1131511.9654113804
2024-09-11 02:00:00,5332509.740372311,1131511.9654113804
2024-09-11 03:00:00,5333383.976534303,1131511.9654113804
2024-09-11 04:00:00,5334258.777963858,1131511.9654113804
2024-09-11 05:00:00,5335150.603922355,1131511.9654113804
2024-09-11 06:00:00,5336046.353502756,1131533.4213658709
2024-09-11 07:00:00,5336933.291559388,1131686.0244987342
2024-09-11 08:00:00,5337787.543850493,1131961.301276372
2024-09-11 09:00:00,5338644.190215981,1132339.5623264746
2024-09-11 10:00:00,5339522.349999878,1132771.2222750678
2024-09-11 11:00:00,5340497.137285933,1133191.9269413657
2024-09-11 12:00:00,5341475.28292633,1133603.4786719463
2024-09-11 13:00:00,5342463.3373745885,1133977.155189558
2024-09-11 14:00:00,5343480.453225766,1134342.690717877
2024-09-11 15:00:00,5344501.891711246,1134642.3634385786
2024-09-11 16:00:00,5345551.660076918,1134874.6761389489
2024-09-11 17:00:00,5346616.39140748,1134986.7571221623
2024-09-11 18:00:00,5347675.536564484,1135017.9376405845
2024-09-11 19:00:00,5348742.063450834,1135018.0991636184
2024-09-11 20:00:00,5349781.657000381,1135018.0991636184
2024-09-11 21:00:00,5350815.664376368,1135018.0991636184
2024-09-11 22:00:00,5351756.502357638,1135018.0991636184
2024-09-11 23:00:00,5352694.846511427,1135018.0991636184
2024-09-12 00:00:00,5353628.868030914,1135018.0991636184
2024-09-12 01:00:00,5354564.119838625,1135018.0991636184
2024-09-12 02:00:00,5355498.141358112,1135018.0991636184
2024-09-12 03:00:00,5356427.806992264,1135018.0991636184
2024-09-12 04:00:00,5357357.904889847,1135018.0991636184
2024-09-12 05:00:00,5358288.1357915625,1135018.0991636184
2024-09-12 06:00:00,5359222.855582745,1135044.8971262027
2024-09-12 07:00:00,5360126.153147657,1135226.808104469
2024-09-12 08:00:00,5360973.588976979,1135568.4199121613
2024-09-12 09:00:00,5361771.713524229,1136001.3364650025
2024-09-12 10:00:00,5362533.527943345,1136444.5983603087
2024-09-12 11:00:00,5363277.187298394,1136914.9745366706
2024-09-12 12:00:00,5363985.667060434,1137327.9501644974
2024-09-12 13:00:00,5364745.519668598,1137730.9769997399
2024-09-12 14:00:00,5365601.03549896,1138096.7417061778
2024-09-12 15:00:00,5366462.702770445,1138397.2696058415
2024-09-12 16:00:00,5367289.323453052,1138646.8564715767
2024-09-12 17:00:00,5368151.688996231,1138777.6030506527
2024-09-12 18:00:00,5369033.473142735,1138812.7364601411
2024-09-12 19:00:00,5369911.632926632,1138813.0020990502
2024-09-12 20:00:00,5370763.956657818,1138813.0020990502
2024-09-12 21:00:00,5371596.1635139845,1138813.0020990502
2024-09-12 22:00:00,5372413.972672824,1138813.0020990502
2024-09-12 23:00:00,5373224.100843019,1138813.0020990502
2024-09-13 00:00:00,5374028.642839655,1138813.0020990502
2024-09-13 01:00:00,5374818.122118302,1138813.0020990502
2024-09-13 02:00:00,5375605.772590129,1138813.0020990502
2024-09-13 03:00:00,5376388.269151826,1138813.0020990502
2024-09-13 04:00:00,5377171.996001748,1138813.0020990502
2024-09-13 05:00:00,5377967.759725649,1138813.0020990502
2024-09-13 06:00:00,5378784.870612793,1138840.342900856
2024-09-13 07:00:00,5379624.625453471,1139018.8347585094
2024-09-13 08:00:00,5380450.547864384,1139345.9588734878
2024-09-13 09:00:00,5381235.538253563,1139753.40334203
2024-09-13 10:00:00,5381983.520242915,1140224.1402859301
2024-09-13 11:00:00,5382725.2177870115,1140699.7770107246
2024-09-13 12:00:00,5383453.082901343,1141103.927455952
2024-09-13 13:00:00,5384177.88892063,1141509.035781989
2024-09-13 14:00:00,5384912.73675191,1141883.5400974287
2024-09-13 15:00:00,5385673.287631769,1142189.7597256214
2024-09-13 16:00:00,5386487.904691431,1142427.0085208097
2024-09-13 17:00:00,5387348.308423658,1142554.7661243386
2024-09-13 18:00:00,5388252.836276795,1142588.5293192235
2024-09-13 19:00:00,5389157.231125799,1142588.8074872033
2024-09-13 20:00:00,5390035.922926225,1142588.8074872033
2024-09-13 21:00:00,5390903.442379532,1142588.8074872033
2024-09-13 22:00:00,5391749.481665464,1142588.8074872033
2024-09-13 23:00:00,5392571.613458605,1142588.8074872033
2024-09-14 00:00:00,5393381.874632932,1142588.8074872033
2024-09-14 01:00:00,5394185.153090311,1142588.8074872033
2024-09-14 02:00:00,5394988.43154769,1142588.8074872033
2024-09-14 03:00:00,5395781.102925514,1142588.8074872033
2024-09-14 04:00:00,5396581.887555411,1142588.8074872033
2024-09-14 05:00:00,5397388.258358867,1142588.8074872033
2024-09-14 06:00:00,5398260.13369751,1142607.8416236257
2024-09-14 07:00:00,5399203.498757295,1142775.3561191366
2024-09-14 08:00:00,5400172.832873924,1143083.7785055486
2024-09-14 09:00:00,5401172.890945127,1143468.658225943
2024-09-14 10:00:00,5402169.7569171535,1143911.9064147822
2024-09-14 11:00:00,5403043.427811583,1144308.2804119668
2024-09-14 12:00:00,5403824.793838155,1144749.0413698808
2024-09-14 13:00:00,5404599.17714778,1145169.1392080698
2024-09-14 14:00:00,5405384.865808654,1145589.728683308
2024-09-14 15:00:00,5406192.6331555,1145916.2486618226
2024-09-14 16:00:00,5407051.773348469,1146186.127054088
2024-09-14 17:00:00,5407953.10910243,1146324.1310388916
2024-09-14 18:00:00,5408891.586260351,1146355.3280519624
2024-09-14 19:00:00,5409833.820785012,1146355.402144506
2024-09-14 20:00:00,5410756.503702216,1146355.402144506
2024-09-14 21:00:00,5411660.333283657,1146355.402144506
2024-09-14 22:00:00,5412552.292246286,1146355.402144506
2024-09-14 23:00:00,5413430.285775017,1146355.402144506
2024-09-15 00:00:00,5414289.425967987,1146355.402144506
2024-09-15 01:00:00,5415129.712825194,1146355.402144506
2024-09-15 02:00:00,5415960.6561421035,1146355.402144506
2024-09-15 03:00:00,5416783.353202807,1146355.402144506
2024-09-15 04:00:00,5417606.748535205,1146355.402144506
2024-09-15 05:00:00,5418448.298931669,1146355.402144506
2024-09-15 06:00:00,5419312.626285801,1146371.7028220335
2024-09-15 07:00:00,5420194.543436437,1146493.7767477212
2024-09-15 08:00:00,5421078.987665587,1146711.6598641078
2024-09-15 09:00:00,5421942.616748024,1146975.8539243771
2024-09-15 10:00:00,5422780.975045312,1147290.6941202092
2024-09-15 11:00:00,5423609.95655127,1147632.1061559964
2024-09-15 12:00:00,5424435.878962182,1147979.3414881132
2024-09-15 13:00:00,5425248.667215025,1148301.493271238
2024-09-15 14:00:00,5426069.568719941,1148600.2817340249
2024-09-15 15:00:00,5426923.688006914,1148844.1303575428
2024-09-15 16:00:00,5427815.646969543,1149031.7966840086
2024-09-15 17:00:00,5428755.254662589,1149135.9781153402
2024-09-15 18:00:00,5429733.267298854,1149158.4185320518
2024-09-15 19:00:00,5430705.128493997,1149158.5299752655
2024-09-15 20:00:00,5431669.873968059,1149158.5299752655
2024-09-15 21:00:00,5432627.204461742,1149158.5299752655
2024-09-15 22:00:00,5433555.473552505,1149158.5299752655
2024-09-15 23:00:00,5434461.264944899,1149158.5299752655
2024-09-16 00:00:00,5435343.88036723,1149158.5299752655
2024-09-16 01:00:00,5436208.606733758,1149158.5299752655
2024-09-16 02:00:00,5437063.424292426,1149158.5299752655
2024-09-16 03:00:00,5437904.409421328,1149158.5299752655
2024-09-16 04:00:00,5438725.842942774,1149158.5299752655
2024-09-16 05:00:00,5439561.108893985,1149158.5299752655
2024-09-16 06:00:00,5440443.591312183,1149175.83708722
2024-09-16 07:00:00,5441451.76263546,1149288.5219982506
2024-09-16 08:00:00,5442551.108291469,1149500.3220484771
2024-09-16 09:00:00,5443610.652460869,1149779.8922578136
2024-09-16 10:00:00,5444698.127498065,1150114.0034160167
2024-09-16 11:00:00,5445568.041025756,1150453.9913408158
2024-09-16 12:00:00,5446500.233738423,1150802.9614040684
2024-09-16 13:00:00,5447435.6518013,1151149.9186778672
2024-09-16 14:00:00,5448494.663954171,1151438.68847352
2024-09-16 15:00:00,5449566.943269245,1151705.0735660172
2024-09-16 16:00:00,5450684.6102444865,1151897.230456911
2024-09-16 17:00:00,5451801.412692867,1152007.9814358717
2024-09-16 18:00:00,5452760.571993371,1152031.9640708163
2024-09-16 19:00:00,5453741.078457117,1152032.0747467112
2024-09-16 20:00:00,5454699.539485925,1152032.0747467112
2024-09-16 21:00:00,5455635.356561199,1152032.0747467112
2024-09-16 22:00:00,5456537.955854416,1152032.0747467112
2024-09-16 23:00:00,5457416.115638313,1152032.0747467112
2024-09-17 00:00:00,5458284.765626746,1152032.0747467112
2024-09-17 01:00:00,5459145.169358973,1152032.0747467112
2024-09-17 02:00:00,5459999.853913508,1152032.0747467112
2024-09-17 03:00:00,5460846.591471136,1152032.0747467112
2024-09-17 04:00:00,5461700.145490546,1152032.0747467112
2024-09-17 05:00:00,5462561.3804986,1152032.0747467112
2024-09-17 06:00:00,5463433.787853773,1152063.6283151505
2024-09-17 07:00:00,5464326.877351526,1152359.3073679253
2024-09-17 08:00:00,5465222.4939277945,1152870.1803506913
2024-09-17 09:00:00,5466088.616837713,1153489.939021964
2024-09-17 10:00:00,5466966.078349914,1154127.277065761
2024-09-17 11:00:00,5467890.590073938,1154725.1796087085
2024-09-17 12:00:00,5468798.775540714,1155310.4941624547
2024-09-17 13:00:00,5469699.546027112,1155901.6135511314
2024-09-17 14:00:00,5470606.600958764,1156509.10887755
2024-09-17 15:00:00,5471553.191368759,1157053.8487862586
2024-09-17 16:00:00,5472546.964994708,1157515.3816877482
2024-09-17 17:00:00,5473609.734514318,1157756.2018472818
2024-09-17 18:00:00,5474694.017452338,1157796.9363075811
2024-09-17 19:00:00,5475666.277659878,1157796.9804649162
2024-09-17 20:00:00,5476610.340991358,1157796.9804649162
2024-09-17 21:00:00,5477553.140783581,1157796.9804649162
2024-09-17 22:00:00,5478493.5797524545,1157796.9804649162
2024-09-17 23:00:00,5479425.074193427,1157796.9804649162
2024-09-18 00:00:00,5480339.67710959,1157796.9804649162
2024-09-18 01:00:00,5481252.883482363,1157796.9804649162
2024-09-18 02:00:00,5482157.4113355,1157796.9804649162
2024-09-18 03:00:00,5483048.672026434,1157796.9804649162
2024-09-18 04:00:00,5483940.098972534,1157796.9804649162
2024-09-18 05:00:00,5484808.748960967,1157796.9804649162
2024-09-18 06:00:00,5485671.114504146,1157830.4335052841
2024-09-18 07:00:00,5486551.06984383,1158127.260864227
2024-09-18 08:00:00,5487434.815801285,1158645.5039732184
2024-09-18 09:00:00,5488304.729328976,1159182.3694329748
2024-09-18 10:00:00,5489146.412729573,1159779.2595619976
2024-09-18 11:00:00,5490016.326257264,1160370.8577971398
2024-09-18 12:00:00,5490864.161098983,1160938.8981349717
2024-09-18 13:00:00,5491705.146227886,1161558.0732429705
2024-09-18 14:00:00,5492556.206419814,1162159.2850619038
2024-09-18 15:00:00,5493442.446204752,1162567.1192333214
2024-09-18 16:00:00,5494394.755792438,1162903.5616513346
2024-09-18 17:00:00,5495392.852052689,1163082.1895447026
2024-09-18 18:00:00,5496451.86420556,1163115.1856107034
2024-09-18 19:00:00,5497532.356525807,1163115.3106119593
2024-09-18 20:00:00,5498595.126045417,1163115.3106119593
2024-09-18 21:00:00,5499658.593836722,1163115.3106119593
2024-09-18 22:00:00,5500677.505243687,1163115.3106119593
2024-09-18 23:00:00,5501627.287752858,1163115.3106119593
2024-09-19 00:00:00,5502568.990260989,1163115.3106119593
2024-09-19 01:00:00,5503506.070875521,1163115.3106119593
2024-09-19 02:00:00,5504442.586222489,1163115.3106119593
2024-09-19 03:00:00,5505377.306013672,1163115.3106119593
2024-09-19 04:00:00,5506311.859549688,1163115.3106119593
2024-09-19 05:00:00,5507285.383296486,1163115.3106119593
2024-09-19 06:00:00,5508302.898160061,1163148.8805369653
2024-09-19 07:00:00,5509201.141567944,1163440.5216481967
2024-09-19 08:00:00,5510086.1178136235,1163956.4131217054
2024-09-19 09:00:00,5510945.424261758,1164524.6026322432
2024-09-19 10:00:00,5511761.836877207,1165098.4482863615
2024-09-19 11:00:00,5512513.7424884625,1165677.2886959638
2024-09-19 12:00:00,5513204.067186436,1166289.8446537263
2024-09-19 13:00:00,5513892.99534102,1166871.87144056
2024-09-19 14:00:00,5514598.24975285,1167476.9701891257
2024-09-19 15:00:00,5515332.399312436,1167882.8958028094
2024-09-19 16:00:00,5516123.807151002,1168201.231698799
2024-09-19 17:00:00,5516969.281169372,1168383.8361516942
2024-09-19 18:00:00,5517861.938403696,1168417.5943664256
2024-09-19 19:00:00,5518759.350535751,1168417.722111981
2024-09-19 20:00:00,5519640.00414713,1168417.722111981
2024-09-19 21:00:00,5520519.261215119,1168417.722111981
2024-09-19 22:00:00,5521376.605852301,1168417.722111981
2024-09-19 23:00:00,5522214.531886159,1168417.722111981
2024-09-20 00:00:00,5523036.131662771,1168417.722111981
2024-09-20 01:00:00,5523849.485183176,1168417.722111981
2024-09-20 02:00:00,5524657.950801716,1168417.722111981
2024-09-20 03:00:00,5525460.697242565,1168417.722111981
2024-09-20 04:00:00,5526258.256522253,1168417.722111981
2024-09-20 05:00:00,5527070.911770963,1168417.722111981
2024-09-20 06:00:00,5527905.080438082,1168449.598634131
2024-09-20 07:00:00,5528742.441204377,1168722.800475884
2024-09-20 08:00:00,5529581.49777336,1169281.1957613856
2024-09-20 09:00:00,5530372.772607794,1169901.0825870002
2024-09-20 10:00:00,5531179.2764153825,1170543.79430585
2024-09-20 11:00:00,5531959.378902698,1171150.272944635
2024-09-20 12:00:00,5532741.443200965,1171725.8539505973
2024-09-20 13:00:00,5533515.261243027,1172314.2515947695
2024-09-20 14:00:00,5534322.330318178,1172872.5629815
2024-09-20 15:00:00,5535122.549680512,1173398.7334356946
2024-09-20 16:00:00,5536011.881811528,1173883.2797574648
2024-09-20 17:00:00,5536937.091807246,1174122.84671113
2024-09-20 18:00:00,5537862.867070527,1174162.5571131762
2024-09-20 19:00:00,5538777.469986689,1174162.6002354985
2024-09-20 20:00:00,5539668.730677623,1174162.6002354985
2024-09-20 21:00:00,5540551.213095821,1174162.6002354985
2024-09-20 22:00:00,5541428.508352858,1174162.6002354985
2024-09-20 23:00:00,5542295.329534471,1174162.6002354985
2024-09-21 00:00:00,5543153.372443348,1174162.6002354985
2024-09-21 01:00:00,5544006.394446229,1174162.6002354985
2024-09-21 02:00:00,5544837.337763138,1174162.6002354985
2024-09-21 03:00:00,5545646.900665771,1174162.6002354985
2024-09-21 04:00:00,5546455.931551875,1174162.6002354985
2024-09-21 05:00:00,5547276.833056791,1174162.6002354985
2024-09-21 06:00:00,5548126.0644419,1174181.3840625447
2024-09-21 07:00:00,5548996.676241285,1174352.2458694028
2024-09-21 08:00:00,5549868.385324762,1174666.9453722353
2024-09-21 09:00:00,5550723.768150993,1175070.3625149848
2024-09-21 10:00:00,5551580.414516481,1175519.9483753091
2024-09-21 11:00:00,5552410.094294133,1175922.5866247942
2024-09-21 12:00:00,5553270.49802636,1176374.3791159587
2024-09-21 13:00:00,5554169.306701805,1176783.2000810853
2024-09-21 14:00:00,5555103.860237822,1177165.2354333529
2024-09-21 15:00:00,5556029.070233541,1177495.7719228298
2024-09-21 16:00:00,5556926.615369729,1177759.4639909621
2024-09-21 17:00:00,5557822.36495013,1177902.6335032547
2024-09-21 18:00:00,5558730.683421039,1177931.6298647337
2024-09-21 19:00:00,5559652.668066548,1177931.7014676926
2024-09-21 20:00:00,5560562.782093244,1177931.7014676926
2024-09-21 21:00:00,5561459.096941208,1177931.7014676926
2024-09-21 22:00:00,5562343.940182755,1177931.7014676926
2024-09-21 23:00:00,5563196.097658776,1177931.7014676926
2024-09-22 00:00:00,5564023.815625476,1177931.7014676926
2024-09-22 01:00:00,5564845.947418616,1177931.7014676926
2024-09-22 02:00:00,5565671.304561966,1177931.7014676926
2024-09-22 03:00:00,5566472.787463558,1177931.7014676926
2024-09-22 04:00:00,5567271.610282503,1177931.7014676926
2024-09-22 05:00:00,5568084.963802908,1177931.7014676926
2024-09-22 06:00:00,5568922.191565071,1177962.8590139218
2024-09-22 07:00:00,5569782.0300297355,1178257.2624911414
2024-09-22 08:00:00,5570627.504048105,1178769.1849015492
2024-09-22 09:00:00,5571424.3650560975,1179357.5260536564
2024-09-22 10:00:00,5572209.355445277,1179921.0553902716
2024-09-22 11:00:00,5572969.906325135,1180481.1519765472
2024-09-22 12:00:00,5573726.134570693,1181047.8925941444
2024-09-22 13:00:00,5574487.948989809,1181664.1346844384
2024-09-22 14:00:00,5575261.068760175,1182234.3823424052
2024-09-22 15:00:00,5576072.028206198,1182642.3595198062
2024-09-22 16:00:00,5576940.678194631,1182971.490526432
2024-09-22 17:00:00,5577850.260204798,1183149.1042924332
2024-09-22 18:00:00,5578790.566169539,1183181.6836801704
2024-09-22 19:00:00,5579722.758882206,1183181.8050174713
2024-09-22 20:00:00,5580625.890191953,1183181.8050174713
2024-09-22 21:00:00,5581525.26413496,1183181.8050174713
2024-09-22 22:00:00,5582392.783588268,1183181.8050174713
2024-09-22 23:00:00,5583238.257606638,1183181.8050174713
2024-09-23 00:00:00,5584064.878289245,1183181.8050174713
2024-09-23 01:00:00,5584877.666542088,1183181.8050174713
2024-09-23 02:00:00,5585677.187632727,1183181.8050174713
2024-09-23 03:00:00,5586467.897199598,1183181.8050174713
2024-09-23 04:00:00,5587254.151128035,1183181.8050174713
2024-09-23 05:00:00,5588051.8434118545,1183181.8050174713
2024-09-23 06:00:00,5588879.561378554,1183207.5816220595
2024-09-23 07:00:00,5589787.879849464,1183391.2710559722
2024-09-23 08:00:00,5590743.813799757,1183716.4029103895
2024-09-23 09:00:00,5591736.88915401,1184133.9290277115
2024-09-23 10:00:00,5592752.043194236,1184611.360672822
2024-09-23 11:00:00,5593670.403477138,1185070.7811211166
2024-09-23 12:00:00,5595297.110517948,1185472.6583433188
2024-09-23 13:00:00,5596906.194511221,1185882.1994556459
2024-09-23 14:00:00,5598514.147969368,1186246.0145419126
2024-09-23 15:00:00,5600176.034603187,1186573.5987785878
2024-09-23 16:00:00,5602007.767514028,1186830.5803428136
2024-09-23 17:00:00,5602939.827222562,1186949.9838120926
2024-09-23 18:00:00,5603899.68479476,1186984.4852342536
2024-09-23 19:00:00,5604856.317016749,1186984.7645131843
2024-09-23 20:00:00,5605772.715488698,1186984.7645131843
2024-09-23 21:00:00,5606670.958896581,1186984.7645131843
2024-09-23 22:00:00,5607556.500409824,1186984.7645131843
2024-09-23 23:00:00,5608431.43484351,1186984.7645131843
2024-09-24 00:00:00,5609299.386560248,1186984.7645131843
2024-09-24 01:00:00,5610164.1129267765,1186984.7645131843
2024-09-24 02:00:00,5611028.307276775,1186984.7645131843
2024-09-24 03:00:00,5611878.802201142,1186984.7645131843
2024-09-24 04:00:00,5612726.238030463,1186984.7645131843
2024-09-24 05:00:00,5613575.33641144,1186984.7645131843
2024-09-24 06:00:00,5614447.045494917,1187010.5918136255
2024-09-24 07:00:00,5615339.0044575455,1187194.3118212915
2024-09-24 08:00:00,5616233.490498689,1187542.1379146562
2024-09-24 09:00:00,5617122.257362141,1187948.4900074615
2024-09-24 10:00:00,5617967.033108816,1188407.884019097
2024-09-24 11:00:00,5618786.105806912,1188867.434675988
2024-09-24 12:00:00,5620334.872426161,1189300.9802357492
2024-09-24 13:00:00,5621864.951964812,1189696.3820987586
2024-09-24 14:00:00,5622679.569024474,1190068.5384501275
2024-09-24 15:00:00,5623527.403866193,1190372.0033059395
2024-09-24 16:00:00,5624441.308510661,1190627.6005655648
2024-09-24 17:00:00,5625372.802951634,1190746.7823423757
2024-09-24 18:00:00,5626315.602743857,1190780.483854522
2024-09-24 19:00:00,5627252.118090825,1190780.7558746543
2024-09-24 20:00:00,5628163.495656778,1190780.7558746543
2024-09-24 21:00:00,5629064.831410739,1190780.7558746543
2024-09-24 22:00:00,5629943.523211164,1190780.7558746543
2024-09-24 23:00:00,5630805.755750211,1190780.7558746543
2024-09-25 00:00:00,5631663.1003873935,1190780.7558746543
2024-09-25 01:00:00,5632512.764035933,1190780.7558746543
2024-09-25 02:00:00,5633346.068176191,1190780.7558746543
2024-09-25 03:00:00,5634166.271409413,1190780.7558746543
2024-09-25 04:00:00,5634982.817028995,1190780.7558746543
2024-09-25 05:00:00,5635811.798534952,1190780.7558746543
2024-09-25 06:00:00,5636645.800946905,1190807.4616522847
2024-09-25 07:00:00,5637473.68516877,1190993.4352185922
2024-09-25 08:00:00,5638276.2653544545,1191331.1862074593
2024-09-25 09:00:00,5639053.175742594,1191749.3422388928
2024-09-25 10:00:00,5639875.4737909,1192197.0687085404
2024-09-25 11:00:00,5640679.317515841,1192670.1486625404
2024-09-25 12:00:00,5641455.529632284,1193093.7890240806
2024-09-25 13:00:00,5642214.118701191,1193517.8408299284
2024-09-25 14:00:00,5643003.032712275,1193887.4688311187
2024-09-25 15:00:00,5643782.436927896,1194198.050665369
2024-09-25 16:00:00,5644581.958018536,1194438.8710915162
2024-09-25 17:00:00,5645432.31993877,1194567.140545612
2024-09-25 18:00:00,5646316.76416792,1194600.639297708
2024-09-25 19:00:00,5647191.698601606,1194600.9089020297
2024-09-25 20:00:00,5648047.779699531,1194600.9089020297
2024-09-25 21:00:00,5648907.618164196,1194600.9089020297
2024-09-25 22:00:00,5649756.849549305,1194600.9089020297
2024-09-25 23:00:00,5650601.625295979,1194600.9089020297
2024-09-26 00:00:00,5651511.207306146,1194600.9089020297
2024-09-26 01:00:00,5652433.35820682,1194600.9089020297
2024-09-26 02:00:00,5653339.016595081,1194600.9089020297
2024-09-26 03:00:00,5654234.63317135,1194600.9089020297
2024-09-26 04:00:00,5655121.43822385,1194600.9089020297
2024-09-26 05:00:00,5656012.166898254,1194600.9089020297
2024-09-26 06:00:00,5656875.230713128,1194620.332761904
2024-09-26 07:00:00,5657723.763826542,1194783.5278797494
2024-09-26 08:00:00,5658551.6480484065,1195103.594215751
2024-09-26 09:00:00,5659363.7380295545,1195494.7704905611
2024-09-26 10:00:00,5660151.953768943,1195916.8393744077
2024-09-26 11:00:00,5660954.533954628,1196334.8290815149
2024-09-26 12:00:00,5661703.081211541,1196776.1059793592
2024-09-26 13:00:00,5662458.744189535,1197202.6721520554
2024-09-26 14:00:00,5663269.437627293,1197620.0036486085
2024-09-26 15:00:00,5664096.457322298,1197938.6772560773
2024-09-26 16:00:00,5664973.353566937,1198208.360627067
2024-09-26 17:00:00,5665850.116807444,1198345.353081804
2024-09-26 18:00:00,5666750.189022147,1198376.3255010736
2024-09-26 19:00:00,5667651.657780239,1198376.4039183697
2024-09-26 20:00:00,5668552.9935342,1198376.4039183697
2024-09-26 21:00:00,5669465.767643543,1198376.4039183697
2024-09-26 22:00:00,5670364.576318989,1198376.4039183697
2024-09-26 23:00:00,5671254.041454135,1198376.4039183697
2024-09-27 00:00:00,5672133.431526257,1198376.4039183697
2024-09-27 01:00:00,5673010.893038458,1198376.4039183697
2024-09-27 02:00:00,5673880.1082944535,1198376.4039183697
2024-09-27 03:00:00,5674746.231204372,1198376.4039183697
2024-09-27 04:00:00,5675609.860286809,1198376.4039183697
2024-09-27 05:00:00,5676494.304515959,1198376.4039183697
2024-09-27 06:00:00,5677395.640269919,1198409.1036623365
2024-09-27 07:00:00,5678334.682695403,1198708.4345838067
2024-09-27 08:00:00,5679295.770555825,1199258.4764078737
2024-09-27 09:00:00,5680266.235207578,1199856.8193231432
2024-09-27 10:00:00,5681239.891958508,1200443.6135212334
2024-09-27 11:00:00,5682255.611266296,1201060.483634842
2024-09-27 12:00:00,5683311.53107309,1201675.5038660637
2024-09-27 13:00:00,5684293.301076094,1202304.5078196784
2024-09-27 14:00:00,5685270.050173101,1202898.7788879233
2024-09-27 15:00:00,5686313.401089387,1203512.9145864642
2024-09-27 16:00:00,5687402.57192927,1204044.4011145134
2024-09-27 17:00:00,5688498.858490235,1204355.7279936774
2024-09-27 18:00:00,5689589.292869376,1204391.1074790456
2024-09-27 19:00:00,5690672.312268138,1204391.1186400543
2024-09-27 20:00:00,5691733.951252623,1204391.1186400543
2024-09-27 21:00:00,5692751.466116198,1204391.1186400543
2024-09-27 22:00:00,5693775.265425027,1204391.1186400543
2024-09-27 23:00:00,5694724.914930067,1204391.1186400543
2024-09-28 00:00:00,5695669.676533242,1204391.1186400543
2024-09-28 01:00:00,5696612.476325464,1204391.1186400543
2024-09-28 02:00:00,5697554.01257843,1204391.1186400543
2024-09-28 03:00:00,5698489.829653704,1204391.1186400543
2024-09-28 04:00:00,5699426.21199654,1204391.1186400543
2024-09-28 05:00:00,5700402.961093548,1204391.1186400543
2024-09-28 06:00:00,5701487.1110274345,1204421.939447944
2024-09-28 07:00:00,5702588.285490263,1204707.548987716
2024-09-28 08:00:00,5703671.870156587,1205221.2731799716
2024-09-28 09:00:00,5704749.170377658,1205832.8016631878
2024-09-28 10:00:00,5705834.018583239,1206424.1057658663
2024-09-28 11:00:00,5706888.674850775,1207064.199783067
2024-09-28 12:00:00,5707929.531939579,1207667.974666571
2024-09-28 13:00:00,5709065.353978887,1208286.8880873541
2024-09-28 14:00:00,5710173.511158665,1208872.0897930383
2024-09-28 15:00:00,5711325.659455219,1209405.1655119418
2024-09-28 16:00:00,5712476.411208385,1209869.0141596498
2024-09-28 17:00:00,5713614.594071042,1210120.9986511911
2024-09-28 18:00:00,5714740.208043192,1210160.1311685035
2024-09-28 19:00:00,5715853.253124833,1210160.175086025
2024-09-28 20:00:00,5716933.74544508,1210160.175086025
2024-09-28 21:00:00,5718007.255048378,1210160.175086025
2024-09-28 22:00:00,5719073.083663032,1210160.175086025
2024-09-28 23:00:00,5720132.794087598,1210160.175086025
2024-09-29 00:00:00,5721186.22006691,1210160.175086025
2024-09-29 01:00:00,5722233.893617497,1210160.175086025
2024-09-29 02:00:00,5723281.567168084,1210160.175086025
2024-09-29 03:00:00,5724327.312158752,1210160.175086025
2024-09-29 04:00:00,5725376.3822527295,1210160.175086025
2024-09-29 05:00:00,5726450.590127722,1210160.175086025
2024-09-29 06:00:00,5727557.35076411,1210184.3255640392
2024-09-29 07:00:00,5728693.006548252,1210396.5100177692
2024-09-29 08:00:00,5729843.89130555,1210794.1024648806
2024-09-29 09:00:00,5730993.512523591,1211282.7197584694
2024-09-29 10:00:00,5732129.168307733,1211775.2749950741
2024-09-29 11:00:00,5733242.911661069,1212345.7812224438
2024-09-29 12:00:00,5734346.613202413,1212887.09476979
2024-09-29 13:00:00,5735420.122805711,1213428.615258016
2024-09-29 14:00:00,5736506.899571212,1213942.5758337635
2024-09-29 15:00:00,5737587.957159022,1214414.0060053112
2024-09-29 16:00:00,5738695.416067105,1214800.2801446693
2024-09-29 17:00:00,5739746.314967902,1215027.9126450964
2024-09-29 18:00:00,5740705.474268406,1215062.030180874
2024-09-29 19:00:00,5741646.312249676,1215062.0880694787
2024-09-29 20:00:00,5742559.651626581,1215062.0880694787
2024-09-29 21:00:00,5743466.706558233,1215062.0880694787
2024-09-29 22:00:00,5744348.490704737,1215062.0880694787
2024-09-29 23:00:00,5745197.156822283,1215062.0880694787
2024-09-30 00:00:00,5746030.460962541,1215062.0880694787
2024-09-30 01:00:00,5746846.873577991,1215062.0880694787
2024-09-30 02:00:00,5747651.548578759,1215062.0880694787
2024-09-30 03:00:00,5748447.312302659,1215062.0880694787
2024-09-30 04:00:00,5749242.510758997,1215062.0880694787
2024-09-30 05:00:00,5750050.14510171,1215062.0880694787
2024-09-30 06:00:00,5750880.523151057,1215081.8968352494
2024-09-30 07:00:00,5751747.211328537,1215226.831471639
2024-09-30 08:00:00,5752640.999097986,1215482.603673053
2024-09-30 09:00:00,5753523.614520317,1215828.960006802
2024-09-30 10:00:00,5754383.619240147,1216211.958001746
2024-09-30 11:00:00,5755225.867908307,1216631.639142131
2024-09-30 12:00:00,5756095.6484318655,1217054.2406186305
2024-09-30 13:00:00,5756960.54105356,1217459.7705977662
2024-09-30 14:00:00,5757832.948408732,1217865.714793381
2024-09-30 15:00:00,5758734.982434387,1218240.373196774
2024-09-30 16:00:00,5759631.995554046,1218519.889802106
2024-09-30 17:00:00,5760520.197149935,1218687.309818583
2024-09-30 18:00:00,5761409.52928095,1218720.8169908454
2024-09-30 19:00:00,5762325.229481205,1218720.9326410866
2024-09-30 20:00:00,5763229.62433021,1218720.9326410866
2024-09-30 21:00:00,5764122.846832096,1218720.9326410866
2024-09-30 22:00:00,5765004.065711036,1218720.9326410866
2024-09-30 23:00:00,5765876.473066209,1218720.9326410866
2024-10-01 00:00:00,5766728.796797395,1218720.9326410866
2024-10-01 01:00:00,5767572.309004812,1218720.9326410866
2024-10-01 02:00:00,5768401.988782464,1218720.9326410866
2024-10-01 03:00:00,5769219.797941303,1218720.9326410866
2024-10-01 04:00:00,5770033.849733403,1218720.9326410866
2024-10-01 05:00:00,5770800.6850585155,1218720.9326410866
2024-10-01 06:00:00,5771552.590669771,1218735.6963910866
2024-10-01 07:00:00,5772401.82205488,1218958.4238910866
2024-10-01 08:00:00,5773286.79830056,1219445.6388910867
2024-10-01 09:00:00,5774182.414876828,1220004.4151410868
2024-10-01 10:00:00,5775059.3111214675,1220581.4238910868
2024-10-01 11:00:00,5775909.673041701,1221165.3663910867
2024-10-01 12:00:00,5776787.832825598,1221768.6101410866
2024-10-01 13:00:00,5777672.809071278,1222379.1626410866
2024-10-01 14:00:00,5778545.781694013,1222996.5626410865
2024-10-01 15:00:00,5779376.026739228,1223613.7751410864
2024-10-01 16:00:00,5780156.694494106,1224120.5576410864
2024-10-01 17:00:00,5780932.3413429875,1224299.7626410865
2024-10-01 18:00:00,5781691.6286835885,1224305.4026410864
2024-10-01 19:00:00,5782436.418573762,1224305.4026410864
2024-10-01 20:00:00,5783163.053399869,1224305.4026410864
2024-10-01 21:00:00,5783884.634068947,1224305.4026410864
2024-10-01 22:00:00,5784596.305930165,1224305.4026410864
2024-10-01 23:00:00,5785302.25861369,1224305.4026410864
2024-10-02 00:00:00,5786001.926851962,1224305.4026410864
2024-10-02 01:00:00,5786700.198546844,1224305.4026410864
2024-10-02 02:00:00,5787393.449335729,1224305.4026410864
2024-10-02 03:00:00,5788083.607778537,1224305.4026410864
2024-10-02 04:00:00,5788777.6898432495,1224305.4026410864
2024-10-02 05:00:00,5789481.813719955,1224305.4026410864
2024-10-02 06:00:00,5790191.52377022,1224320.0013910863
2024-10-02 07:00:00,5790909.3470725585,1224549.1938910861
2024-10-02 08:00:00,5791611.542389344,1225050.2838910862
2024-10-02 09:00:00,5792314.834990223,1225625.7626410862
2024-10-02 10:00:00,5793006.955243983,1226214.2351410862
2024-10-02 11:00:00,5793709.150560769,1226803.247641086
2024-10-02 12:00:00,5794419.991146159,1227424.6638910861
2024-10-02 13:00:00,5795134.589098288,1228053.9326410862
2024-10-02 14:00:00,5795847.39149463,1228691.7326410862
2024-10-02 15:00:00,5796558.930351715,1229329.9413910862
2024-10-02 16:00:00,5797266.0135703655,1229881.3638910863
2024-10-02 17:00:00,5797986.496955351,1230064.0488910864
2024-10-02 18:00:00,5798709.3411636865,1230069.1526410864
2024-10-02 19:00:00,5799430.389816235,1230069.1526410864
2024-10-02 20:00:00,5800141.9286733195,1230069.1526410864
2024-10-02 21:00:00,5800859.751975658,1230069.1526410864
2024-10-02 22:00:00,5801583.294455688,1230069.1526410864
2024-10-02 23:00:00,5802456.965350118,1230069.1526410864
2024-10-03 00:00:00,5803278.398871563,1230069.1526410864
2024-10-03 01:00:00,5804092.317659531,1230069.1526410864
2024-10-03 02:00:00,5804894.897845215,1230069.1526410864
2024-10-03 03:00:00,5805603.909623785,1230069.1526410864
2024-10-03 04:00:00,5806309.86230731,1230069.1526410864
2024-10-03 05:00:00,5807027.685609649,1230069.1526410864
2024-10-03 06:00:00,5807758.210806628,1230084.0663910864
2024-10-03 07:00:00,5808488.037731912,1230341.2826410865
2024-10-03 08:00:00,5809196.517493952,1230921.1826410864
2024-10-03 09:00:00,5809870.914947076,1231600.2476410863
2024-10-03 10:00:00,5810521.438158441,1232301.8688910864
2024-10-03 11:00:00,5811309.65389783,1233003.8726410863
2024-10-03 12:00:00,5812099.665193006,1233713.2263910864
2024-10-03 13:00:00,5812862.177883818,1234426.4988910863
2024-10-03 14:00:00,5813605.271971305,1235141.0201410863
2024-10-03 15:00:00,5814410.512239636,1235845.3301410864
2024-10-03 16:00:00,5815247.041730104,1236413.8901410864
2024-10-03 17:00:00,5816146.548677244,1236606.0476410864
2024-10-03 18:00:00,5817075.516039702,1236610.9751410864
2024-10-03 19:00:00,5817987.591877351,1236610.9751410864
2024-10-03 20:00:00,5818881.3796467995,1236610.9751410864
2024-10-03 21:00:00,5819763.862064998,1236610.9751410864
2024-10-03 22:00:00,5820636.967691865,1236610.9751410864
2024-10-03 23:00:00,5821486.764344536,1236610.9751410864
2024-10-04 00:00:00,5822238.536951659,1236610.9751410864
2024-10-04 01:00:00,5822949.377537049,1236610.9751410864
2024-10-04 02:00:00,5823648.912771189,1236610.9751410864
2024-10-04 03:00:00,5824348.448005328,1236610.9751410864
2024-10-04 04:00:00,5825047.983239467,1236610.9751410864
2024-10-04 05:00:00,5825757.693289732,1236610.9751410864
2024-10-04 06:00:00,5826501.352644781,1236621.1188910864
2024-10-04 07:00:00,5827278.26303292,1236795.0251410864
2024-10-04 08:00:00,5828148.874832305,1237201.3113910863
2024-10-04 09:00:00,5829030.093711246,1237690.9076410863
2024-10-04 10:00:00,5829850.995216162,1238205.6813910862
2024-10-04 11:00:00,5830659.327830571,1238687.9426410862
2024-10-04 12:00:00,5831499.614687778,1239176.5451410862
2024-10-04 13:00:00,5832253.881122382,1239656.1138910863
2024-10-04 14:00:00,5833038.472499165,1240120.0151410864
2024-10-04 15:00:00,5833861.169559868,1240566.5013910865
2024-10-04 16:00:00,5834736.6692611175,1240916.6201410864
2024-10-04 17:00:00,5835610.905423109,1241029.9788910863
2024-10-04 18:00:00,5836487.103396053,1241033.4326410864
2024-10-04 19:00:00,5837348.770667538,1241033.4326410864
2024-10-04 20:00:00,5838186.563697264,1241033.4326410864
2024-10-04 21:00:00,5839011.787836482,1241033.4326410864
2024-10-04 22:00:00,5839810.045387864,1241033.4326410864
2024-10-04 23:00:00,5840548.683836916,1241033.4326410864
2024-10-05 00:00:00,5841278.510762201,1241033.4326410864
2024-10-05 01:00:00,5841985.028713289,1241033.4326410864
2024-10-05 02:00:00,5842682.036868913,1241033.4326410864
2024-10-05 03:00:00,5843379.743296232,1241033.4326410864
2024-10-05 04:00:00,5844078.7132628085,1241033.4326410864
2024-10-05 05:00:00,5844792.779198408,1241033.4326410864
2024-10-05 06:00:00,5845530.154108203,1241041.4876410863
2024-10-05 07:00:00,5846295.725894058,1241194.1201410864
2024-10-05 08:00:00,5847058.23858487,1241564.9388910865
2024-10-05 09:00:00,5847872.157372837,1242017.8413910866
2024-10-05 10:00:00,5848644.013603946,1242505.7013910867
2024-10-05 11:00:00,5849396.318227598,1243046.3351410867
2024-10-05 12:00:00,5850141.9393935995,1243585.1126410868
2024-10-05 13:00:00,5850867.443684582,1244124.5988910869
2024-10-05 14:00:00,5851626.199008654,1244652.5501410868
2024-10-05 15:00:00,5852442.04635654,1245147.1488910867
2024-10-05 16:00:00,5853300.089265417,1245531.2538910867
2024-10-05 17:00:00,5854215.789465672,1245656.8376410867
2024-10-05 18:00:00,5855131.489665927,1245660.1488910867
2024-10-05 19:00:00,5856029.0348021155,1245660.1488910867
2024-10-05 20:00:00,5856910.253681056,1245660.1488910867
2024-10-05 21:00:00,5857763.807700466,1245660.1488910867
2024-10-05 22:00:00,5858609.1487147035,1245660.1488910867
2024-10-05 23:00:00,5859443.849398352,1245660.1488910867
2024-10-06 00:00:00,5860263.487364011,1245660.1488910867
2024-10-06 01:00:00,5861075.577345159,1245660.1488910867
2024-10-06 02:00:00,5861882.64642031,1245660.1488910867
2024-10-06 03:00:00,5862685.3928611595,1245660.1488910867
2024-10-06 04:00:00,5863253.087749098,1245660.1488910867
2024-10-06 05:00:00,5863997.877639272,1245660.1488910867
2024-10-06 06:00:00,5864814.290254721,1245671.4813910867
2024-10-06 07:00:00,5865659.631268959,1245881.6463910867
2024-10-06 08:00:00,5866538.323069384,1246374.2763910866
2024-10-06 09:00:00,5867416.3165981155,1246952.2038910866
2024-10-06 10:00:00,5868208.289704244,1247551.1988910867
2024-10-06 11:00:00,5869052.367179223,1248164.1851410868
2024-10-06 12:00:00,5869805.935342133,1248798.1301410869
2024-10-06 13:00:00,5870550.159964745,1249444.5101410868
2024-10-06 14:00:00,5871311.974383861,1250100.2126410867
2024-10-06 15:00:00,5872128.38699931,1250750.6501410867
2024-10-06 16:00:00,5872987.693447445,1251267.1713910867
2024-10-06 17:00:00,5873890.991012357,1251419.5076410866
2024-10-06 18:00:00,5874795.385861361,1251422.6201410866
2024-10-06 19:00:00,5875689.040626678,1251422.6201410866
2024-10-06 20:00:00,5876558.9541543685,1251422.6201410866
2024-10-06 21:00:00,5877417.5623308085,1251422.6201410866
2024-10-06 22:00:00,5878254.091821277,1251422.6201410866
2024-10-06 23:00:00,5879072.466247678,1251422.6201410866
2024-10-07 00:00:00,5879873.250877575,1251422.6201410866
2024-10-07 01:00:00,5880654.051636585,1251422.6201410866
2024-10-07 02:00:00,5881429.133217904,1251422.6201410866
2024-10-07 03:00:00,5882211.6297796015,1251422.6201410866
2024-10-07 04:00:00,5882980.859179096,1251422.6201410866
2024-10-07 05:00:00,5883738.916231473,1251422.6201410866
2024-10-07 06:00:00,5884486.199949129,1251434.5113910867
2024-10-07 07:00:00,5885328.448617289,1251655.5401410868
2024-10-07 08:00:00,5886171.395557144,1252160.8713910868
2024-10-07 09:00:00,5886983.485538292,1252750.2513910867
2024-10-07 10:00:00,5887791.252885138,1253358.1788910867
2024-10-07 11:00:00,5888565.070927199,1253943.4713910867
2024-10-07 12:00:00,5889326.885346315,1254541.3263910867
2024-10-07 13:00:00,5890129.465531999,1255146.3176410866
2024-10-07 14:00:00,5890995.588441918,1255757.1363910867
2024-10-07 15:00:00,5891899.418023359,1256350.7238910866
2024-10-07 16:00:00,5892774.352457046,1256813.5788910866
2024-10-07 17:00:00,5893687.558829819,1256952.1113910866
2024-10-07 18:00:00,5894606.484380283,1256954.5638910865
2024-10-07 19:00:00,5895488.40153092,1256954.5638910865
2024-10-07 20:00:00,5896334.440816851,1256954.5638910865
2024-10-07 21:00:00,5897187.296564567,1256954.5638910865
2024-10-07 22:00:00,5898035.264410418,1256954.5638910865
2024-10-07 23:00:00,5898873.057440144,1256954.5638910865
2024-10-08 00:00:00,5899692.130138241,1256954.5638910865
2024-10-08 01:00:00,5900502.258308436,1256954.5638910865
2024-10-08 02:00:00,5901337.657263779,1256954.5638910865
2024-10-08 03:00:00,5902174.885025943,1256954.5638910865
2024-10-08 04:00:00,5903023.418139356,1256954.5638910865
2024-10-08 05:00:00,5903885.783682535,1256954.5638910865
2024-10-08 06:00:00,5904759.4545769645,1256965.8926410866
2024-10-08 07:00:00,5905650.016996204,1257180.4451410866
2024-10-08 08:00:00,5906522.989618938,1257679.0151410867
2024-10-08 09:00:00,5907388.580512327,1258268.0951410867
2024-10-08 10:00:00,5908237.113625741,1258875.2876410866
2024-10-08 11:00:00,5909051.165417841,1259481.9026410866
2024-10-08 12:00:00,5909964.371790614,1260106.2288910865
2024-10-08 13:00:00,5910805.356919517,1260741.8313910866
2024-10-08 14:00:00,5911663.399828394,1261387.5363910866
2024-10-08 15:00:00,5912626.316495636,1262025.9551410866
2024-10-08 16:00:00,5913616.199750713,1262527.5701410866
2024-10-08 17:00:00,5914615.559550221,1262674.9713910867
2024-10-08 18:00:00,5915579.041485026,1262677.2551410866
2024-10-08 19:00:00,5916512.49773695,1262677.2551410866
2024-10-08 20:00:00,5917431.556291548,1262677.2551410866
2024-10-08 21:00:00,5918325.344060997,1262677.2551410866
2024-10-08 22:00:00,5919204.734133118,1262677.2551410866
2024-10-08 23:00:00,5920054.530785789,1262677.2551410866
2024-10-09 00:00:00,5920866.055499374,1262677.2551410866
2024-10-09 01:00:00,5921661.12095158,1262677.2551410866
2024-10-09 02:00:00,5922448.638419274,1262677.2551410866
2024-10-09 03:00:00,5923224.850535718,1262677.2551410866
2024-10-09 04:00:00,5923994.91121104,1262677.2551410866
2024-10-09 05:00:00,5924770.5580599215,1262677.2551410866
2024-10-09 06:00:00,5925501.648524463,1262689.0076410866
2024-10-09 07:00:00,5926222.6971770115,1262916.3588910867
2024-10-09 08:00:00,5926899.056441087,1263442.8326410865
2024-10-09 09:00:00,5927565.905909699,1264046.4101410864
2024-10-09 10:00:00,5928269.8967822725,1264664.4213910864
2024-10-09 11:00:00,5928943.728967833,1265274.9588910865
2024-10-09 12:00:00,5929623.712594516,1265898.1751410866
2024-10-09 13:00:00,5930322.11729353,1266529.7276410866
2024-10-09 14:00:00,5931070.099282881,1267171.2401410865
2024-10-09 15:00:00,5931897.2852330515,1267810.8026410865
2024-10-09 16:00:00,5932763.40814297,1268312.8226410865
2024-10-09 17:00:00,5933719.342093263,1268452.6676410865
2024-10-09 18:00:00,5934664.668964,1268454.5163910864
2024-10-09 19:00:00,5935556.494922497,1268454.5163910864
2024-10-09 20:00:00,5936411.877748728,1268454.5163910864
2024-10-09 21:00:00,5937241.424522247,1268454.5163910864
2024-10-09 22:00:00,5937959.247824586,1268454.5163910864
2024-10-09 23:00:00,5938666.331043237,1268454.5163910864
2024-10-10 00:00:00,5939367.828088328,1268454.5163910864
2024-10-10 01:00:00,5940068.061594162,1268454.5163910864
2024-10-10 02:00:00,5940766.466293177,1268454.5163910864
2024-10-10 03:00:00,5941460.282349625,1268454.5163910864
2024-10-10 04:00:00,5942152.269599252,1268454.5163910864
2024-10-10 05:00:00,5942858.78755034,1268454.5163910864
2024-10-10 06:00:00,5943570.891674988,1268463.7788910863
2024-10-10 07:00:00,5944276.844358513,1268664.8351410863
2024-10-10 08:00:00,5944946.353909773,1269140.2676410864
2024-10-10 09:00:00,5945618.357288514,1269703.9751410864
2024-10-10 10:00:00,5946325.440507165,1270283.2676410864
2024-10-10 11:00:00,5947069.099862214,1270864.8626410863
2024-10-10 12:00:00,5947811.495678006,1271455.5288910863
2024-10-10 13:00:00,5948560.175939051,1272054.4863910864
2024-10-10 14:00:00,5949352.14904518,1272664.0938910863
2024-10-10 15:00:00,5950207.09960798,1273256.4513910862
2024-10-10 16:00:00,5951106.473550987,1273701.1526410861
2024-10-10 17:00:00,5952078.733758528,1273825.521391086
2024-10-10 18:00:00,5953068.617013605,1273827.062641086
2024-10-10 19:00:00,5954012.547340953,1273827.062641086
2024-10-10 20:00:00,5954901.314204405,1273827.062641086
2024-10-10 21:00:00,5955764.810282709,1273827.062641086
2024-10-10 22:00:00,5956616.4357422,1273827.062641086
2024-10-10 23:00:00,5957441.79288555,1273827.062641086
2024-10-11 00:00:00,5958189.907879033,1273827.062641086
2024-10-11 01:00:00,5958895.162290864,1273827.062641086
2024-10-11 02:00:00,5959591.4721747935,1273827.062641086
2024-10-11 03:00:00,5960285.986502936,1273827.062641086
2024-10-11 04:00:00,5960984.956469513,1273827.062641086
2024-10-11 05:00:00,5961696.362322465,1273827.062641086
2024-10-11 06:00:00,5962444.909579378,1273838.45021438
2024-10-11 07:00:00,5963228.802684465,1274071.0195604407
2024-10-11 08:00:00,5964017.583691417,1274590.8005923494
2024-10-11 09:00:00,5964816.539514494,1275170.9999379015
2024-10-11 10:00:00,5965572.069488356,1275790.6995748354
2024-10-11 11:00:00,5966329.561273171,1276424.607333029
2024-10-11 12:00:00,5967076.977994959,1277024.6865054264
2024-10-11 13:00:00,5967826.921795262,1277686.1966639406
2024-10-11 14:00:00,5968604.36419993,1278309.2909714947
2024-10-11 15:00:00,5969424.002165589,1278924.5429354084
2024-10-11 16:00:00,5970285.10416951,1279440.5695641942
2024-10-11 17:00:00,5971192.724368724,1279581.383429694
2024-10-11 18:00:00,5972099.779300376,1279583.1748412047
2024-10-11 19:00:00,5972992.303530567,1279583.1748412047
2024-10-11 20:00:00,5973864.17886921,1279583.1748412047
2024-10-11 21:00:00,5974720.95823883,1279583.1748412047
2024-10-11 22:00:00,5975556.357194173,1279583.1748412047
2024-10-11 23:00:00,5976362.861001762,1279583.1748412047
2024-10-12 00:00:00,5977157.926453968,1279583.1748412047
2024-10-12 01:00:00,5977951.861371048,1279583.1748412047
2024-10-12 02:00:00,5978752.646000945,1279583.1748412047
2024-10-12 03:00:00,5979540.163468639,1279583.1748412047
2024-10-12 04:00:00,5980327.813940466,1279583.1748412047
2024-10-12 05:00:00,5981139.205649919,1279583.1748412047
2024-10-12 06:00:00,5981979.658762292,1279595.0945536164
2024-10-12 07:00:00,5982859.048834413,1279828.7633879865
2024-10-12 08:00:00,5983743.8920759605,1280343.5192398285
2024-10-12 09:00:00,5984591.161650117,1280969.487509479
2024-10-12 10:00:00,5985467.924890623,1281591.2906184392
2024-10-12 11:00:00,5986366.168298506,1282202.9044855747
2024-10-12 12:00:00,5987268.767591723,1282855.0810013374
2024-10-12 13:00:00,5988117.998976832,1283514.267102284
2024-10-12 14:00:00,5988955.359743128,1284154.6520543557
2024-10-12 15:00:00,5989846.620434062,1284810.0261155632
2024-10-12 16:00:00,5990732.294951436,1285329.0064285675
2024-10-12 17:00:00,5991643.672517389,1285465.4484639699
2024-10-12 18:00:00,5992554.48481578,1285467.3301443674
2024-10-12 19:00:00,5993451.896947836,1285467.3301443674
2024-10-12 20:00:00,5994318.718129449,1285467.3301443674
2024-10-12 21:00:00,5995157.076426737,1285467.3301443674
2024-10-12 22:00:00,5995991.07883869,1285467.3301443674
2024-10-12 23:00:00,5996813.210631831,1285467.3301443674
2024-10-13 00:00:00,5997625.300612979,1285467.3301443674
2024-10-13 01:00:00,5998428.579070358,1285467.3301443674
2024-10-13 02:00:00,5999223.777526695,1285467.3301443674
2024-10-13 03:00:00,6000008.900920007,1285467.3301443674
2024-10-13 04:00:00,6000790.832214143,1285467.3301443674
2024-10-13 05:00:00,6001580.31149279,1285467.3301443674
2024-10-13 06:00:00,6002388.0788396355,1285477.2351607091
2024-10-13 07:00:00,6003223.344790846,1285643.0294818792
2024-10-13 08:00:00,6004051.761029241,1286061.33314006
2024-10-13 09:00:00,6004837.582694247,1286549.9266595894
2024-10-13 10:00:00,6005616.421642305,1287055.7788154106
2024-10-13 11:00:00,6006353.231284538,1287541.988109986
2024-10-13 12:00:00,6007092.4350011535,1288040.1309842616
2024-10-13 13:00:00,6007933.586385221,1288498.3438002835
2024-10-13 14:00:00,6008822.3532486735,1288944.1360286348
2024-10-13 15:00:00,6009676.605539778,1289370.7441324925
2024-10-13 16:00:00,6010537.009272005,1289719.5565135195
2024-10-13 17:00:00,6011416.266339994,1289838.1251659784
2024-10-13 18:00:00,6012277.501348048,1289841.7082954547
2024-10-13 19:00:00,6013121.013555465,1289841.7082954547
2024-10-13 20:00:00,6013938.689710172,1289841.7082954547
2024-10-13 21:00:00,6014752.741502272,1289841.7082954547
2024-10-13 22:00:00,6015548.5052261725,1289841.7082954547
2024-10-13 23:00:00,6016302.771660777,1289841.7082954547
2024-10-14 00:00:00,6017018.766156295,1289841.7082954547
2024-10-14 01:00:00,6017727.777934865,1289841.7082954547
2024-10-14 02:00:00,6018429.274979956,1289841.7082954547
2024-10-14 03:00:00,6019129.50848579,1289841.7082954547
2024-10-14 04:00:00,6019827.214913109,1289841.7082954547
2024-10-14 05:00:00,6020540.715581146,1289841.7082954547
2024-10-14 06:00:00,6021280.617569456,1289856.8685292308
2024-10-14 07:00:00,6022048.583429693,1290105.4405569828
2024-10-14 08:00:00,6022821.70320006,1290683.2176015833
2024-10-14 09:00:00,6023558.945105723,1291378.6913801134
2024-10-14 10:00:00,6024340.311132296,1292056.337042802
2024-10-14 11:00:00,6025058.832706329,1292753.100790849
2024-10-14 12:00:00,6025761.028023115,1293445.574404657
2024-10-14 13:00:00,6026458.169182872,1294137.1948984582
2024-10-14 14:00:00,6027191.786725928,1294843.966243741
2024-10-14 15:00:00,6027964.906496295,1295557.059036588
2024-10-14 16:00:00,6028767.652937144,1296103.044142591
2024-10-14 17:00:00,6029620.50868486,1296299.2132307908
2024-10-14 18:00:00,6030461.36080963,1296304.0590403983
2024-10-14 19:00:00,6031289.777048024,1296304.0590403983
2024-10-14 20:00:00,6032091.126945484,1296304.0590403983
2024-10-14 21:00:00,6032882.534784051,1296304.0590403983
2024-10-14 22:00:00,6033611.530433508,1296304.0590403983
2024-10-14 23:00:00,6034330.617275104,1296304.0590403983
2024-10-15 00:00:00,6035044.683210704,1296304.0590403983
2024-10-15 01:00:00,6035749.937622534,1296304.0590403983
2024-10-15 02:00:00,6036452.13293932,1296304.0590403983
2024-10-15 03:00:00,6037149.972370772,1296304.0590403983
2024-10-15 04:00:00,6037855.925054297,1296304.0590403983
2024-10-15 05:00:00,6038573.183089073,1296304.0590403983
2024-10-15 06:00:00,6039315.445900733,1296316.2470953336
2024-10-15 07:00:00,6040089.263942794,1296540.2038618645
2024-10-15 08:00:00,6040984.3152515,1297034.76224537
2024-10-15 09:00:00,6041820.844741968,1297644.9137893207
2024-10-15 10:00:00,6042627.348549557,1298246.2737111633
2024-10-15 11:00:00,6043435.5149088,1298837.6287438716
2024-10-15 12:00:00,6044247.604889948,1299414.3731349083
2024-10-15 13:00:00,6045151.434471389,1300000.4026583568
2024-10-15 14:00:00,6046048.281335882,1300608.40361717
2024-10-15 15:00:00,6046969.733964861,1301194.9410756293
2024-10-15 16:00:00,6047925.235651724,1301658.0949122687
2024-10-15 17:00:00,6048874.319889201,1301795.4528472435
2024-10-15 18:00:00,6049804.550790916,1301797.8954151743
2024-10-15 19:00:00,6050700.86563888,1301797.8954151743
2024-10-15 20:00:00,6051519.373069414,1301797.8954151743
2024-10-15 21:00:00,6052251.727073213,1301797.8954151743
2024-10-15 22:00:00,6052974.571281549,1301797.8954151743
2024-10-15 23:00:00,6053694.3563948395,1301797.8954151743
2024-10-16 00:00:00,6054403.235169277,1301797.8954151743
2024-10-16 01:00:00,6055109.187852802,1301797.8954151743
2024-10-16 02:00:00,6055810.817902026,1301797.8954151743
2024-10-16 03:00:00,6056510.486140298,1301797.8954151743
2024-10-16 04:00:00,6057208.75783518,1301797.8954151743
2024-10-16 05:00:00,6057919.166157139,1301797.8954151743
2024-10-16 06:00:00,6058636.989459478,1301813.1372945667
2024-10-16 07:00:00,6059361.662474633,1302038.9933016452
2024-10-16 08:00:00,6060044.838200493,1302551.487073898
2024-10-16 09:00:00,6060667.696552328,1303152.522535127
2024-10-16 10:00:00,6061253.546504334,1303717.165225914
2024-10-16 11:00:00,6061812.4298685035,1304288.872698634
2024-10-16 12:00:00,6062449.120650103,1304907.533640034
2024-10-16 13:00:00,6063598.209851614,1305529.444310879
2024-10-16 14:00:00,6064762.395022147,1306163.386117116
2024-10-16 15:00:00,6066073.749265135,1306822.0645091208
2024-10-16 16:00:00,6066745.054372181,1307373.156799164
2024-10-16 17:00:00,6067460.350596005,1307552.246915453
2024-10-16 18:00:00,6068190.6097847195,1307557.246422806
2024-10-16 19:00:00,6068921.134981698,1307557.246422806
2024-10-16 20:00:00,6069642.017379081,1307557.246422806
2024-10-16 21:00:00,6070362.500764066,1307557.246422806
2024-10-16 22:00:00,6071076.001432103,1307557.246422806
2024-10-16 23:00:00,6071788.670824313,1307557.246422806
2024-10-17 00:00:00,6072502.038488217,1307557.246422806
2024-10-17 01:00:00,6073210.351995092,1307557.246422806
2024-10-17 02:00:00,6073919.9290412245,1307557.246422806
2024-10-17 03:00:00,6074626.446992313,1307557.246422806
2024-10-17 04:00:00,6075334.062227492,1307557.246422806
2024-10-17 05:00:00,6076048.826434786,1307557.246422806
2024-10-17 06:00:00,6076789.958711321,1307568.8182128447
2024-10-17 07:00:00,6077535.978889719,1307780.0185301816
2024-10-17 08:00:00,6078235.081860428,1308291.7805448482
2024-10-17 09:00:00,6078859.902023215,1308863.1088403868
2024-10-17 10:00:00,6079422.576005157,1309441.1537550741
2024-10-17 11:00:00,6079944.883232929,1310052.209650666
2024-10-17 12:00:00,6080505.462399786,1310652.6710339098
2024-10-17 13:00:00,6081062.417204037,1311266.5691032358
2024-10-17 14:00:00,6081688.500906082,1311874.7754070733
2024-10-17 15:00:00,6082337.76057819,1312444.8960564763
2024-10-17 16:00:00,6083002.947495148,1312902.8486651895
2024-10-17 17:00:00,6083716.315159052,1313036.5393919481
2024-10-17 18:00:00,6084440.422906644,1313038.9775531641
2024-10-17 19:00:00,6085165.794193493,1313038.9775531641
2024-10-17 20:00:00,6085883.052228269,1313038.9775531641
2024-10-17 21:00:00,6086606.461704167,1313038.9775531641
2024-10-17 22:00:00,6087323.021467248,1313038.9775531641
2024-10-17 23:00:00,6088033.296785075,1313038.9775531641
2024-10-18 00:00:00,6088745.400909723,1313038.9775531641
2024-10-18 01:00:00,6089480.115736871,1313038.9775531641
2024-10-18 02:00:00,6090215.528835714,1313038.9775531641
2024-10-18 03:00:00,6090950.376666994,1313038.9775531641
2024-10-18 04:00:00,6091684.526226579,1313038.9775531641
2024-10-18 05:00:00,6092420.504592985,1313038.9775531641
2024-10-18 06:00:00,6093182.319012101,1313050.2992356226
2024-10-18 07:00:00,6093977.9164808355,1313262.0829348948
2024-10-18 08:00:00,6094766.1322202245,1313769.646180255
2024-10-18 09:00:00,6095493.997334556,1314326.210687293
2024-10-18 10:00:00,6096159.58326391,1314924.7394405638
2024-10-18 11:00:00,6096784.4034266975,1315540.0240061102
2024-10-18 12:00:00,6097391.63379298,1316157.790721659
2024-10-18 13:00:00,6097992.014446446,1316779.2050671524
2024-10-18 14:00:00,6098640.143583428,1317448.813180702
2024-10-18 15:00:00,6099313.410501427,1318127.8957552786
2024-10-18 16:00:00,6100032.497343023,1318663.1921111143
2024-10-18 17:00:00,6100809.407731162,1318820.430563869
2024-10-18 18:00:00,6101582.660505662,1318823.4923930024
2024-10-18 19:00:00,6102341.814842131,1318823.4923930024
2024-10-18 20:00:00,6103082.415102136,1318823.4923930024
2024-10-18 21:00:00,6103816.564661722,1318823.4923930024
2024-10-18 22:00:00,6104543.199487829,1318823.4923930024
2024-10-18 23:00:00,6105259.0609792145,1318823.4923930024
2024-10-19 00:00:00,6105968.072757784,1318823.4923930024
2024-10-19 01:00:00,6106673.327169615,1318823.4923930024
2024-10-19 02:00:00,6107376.619770493,1318823.4923930024
2024-10-19 03:00:00,6108078.815087279,1318823.4923930024
2024-10-19 04:00:00,6108782.2406922905,1318823.4923930024
2024-10-19 05:00:00,6109504.38662893,1318823.4923930024
2024-10-19 06:00:00,6110253.066889976,1318835.2655487787
2024-10-19 07:00:00,6111031.2075663395,1319048.537256248
2024-10-19 08:00:00,6111806.987419353,1319561.088284085
2024-10-19 09:00:00,6112604.679703172,1320155.7619138341
2024-10-19 10:00:00,6113459.49726184,1320735.0738370433
2024-10-19 11:00:00,6114252.733907226,1321365.513240899
2024-10-19 12:00:00,6115070.410061932,1322023.543685621
2024-10-19 13:00:00,6115929.716510067,1322686.9433632533
2024-10-19 14:00:00,6116868.75893555,1323374.244515712
2024-10-19 15:00:00,6117838.525315609,1323993.8615773905
2024-10-19 16:00:00,6118856.173183316,1324532.893630484
2024-10-19 17:00:00,6119904.545005599,1324681.5618571728
2024-10-19 18:00:00,6120930.871392943,1324684.8034816647
2024-10-19 19:00:00,6121897.013410395,1324684.8034816647
2024-10-19 20:00:00,6122834.094024926,1324684.8034816647
2024-10-19 21:00:00,6123754.848382211,1324684.8034816647
2024-10-19 22:00:00,6124666.225948164,1324684.8034816647
2024-10-19 23:00:00,6125564.336351914,1324684.8034816647
2024-10-20 00:00:00,6126444.989963293,1324684.8034816647
2024-10-20 01:00:00,6127308.61904573,1324684.8034816647
2024-10-20 02:00:00,6128160.377509354,1324684.8034816647
2024-10-20 03:00:00,6128975.692840711,1324684.8034816647
2024-10-20 04:00:00,6129678.420174027,1324684.8034816647
2024-10-20 05:00:00,6130395.54520467,1324684.8034816647
2024-10-20 06:00:00,6131140.468098977,1324696.8282932865
2024-10-20 07:00:00,6131941.951000568,1324917.6092442982
2024-10-20 08:00:00,6132784.199668729,1325440.8542201216
2024-10-20 09:00:00,6133578.134585809,1326041.6107058723
2024-10-20 10:00:00,6134339.25073323,1326669.1872714243
2024-10-20 11:00:00,6135101.630419909,1327268.4201296163
2024-10-20 12:00:00,6135863.577843158,1327873.5331456442
2024-10-20 13:00:00,6136644.378602168,1328480.1065011688
2024-10-20 14:00:00,6137472.262824032,1329095.6861277057
2024-10-20 15:00:00,6138332.101288697,1329726.5330230668
2024-10-20 16:00:00,6139222.264695539,1330238.267603906
2024-10-20 17:00:00,6140132.9439897975,1330377.3877991163
2024-10-20 18:00:00,6141031.752665243,1330379.269285619
2024-10-20 19:00:00,6141909.04792228,1330379.269285619
2024-10-20 20:00:00,6142761.371653466,1330379.269285619
2024-10-20 21:00:00,6143584.2017183015,1330379.269285619
2024-10-20 22:00:00,6144380.663713897,1330379.269285619
2024-10-20 23:00:00,6145166.917642334,1330379.269285619
2024-10-21 00:00:00,6145935.149510836,1330379.269285619
2024-10-21 01:00:00,6146698.22746921,1330379.269285619
2024-10-21 02:00:00,6147450.000076333,1330379.269285619
2024-10-21 03:00:00,6148145.7446927,1330379.269285619
2024-10-21 04:00:00,6148840.392024975,1330379.269285619
2024-10-21 05:00:00,6149552.496149623,1330379.269285619
2024-10-21 06:00:00,6150293.628426157,1330390.552291972
2024-10-21 07:00:00,6151121.512648022,1330607.9009147054
2024-10-21 08:00:00,6151953.719504189,1331087.2340670277
2024-10-21 09:00:00,6152756.465945038,1331649.420702262
2024-10-21 10:00:00,6153501.954106907,1332239.6390762834
2024-10-21 11:00:00,6154285.1489403,1332828.6746935253
2024-10-21 12:00:00,6155045.134552596,1333448.1265313756
2024-10-21 13:00:00,6155845.220910799,1334125.0832366776
2024-10-21 14:00:00,6156712.042092412,1334750.687563955
2024-10-21 15:00:00,6157627.742292667,1335375.1565317493
2024-10-21 16:00:00,6158552.25401669,1335910.7992274812
2024-10-21 17:00:00,6159486.109281012,1336058.1947908914
2024-10-21 18:00:00,6160405.733103171,1336061.4010927817
2024-10-21 19:00:00,6161312.089763127,1336061.4010927817
2024-10-21 20:00:00,6162199.593087322,1336061.4010927817
2024-10-21 21:00:00,6163077.586616053,1336061.4010927817
2024-10-21 22:00:00,6163941.780966052,1336061.4010927817
2024-10-21 23:00:00,6164785.293173469,1336061.4010927817
2024-10-22 00:00:00,6165600.44224966,1336061.4010927817
2024-10-22 01:00:00,6166394.377166741,1336061.4010927817
2024-10-22 02:00:00,6167180.6310951775,1336061.4010927817
2024-10-22 03:00:00,6167956.277944059,1336061.4010927817
2024-10-22 04:00:00,6168722.414997477,1336061.4010927817
2024-10-22 05:00:00,6169460.920442398,1336061.4010927817
2024-10-22 06:00:00,6170202.617986495,1336071.6896688147
2024-10-22 07:00:00,6170966.394216563,1336239.0331847463
2024-10-22 08:00:00,6171720.7936553,1336663.1169604922
2024-10-22 09:00:00,6172567.531212927,1337139.8899607293
2024-10-22 10:00:00,6173377.09411556,1337641.324793644
2024-10-22 11:00:00,6174156.498331181,1338102.8089843022
2024-10-22 12:00:00,6174932.145180062,1338594.1066024897
2024-10-22 13:00:00,6175724.118286191,1339094.3460121565
2024-10-22 14:00:00,6176545.019791107,1339571.1288895218
2024-10-22 15:00:00,6177374.699568759,1340015.2908946346
2024-10-22 16:00:00,6178257.880258651,1340377.6769975359
2024-10-22 17:00:00,6179178.634615936,1340489.5916149144
2024-10-22 18:00:00,6180077.443291382,1340492.9191269348
2024-10-22 19:00:00,6180916.499860365,1340492.9191269348
2024-10-22 20:00:00,6181646.892053211,1340492.9191269348
2024-10-22 21:00:00,6182365.280623112,1340492.9191269348
2024-10-22 22:00:00,6183070.40203081,1340492.9191269348
2024-10-22 23:00:00,6183770.070269082,1340492.9191269348
2024-10-23 00:00:00,6184460.926983585,1340492.9191269348
2024-10-23 01:00:00,6185154.3107766025,1340492.9191269348
2024-10-23 02:00:00,6185843.2389311865,1340492.9191269348
2024-10-23 03:00:00,6186530.2052748175,1340492.9191269348
2024-10-23 04:00:00,6187216.041083324,1340492.9191269348
2024-10-23 05:00:00,6187916.274589158,1340492.9191269348
2024-10-23 06:00:00,6188630.872541286,1340501.895463728
2024-10-23 07:00:00,6189351.754938669,1340709.3096723321
2024-10-23 08:00:00,6190030.608030226,1341163.2248407751
2024-10-23 09:00:00,6190671.75445026,1341709.9389756366
2024-10-23 10:00:00,6191246.99732271,1342304.8962276527
2024-10-23 11:00:00,6191810.768588745,1342914.0438593528
2024-10-23 12:00:00,6192409.187431259,1343491.7428129432
2024-10-23 13:00:00,6193179.647118978,1344071.0371365151
2024-10-23 14:00:00,6193949.574790169,1344688.5027908285
2024-10-23 15:00:00,6194756.078597757,1345268.023698137
2024-10-23 16:00:00,6195587.720186361,1345732.007878191
2024-10-23 17:00:00,6196439.345645852,1345859.8387047714
2024-10-23 18:00:00,6197284.6866600895,1345861.3604742435
2024-10-23 19:00:00,6198111.307342697,1345861.3604742435
2024-10-23 20:00:00,6198929.116501536,1345861.3604742435
2024-10-23 21:00:00,6199743.733561198,1345861.3604742435
2024-10-23 22:00:00,6200553.296463831,1345861.3604742435
2024-10-23 23:00:00,6201362.161094769,1345861.3604742435
2024-10-24 00:00:00,6202170.626713309,1345861.3604742435
2024-10-24 01:00:00,6202972.674882464,1345861.3604742435
2024-10-24 02:00:00,6203781.007496873,1345861.3604742435
2024-10-24 03:00:00,6204585.549493509,1345861.3604742435
2024-10-24 04:00:00,6205393.882107918,1345861.3604742435
2024-10-24 05:00:00,6206221.068058088,1345861.3604742435
2024-10-24 06:00:00,6207063.316726249,1345871.621613859
2024-10-24 07:00:00,6207908.7907446185,1346052.0558047353
2024-10-24 08:00:00,6208752.302952035,1346439.4987934846
2024-10-24 09:00:00,6209584.509808202,1346910.218080556
2024-10-24 10:00:00,6210404.147773861,1347418.0897150526
2024-10-24 11:00:00,6211241.375536025,1347885.7268159594
2024-10-24 12:00:00,6212088.113093652,1348384.4213909365
2024-10-24 13:00:00,6212883.3115499895,1348846.0636256423
2024-10-24 14:00:00,6213709.233960902,1349309.0412548522
2024-10-24 15:00:00,6214649.672929776,1349775.0720678503
2024-10-24 16:00:00,6215576.844736447,1350135.8941158315
2024-10-24 17:00:00,6216509.602716676,1350250.6057826632
2024-10-24 18:00:00,6217402.126946867,1350253.9698430274
2024-10-24 19:00:00,6218275.7978412965,1350253.9698430274
2024-10-24 20:00:00,6219123.067415453,1350253.9698430274
2024-10-24 21:00:00,6219876.0703108,1350253.9698430274
2024-10-24 22:00:00,6220585.780361065,1350253.9698430274
2024-10-24 23:00:00,6221286.712138594,1350253.9698430274
2024-10-25 00:00:00,6221983.853298351,1350253.9698430274
2024-10-25 01:00:00,6222679.198902321,1350253.9698430274
2024-10-25 02:00:00,6223366.730513515,1350253.9698430274
2024-10-25 03:00:00,6224051.302782764,1350253.9698430274
2024-10-25 04:00:00,6224737.703858833,1350253.9698430274
2024-10-25 05:00:00,6225442.958270663,1350253.9698430274
2024-10-25 06:00:00,6226175.312274463,1350268.3438417355
2024-10-25 07:00:00,6226942.147599575,1350482.0457211987
2024-10-25 08:00:00,6227717.794448457,1350948.2612679082
2024-10-25 09:00:00,6228491.612490518,1351487.4394474446
2024-10-25 10:00:00,6229160.989037645,1352065.6114599532
2024-10-25 11:00:00,6229840.540400897,1352643.4219955592
2024-10-25 12:00:00,6230614.225438826,1353239.2939153386
2024-10-25 13:00:00,6231383.587842453,1353836.999334768
2024-10-25 14:00:00,6232183.674200656,1354435.3395273024
2024-10-25 15:00:00,6233007.069533054,1355044.9758664258
2024-10-25 16:00:00,6233896.534668201,1355532.8570807474
2024-10-25 17:00:00,6234810.572316801,1355705.927195178
2024-10-25 18:00:00,6235703.096546993,1355711.29412785
2024-10-25 19:00:00,6236490.614014687,1355711.29412785
2024-10-25 20:00:00,6237220.440939971,1355711.29412785
2024-10-25 21:00:00,6237945.812226821,1355711.29412785
2024-10-25 22:00:00,6238660.410178949,1355711.29412785
2024-10-25 23:00:00,6239363.137512265,1355711.29412785
2024-10-26 00:00:00,6240056.521305283,1355711.29412785
2024-10-26 01:00:00,6240747.245015653,1355711.29412785
2024-10-26 02:00:00,6241435.042635111,1355711.29412785
2024-10-26 03:00:00,6242125.367333084,1355711.29412785
2024-10-26 04:00:00,6242812.466680848,1355711.29412785
2024-10-26 05:00:00,6243521.345455285,1355711.29412785
2024-10-26 06:00:00,6244255.495014871,1355721.0383413215
2024-10-26 07:00:00,6245020.933796593,1355898.8853841145
2024-10-26 08:00:00,6245786.505582448,1356291.4844465817
2024-10-26 09:00:00,6246506.290695739,1356764.8388523387
2024-10-26 10:00:00,6247196.449138547,1357293.0718167545
2024-10-26 11:00:00,6247997.100764312,1357766.328092327
2024-10-26 12:00:00,6248865.05248105,1358235.9256614249
2024-10-26 13:00:00,6249741.815721557,1358735.1199173487
2024-10-26 14:00:00,6250627.490238931,1359176.07262982
2024-10-26 15:00:00,6251533.281631325,1359632.8465370673
2024-10-26 16:00:00,6252435.3156569805,1359978.060614814
2024-10-26 17:00:00,6253335.387871684,1360090.180954303
2024-10-26 18:00:00,6254230.43918039,1360093.7093566875
2024-10-26 19:00:00,6255089.57937336,1360093.7093566875
2024-10-26 20:00:00,6255826.25601146,1360093.7093566875
2024-10-26 21:00:00,6256553.422854097,1360093.7093566875
2024-10-26 22:00:00,6257271.246156435,1360093.7093566875
2024-10-26 23:00:00,6257982.78501352,1360093.7093566875
2024-10-27 00:00:00,6258688.039425351,1360093.7093566875
2024-10-27 01:00:00,6259389.536470442,1360093.7093566875
2024-10-27 02:00:00,6260087.941169457,1360093.7093566875
2024-10-27 03:00:00,6260784.384057518,1360093.7093566875
2024-10-27 04:00:00,6261480.294929051,1360093.7093566875
2024-10-27 05:00:00,6262319.883514564,1360093.7093566875
2024-10-27 06:00:00,6263232.524619774,1360102.6044855667
2024-10-27 07:00:00,6264152.148441933,1360300.195630896
2024-10-27 08:00:00,6265044.672672125,1360774.4880773684
2024-10-27 09:00:00,6265952.991143034,1361328.0420540147
2024-10-27 10:00:00,6266840.494467229,1361906.183281367
2024-10-27 11:00:00,6267738.039603417,1362506.1268920691
2024-10-27 12:00:00,6268635.451735472,1363119.575252358
2024-10-27 13:00:00,6269544.3354739435,1363690.6003527783
2024-10-27 14:00:00,6270468.148926272,1364280.6575107519
2024-10-27 15:00:00,6271408.986907543,1364886.22047632
2024-10-27 16:00:00,6272353.748510717,1365314.3596354572
2024-10-27 17:00:00,6273300.3389207125,1365443.6723992426
2024-10-27 18:00:00,6274246.364063145,1365445.2575034336
2024-10-27 19:00:00,6275184.7082169335,1365445.2575034336
2024-10-27 20:00:00,6276104.199034961,1365445.2575034336
2024-10-27 21:00:00,6277026.881952165,1365445.2575034336
2024-10-27 22:00:00,6277934.502151378,1365445.2575034336
2024-10-27 23:00:00,6278847.2762607215,1365445.2575034336
2024-10-28 00:00:00,6279746.783207862,1365445.2575034336
2024-10-28 01:00:00,6280645.591883307,1365445.2575034336
2024-10-28 02:00:00,6281536.320557712,1365445.2575034336
2024-10-28 03:00:00,6282411.254991398,1365445.2575034336
2024-10-28 04:00:00,6283241.633040745,1365445.2575034336
2024-10-28 05:00:00,6284086.974054982,1365445.2575034336
2024-10-28 06:00:00,6284951.168404981,1365454.629018044
2024-10-28 07:00:00,6285860.584159981,1365662.2905742445
2024-10-28 08:00:00,6286763.1834531985,1366147.644243711
2024-10-28 09:00:00,6287652.648588345,1366694.5045864691
2024-10-28 10:00:00,6288508.7296862705,1367269.0729270035
2024-10-28 11:00:00,6289336.613908135,1367837.3304767492
2024-10-28 12:00:00,6290231.099949279,1368421.8387257096
2024-10-28 13:00:00,6291052.6997258905,1369035.5751011877
2024-10-28 14:00:00,6291878.0568692405,1369622.6838935157
2024-10-28 15:00:00,6292729.117061169,1370211.5600888866
2024-10-28 16:00:00,6293581.972808884,1370639.6268724366
2024-10-28 17:00:00,6294454.380164057,1370763.555142705
2024-10-28 18:00:00,6295292.306197915,1370765.1431042384
2024-10-28 19:00:00,6296114.437991056,1370765.1431042384
2024-10-28 20:00:00,6296922.7706054645,1370765.1431042384
2024-10-28 21:00:00,6297719.764617589,1370765.1431042384
2024-10-28 22:00:00,6298503.491467511,1370765.1431042384
2024-10-28 23:00:00,6299274.117410396,1370765.1431042384
2024-10-29 00:00:00,6300035.36656195,1370765.1431042384
2024-10-29 01:00:00,6300754.320399414,1370765.1431042384
2024-10-29 02:00:00,6301452.592094296,1370765.1431042384
2024-10-29 03:00:00,6302151.562060872,1370765.1431042384
2024-10-29 04:00:00,6302849.833755754,1370765.1431042384
2024-10-29 05:00:00,6303563.201419658,1370765.1431042384
2024-10-29 06:00:00,6304300.576329453,1370775.7341589094
2024-10-29 07:00:00,6305074.959639077,1370954.597986752
2024-10-29 08:00:00,6305844.887310267,1371347.8748621922
2024-10-29 09:00:00,6306566.4679793455,1371849.8572213335
2024-10-29 10:00:00,6307384.277138185,1372362.976460839
2024-10-29 11:00:00,6308151.24546743,1372823.5009257158
2024-10-29 12:00:00,6308908.604248112,1373297.3141106467
2024-10-29 13:00:00,6309691.799081504,1373778.3627634968
2024-10-29 14:00:00,6310503.889062652,1374256.7698828657
2024-10-29 15:00:00,6311357.4430820625,1374701.1741945213
2024-10-29 16:00:00,6312244.946406257,1375049.4489540271
2024-10-29 17:00:00,6313133.71326971,1375158.4218510357
2024-10-29 18:00:00,6313942.577900647,1375161.8399892098
2024-10-29 19:00:00,6314696.146063557,1375161.8399892098
2024-10-29 20:00:00,6315435.349780172,1375161.8399892098
2024-10-29 21:00:00,6316163.913166199,1375161.8399892098
2024-10-29 22:00:00,6317602.352857656,1375161.8399892098
2024-10-29 23:00:00,6319015.388759832,1375161.8399892098
2024-10-30 00:00:00,6320419.779393405,1375161.8399892098
2024-10-30 01:00:00,6321859.3496199865,1375161.8399892098
2024-10-30 02:00:00,6323300.050381693,1375161.8399892098
2024-10-30 03:00:00,6324718.073938833,1375161.8399892098
2024-10-30 04:00:00,6326119.671485626,1375161.8399892098
2024-10-30 05:00:00,6327539.956113016,1375161.8399892098
2024-10-30 06:00:00,6329000.7404987095,1375175.9580903787
2024-10-30 07:00:00,6330442.837803806,1375403.3958652078
2024-10-30 08:00:00,6331824.285224548,1375912.6489346065
2024-10-30 09:00:00,6333092.878638983,1376487.6393463353
2024-10-30 10:00:00,6334332.477152564,1377081.7050623565
2024-10-30 11:00:00,6335486.554009038,1377646.5463608438
2024-10-30 12:00:00,6336591.75184687,1378285.8693283382
2024-10-30 13:00:00,6338079.070556968,1378911.9862461744
2024-10-30 14:00:00,6339564.992723677,1379549.7247732822
2024-10-30 15:00:00,6341178.000338854,1380190.383235676
2024-10-30 16:00:00,6342808.631001568,1380714.4397211426
2024-10-30 17:00:00,6344397.631370855,1380894.9317695305
2024-10-30 18:00:00,6345869.85411193,1380899.9591022916
2024-10-30 19:00:00,6347325.584340594,1380899.9591022916
2024-10-30 20:00:00,6348759.834401881,1380899.9591022916
2024-10-30 21:00:00,6350186.835737955,1380899.9591022916
2024-10-30 22:00:00,6351605.989830219,1380899.9591022916
2024-10-30 23:00:00,6353032.725158028,1380899.9591022916
2024-10-31 00:00:00,6354440.7069031745,1380899.9591022916
2024-10-31 01:00:00,6357247.759116599,1380899.9591022916
2024-10-31 02:00:00,6358648.226128267,1380899.9591022916
2024-10-31 03:00:00,6360038.318817612,1380899.9591022916
2024-10-31 04:00:00,6361441.3129077945,1380899.9591022916
2024-10-31 05:00:00,6362866.917700479,1380899.9591022916
2024-10-31 06:00:00,6364317.660274179,1380910.4961502277
2024-10-31 07:00:00,6365899.079407921,1381088.6786204
2024-10-31 08:00:00,6367542.278961143,1381500.2627509248
2024-10-31 09:00:00,6369225.379754073,1382003.730089626
2024-10-31 10:00:00,6370913.800712298,1382492.846456577
2024-10-31 11:00:00,6372611.99747425,1382985.3679957485
2024-10-31 12:00:00,6374305.472589504,1383473.833804487
2024-10-31 13:00:00,6376073.2305126805,1383945.432836981
2024-10-31 14:00:00,6377895.985644586,1384389.4705119987
2024-10-31 15:00:00,6379736.36382403,1384837.8733662483
2024-10-31 16:00:00,6381619.436329961,1385179.635775881
2024-10-31 17:00:00,6383470.986856523,1385290.0694239018
2024-10-31 18:00:00,6385332.5791950775,1385293.5702204797
2024-10-31 19:00:00,6387163.979595588,1385293.5702204797
2024-10-31 20:00:00,6388964.124024993,1385293.5702204797
2024-10-31 21:00:00,6390740.527216773,1385293.5702204797
2024-10-31 22:00:00,6392499.307361014,1385293.5702204797
2024-10-31 23:00:00,6394260.614583771,1385293.5702204797
2024-11-01 00:00:00,6395955.486242414,1385293.5702204797
2024-11-01 01:00:00,6397589.708016703,1385293.5702204797
2024-11-01 02:00:00,6398396.777091854,1385293.5702204797
2024-11-01 03:00:00,6399125.340477881,1385293.5702204797
2024-11-01 04:00:00,6399823.612172763,1385293.5702204797
2024-11-01 05:00:00,6400536.281564972,1385293.5702204797
2024-11-01 06:00:00,6401272.958203073,1385294.7289704797
2024-11-01 07:00:00,6402084.482916658,1385360.3652204797
2024-11-01 08:00:00,6402910.9705951335,1385573.7889704797
2024-11-01 09:00:00,6403723.625843843,1385885.5564704798
2024-11-01 10:00:00,6404541.30199855,1386240.8989704798
2024-11-01 11:00:00,6405376.002682199,1386583.96772048
2024-11-01 12:00:00,6406208.774805928,1386990.0852204799
2024-11-01 13:00:00,6407048.529646606,1387376.89397048
2024-11-01 14:00:00,6407895.799220762,1387730.75522048
2024-11-01 15:00:00,6408770.866658581,1388022.66272048
2024-11-01 16:00:00,6409646.366359831,1388184.88397048
2024-11-01 17:00:00,6410507.601367885,1388206.45397048
2024-11-01 18:00:00,6411353.474398652,1388206.46147048
2024-11-01 19:00:00,6412169.887014101,1388206.46147048
2024-11-01 20:00:00,6412947.329418769,1388206.46147048
2024-11-01 21:00:00,6413675.759800663,1388206.46147048
2024-11-01 22:00:00,6414393.017835439,1388206.46147048
2024-11-01 23:00:00,6415103.858420829,1388206.46147048
2024-11-02 00:00:00,6415805.355465921,1388206.46147048
2024-11-02 01:00:00,6416499.869794063,1388206.46147048
2024-11-02 02:00:00,6417193.818854643,1388206.46147048
2024-11-02 03:00:00,6417884.675569146,1388206.46147048
2024-11-02 04:00:00,6418579.189897289,1388206.46147048
2024-11-02 05:00:00,6419290.030482679,1388206.46147048
2024-11-02 06:00:00,6420024.180042264,1388207.3239704801
2024-11-02 07:00:00,6420769.1029365705,1388263.3114704802
2024-11-02 08:00:00,6421515.123114969,1388456.1102204802
2024-11-02 09:00:00,6422297.619676666,1388733.7039704802
2024-11-02 10:00:00,6423041.279031715,1389060.1602204803
2024-11-02 11:00:00,6423796.809005577,1389379.7314704803
2024-11-02 12:00:00,6424581.234127194,1389756.7077204804
2024-11-02 13:00:00,6425385.643119697,1390110.6289704803
2024-11-02 14:00:00,6426230.418866372,1390420.2777204802
2024-11-02 15:00:00,6427138.737337281,1390671.4227204802
2024-11-02 16:00:00,6428056.532352621,1390814.6652204802
2024-11-02 17:00:00,6428962.889012577,1390835.7439704803
2024-11-02 18:00:00,6429851.522871897,1390835.7439704803
2024-11-02 19:00:00,6430693.771540057,1390835.7439704803
2024-11-02 20:00:00,6431505.861521205,1390835.7439704803
2024-11-02 21:00:00,6432308.042694492,1390835.7439704803
2024-11-02 22:00:00,6433093.166087804,1390835.7439704803
2024-11-02 23:00:00,6433862.395487299,1390835.7439704803
2024-11-03 00:00:00,6434611.075748345,1391337.0027204803
2024-11-03 01:00:00,6435347.752386445,1391337.0027204803
2024-11-03 02:00:00,6436068.8010389935,1391337.0027204803
2024-11-03 03:00:00,6436785.360802075,1391337.0027204803
2024-11-03 04:00:00,6437291.873789129,1391337.0027204803
2024-11-03 05:00:00,6437959.554533568,1391337.0027204803
2024-11-03 06:00:00,6438708.234794614,1391337.6289704803
2024-11-03 07:00:00,6439471.87802055,1391390.5864704803
2024-11-03 08:00:00,6440252.412771296,1391587.0002204804
2024-11-03 09:00:00,6441068.260119182,1391881.4802204804
2024-11-03 10:00:00,6441857.041126134,1392229.7389704804
2024-11-03 11:00:00,6442625.139990504,1392580.0939704804
2024-11-03 12:00:00,6443410.263383816,1392973.5964704803
2024-11-03 13:00:00,6444214.805380452,1393349.1064704803
2024-11-03 14:00:00,6445057.752320307,1393688.3802204803
2024-11-03 15:00:00,6445962.1471693115,1393968.3664704803
2024-11-03 16:00:00,6446879.942184651,1394126.2189704804
2024-11-03 17:00:00,6447772.466414843,1394149.7502204804
2024-11-03 18:00:00,6448650.62619874,1394149.7502204804
2024-11-03 19:00:00,6449502.949929926,1394149.7502204804
2024-11-03 20:00:00,6450332.064440015,1394149.7502204804
2024-11-03 21:00:00,6451148.477055464,1394149.7502204804
2024-11-03 22:00:00,6451956.809669873,1394149.7502204804
2024-11-03 23:00:00,6452761.484670641,1394149.7502204804
2024-11-04 00:00:00,6453559.043950329,1394149.7502204804
2024-11-04 01:00:00,6454347.82495728,1394149.7502204804
2024-11-04 02:00:00,6455118.284645,1394149.7502204804
2024-11-04 03:00:00,6455846.715026894,1394149.7502204804
2024-11-04 04:00:00,6456577.10721974,1394149.7502204804
2024-11-04 05:00:00,6457327.616287606,1394149.7502204804
2024-11-04 06:00:00,6458157.994336952,1394150.3089704805
2024-11-04 07:00:00,6458999.544733417,1394203.9302204805
2024-11-04 08:00:00,6459851.303197041,1394404.0639704806
2024-11-04 09:00:00,6460721.781992294,1394708.2939704806
2024-11-04 10:00:00,6461557.7462152,1395056.9689704806
2024-11-04 11:00:00,6462416.88640817,1395434.5752204806
2024-11-04 12:00:00,6463310.108910056,1395837.1489704805
2024-11-04 13:00:00,6464279.875290114,1396223.3689704805
2024-11-04 14:00:00,6465286.217806571,1396576.8927204804
2024-11-04 15:00:00,6466283.21678273,1396869.3439704804
2024-11-04 16:00:00,6467279.916499591,1397031.7902204804
2024-11-04 17:00:00,6468264.911852805,1397054.3614704804
2024-11-04 18:00:00,6469232.7164219115,1397054.3614704804
2024-11-04 19:00:00,6470184.327737903,1397054.3614704804
2024-11-04 20:00:00,6471114.69164375,1397054.3614704804
2024-11-04 21:00:00,6472031.655383263,1397054.3614704804
2024-11-04 22:00:00,6472938.577310782,1397054.3614704804
2024-11-04 23:00:00,6473841.8748756945,1397054.3614704804
2024-11-05 00:00:00,6474733.833838323,1397054.3614704804
2024-11-05 01:00:00,6475623.165969338,1397054.3614704804
2024-11-05 02:00:00,6476507.0449309265,1397054.3614704804
2024-11-05 03:00:00,6477385.736731352,1397054.3614704804
2024-11-05 04:00:00,6478268.21914955,1397054.3614704804
2024-11-05 05:00:00,6479163.270458257,1397054.3614704804
2024-11-05 06:00:00,6480092.237820715,1397054.8714704805
2024-11-05 07:00:00,6481041.3220581915,1397110.1502204805
2024-11-05 08:00:00,6482001.711646919,1397329.4014704805
2024-11-05 09:00:00,6482970.347491853,1397646.7677204804
2024-11-05 10:00:00,6483907.428106384,1398004.3189704805
2024-11-05 11:00:00,6484960.288818134,1398403.4914704806
2024-11-05 12:00:00,6486026.981959648,1398792.6814704805
2024-11-05 13:00:00,6487060.856331504,1399165.9602204806
2024-11-05 14:00:00,6488099.884613488,1399517.0727204806
2024-11-05 15:00:00,6489160.825326278,1399822.5477204807
2024-11-05 16:00:00,6490238.1255473485,1400014.1127204807
2024-11-05 17:00:00,6491305.350705393,1400044.0902204807
2024-11-05 18:00:00,6492363.797590701,1400044.0902204807
2024-11-05 19:00:00,6493363.290394342,1400044.0902204807
2024-11-05 20:00:00,6494300.504013006,1400044.0902204807
2024-11-05 21:00:00,6495234.525532492,1400044.0902204807
2024-11-05 22:00:00,6496157.906721391,1400044.0902204807
2024-11-05 23:00:00,6497044.146506328,1400044.0902204807
2024-11-06 00:00:00,6497908.340856327,1400044.0902204807
2024-11-06 01:00:00,6498768.179320991,1400044.0902204807
2024-11-06 02:00:00,6499622.431612096,1400044.0902204807
2024-11-06 03:00:00,6500448.354023009,1400044.0902204807
2024-11-06 04:00:00,6501268.690260363,1400044.0902204807
2024-11-06 05:00:00,6502092.085592761,1400044.0902204807
2024-11-06 06:00:00,6502913.519114207,1400044.5964704808
2024-11-06 07:00:00,6503720.588189358,1400123.8752204808
2024-11-06 08:00:00,6504503.217755188,1400455.8852204808
2024-11-06 09:00:00,6505290.16995532,1400903.526470481
2024-11-06 10:00:00,6506067.612359988,1401375.388970481
2024-11-06 11:00:00,6506850.80719338,1401822.208970481
2024-11-06 12:00:00,6507649.064744762,1402264.648970481
2024-11-06 13:00:00,6508454.870280656,1402691.950220481
2024-11-06 14:00:00,6509258.84700973,1403097.520220481
2024-11-06 15:00:00,6510071.635262572,1403455.615220481
2024-11-06 16:00:00,6510888.746149716,1403659.9339704812
2024-11-06 17:00:00,6511702.0996701205,1403686.8927204811
2024-11-06 18:00:00,6512507.339938452,1403686.8927204811
2024-11-06 19:00:00,6513312.580206783,1403686.8927204811
2024-11-06 20:00:00,6514105.816852168,1403686.8927204811
2024-11-06 21:00:00,6514865.802464465,1403686.8927204811
2024-11-06 22:00:00,6515599.95202405,1403686.8927204811
2024-11-06 23:00:00,6516330.909484459,1403686.8927204811
2024-11-07 00:00:00,6517059.472870486,1403686.8927204811
2024-11-07 01:00:00,6517777.994444519,1403686.8927204811
2024-11-07 02:00:00,6518491.495112556,1403686.8927204811
2024-11-07 03:00:00,6519200.506891126,1403686.8927204811
2024-11-07 04:00:00,6519909.518669696,1403686.8927204811
2024-11-07 05:00:00,6520626.078432777,1403686.8927204811
2024-11-07 06:00:00,6521353.245275414,1403687.2339704812
2024-11-07 07:00:00,6522064.085860804,1403736.1489704812
2024-11-07 08:00:00,6522722.68907321,1403931.9477204813
2024-11-07 09:00:00,6523327.95762854,1404224.9239704814
2024-11-07 10:00:00,6523899.276879085,1404554.2864704814
2024-11-07 11:00:00,6524471.161397194,1404876.0477204814
2024-11-07 12:00:00,6525206.574496036,1405226.3464704815
2024-11-07 13:00:00,6525962.669737461,1405560.9289704815
2024-11-07 14:00:00,6526753.379304332,1405869.1302204814
2024-11-07 15:00:00,6527615.179579948,1406127.1564704815
2024-11-07 16:00:00,6528487.586935121,1406267.9202204815
2024-11-07 17:00:00,6529273.275595995,1406286.1939704814
2024-11-07 18:00:00,6529998.646882844,1406286.1939704814
2024-11-07 19:00:00,6530715.771913487,1406286.1939704814
2024-11-07 20:00:00,6531430.369865616,1406286.1939704814
2024-11-07 21:00:00,6532143.172261958,1406286.1939704814
2024-11-07 22:00:00,6532853.447579785,1406286.1939704814
2024-11-07 23:00:00,6533554.944624877,1406286.1939704814
2024-11-08 00:00:00,6534254.479859016,1406286.1939704814
2024-11-08 01:00:00,6534951.48801464,1406286.1939704814
2024-11-08 02:00:00,6535646.534359313,1406286.1939704814
2024-11-08 03:00:00,6536339.219880636,1406286.1939704814
2024-11-08 04:00:00,6537035.829023863,1406286.1939704814
2024-11-08 05:00:00,6537743.045246646,1406286.1939704814
2024-11-08 06:00:00,6538482.248963261,1406286.4939704814
2024-11-08 07:00:00,6539251.046099326,1406329.1052204815
2024-11-08 08:00:00,6540007.274344883,1406502.0252204814
2024-11-08 09:00:00,6540731.249088343,1406758.0564704814
2024-11-08 10:00:00,6541458.582186146,1407053.0427204815
2024-11-08 11:00:00,6542281.279246849,1407375.4002204814
2024-11-08 12:00:00,6543168.217303481,1407737.6314704814
2024-11-08 13:00:00,6544065.230423139,1408081.7127204814
2024-11-08 14:00:00,6545008.030215362,1408386.8202204814
2024-11-08 15:00:00,6545986.1758557595,1408634.0689704814
2024-11-08 16:00:00,6546949.790794697,1408775.4627204814
2024-11-08 17:00:00,6547886.306141665,1408794.4602204815
2024-11-08 18:00:00,6548759.2787644,1408794.4602204815
2024-11-08 19:00:00,6549524.318533725,1408794.4602204815
2024-11-08 20:00:00,6550267.977888774,1408794.4602204815
2024-11-08 21:00:00,6551004.654526874,1408794.4602204815
2024-11-08 22:00:00,6551725.703179423,1408794.4602204815
2024-11-08 23:00:00,6552439.769115022,1408794.4602204815
2024-11-09 00:00:00,6553150.6097004125,1408794.4602204815
2024-11-09 01:00:00,6553855.165840548,1408794.4602204815
2024-11-09 02:00:00,6554562.249059199,1408794.4602204815
2024-11-09 03:00:00,6555280.6376291,1408794.4602204815
2024-11-09 04:00:00,6556080.15871974,1408794.4602204815
2024-11-09 05:00:00,6556866.545652309,1408794.4602204815
2024-11-09 06:00:00,6557674.312999155,1408794.7039704814
2024-11-09 07:00:00,6558513.502572271,1408844.6052204815
2024-11-09 08:00:00,6559399.1770896455,1409056.8927204816
2024-11-09 09:00:00,6560312.383462419,1409389.8777204817
2024-11-09 10:00:00,6561220.003661633,1409768.9202204817
2024-11-09 11:00:00,6562127.623860846,1410211.5964704817
2024-11-09 12:00:00,6563022.54216542,1410688.5702204816
2024-11-09 13:00:00,6563937.710349145,1411161.0552204817
2024-11-09 14:00:00,6564861.091538044,1411616.9427204817
2024-11-09 15:00:00,6565776.259721769,1412023.8514704816
2024-11-09 16:00:00,6566676.897204034,1412256.2839704817
2024-11-09 17:00:00,6567551.831637721,1412284.5139704817
2024-11-09 18:00:00,6568409.741542466,1412284.5139704817
2024-11-09 19:00:00,6569253.952021578,1412284.5139704817
2024-11-09 20:00:00,6570072.32644798,1412284.5139704817
2024-11-09 21:00:00,6570866.959636755,1412284.5139704817
2024-11-09 22:00:00,6571600.577179811,1412284.5139704817
2024-11-09 23:00:00,6572323.986655708,1412284.5139704817
2024-11-10 00:00:00,6573032.998434278,1412284.5139704817
2024-11-10 01:00:00,6573734.49547937,1412284.5139704817
2024-11-10 02:00:00,6574430.240095736,1412284.5139704817
2024-11-10 03:00:00,6575124.754423879,1412284.5139704817
2024-11-10 04:00:00,6575821.7625795035,1412284.5139704817
2024-11-10 05:00:00,6576538.322342585,1412284.5139704817
2024-11-10 06:00:00,6577287.002603631,1412284.7427204817
2024-11-10 07:00:00,6578132.476622,1412343.4939704817
2024-11-10 08:00:00,6578957.700761219,1412633.3052204817
2024-11-10 09:00:00,6579779.30053783,1413070.5627204818
2024-11-10 10:00:00,6580589.428708025,1413549.7564704819
2024-11-10 11:00:00,6581431.677376186,1414040.942720482
2024-11-10 12:00:00,6582255.770980278,1414541.2789704818
2024-11-10 13:00:00,6583093.697014136,1415035.5064704819
2024-11-10 14:00:00,6583964.175809389,1415512.273970482
2024-11-10 15:00:00,6584854.206212099,1415933.353970482
2024-11-10 16:00:00,6585746.73044229,1416177.058970482
2024-11-10 17:00:00,6586622.928415234,1416206.635220482
2024-11-10 18:00:00,6587487.122765233,1416206.635220482
2024-11-10 19:00:00,6588334.259335257,1416206.635220482
2024-11-10 20:00:00,6589162.675573652,1416206.635220482
2024-11-10 21:00:00,6589984.275350263,1416206.635220482
2024-11-10 22:00:00,6590789.515618594,1416206.635220482
2024-11-10 23:00:00,6591577.731357983,1416206.635220482
2024-11-11 00:00:00,6592356.437301909,1416206.635220482
2024-11-11 01:00:00,6593130.122339837,1416206.635220482
2024-11-11 02:00:00,6593896.95766495,1416206.635220482
2024-11-11 03:00:00,6594665.621796883,1416206.635220482
2024-11-11 04:00:00,6595434.98420051,1416206.635220482
2024-11-11 05:00:00,6596228.786113459,1416206.635220482
2024-11-11 06:00:00,6597033.328110095,1416206.815220482
2024-11-11 07:00:00,6597865.401962129,1416257.623970482
2024-11-11 08:00:00,6598722.879603445,1416493.960220482
2024-11-11 09:00:00,6599584.546874929,1416855.257720482
2024-11-11 10:00:00,6600461.310115436,1417258.652720482
2024-11-11 11:00:00,6601338.771627638,1417694.102720482
2024-11-11 12:00:00,6602202.400710074,1418145.302720482
2024-11-11 13:00:00,6603089.904034269,1418591.481470482
2024-11-11 14:00:00,6603965.536739651,1419020.743970482
2024-11-11 15:00:00,6604846.057346897,1419399.9364704818
2024-11-11 16:00:00,6605724.616143191,1419588.2278252107
2024-11-11 17:00:00,6606593.8313991865,1419626.2997466032
2024-11-11 18:00:00,6607447.385418597,1419628.8365320894
2024-11-11 19:00:00,6608280.689558855,1419628.8371187833
2024-11-11 20:00:00,6609097.102174304,1419628.8371187833
2024-11-11 21:00:00,6609863.239227722,1419628.8371187833
2024-11-11 22:00:00,6610611.786484635,1419628.8371187833
2024-11-11 23:00:00,6611347.199583478,1419628.8371187833
2024-11-12 00:00:00,6612034.298931242,1419628.8371187833
2024-11-12 01:00:00,6612730.7418193035,1419628.8371187833
2024-11-12 02:00:00,6613425.256147446,1419628.8371187833
2024-11-12 03:00:00,6614126.1879249755,1419628.8371187833
2024-11-12 04:00:00,6614826.421430809,1419628.8371187833
2024-11-12 05:00:00,6615676.916355176,1419628.8371187833
2024-11-12 06:00:00,6616548.791693819,1419629.1263671238
2024-11-12 07:00:00,6617440.052384753,1419673.684161537
2024-11-12 08:00:00,6618315.685090135,1419853.5466548742
2024-11-12 09:00:00,6619148.590217996,1420122.2669212036
2024-11-12 10:00:00,6619950.638387151,1420417.8484751838
2024-11-12 11:00:00,6620757.840466434,1420731.1841314675
2024-11-12 12:00:00,6621581.801066395,1421081.5016854308
2024-11-12 13:00:00,6622442.337802754,1421411.3104616127
2024-11-12 14:00:00,6623289.60737691,1421730.3376117863
2024-11-12 15:00:00,6624199.1893870765,1421988.16345264
2024-11-12 16:00:00,6625026.375337247,1422133.3149298974
2024-11-12 17:00:00,6625810.800458863,1422151.8025046852
2024-11-12 18:00:00,6626573.313149675,1422151.8025046852
2024-11-12 19:00:00,6627292.399991271,1422151.8025046852
2024-11-12 20:00:00,6628020.265105602,1422151.8025046852
2024-11-12 21:00:00,6628739.351947199,1422151.8025046852
2024-11-12 22:00:00,6629446.967182378,1422151.8025046852
2024-11-12 23:00:00,6630147.200688212,1422151.8025046852
2024-11-13 00:00:00,6630842.413288049,1422151.8025046852
2024-11-13 01:00:00,6631531.873459162,1422151.8025046852
2024-11-13 02:00:00,6632220.103342051,1422151.8025046852
2024-11-13 03:00:00,6632904.542607167,1422151.8025046852
2024-11-13 04:00:00,6633589.114876416,1422151.8025046852
2024-11-13 05:00:00,6634285.025747948,1422151.8025046852
2024-11-13 06:00:00,6635002.283782724,1422152.1144631815
2024-11-13 07:00:00,6635712.5591005515,1422193.8204373433
2024-11-13 08:00:00,6636381.935647679,1422360.5031556964
2024-11-13 09:00:00,6636970.312678199,1422617.9202699836
2024-11-13 10:00:00,6637497.773816099,1422917.7773381977
2024-11-13 11:00:00,6638042.691746372,1423227.76754274
2024-11-13 12:00:00,6638596.421200413,1423605.3186418253
2024-11-13 13:00:00,6639167.873455091,1423961.6902316215
2024-11-13 14:00:00,6639793.25888544,1424264.172821578
2024-11-13 15:00:00,6640492.228852017,1424507.8729752053
2024-11-13 16:00:00,6641212.579232871,1424653.4214857144
2024-11-13 17:00:00,6641940.444347202,1424672.3953938654
2024-11-13 18:00:00,6642662.02501628,1424672.3953938654
2024-11-13 19:00:00,6643376.622968408,1424672.3953938654
2024-11-13 20:00:00,6644091.220920537,1424672.3953938654
2024-11-13 21:00:00,6644805.286856136,1424672.3953938654
2024-11-13 22:00:00,6645509.842996272,1424672.3953938654
2024-11-13 23:00:00,6646205.753867805,1424672.3953938654
2024-11-14 00:00:00,6646901.664739338,1424672.3953938654
2024-11-14 01:00:00,6647596.312071613,1424672.3953938654
2024-11-14 02:00:00,6648286.470514421,1424672.3953938654
2024-11-14 03:00:00,6648974.70039731,1424672.3953938654
2024-11-14 04:00:00,6649662.930280198,1424672.3953938654
2024-11-14 05:00:00,6650362.59851847,1424672.3953938654
2024-11-14 06:00:00,6651075.400914812,1424672.9145762143
2024-11-14 07:00:00,6651765.559357621,1424725.5290674106
2024-11-14 08:00:00,6652402.250139221,1424945.6866008432
2024-11-14 09:00:00,6653025.80676275,1425275.3527947173
2024-11-14 10:00:00,6653568.796133104,1425635.9736980863
2024-11-14 11:00:00,6654118.202952843,1426041.4992497491
2024-11-14 12:00:00,6654771.918263385,1426442.483478524
2024-11-14 13:00:00,6655534.996221758,1426800.670199715
2024-11-14 14:00:00,6656327.534595449,1427156.9865091967
2024-11-14 15:00:00,6657180.55659833,1427467.9463689243
2024-11-14 16:00:00,6658044.052676634,1427664.7225458324
2024-11-14 17:00:00,6658902.660853074,1427695.8914087897
2024-11-14 18:00:00,6659751.060962356,1427695.8914087897
2024-11-14 19:00:00,6660537.447894925,1427695.8914087897
2024-11-14 20:00:00,6661239.476956546,1427695.8914087897
2024-11-14 21:00:00,6661942.204289862,1427695.8914087897
2024-11-14 22:00:00,6662637.948906229,1427695.8914087897
2024-11-14 23:00:00,6663334.39179429,1427695.8914087897
2024-11-15 00:00:00,6664023.851965403,1427695.8914087897
2024-11-15 01:00:00,6664709.554769777,1427695.8914087897
2024-11-15 02:00:00,6665391.067943982,1427695.8914087897
2024-11-15 03:00:00,6666072.448114054,1427695.8914087897
2024-11-15 04:00:00,6666755.623839914,1427695.8914087897
2024-11-15 05:00:00,6667456.422613311,1427695.8914087897
2024-11-15 06:00:00,6668179.266821646,1427696.0676781374
2024-11-15 07:00:00,6668941.779512458,1427745.9343401527
2024-11-15 08:00:00,6669736.977968795,1427980.946828615
2024-11-15 09:00:00,6670496.265309396,1428334.3214264328
2024-11-15 10:00:00,6671220.373056988,1428730.8103768285
2024-11-15 11:00:00,6671950.199982272,1429153.885072941
2024-11-15 12:00:00,6672682.420981939,1429587.303988857
2024-11-15 13:00:00,6673458.067830821,1430017.3263806608
2024-11-15 14:00:00,6674274.081433873,1430448.216623728
2024-11-15 15:00:00,6675152.24121777,1430836.388595771
2024-11-15 16:00:00,6676034.8566401005,1431025.0347082543
2024-11-15 17:00:00,6676870.122591311,1431063.3822253018
2024-11-15 18:00:00,6677684.573395808,1431065.7896514954
2024-11-15 19:00:00,6678482.963951323,1431065.790218073
2024-11-15 20:00:00,6679275.070061584,1431065.790218073
2024-11-15 21:00:00,6680059.495183201,1431065.790218073
2024-11-15 22:00:00,6680825.066969056,1431065.790218073
2024-11-15 23:00:00,6681538.567637092,1431065.790218073
2024-11-16 00:00:00,6682224.403445599,1431065.790218073
2024-11-16 01:00:00,6682907.579171458,1431065.790218073
2024-11-16 02:00:00,6683587.13053471,1431065.790218073
2024-11-16 03:00:00,6684261.660991966,1431065.790218073
2024-11-16 04:00:00,6684939.250544266,1431065.790218073
2024-11-16 05:00:00,6685631.936065589,1431065.790218073
2024-11-16 06:00:00,6686357.307352439,1431065.9779133792
2024-11-16 07:00:00,6687105.987613484,1431116.2923534322
2024-11-16 08:00:00,6687841.267708194,1431358.603396405
2024-11-16 09:00:00,6688523.21314583,1431719.4571821876
2024-11-16 10:00:00,6689182.647634063,1432122.369650136
2024-11-16 11:00:00,6689850.19537437,1432550.3867499847
2024-11-16 12:00:00,6690515.781303724,1433019.7645443003
2024-11-16 13:00:00,6691214.052998606,1433477.5005753697
2024-11-16 14:00:00,6691950.729636706,1433889.6880506957
2024-11-16 15:00:00,6692748.987188089,1434287.3118649947
2024-11-16 16:00:00,6693549.073546291,1434471.7385095684
2024-11-16 17:00:00,6694334.762207165,1434510.3864160806
2024-11-16 18:00:00,6695106.086421745,1434512.7974852372
2024-11-16 19:00:00,6695859.654584655,1434512.7980838455
2024-11-16 20:00:00,6696598.85830127,1434512.7980838455
2024-11-16 21:00:00,6697325.626131509,1434512.7980838455
2024-11-16 22:00:00,6698047.905072282,1434512.7980838455
2024-11-16 23:00:00,6698763.201296106,1434512.7980838455
2024-11-17 00:00:00,6699475.438424885,1434512.7980838455
2024-11-17 01:00:00,6700186.412014407,1434512.7980838455
2024-11-17 02:00:00,6700894.193504753,1434512.7980838455
2024-11-17 03:00:00,6701599.447916583,1434512.7980838455
2024-11-17 04:00:00,6702261.974750894,1434512.7980838455
2024-11-17 05:00:00,6702913.029978788,1434512.7980838455
2024-11-17 06:00:00,6703588.823975301,1434513.050665759
2024-11-17 07:00:00,6704321.1779791005,1434563.8212935023
2024-11-17 08:00:00,6705066.66614097,1434774.1822753919
2024-11-17 09:00:00,6705845.372084895,1435117.1689523212
2024-11-17 10:00:00,6706719.042979324,1435500.16333108
2024-11-17 11:00:00,6707651.800959554,1435932.8991389084
2024-11-17 12:00:00,6708608.433181542,1436407.4473916646
2024-11-17 13:00:00,6709561.308036791,1436890.2610905066
2024-11-17 14:00:00,6710522.395897213,1437342.1713513802
2024-11-17 15:00:00,6711491.597009709,1437743.849832188
2024-11-17 16:00:00,6712455.078944514,1437969.3915342211
2024-11-17 17:00:00,6713399.142275994,1437997.4344362342
2024-11-17 18:00:00,6714331.900256223,1437997.4344362342
2024-11-17 19:00:00,6715252.089345945,1437997.4344362342
2024-11-17 20:00:00,6716162.901644336,1437997.4344362342
2024-11-17 21:00:00,6717072.483654503,1437997.4344362342
2024-11-17 22:00:00,6717986.388298971,1437997.4344362342
2024-11-17 23:00:00,6718875.8534341175,1437997.4344362342
2024-11-18 00:00:00,6719755.243506239,1437997.4344362342
2024-11-18 01:00:00,6720632.70501844,1437997.4344362342
2024-11-18 02:00:00,6721504.97936948,1437997.4344362342
2024-11-18 03:00:00,6722377.386724653,1437997.4344362342
2024-11-18 04:00:00,6723263.62650959,1437997.4344362342
2024-11-18 05:00:00,6724173.740536286,1437997.4344362342
2024-11-18 06:00:00,6725125.218848145,1437998.0172750894
2024-11-18 07:00:00,6726122.616836701,1438049.8781439376
2024-11-18 08:00:00,6727146.549149662,1438241.2782371314
2024-11-18 09:00:00,6728090.0472135795,1438546.904730692
2024-11-18 10:00:00,6729019.014576037,1438895.569468257
2024-11-18 11:00:00,6729966.303257727,1439269.355906748
2024-11-18 12:00:00,6730920.408401201,1439691.5436317616
2024-11-18 13:00:00,6731890.307785392,1440084.96950407
2024-11-18 14:00:00,6732866.358610705,1440431.7562393208
2024-11-18 15:00:00,6733825.517911208,1440710.3008552545
2024-11-18 16:00:00,6734778.924782986,1440869.387001103
2024-11-18 17:00:00,6735710.984491521,1440890.9722498101
2024-11-18 18:00:00,6736632.4371205,1440890.9722498101
2024-11-18 19:00:00,6737544.379954016,1440890.9722498101
2024-11-18 20:00:00,6738441.393073674,1440890.9722498101
2024-11-18 21:00:00,6739329.461665432,1440890.9722498101
2024-11-18 22:00:00,6740203.265563994,1440890.9722498101
2024-11-18 23:00:00,6741056.819583404,1440890.9722498101
2024-11-19 00:00:00,6741896.574424082,1440890.9722498101
2024-11-19 01:00:00,6742724.857658344,1440890.9722498101
2024-11-19 02:00:00,6743540.172989702,1440890.9722498101
2024-11-19 03:00:00,6744322.802555532,1440890.9722498101
2024-11-19 04:00:00,6745076.935986005,1440890.9722498101
2024-11-19 05:00:00,6745799.78019434,1440890.9722498101
2024-11-19 06:00:00,6746546.498644434,1440890.9722498101
2024-11-19 07:00:00,6747316.958332153,1440892.1805827955
2024-11-19 08:00:00,6748181.285686284,1440956.0922689682
2024-11-19 09:00:00,6748975.2206033645,1441174.724613875
2024-11-19 10:00:00,6749741.3576567825,1441493.4626334773
2024-11-19 11:00:00,6750515.740966407,1441854.6372185284
2024-11-19 12:00:00,6751298.935799799,1442209.5495785992
2024-11-19 13:00:00,6752097.193351181,1442631.2355808197
2024-11-19 14:00:00,6752945.161197033,1443027.856358992
2024-11-19 15:00:00,6753846.496950993,1443394.6592787202
2024-11-19 16:00:00,6754697.690147054,1443678.2399568039
2024-11-19 17:00:00,6755478.2248978,1443835.206686744
2024-11-19 18:00:00,6756242.001127868,1443856.677825977
2024-11-19 19:00:00,6756993.773734991,1443856.6852442962
2024-11-19 20:00:00,6757726.6930063525,1443856.6852442962
2024-11-19 21:00:00,6758452.629560765,1443856.6852442962
2024-11-19 22:00:00,6759169.887595541,1443856.6852442962
2024-11-19 23:00:00,6759885.183819365,1443856.6852442962
2024-11-20 00:00:00,6760591.701770453,1443856.6852442962
2024-11-20 01:00:00,6761298.917993235,1443856.6852442962
2024-11-20 02:00:00,6761998.586231507,1443856.6852442962
2024-11-20 03:00:00,6762689.309941878,1443856.6852442962
2024-11-20 04:00:00,6763356.857682184,1443856.6852442962
2024-11-20 05:00:00,6764037.107317132,1443856.6852442962
2024-11-20 06:00:00,6764731.056377712,1443856.9830277546
2024-11-20 07:00:00,6765440.766427976,1443898.6660154676
2024-11-20 08:00:00,6766093.783466823,1444063.47217985
2024-11-20 09:00:00,6766686.050868216,1444319.0098900965
2024-11-20 10:00:00,6767268.143453483,1444621.309546915
2024-11-20 11:00:00,6767843.386325933,1444954.3723698037
2024-11-20 12:00:00,6768424.215371942,1445312.439796188
2024-11-20 13:00:00,6769078.628954179,1445664.6637934921
2024-11-20 14:00:00,6769842.804196644,1445962.2414686626
2024-11-20 15:00:00,6770644.287098235,1446198.861441079
2024-11-20 16:00:00,6771416.143329345,1446340.7934424542
2024-11-20 17:00:00,6772148.364329011,1446359.7727931165
2024-11-20 18:00:00,6772876.096439211,1446359.7727931165
2024-11-20 19:00:00,6773600.902458498,1446359.7727931165
2024-11-20 20:00:00,6774319.424032532,1446359.7727931165
2024-11-20 21:00:00,6775037.2473348705,1446359.7727931165
2024-11-20 22:00:00,6775748.786191955,1446359.7727931165
2024-11-20 23:00:00,6776453.907599653,1446359.7727931165
2024-11-21 00:00:00,6777156.102916439,1446359.7727931165
2024-11-21 01:00:00,6777860.093789012,1446359.7727931165
2024-11-21 02:00:00,6778559.762027284,1446359.7727931165
2024-11-21 03:00:00,6779258.598989729,1446359.7727931165
2024-11-21 04:00:00,6779953.246322004,1446359.7727931165
2024-11-21 05:00:00,6780662.258100574,1446359.7727931165
2024-11-21 06:00:00,6781384.537041347,1446360.260128105
2024-11-21 07:00:00,6782111.304871586,1446441.7021885635
2024-11-21 08:00:00,6782810.274838163,1446785.594467403
2024-11-21 09:00:00,6783487.73138633,1447236.2100108275
2024-11-21 10:00:00,6784174.830734094,1447719.0309471013
2024-11-21 11:00:00,6784853.683825651,1448183.536623416
2024-11-21 12:00:00,6785552.088524666,1448635.5612868234
2024-11-21 13:00:00,6786252.887298062,1449047.3500757383
2024-11-21 14:00:00,6786975.86451053,1449451.971871585
2024-11-21 15:00:00,6787708.085510196,1449809.3788338744
2024-11-21 16:00:00,6788447.289226811,1450020.6721427562
2024-11-21 17:00:00,6789187.590227518,1450046.3921629228
2024-11-21 18:00:00,6789924.2668656185,1450046.3921629228
2024-11-21 19:00:00,6790652.697247513,1450046.3921629228
2024-11-21 20:00:00,6791378.633801925,1450046.3921629228
2024-11-21 21:00:00,6792103.439821213,1450046.3921629228
2024-11-21 22:00:00,6792820.6978559885,1450046.3921629228
2024-11-21 23:00:00,6793534.198524025,1450046.3921629228
2024-11-22 00:00:00,6794246.435652805,1450046.3921629228
2024-11-22 01:00:00,6794957.974509889,1450046.3921629228
2024-11-22 02:00:00,6795666.986288459,1450046.3921629228
2024-11-22 03:00:00,6796371.675432727,1450046.3921629228
2024-11-22 04:00:00,6797086.273384855,1450046.3921629228
2024-11-22 05:00:00,6797816.665577701,1450046.3921629228
2024-11-22 06:00:00,6798573.4590908205,1450046.7452114667
2024-11-22 07:00:00,6799363.0713736,1450096.6840723397
2024-11-22 08:00:00,6800141.212049963,1450293.9915171387
2024-11-22 09:00:00,6800862.260702511,1450601.40575329
2024-11-22 10:00:00,6801541.812065763,1450943.2356366785
2024-11-22 11:00:00,6802252.220387723,1451259.494953662
2024-11-22 12:00:00,6802924.223766465,1451604.2955548044
2024-11-22 13:00:00,6803660.900404565,1451939.2640356752
2024-11-22 14:00:00,6804427.037457983,1452247.5598517624
2024-11-22 15:00:00,6805244.148345127,1452493.953208213
2024-11-22 16:00:00,6806053.012976064,1452631.0842361369
2024-11-22 17:00:00,6806848.776699965,1452649.7827679147
2024-11-22 18:00:00,6807630.707994101,1452649.7827679147
2024-11-22 19:00:00,6808401.865953515,1452649.7827679147
2024-11-22 20:00:00,6809164.943911889,1452649.7827679147
2024-11-22 21:00:00,6809953.159651278,1452649.7827679147
2024-11-22 22:00:00,6810710.651436092,1452649.7827679147
2024-11-22 23:00:00,6811475.125937856,1452649.7827679147
2024-11-23 00:00:00,6812229.957640023,1452649.7827679147
2024-11-23 01:00:00,6812982.428518841,1452649.7827679147
2024-11-23 02:00:00,6813721.632235456,1452649.7827679147
2024-11-23 03:00:00,6814446.438254744,1452649.7827679147
2024-11-23 04:00:00,6815171.809541593,1452649.7827679147
2024-11-23 05:00:00,6815915.33589251,1452649.7827679147
2024-11-23 06:00:00,6816678.413850883,1452650.0302378663
2024-11-23 07:00:00,6817480.994036567,1452699.9147470568
2024-11-23 08:00:00,6818293.78228941,1452910.9447673084
2024-11-23 09:00:00,6819088.847741616,1453247.5245968713
2024-11-23 10:00:00,6819858.908416938,1453616.6652140091
2024-11-23 11:00:00,6820552.292209956,1454073.692142665
2024-11-23 12:00:00,6821239.956825282,1454536.396209373
2024-11-23 13:00:00,6821945.07823298,1455015.3727988116
2024-11-23 14:00:00,6822698.081128328,1455452.9534391537
2024-11-23 15:00:00,6823506.546746869,1455845.7760631195
2024-11-23 16:00:00,6824319.900267273,1456070.5281453726
2024-11-23 17:00:00,6825118.290822788,1456099.9956401703
2024-11-23 18:00:00,6825908.46837313,1456099.9956401703
2024-11-23 19:00:00,6826686.609049493,1456099.9956401703
2024-11-23 20:00:00,6827450.950547124,1456099.9956401703
2024-11-23 21:00:00,6828202.723154248,1456099.9956401703
2024-11-23 22:00:00,6828944.985965908,1456099.9956401703
2024-11-23 23:00:00,6829680.39906475,1456099.9956401703
2024-11-24 00:00:00,6830405.205084038,1456099.9956401703
2024-11-24 01:00:00,6831130.0111033255,1456099.9956401703
2024-11-24 02:00:00,6831858.574489352,1456099.9956401703
2024-11-24 03:00:00,6832590.230221456,1456099.9956401703
2024-11-24 04:00:00,6833322.451221122,1456099.9956401703
2024-11-24 05:00:00,6834072.395021426,1456099.9956401703
2024-11-24 06:00:00,6834851.2339694835,1456100.2131190358
2024-11-24 07:00:00,6835646.2994216895,1456158.3728975616
2024-11-24 08:00:00,6836422.511538133,1456438.7551404398
2024-11-24 09:00:00,6837144.657474773,1456880.3224405737
2024-11-24 10:00:00,6837839.87007461,1457380.7077540157
2024-11-24 11:00:00,6838531.857324238,1457855.101651192
2024-11-24 12:00:00,6839220.785478822,1458348.6112211023
2024-11-24 13:00:00,6839926.605158215,1458852.0992801045
2024-11-24 14:00:00,6840676.548958519,1459325.4399358812
2024-11-24 15:00:00,6841471.049143162,1459759.363502453
2024-11-24 16:00:00,6842270.0049662385,1459994.3951380842
2024-11-24 17:00:00,6843050.672721117,1460024.6663795956
2024-11-24 18:00:00,6843827.583109256,1460024.6663795956
2024-11-24 19:00:00,6844589.397528372,1460024.6663795956
2024-11-24 20:00:00,6845336.681246027,1460024.6663795956
2024-11-24 21:00:00,6846076.583234337,1460024.6663795956
2024-11-24 22:00:00,6846808.238966441,1460024.6663795956
2024-11-24 23:00:00,6847534.175520853,1460024.6663795956
2024-11-25 00:00:00,6848252.697094887,1460024.6663795956
2024-11-25 01:00:00,6848968.691590405,1460024.6663795956
2024-11-25 02:00:00,6849678.8339041,1460024.6663795956
2024-11-25 03:00:00,6850389.67448949,1460024.6663795956
2024-11-25 04:00:00,6851100.51507488,1460024.6663795956
2024-11-25 05:00:00,6851836.626445417,1460024.6663795956
2024-11-25 06:00:00,6852582.646623815,1460024.8484534638
2024-11-25 07:00:00,6853317.494455095,1460076.1364912123
2024-11-25 08:00:00,6853997.61108591,1460303.573820515
2024-11-25 09:00:00,6854628.848698083,1460655.0231357184
2024-11-25 10:00:00,6855233.551985851,1461062.83310429
2024-11-25 11:00:00,6855997.195211787,1461515.4195677284
2024-11-25 12:00:00,6856745.7424687,1461964.9213162283
2024-11-25 13:00:00,6857513.276065507,1462430.252778762
2024-11-25 14:00:00,6858347.27847746,1462871.600011001
2024-11-25 15:00:00,6859278.772918433,1463253.7107442543
2024-11-25 16:00:00,6860221.572710656,1463441.2884987642
2024-11-25 17:00:00,6861128.062374745,1463479.9122436764
2024-11-25 18:00:00,6861972.139849724,1463482.449104699
2024-11-25 19:00:00,6862721.950645895,1463482.449672031
2024-11-25 20:00:00,6863449.982015392,1463482.449672031
2024-11-25 21:00:00,6864165.843506778,1463482.449672031
2024-11-25 22:00:00,6864875.985820472,1463482.449672031
2024-11-25 23:00:00,6865584.299327347,1463482.449672031
2024-11-26 00:00:00,6866289.553739178,1463482.449672031
2024-11-26 01:00:00,6866995.938686133,1463482.449672031
2024-11-26 02:00:00,6867696.73745953,1463482.449672031
2024-11-26 03:00:00,6868396.970965364,1463482.449672031
2024-11-26 04:00:00,6869102.225377195,1463482.449672031
2024-11-26 05:00:00,6869819.350407838,1463482.449672031
2024-11-26 06:00:00,6870557.290585196,1463482.7575286494
2024-11-26 07:00:00,6871302.0804753695,1463523.351572998
2024-11-26 08:00:00,6872009.296698152,1463693.520122102
2024-11-26 09:00:00,6872693.170695706,1463953.093353235
2024-11-26 10:00:00,6873502.733598339,1464256.1964722802
2024-11-26 11:00:00,6874319.844485483,1464568.4571166846
2024-11-26 12:00:00,6875143.938089576,1464937.1512695418
2024-11-26 13:00:00,6875977.408485,1465273.1573835914
2024-11-26 14:00:00,6876899.393130509,1465582.7011061937
2024-11-26 15:00:00,6877861.046258494,1465824.0754193058
2024-11-26 16:00:00,6878805.807861669,1465964.8416125735
2024-11-26 17:00:00,6879728.657034038,1465984.222761767
2024-11-26 18:00:00,6880648.84612376,1465984.222761767
2024-11-26 19:00:00,6881550.0488735875,1465984.222761767
2024-11-26 20:00:00,6882422.45622876,1465984.222761767
2024-11-26 21:00:00,6883277.839054991,1465984.222761767
2024-11-26 22:00:00,6884018.838327393,1465984.222761767
2024-11-26 23:00:00,6884741.682535728,1465984.222761767
2024-11-27 00:00:00,6885462.564933111,1465984.222761767
2024-11-27 01:00:00,6886170.878439986,1465984.222761767
2024-11-27 02:00:00,6886871.677213383,1465984.222761767
2024-11-27 03:00:00,6887572.608990912,1465984.222761767
2024-11-27 04:00:00,6888275.502579394,1465984.222761767
2024-11-27 05:00:00,6888989.003247431,1465984.222761767
2024-11-27 06:00:00,6889715.77107767,1465984.737234185
2024-11-27 07:00:00,6890481.342863525,1466039.1336515197
2024-11-27 08:00:00,6891192.183448915,1466258.7122325723
2024-11-27 09:00:00,6891891.153415492,1466563.6353312014
2024-11-27 10:00:00,6892588.859842811,1466922.0933483988
2024-11-27 11:00:00,6893305.2866017595,1467326.456471139
2024-11-27 12:00:00,6894056.49394132,1467718.691096187
2024-11-27 13:00:00,6894861.0359379565,1468084.006339033
2024-11-27 14:00:00,6895764.167247703,1468419.398702809
2024-11-27 15:00:00,6896652.235839461,1468712.770010721
2024-11-27 16:00:00,6897520.885827894,1468907.379798353
2024-11-27 17:00:00,6898369.984208871,1468937.312308974
2024-11-27 18:00:00,6899202.191065038,1468937.312308974
2024-11-27 19:00:00,6899940.82951409,1468937.312308974
2024-11-27 20:00:00,6900649.84129266,1468937.312308974
2024-11-27 21:00:00,6901358.154799535,1468937.312308974
2024-11-27 22:00:00,6902055.994230987,1468937.312308974
2024-11-27 23:00:00,6902748.546748177,1468937.312308974
2024-11-28 00:00:00,6903446.818443059,1468937.312308974
2024-11-28 01:00:00,6904139.37096025,1468937.312308974
2024-11-28 02:00:00,6904827.733847271,1468937.312308974
2024-11-28 03:00:00,6905517.1940183835,1468937.312308974
2024-11-28 04:00:00,6906210.0125438385,1468937.312308974
2024-11-28 05:00:00,6906911.50958893,1468937.312308974
2024-11-28 06:00:00,6907628.634619573,1468937.5562451193
2024-11-28 07:00:00,6908350.780556213,1468985.586588606
2024-11-28 08:00:00,6909051.014062047,1469192.4444897727
2024-11-28 09:00:00,6909717.996534792,1469526.114458042
2024-11-28 10:00:00,6910349.101142833,1469912.8294426333
2024-11-28 11:00:00,6910927.403110327,1470339.4925585266
2024-11-28 12:00:00,6911531.4081264,1470812.5099640784
2024-11-28 13:00:00,6912170.060718952,1471285.8186263808
2024-11-28 14:00:00,6912832.45454913,1471761.1981138217
2024-11-28 15:00:00,6913539.670771913,1472181.932187737
2024-11-28 16:00:00,6914267.535886244,1472411.0591472145
2024-11-28 17:00:00,6914994.868984046,1472438.7122342251
2024-11-28 18:00:00,6915720.938542591,1472438.7122342251
2024-11-28 19:00:00,6916444.348018489,1472438.7122342251
2024-11-28 20:00:00,6917160.342514007,1472438.7122342251
2024-11-28 21:00:00,6917881.22491139,1472438.7122342251
2024-11-28 22:00:00,6918598.482946166,1472438.7122342251
2024-11-28 23:00:00,6919313.080898294,1472438.7122342251
2024-11-29 00:00:00,6920024.619755379,1472438.7122342251
2024-11-29 01:00:00,6920730.439434772,1472438.7122342251
2024-11-29 02:00:00,6921433.732035651,1472438.7122342251
2024-11-29 03:00:00,6922133.965541485,1472438.7122342251
2024-11-29 04:00:00,6922841.74703183,1472438.7122342251
2024-11-29 05:00:00,6923575.364574886,1472438.7122342251
2024-11-29 06:00:00,6924335.915454744,1472439.020480728
2024-11-29 07:00:00,6925135.436545384,1472481.4797438341
2024-11-29 08:00:00,6925934.259364329,1472646.2810901396
2024-11-29 09:00:00,6926705.417323744,1472908.7561286748
2024-11-29 10:00:00,6927483.724255272,1473199.9075245622
2024-11-29 11:00:00,6928221.66443263,1473530.7522201324
2024-11-29 12:00:00,6928920.767403339,1473887.1142364366
2024-11-29 13:00:00,6929647.934245976,1474239.967500711
2024-11-29 14:00:00,6930424.844634115,1474541.9946491835
2024-11-29 15:00:00,6931244.482599773,1474792.016508006
2024-11-29 16:00:00,6932052.815214182,1474933.2388407919
2024-11-29 17:00:00,6932845.486592006,1474952.9432492864
2024-11-29 18:00:00,6933626.154346884,1474952.9432492864
2024-11-29 19:00:00,6934392.989671997,1474952.9432492864
2024-11-29 20:00:00,6935145.294295649,1474952.9432492864
2024-11-29 21:00:00,6935888.953650698,1474952.9432492864
2024-11-29 22:00:00,6936621.872922059,1474952.9432492864
2024-11-29 23:00:00,6937340.394496093,1474952.9432492864
2024-11-30 00:00:00,6938052.49862074,1474952.9432492864
2024-11-30 01:00:00,6938761.51039931,1474952.9432492864
2024-11-30 02:00:00,6939466.066539446,1474952.9432492864
2024-11-30 03:00:00,6940165.036506022,1474952.9432492864
2024-11-30 04:00:00,6940866.533551114,1474952.9432492864
2024-11-30 05:00:00,6941586.185660272,1474952.9432492864
2024-11-30 06:00:00,6942327.883204369,1474953.2851704534
2024-11-30 07:00:00,6943114.137132806,1475000.5277291213
2024-11-30 08:00:00,6943923.001763743,1475193.4075523755
2024-11-30 09:00:00,6944844.288137557,1475484.4150477157
2024-11-30 10:00:00,6945756.363975205,1475820.5081677781
2024-11-30 11:00:00,6946659.096272555,1476127.5270130727
2024-11-30 12:00:00,6947573.000917023,1476474.397429667
2024-11-30 13:00:00,6948490.66292823,1476800.634825702
2024-11-30 14:00:00,6949400.078683231,1477120.5553664227
2024-11-30 15:00:00,6950307.133614883,1477384.2369847856
2024-11-30 16:00:00,6951147.586727256,1477531.1818008428
2024-11-30 17:00:00,6951937.066005902,1477549.8020357965
2024-11-30 18:00:00,6952716.470221523,1477549.8020357965
2024-11-30 19:00:00,6953478.151636507,1477549.8020357965
2024-11-30 20:00:00,6954228.0954368105,1477549.8020357965
2024-11-30 21:00:00,6954966.168618301,1477549.8020357965
2024-11-30 22:00:00,6955696.560811147,1477549.8020357965
2024-11-30 23:00:00,6956416.345924438,1477549.8020357965
2024-12-01 00:00:00,6957129.846592475,1477549.8020357965
2024-12-01 01:00:00,6957838.16009935,1477549.8020357965
2024-12-01 02:00:00,6958539.657144441,1477549.8020357965
2024-12-01 03:00:00,6959241.154189533,1477549.8020357965
2024-12-01 04:00:00,6959746.569892495,1477549.8020357965
2024-12-01 05:00:00,6960422.363889008,1477549.8020357965
2024-12-01 06:00:00,6961161.00233806,1477915.6515251454
2024-12-01 07:00:00,6961933.989104294,1478545.9170413795
2024-12-01 08:00:00,6962739.229372625,1478711.2170413795
2024-12-01 09:00:00,6963550.75408621,1479016.9957913796
2024-12-01 10:00:00,6964356.559622104,1479362.8732913795
2024-12-01 11:00:00,6965161.101618741,1479723.2182913795
2024-12-01 12:00:00,6965975.020406708,1480084.1707913794
2024-12-01 13:00:00,6966785.846848599,1480434.6645413793
2024-12-01 14:00:00,6967604.786542563,1480766.7157913793
2024-12-01 15:00:00,6968426.918335703,1481044.0620413793
2024-12-01 16:00:00,6969237.744777594,1481172.2970413794
2024-12-01 17:00:00,6970026.658788678,1481183.0332913795
2024-12-01 18:00:00,6970803.003909254,1481183.0332913795
2024-12-01 19:00:00,6971568.57569511,1481183.0332913795
2024-12-01 20:00:00,6972331.52064935,1481183.0332913795
2024-12-01 21:00:00,6973269.997807272,1481183.0332913795
2024-12-01 22:00:00,6974148.689607698,1481183.0332913795
2024-12-01 23:00:00,6974976.4075743975,1481183.0332913795
2024-12-02 00:00:00,6975696.591700085,1481183.0332913795
2024-12-02 01:00:00,6976414.415002424,1481183.0332913795
2024-12-02 02:00:00,6977131.6730372,1481183.0332913795
2024-12-02 03:00:00,6977845.040701104,1481183.0332913795
2024-12-02 04:00:00,6978562.997007575,1481183.0332913795
2024-12-02 05:00:00,6979294.087472117,1481659.3452767616
2024-12-02 06:00:00,6980048.919174284,1482414.1769789287
2024-12-02 07:00:00,6980838.39845293,1483031.0625075754
2024-12-02 08:00:00,6981616.5391292935,1483234.0312575754
2024-12-02 09:00:00,6982363.822846949,1483591.3050075753
2024-12-02 10:00:00,6983114.897182377,1483982.9625075753
2024-12-02 11:00:00,6983840.268469227,1484387.4150075752
2024-12-02 12:00:00,6984612.124700336,1484814.648757575
2024-12-02 13:00:00,6985396.549821952,1485249.067507575
2024-12-02 14:00:00,6986171.631403271,1485693.442507575
2024-12-02 15:00:00,6986983.5883802865,1486098.731257575
2024-12-02 16:00:00,6987804.489885203,1486286.808757575
2024-12-02 17:00:00,6988605.4075192325,1486301.182507575
2024-12-02 18:00:00,6989397.380625361,1486301.182507575
2024-12-02 19:00:00,6990180.010191191,1486301.182507575
2024-12-02 20:00:00,6990946.712512171,1486301.182507575
2024-12-02 21:00:00,6991707.828659592,1486301.182507575
2024-12-02 22:00:00,6992462.660361759,1486301.182507575
2024-12-02 23:00:00,6993205.056177551,1486301.182507575
2024-12-03 00:00:00,6993935.448370397,1486301.182507575
2024-12-03 01:00:00,6994658.292578733,1486301.182507575
2024-12-03 02:00:00,6995383.663865582,1486301.182507575
2024-12-03 03:00:00,6996106.508073918,1486301.182507575
2024-12-03 04:00:00,6996830.050553948,1486301.182507575
2024-12-03 05:00:00,6997564.200113533,1486434.7209855139
2024-12-03 06:00:00,6998327.976343601,1487198.4972155823
2024-12-03 07:00:00,6999116.19208299,1487922.3742049716
2024-12-03 08:00:00,6999896.294570305,1488171.071692287
2024-12-03 09:00:00,7000631.009397454,1488316.275442287
2024-12-03 10:00:00,7001350.661506612,1488492.5516922872
2024-12-03 11:00:00,7002051.460280009,1488650.3291922873
2024-12-03 12:00:00,7002739.124895335,1488841.9654422873
2024-12-03 13:00:00,7003442.417496214,1489020.9679422872
2024-12-03 14:00:00,7004205.495454587,1489177.1966922872
2024-12-03 15:00:00,7005011.9992621755,1489303.0991922873
2024-12-03 16:00:00,7005817.804798069,1489369.6279422874
2024-12-03 17:00:00,7006614.1005385,1489377.0904422873
2024-12-03 18:00:00,7007400.354466937,1489377.0904422873
2024-12-03 19:00:00,7008175.436048255,1489377.0904422873
2024-12-03 20:00:00,7008937.948739067,1489377.0904422873
2024-12-03 21:00:00,7009690.253362719,1489945.4574895632
2024-12-03 22:00:00,7010433.912717768,1490689.1168446124
2024-12-03 23:00:00,7011168.760549048,1491423.9646758928
2024-12-04 00:00:00,7011897.190930942,1492152.395057787
2024-12-04 01:00:00,7012626.319584531,1492881.523711376
2024-12-04 02:00:00,7013365.656305279,1493620.8604321233
2024-12-04 03:00:00,7014106.655577681,1494361.8597045252
2024-12-04 04:00:00,7014845.161022602,1495100.3651494454
2024-12-04 05:00:00,7015591.181201,1495846.385327844
2024-12-04 06:00:00,7016350.335537469,1496605.539664313
2024-12-04 07:00:00,7017105.865511331,1497287.490888175
2024-12-04 08:00:00,7017823.68881367,1497403.7954405136
2024-12-04 09:00:00,7018481.194741984,1497558.0291905135
2024-12-04 10:00:00,7019106.713176466,1497757.7316905134
2024-12-04 11:00:00,7019721.624531392,1497987.9666905135
2024-12-04 12:00:00,7020330.783457594,1498261.2779405136
2024-12-04 13:00:00,7020959.36098712,1498516.2066905135
2024-12-04 14:00:00,7021649.519429929,1498756.1879405135
2024-12-04 15:00:00,7022384.932528771,1498962.3816905136
2024-12-04 16:00:00,7023137.237152424,1499070.1866905135
2024-12-04 17:00:00,7023896.524493025,1499081.1591905134
2024-12-04 18:00:00,7024648.829116677,1499081.1591905134
2024-12-04 19:00:00,7025393.053739289,1499081.1591905134
2024-12-04 20:00:00,7026128.466838132,1499081.1591905134
2024-12-04 21:00:00,7026865.841747927,1499081.1591905134
2024-12-04 22:00:00,7027597.364475898,1499081.1591905134
2024-12-04 23:00:00,7028325.794857793,1499081.1591905134
2024-12-05 00:00:00,7029051.299148775,1499081.1591905134
2024-12-05 01:00:00,7029773.445085415,1499081.1591905134
2024-12-05 02:00:00,7030498.11810057,1499127.8395592037
2024-12-05 03:00:00,7031216.639674603,1499846.3611332371
2024-12-05 04:00:00,7031940.182154633,1500569.903613267
2024-12-05 05:00:00,7032685.670316502,1501315.391775136
2024-12-05 06:00:00,7033446.221196361,1502075.9426549948
2024-12-05 07:00:00,7034203.01470948,1502749.7861681143
2024-12-05 08:00:00,7034918.310933304,1502854.3211681142
2024-12-05 09:00:00,7035579.5742283575,1503068.0074181142
2024-12-05 10:00:00,7036203.829123582,1503341.6824181143
2024-12-05 11:00:00,7036809.928954739,1503632.0186681142
2024-12-05 12:00:00,7037418.954876808,1503955.377418114
2024-12-05 13:00:00,7038048.230678029,1504258.8124181142
2024-12-05 14:00:00,7038738.389120838,1504525.159918114
2024-12-05 15:00:00,7039472.704935589,1504729.246168114
2024-12-05 16:00:00,7040221.950464197,1504830.574918114
2024-12-05 17:00:00,7040973.024799625,1504840.3136681141
2024-12-05 18:00:00,7041717.947693932,1504840.3136681141
2024-12-05 19:00:00,7042454.757336165,1504840.3136681141
2024-12-05 20:00:00,7043187.111339964,1504840.3136681141
2024-12-05 21:00:00,7043921.260899549,1504840.3136681141
2024-12-05 22:00:00,7044649.126013881,1504840.3136681141
2024-12-05 23:00:00,7045370.008411263,1504840.3136681141
2024-12-06 00:00:00,7046087.964717734,1504840.3136681141
2024-12-06 01:00:00,7046802.728925028,1504840.3136681141
2024-12-06 02:00:00,7047518.590416414,1504840.3136681141
2024-12-06 03:00:00,7048231.392812756,1504840.3136681141
2024-12-06 04:00:00,7048951.177926047,1504840.3136681141
2024-12-06 05:00:00,7049684.629213938,1504840.3136681141
2024-12-06 06:00:00,7050449.668983263,1505505.1312629094
2024-12-06 07:00:00,7051247.926534645,1506216.3963142917
2024-12-06 08:00:00,7052045.618818465,1506324.7150642918
2024-12-06 09:00:00,7052784.124263385,1506543.658814292
2024-12-06 10:00:00,7053494.964848775,1506811.3075642919
2024-12-06 11:00:00,7054183.194731664,1507107.3813142919
2024-12-06 12:00:00,7054881.466426546,1507395.6925642919
2024-12-06 13:00:00,7055687.138958307,1507674.265064292
2024-12-06 14:00:00,7056590.968539748,1507929.910064292
2024-12-06 15:00:00,7057501.647834007,1508136.171314292
2024-12-06 16:00:00,7058405.477415448,1508238.741314292
2024-12-06 17:00:00,7059216.869124901,1508247.8500642919
2024-12-06 18:00:00,7060005.783135985,1508247.8500642919
2024-12-06 19:00:00,7060781.429984867,1508247.8500642919
2024-12-06 20:00:00,7061536.959958728,1508247.8500642919
2024-12-06 21:00:00,7062285.507215641,1508247.8500642919
2024-12-06 22:00:00,7063017.861219441,1508247.8500642919
2024-12-06 23:00:00,7063738.0453451285,1508247.8500642919
2024-12-07 00:00:00,7064454.039840647,1508247.8500642919
2024-12-07 01:00:00,7065171.16487129,1508247.8500642919
2024-12-07 02:00:00,7065880.874921555,1508247.8500642919
2024-12-07 03:00:00,7066588.091144337,1508247.8500642919
2024-12-07 04:00:00,7067300.195268985,1508959.954188939
2024-12-07 05:00:00,7068024.170012445,1509683.928932399
2024-12-07 06:00:00,7068779.001714612,1510438.7606345662
2024-12-07 07:00:00,7069565.953914744,1511156.754084698
2024-12-07 08:00:00,7070356.131465086,1511292.8341350395
2024-12-07 09:00:00,7071145.610743732,1511494.8166350394
2024-12-07 10:00:00,7071881.023842575,1511743.7003850394
2024-12-07 11:00:00,7072605.2645943,1512007.7828850395
2024-12-07 12:00:00,7073300.477194137,1512314.5516350395
2024-12-07 13:00:00,7074013.844858041,1512610.6216350396
2024-12-07 14:00:00,7074769.374831903,1512890.1241350395
2024-12-07 15:00:00,7075569.461190105,1513118.1091350396
2024-12-07 16:00:00,7076386.572077249,1513223.0678850396
2024-12-07 17:00:00,7077188.054978841,1513230.4478850395
2024-12-07 18:00:00,7077976.403722363,1513230.4478850395
2024-12-07 19:00:00,7078748.825221035,1513230.4478850395
2024-12-07 20:00:00,7079505.618734154,1513230.4478850395
2024-12-07 21:00:00,7080256.12780202,1513230.4478850395
2024-12-07 22:00:00,7080998.39061368,1513230.4478850395
2024-12-07 23:00:00,7081731.841901571,1513230.4478850395
2024-12-08 00:00:00,7082460.970555159,1513230.4478850395
2024-12-08 01:00:00,7083199.609004212,1513230.4478850395
2024-12-08 02:00:00,7083936.285642312,1513230.4478850395
2024-12-08 03:00:00,7084668.074378548,1513230.4478850395
2024-12-08 04:00:00,7085392.18212614,1513741.3784397815
2024-12-08 05:00:00,7086127.595224983,1514476.7915386243
2024-12-08 06:00:00,7086890.673183356,1515239.869496998
2024-12-08 07:00:00,7087689.496002302,1515961.8060659426
2024-12-08 08:00:00,7088496.565077453,1516064.8373159426
2024-12-08 09:00:00,7089303.634152604,1516270.4910659427
2024-12-08 10:00:00,7090108.176149241,1516525.7085659427
2024-12-08 11:00:00,7090913.981685135,1516875.5535659427
2024-12-08 12:00:00,7091655.113961669,1517220.6023159428
2024-12-08 13:00:00,7092399.338584281,1517558.6310659428
2024-12-08 14:00:00,7093278.595652269,1517881.6185659429
2024-12-08 15:00:00,7094208.826553985,1518153.3210659428
2024-12-08 16:00:00,7095128.317372012,1518288.1523159428
2024-12-08 17:00:00,7096027.6913150195,1518301.9260659427
2024-12-08 18:00:00,7096915.892910909,1518301.9260659427
2024-12-08 19:00:00,7097790.827344595,1518301.9260659427
2024-12-08 20:00:00,7098646.908442521,1518301.9260659427
2024-12-08 21:00:00,7099500.6287170965,1518301.9260659427
2024-12-08 22:00:00,7100319.13614763,1518301.9260659427
2024-12-08 23:00:00,7101050.226612172,1518301.9260659427
2024-12-09 00:00:00,7101771.80728125,1518301.9260659427
2024-12-09 01:00:00,7102490.894122846,1518301.9260659427
2024-12-09 02:00:00,7103206.19034667,1518301.9260659427
2024-12-09 03:00:00,7103921.486570494,1518301.9260659427
2024-12-09 04:00:00,7104634.987238531,1518301.9260659427
2024-12-09 05:00:00,7105364.11589212,1518941.3978440396
2024-12-09 06:00:00,7106123.403232721,1519700.6851846408
2024-12-09 07:00:00,7106904.203991731,1520339.2109436512
2024-12-09 08:00:00,7107681.11437987,1520559.8834436513
2024-12-09 09:00:00,7108430.92517604,1520999.8896936513
2024-12-09 10:00:00,7109252.923965049,1521476.8821936513
2024-12-09 11:00:00,7110089.021192087,1521932.3234436512
2024-12-09 12:00:00,7110923.721875736,1522380.3096936513
2024-12-09 13:00:00,7111796.129230908,1522833.3434436512
2024-12-09 14:00:00,7112743.251657433,1523300.3759436512
2024-12-09 15:00:00,7113657.023297768,1523731.1384436511
2024-12-09 16:00:00,7114640.05684003,1523947.4046936512
2024-12-09 17:00:00,7115579.664533076,1523966.6646936513
2024-12-09 18:00:00,7116489.246543243,1523966.6646936513
2024-12-09 19:00:00,7117332.060478965,1523966.6646936513
2024-12-09 20:00:00,7118103.783705941,1523966.6646936513
2024-12-09 21:00:00,7118861.840758318,1523966.6646936513
2024-12-09 22:00:00,7119617.935999743,1523966.6646936513
2024-12-09 23:00:00,7120369.010335171,1523966.6646936513
2024-12-10 00:00:00,7121110.009607573,1523966.6646936513
2024-12-10 01:00:00,7121846.1209781105,1523966.6646936513
2024-12-10 02:00:00,7122580.96880939,1523966.6646936513
2024-12-10 03:00:00,7123312.624541494,1523966.6646936513
2024-12-10 04:00:00,7124046.774101079,1523966.6646936513
2024-12-10 05:00:00,7124800.342263989,1524479.3409757183
2024-12-10 06:00:00,7125577.784668657,1525256.7833803867
2024-12-10 07:00:00,7126389.1763781095,1525947.0313398393
2024-12-10 08:00:00,7127186.735657797,1526123.5438398393
2024-12-10 09:00:00,7127970.462507719,1526485.6813398392
2024-12-10 10:00:00,7128867.475627378,1526899.5275898392
2024-12-10 11:00:00,7129727.879359605,1527344.8250898393
2024-12-10 12:00:00,7130584.525725093,1527796.2425898393
2024-12-10 13:00:00,7131504.847818947,1528242.7175898394
2024-12-10 14:00:00,7132474.614199006,1528690.7713398393
2024-12-10 15:00:00,7133455.818934447,1529088.9650898394
2024-12-10 16:00:00,7134433.266303149,1529223.7091432614
2024-12-10 17:00:00,7135385.442886703,1529235.508116132
2024-12-10 18:00:00,7136318.899138628,1529235.508116132
2024-12-10 19:00:00,7137210.858101256,1529235.508116132
2024-12-10 20:00:00,7137991.392852002,1529235.508116132
2024-12-10 21:00:00,7138740.0731130475,1529235.508116132
2024-12-10 22:00:00,7139486.6585590085,1529235.508116132
2024-12-10 23:00:00,7140219.012562808,1529235.508116132
2024-12-11 00:00:00,7140936.8358651465,1529235.508116132
2024-12-11 01:00:00,7141652.830360665,1529235.508116132
2024-12-11 02:00:00,7142367.594567959,1529235.508116132
2024-12-11 03:00:00,7143078.568157481,1529235.508116132
2024-12-11 04:00:00,7143777.405119926,1529235.508116132
2024-12-11 05:00:00,7144495.926693959,1529709.9783561483
2024-12-11 06:00:00,7145232.038064497,1530446.0897266862
2024-12-11 07:00:00,7145968.714702597,1531035.8218054287
2024-12-11 08:00:00,7146663.2290307395,1531198.8056647696
2024-12-11 09:00:00,7147374.767887824,1531507.5182992155
2024-12-11 10:00:00,7148113.273332745,1531857.9936830397
2024-12-11 11:00:00,7148856.799683661,1532202.5905762678
2024-12-11 12:00:00,7149709.655431377,1532552.18584936
2024-12-11 13:00:00,7150564.472990044,1532907.6164488075
2024-12-11 14:00:00,7151412.440835896,1533230.0535449472
2024-12-11 15:00:00,7152259.012138357,1533508.978591315
2024-12-11 16:00:00,7153118.850603022,1533635.0786369822
2024-12-11 17:00:00,7153968.081988131,1533645.575466265
2024-12-11 18:00:00,7154810.330656291,1533645.575466265
2024-12-11 19:00:00,7155638.048622991,1533645.575466265
2024-12-11 20:00:00,7156459.482144437,1533645.575466265
2024-12-11 21:00:00,7157278.987105964,1533645.575466265
2024-12-11 22:00:00,7158089.115276159,1533645.575466265
2024-12-11 23:00:00,7158892.9590011,1533645.575466265
2024-12-12 00:00:00,7159693.743630997,1533645.575466265
2024-12-12 01:00:00,7160496.323816681,1533645.575466265
2024-12-12 02:00:00,7161294.016100501,1533645.575466265
2024-12-12 03:00:00,7162091.010112626,1533645.575466265
2024-12-12 04:00:00,7162890.531203265,1533819.4397348193
2024-12-12 05:00:00,7163705.28126706,1534634.189798614
2024-12-12 06:00:00,7164524.919232719,1535453.827764273
2024-12-12 07:00:00,7165342.030119862,1536189.9305503843
2024-12-12 08:00:00,7166140.287671245,1536297.2947120406
2024-12-12 09:00:00,7166927.239871376,1536511.9649857662
2024-12-12 10:00:00,7167696.602275004,1536772.1907536432
2024-12-12 11:00:00,7168470.287312932,1537052.8675566718
2024-12-12 12:00:00,7169260.996879803,1537374.9161637593
2024-12-12 13:00:00,7170080.634845462,1537672.61108693
2024-12-12 14:00:00,7170928.469687181,1537938.154196723
2024-12-12 15:00:00,7171789.571691102,1538141.8522796968
2024-12-12 16:00:00,7172643.1257105125,1538243.5637736295
2024-12-12 17:00:00,7173478.524665856,1538253.2179945717
2024-12-12 18:00:00,7175119.995165357,1538253.2179945717
2024-12-12 19:00:00,7176749.229284682,1538253.2179945717
2024-12-12 20:00:00,7178356.916734565,1538253.2179945717
2024-12-12 21:00:00,7179962.077105933,1538253.2179945717
2024-12-12 22:00:00,7181556.065130183,1538253.2179945717
2024-12-12 23:00:00,7183141.407885829,1538253.2179945717
2024-12-13 00:00:00,7184716.708829482,1538253.2179945717
2024-12-13 01:00:00,7185500.60193457,1538253.2179945717
2024-12-13 02:00:00,7186282.533228706,1538253.2179945717
2024-12-13 03:00:00,7187063.200983584,1538791.8395308082
2024-12-13 04:00:00,7187847.6261052005,1539576.2646524252
2024-12-13 05:00:00,7188647.712463403,1540376.3510106273
2024-12-13 06:00:00,7189476.826973492,1541205.4655207167
2024-12-13 07:00:00,7190352.459678874,1542004.3939020867
2024-12-13 08:00:00,7191238.001192117,1542168.6359104062
2024-12-13 09:00:00,7192112.935625804,1542375.996970023
2024-12-13 10:00:00,7193011.046029554,1542620.0951341575
2024-12-13 11:00:00,7193931.235119276,1542963.9723612075
2024-12-13 12:00:00,7194850.16066974,1543320.9789247848
2024-12-13 13:00:00,7195722.568024913,1543662.0251674785
2024-12-13 14:00:00,7196657.819832624,1543997.9145027932
2024-12-13 15:00:00,7197614.452054612,1544280.2216208456
2024-12-13 16:00:00,7198573.046087553,1544414.7284967576
2024-12-13 17:00:00,7199514.748595684,1544428.439020553
2024-12-13 18:00:00,7200441.787398222,1544428.439020553
2024-12-13 19:00:00,7201351.203153223,1544428.439020553
2024-12-13 20:00:00,7202244.425655109,1544428.439020553
2024-12-13 21:00:00,7203142.669062992,1544428.439020553
2024-12-13 22:00:00,7204040.21419918,1544428.439020553
2024-12-13 23:00:00,7204930.776618419,1544428.439020553
2024-12-14 00:00:00,7205812.128501493,1544428.439020553
2024-12-14 01:00:00,7206683.83758497,1544428.439020553
2024-12-14 02:00:00,7207493.400487603,1544428.439020553
2024-12-14 03:00:00,7208292.223306548,1544518.502299624
2024-12-14 04:00:00,7209090.3478537975,1545316.626846874
2024-12-14 05:00:00,7209896.153389691,1546122.4323827676
2024-12-14 06:00:00,7210727.096706601,1546953.375699677
2024-12-14 07:00:00,7211585.006611346,1547723.2044272835
2024-12-14 08:00:00,7212434.104992323,1547830.5968459407
2024-12-14 09:00:00,7213251.215879466,1548049.836125368
2024-12-14 10:00:00,7214032.448901907,1548316.0924378887
2024-12-14 11:00:00,7214841.47978801,1548613.1842541837
2024-12-14 12:00:00,7215636.545240216,1548907.7511454173
2024-12-14 13:00:00,7216403.3805653285,1549194.8811689347
2024-12-14 14:00:00,7217245.629233489,1549463.0405019394
2024-12-14 15:00:00,7218121.261938871,1549674.917403502
2024-12-14 16:00:00,7218999.421722768,1549774.1914478962
2024-12-14 17:00:00,7219851.745453954,1549783.3608293827
2024-12-14 18:00:00,7220676.404325609,1549783.3608293827
2024-12-14 19:00:00,7221450.22236767,1549783.3608293827
2024-12-14 20:00:00,7222210.773247529,1549783.3608293827
2024-12-14 21:00:00,7222964.474414571,1549783.3608293827
2024-12-14 22:00:00,7223706.737226231,1549783.3608293827
2024-12-14 23:00:00,7224439.656497592,1549783.3608293827
2024-12-15 00:00:00,7225163.198977622,1549783.3608293827
2024-12-15 01:00:00,7225879.060469008,1549783.3608293827
2024-12-15 02:00:00,7226590.599326093,1549783.3608293827
2024-12-15 03:00:00,7227300.87464392,1549941.56758381
2024-12-15 04:00:00,7228011.71522931,1550652.4081691997
2024-12-15 05:00:00,7228737.784787855,1551378.4777277445
2024-12-15 06:00:00,7229490.255666673,1552130.9486065623
2024-12-15 07:00:00,7230274.148771761,1552745.531293431
2024-12-15 08:00:00,7231050.892904734,1552946.0867554182
2024-12-15 09:00:00,7231786.172999444,1553295.867891714
2024-12-15 10:00:00,7232497.578852396,1553671.067517583
2024-12-15 11:00:00,7233193.323468763,1554084.4791168966
2024-12-15 12:00:00,7233984.033035634,1554521.6375398322
2024-12-15 13:00:00,7234834.394955868,1554951.890641824
2024-12-15 14:00:00,7235711.158196375,1555398.4360473382
2024-12-15 15:00:00,7236525.908260169,1555821.9103028814
2024-12-15 16:00:00,7237340.525319831,1556015.6567749067
2024-12-15 17:00:00,7238140.611678034,1556029.6929189546
2024-12-15 18:00:00,7238928.827417423,1556029.6929189546
2024-12-15 19:00:00,7239701.381920227,1556029.6929189546
2024-12-15 20:00:00,7240453.15452735,1556029.6929189546
2024-12-15 21:00:00,7241200.438245006,1556029.6929189546
2024-12-15 22:00:00,7241932.659244672,1556029.6929189546
2024-12-15 23:00:00,7242659.826087309,1556029.6929189546
2024-12-16 00:00:00,7243378.912928905,1556029.6929189546
2024-12-16 01:00:00,7244092.280592809,1556029.6929189546
2024-12-16 02:00:00,7244805.781260846,1556029.6929189546
2024-12-16 03:00:00,7245513.562751192,1556029.6929189546
2024-12-16 04:00:00,7246225.799879971,1556029.6929189546
2024-12-16 05:00:00,7246958.15388377,1556029.6929189546
2024-12-16 06:00:00,7247710.624762588,1556782.1637977725
2024-12-16 07:00:00,7248529.697460685,1557527.7018360065
2024-12-16 08:00:00,7249439.279470852,1557716.5316648262
2024-12-16 09:00:00,7250320.498349792,1557917.4286587199
2024-12-16 10:00:00,7251221.834103753,1558174.0499997379
2024-12-16 11:00:00,7252135.738748221,1558523.6507452526
2024-12-16 12:00:00,7253055.36257038,1558863.7254764393
2024-12-16 13:00:00,7253981.836105356,1559201.7161245537
2024-12-16 14:00:00,7254920.878530839,1559510.9550657482
2024-12-16 15:00:00,7255873.055114393,1559773.915541722
2024-12-16 16:00:00,7256886.812611229,1559907.0898772485
2024-12-16 17:00:00,7257865.523519188,1559920.3646909634
2024-12-16 18:00:00,7258832.8958248645,1559920.3646909634
2024-12-16 19:00:00,7259786.3026966425,1559920.3646909634
2024-12-16 20:00:00,7260708.4535973165,1559920.3646909634
2024-12-16 21:00:00,7261575.840046492,1559920.3646909634
2024-12-16 22:00:00,7262311.253145335,1559920.3646909634
2024-12-16 23:00:00,7263033.964349538,1559920.3646909634
2024-12-17 00:00:00,7263745.503206623,1559920.3646909634
2024-12-17 01:00:00,7264456.476796145,1559920.3646909634
2024-12-17 02:00:00,7265164.79030302,1559920.3646909634
2024-12-17 03:00:00,7265872.571793365,1559920.3646909634
2024-12-17 04:00:00,7266578.391472759,1560471.2821341865
2024-12-17 05:00:00,7267299.273870141,1561192.1645315692
2024-12-17 06:00:00,7268040.273142544,1561933.1638039711
2024-12-17 07:00:00,7268827.225342675,1562636.4175363204
2024-12-17 08:00:00,7269633.030878569,1562742.9792680999
2024-12-17 09:00:00,7270446.384398974,1562954.1634514427
2024-12-17 10:00:00,7271248.964584658,1563238.2340523675
2024-12-17 11:00:00,7272033.3897062745,1563525.8593026595
2024-12-17 12:00:00,7272814.755732847,1563859.6370323012
2024-12-17 13:00:00,7273583.41986478,1564163.473044162
2024-12-17 14:00:00,7274359.066713662,1564436.0803282897
2024-12-17 15:00:00,7275154.26517,1564641.119242698
2024-12-17 16:00:00,7275951.824449687,1564738.0847292498
2024-12-17 17:00:00,7276738.211382257,1564747.575437881
2024-12-17 18:00:00,7277513.858231138,1564747.575437881
2024-12-17 19:00:00,7278278.731745299,1564747.575437881
2024-12-17 20:00:00,7279030.504352422,1564747.575437881
2024-12-17 21:00:00,7279773.465435777,1564747.575437881
2024-12-17 22:00:00,7280505.1211678805,1564747.575437881
2024-12-17 23:00:00,7281227.832372083,1564747.575437881
2024-12-18 00:00:00,7281943.693863469,1564747.575437881
2024-12-18 01:00:00,7282658.990087293,1564747.575437881
2024-12-18 02:00:00,7283370.528944378,1564747.575437881
2024-12-18 03:00:00,7284079.008706418,1564747.575437881
2024-12-18 04:00:00,7284786.6239415975,1564769.854479223
2024-12-18 05:00:00,7285521.4717728775,1565504.7023105035
2024-12-18 06:00:00,7286270.152033923,1566253.3825715492
2024-12-18 07:00:00,7287020.661101789,1566937.058381118
2024-12-18 08:00:00,7287744.203581819,1567034.2662355998
2024-12-18 09:00:00,7288420.562845895,1567234.4197424059
2024-12-18 10:00:00,7289078.767045904,1567471.1547634336
2024-12-18 11:00:00,7289692.81387397,1567731.9610130358
2024-12-18 12:00:00,7290343.3370853355,1568051.383515484
2024-12-18 13:00:00,7290994.558568396,1568348.9085223433
2024-12-18 14:00:00,7291712.3818707345,1568621.0155888002
2024-12-18 15:00:00,7292444.735874534,1568837.7861935268
2024-12-18 16:00:00,7293196.508481657,1568942.6225082318
2024-12-18 17:00:00,7293954.565534034,1568949.8504827325
2024-12-18 18:00:00,7294709.530240334,1568949.8504827325
2024-12-18 19:00:00,7295459.474040637,1568949.8504827325
2024-12-18 20:00:00,7296200.606317171,1568949.8504827325
2024-12-18 21:00:00,7296942.869128831,1568949.8504827325
2024-12-18 22:00:00,7297675.788400192,1568949.8504827325
2024-12-18 23:00:00,7298407.444132295,1568949.8504827325
2024-12-19 00:00:00,7299134.610974932,1568949.8504827325
2024-12-19 01:00:00,7299854.79510062,1568949.8504827325
2024-12-19 02:00:00,7300581.429926727,1568949.8504827325
2024-12-19 03:00:00,7301313.085658831,1568949.8504827325
2024-12-19 04:00:00,7302041.516040725,1568949.8504827325
2024-12-19 05:00:00,7302781.950045564,1569686.7786208477
2024-12-19 06:00:00,7303541.237386165,1570446.065961449
2024-12-19 07:00:00,7304303.051805281,1571092.6412370496
2024-12-19 08:00:00,7305037.766632429,1571261.2860663107
2024-12-19 09:00:00,7305722.904169241,1571630.7283734265
2024-12-19 10:00:00,7306358.331411583,1572036.5181087607
2024-12-19 11:00:00,7306964.298238608,1572493.8444876575
2024-12-19 12:00:00,7307574.022432372,1572923.058848557
2024-12-19 13:00:00,7308201.336422641,1573363.9639125848
2024-12-19 14:00:00,7308879.092230107,1573834.3575404736
2024-12-19 15:00:00,7309598.179071703,1574215.0113512413
2024-12-19 16:00:00,7310344.365505267,1574346.5121537782
2024-12-19 17:00:00,7311098.631939871,1574358.0925248319
2024-12-19 18:00:00,7311851.634835219,1574358.0925248319
2024-12-19 19:00:00,7312594.462914441,1574358.0925248319
2024-12-19 20:00:00,7313329.876013284,1574358.0925248319
2024-12-19 21:00:00,7314066.419647251,1574358.0925248319
2024-12-19 22:00:00,7314793.586489888,1574358.0925248319
2024-12-19 23:00:00,7315518.392509175,1574358.0925248319
2024-12-20 00:00:00,7316239.9731782535,1574358.0925248319
2024-12-20 01:00:00,7316957.098208897,1574358.0925248319
2024-12-20 02:00:00,7317672.394432721,1574358.0925248319
2024-12-20 03:00:00,7318383.933289805,1574358.0925248319
2024-12-20 04:00:00,7319096.735686148,1574358.0925248319
2024-12-20 05:00:00,7319825.731335605,1574358.0925248319
2024-12-20 06:00:00,7320575.675135908,1575011.9662482126
2024-12-20 07:00:00,7321365.686431084,1575657.402622479
2024-12-20 08:00:00,7322167.867604371,1575879.7540182564
2024-12-20 09:00:00,7322949.798898507,1576304.3016414794
2024-12-20 10:00:00,7323739.810193683,1576791.5120571558
2024-12-20 11:00:00,7324502.755147924,1577224.8314772944
2024-12-20 12:00:00,7325238.866518461,1577656.4534943032
2024-12-20 13:00:00,7326030.972628722,1578127.0451316927
2024-12-20 14:00:00,7326817.791824722,1578587.305428843
2024-12-20 15:00:00,7327619.839993876,1579032.076021001
2024-12-20 16:00:00,7328424.947258075,1579239.169371686
2024-12-20 17:00:00,7329211.201186512,1579258.3265269476
2024-12-20 18:00:00,7329986.848035393,1579258.3265269476
2024-12-20 19:00:00,7330751.189533024,1579258.3265269476
2024-12-20 20:00:00,7331502.962140148,1579258.3265269476
2024-12-20 21:00:00,7332246.621495197,1579258.3265269476
2024-12-20 22:00:00,7332978.2772273,1579258.3265269476
2024-12-20 23:00:00,7333701.686703198,1579258.3265269476
2024-12-21 00:00:00,7334422.037084051,1579258.3265269476
2024-12-21 01:00:00,7335134.839480394,1579258.3265269476
2024-12-21 02:00:00,7335841.922699044,1579258.3265269476
2024-12-21 03:00:00,7336545.913571618,1579258.3265269476
2024-12-21 04:00:00,7337251.866255143,1579258.3265269476
2024-12-21 05:00:00,7338001.810055446,1579258.3265269476
2024-12-21 06:00:00,7338911.924082141,1580109.0561942307
2024-12-21 07:00:00,7339847.175889852,1580978.5436562705
2024-12-21 08:00:00,7340720.28151672,1581329.9772344094
2024-12-21 09:00:00,7341588.36623759,1581470.370408026
2024-12-21 10:00:00,7342482.154007039,1581649.2116799252
2024-12-21 11:00:00,7343370.355602928,1581804.9954190573
2024-12-21 12:00:00,7344291.242964345,1581990.1198005464
2024-12-21 13:00:00,7345217.716499321,1582162.0761923168
2024-12-21 14:00:00,7346173.085182052,1582317.251981257
2024-12-21 15:00:00,7347121.471147834,1582440.5868740275
2024-12-21 16:00:00,7348052.400321244,1582509.324312352
2024-12-21 17:00:00,7348960.020520458,1582516.5702322547
2024-12-21 18:00:00,7349846.825572958,1582516.5702322547
2024-12-21 19:00:00,7350728.742723594,1583285.391507234
2024-12-21 20:00:00,7351586.22036491,1584142.869148549
2024-12-21 21:00:00,7352416.4654101245,1584973.1141937634
2024-12-21 22:00:00,7353230.517202225,1585787.1659858632
2024-12-21 23:00:00,7354037.586277376,1586594.2350610143
2024-12-22 00:00:00,7354827.763827718,1587384.4126113558
2024-12-22 01:00:00,7355610.260389416,1588166.9091730537
2024-12-22 02:00:00,7356391.626415988,1588948.2751996266
2024-12-22 03:00:00,7357172.161166734,1589728.8099503722
2024-12-22 04:00:00,7357957.284560046,1590513.933343684
2024-12-22 05:00:00,7358754.843839734,1591311.4926233715
2024-12-22 06:00:00,7359577.540900437,1592134.1896840746
2024-12-22 07:00:00,7360431.261175013,1592910.8955834056
2024-12-22 08:00:00,7361304.932069442,1593032.4059371431
2024-12-22 09:00:00,7362185.452676688,1593229.5974942513
2024-12-22 10:00:00,7363069.730650674,1593476.1454864806
2024-12-22 11:00:00,7363960.991341608,1593811.152567913
2024-12-22 12:00:00,7364844.737299063,1594145.470898127
2024-12-22 13:00:00,7365739.090336074,1594484.494660785
2024-12-22 14:00:00,7366632.31283796,1594811.0477446853
2024-12-22 15:00:00,7367530.42324171,1595071.1959845736
2024-12-22 16:00:00,7368418.491833468,1595200.5593207683
2024-12-22 17:00:00,7369295.953345669,1595213.7521965813
2024-12-22 18:00:00,7370169.6242400985,1595213.7521965813
2024-12-22 19:00:00,7371038.274228532,1595213.7521965813
2024-12-22 20:00:00,7371924.514013469,1595213.7521965813
2024-12-22 21:00:00,7372837.7203862425,1595213.7521965813
2024-12-22 22:00:00,7373771.043634035,1595213.7521965813
2024-12-22 23:00:00,7374696.818897315,1595213.7521965813
2024-12-23 00:00:00,7375611.987081041,1595213.7521965813
2024-12-23 01:00:00,7376529.649092248,1595213.7521965813
2024-12-23 02:00:00,7377446.047564197,1595213.7521965813
2024-12-23 03:00:00,7378359.952208665,1595846.242616463
2024-12-23 04:00:00,7379282.801381034,1596769.091788832
2024-12-23 05:00:00,7380221.843806517,1597708.1342143158
2024-12-23 06:00:00,7381182.9316669395,1598669.222074738
2024-12-23 07:00:00,7382164.7016699435,1599588.4181739187
2024-12-23 08:00:00,7383154.019657459,1600037.2599147223
2024-12-23 09:00:00,7384132.564310254,1600176.2087246093
2024-12-23 10:00:00,7385171.459588106,1600357.5360587218
2024-12-23 11:00:00,7386271.370511677,1600513.6409201217
2024-12-23 12:00:00,7387371.979706943,1600711.5418270505
2024-12-23 13:00:00,7388442.297211065,1600887.6435122585
2024-12-23 14:00:00,7389505.066730675,1601039.942617457
2024-12-23 15:00:00,7390566.572711028,1601165.9350607253
2024-12-23 16:00:00,7391630.173506466,1601234.7171211278
2024-12-23 17:00:00,7392692.943026076,1601283.839180958
2024-12-23 18:00:00,7393736.426946494,1602327.3231013762
2024-12-23 19:00:00,7394674.771100283,1603265.667255165
2024-12-23 20:00:00,7395568.558869732,1604159.4550246138
2024-12-23 21:00:00,7396445.3221102385,1605036.2182651206
2024-12-23 22:00:00,7397315.235637929,1605906.131792811
2024-12-23 23:00:00,7398184.583898057,1606775.480052939
2024-12-24 00:00:00,7399043.192074497,1607634.088229379
2024-12-24 01:00:00,7399896.746093907,1608487.6422487893
2024-12-24 02:00:00,7400747.939289968,1609338.8354448504
2024-12-24 03:00:00,7401598.999481897,1610189.895636779
2024-12-24 04:00:00,7402446.967327748,1611037.8634826303
2024-12-24 05:00:00,7403311.859949443,1611902.7561043242
2024-12-24 06:00:00,7404191.250021564,1612782.1461764453
2024-12-24 07:00:00,7405070.108077155,1613535.123817445
2024-12-24 08:00:00,7405925.623907518,1613709.90925528
2024-12-24 09:00:00,7406778.479655233,1614055.7988903695
2024-12-24 10:00:00,7407625.050957695,1614478.6643823658
2024-12-24 11:00:00,7408478.604977105,1614911.5435709814
2024-12-24 12:00:00,7409349.782044053,1615346.9138660901
2024-12-24 13:00:00,7410223.452938482,1615806.9707653937
2024-12-24 14:00:00,7411098.520376301,1616248.5556049286
2024-12-24 15:00:00,7411987.287239754,1616631.9305640496
2024-12-24 16:00:00,7412877.849658993,1616759.1186369106
2024-12-24 17:00:00,7413772.9009676995,1616771.2855729987
2024-12-24 18:00:00,7414655.383385898,1616771.2855729987
2024-12-24 19:00:00,7415529.054280327,1616771.2855729987
2024-12-24 20:00:00,7416391.985091068,1616771.2855729987
2024-12-24 21:00:00,7417251.989810898,1616771.2855729987
2024-12-24 22:00:00,7418110.032719775,1616771.2855729987
2024-12-24 23:00:00,7418962.489455094,1616771.2855729987
2024-12-25 00:00:00,7419811.15557264,1616771.2855729987
2024-12-25 01:00:00,7420649.646874061,1616771.2855729987
2024-12-25 02:00:00,7421453.623603134,1616771.2855729987
2024-12-25 03:00:00,7422248.1237877775,1616771.2855729987
2024-12-25 04:00:00,7422997.934583948,1617300.166937189
2024-12-25 05:00:00,7423744.653034042,1618046.8853872824
2024-12-25 06:00:00,7424507.730992415,1618809.963345656
2024-12-25 07:00:00,7425276.52812848,1619510.6602776607
2024-12-25 08:00:00,7426041.40164264,1619638.3181707123
2024-12-25 09:00:00,7426789.250627859,1619845.8046503323
2024-12-25 10:00:00,7427493.241500432,1620098.5137110383
2024-12-25 11:00:00,7428218.612787281,1620362.4247999112
2024-12-25 12:00:00,7429079.714791203,1620675.320123015
2024-12-25 13:00:00,7429923.360002752,1620959.6767487745
2024-12-25 14:00:00,7430668.282897059,1621244.4310628902
2024-12-25 15:00:00,7431421.452047572,1621465.358946737
2024-12-25 16:00:00,7432162.451319974,1621569.159554834
2024-12-25 17:00:00,7432905.412403328,1621576.4143119354
2024-12-25 18:00:00,7433645.846408168,1621576.4143119354
2024-12-25 19:00:00,7434379.297696059,1621576.4143119354
2024-12-25 20:00:00,7435102.707171956,1621576.4143119354
2024-12-25 21:00:00,7435831.835825545,1621576.4143119354
2024-12-25 22:00:00,7436551.487934703,1621576.4143119354
2024-12-25 23:00:00,7437266.252141997,1621576.4143119354
2024-12-26 00:00:00,7437977.790999082,1621576.4143119354
2024-12-26 01:00:00,7438691.856934682,1621576.4143119354
2024-12-26 02:00:00,7439401.566984946,1621576.4143119354
2024-12-26 03:00:00,7440109.880491821,1621576.4143119354
2024-12-26 04:00:00,7440816.398442909,1621772.7937872433
2024-12-26 05:00:00,7441533.656477685,1622490.0518220193
2024-12-26 06:00:00,7442261.521592016,1623217.9169363508
2024-12-26 07:00:00,7442994.57386751,1623878.2331560696
2024-12-26 08:00:00,7443728.723427095,1624034.5803726118
2024-12-26 09:00:00,7444453.529446383,1624184.1704037238
2024-12-26 10:00:00,7445188.377277663,1624382.6303002879
2024-12-26 11:00:00,7446078.241425207,1624612.8894145906
2024-12-26 12:00:00,7446979.011911605,1624882.8221969327
2024-12-26 13:00:00,7447899.899273021,1625138.5348681957
2024-12-26 14:00:00,7448836.979887553,1625373.4124449487
2024-12-26 15:00:00,7449782.872025853,1625573.9335323027
2024-12-26 16:00:00,7450749.546059834,1625686.535287973
2024-12-26 17:00:00,7451733.843141353,1625697.8559007058
2024-12-26 18:00:00,7452718.6722394,1625697.8559007058
2024-12-26 19:00:00,7453643.882235119,1625697.8559007058
2024-12-26 20:00:00,7454430.967439383,1625697.8559007058
2024-12-26 21:00:00,7455156.903993796,1625697.8559007058
2024-12-26 22:00:00,7455874.860300266,1625697.8559007058
2024-12-26 23:00:00,7456588.926235866,1625883.5779802303
2024-12-27 00:00:00,7457295.444186954,1626590.0959313184
2024-12-27 01:00:00,7458001.263866347,1627295.9156107116
2024-12-27 02:00:00,7459404.25795653,1627295.9156107116
2024-12-27 03:00:00,7460798.540276043,1627295.9156107116
2024-12-27 04:00:00,7462201.534366226,1627295.9156107116
2024-12-27 05:00:00,7463639.7080494175,1627295.9156107116
2024-12-27 06:00:00,7464382.669132772,1628038.8766940658
2024-12-27 07:00:00,7465159.579520911,1628754.4127204677
2024-12-27 08:00:00,7465933.26455884,1629020.7378910198
2024-12-27 09:00:00,7466700.798155647,1629170.0458477063
2024-12-27 10:00:00,7467447.383601608,1629344.3469605532
2024-12-27 11:00:00,7468154.466820259,1629503.3861728285
2024-12-27 12:00:00,7468839.60435707,1629695.1641204702
2024-12-27 13:00:00,7469597.096141885,1629865.645661972
2024-12-27 14:00:00,7470380.290975277,1630022.7171369372
2024-12-27 15:00:00,7471179.246798354,1630146.0769418098
2024-12-27 16:00:00,7471981.9932392035,1630215.714002873
2024-12-27 17:00:00,7472770.907250288,1630651.4646791804
2024-12-27 18:00:00,7473549.047926651,1631429.6053555436
2024-12-27 19:00:00,7474316.448519327,1632197.0059482187
2024-12-27 20:00:00,7475074.339316539,1632954.8967454303
2024-12-27 21:00:00,7475827.209207754,1633707.7666366452
2024-12-27 22:00:00,7476569.4720194135,1634450.0294483046
2024-12-27 23:00:00,7477302.923307304,1635183.480736195
2024-12-28 00:00:00,7478025.76751564,1635906.3249445301
2024-12-28 01:00:00,7478747.348184718,1636627.9056136077
2024-12-28 02:00:00,7479468.928853796,1637349.4862826853
2024-12-28 03:00:00,7480179.769439186,1638060.326868075
2024-12-28 04:00:00,7480893.13710309,1638773.6945319795
2024-12-28 05:00:00,7481621.002217421,1639501.559646311
2024-12-28 06:00:00,7482371.378281155,1640251.9357100443
2024-12-28 07:00:00,7483163.351387283,1640966.8458699211
2024-12-28 08:00:00,7483974.177829173,1641077.6025426395
2024-12-28 09:00:00,7484791.288716317,1641286.7913164005
2024-12-28 10:00:00,7485594.567173696,1641553.8978371578
2024-12-28 11:00:00,7486385.975012262,1641903.7420417839
2024-12-28 12:00:00,7487178.513385953,1642253.8861267688
2024-12-28 13:00:00,7487974.9753815485,1642591.2048113334
2024-12-28 14:00:00,7488771.437377144,1642900.4195201688
2024-12-28 15:00:00,7489574.017562828,1643162.1408623988
2024-12-28 16:00:00,7490371.011574953,1643293.7447033485
2024-12-28 17:00:00,7491155.436696569,1643307.5937946269
2024-12-28 18:00:00,7491927.991199373,1643307.5937946269
2024-12-28 19:00:00,7492687.843807537,1643307.5937946269
2024-12-28 20:00:00,7493433.863985935,1643307.5937946269
2024-12-28 21:00:00,7494170.5406240355,1643307.5937946269
2024-12-28 22:00:00,7494899.104010062,1643307.5937946269
2024-12-28 23:00:00,7495619.454390916,1643307.5937946269
2024-12-29 00:00:00,7496335.315882302,1643307.5937946269
2024-12-29 01:00:00,7497046.854739387,1643307.5937946269
2024-12-29 02:00:00,7497755.733513824,1643307.5937946269
2024-12-29 03:00:00,7498462.949736606,1643307.5937946269
2024-12-29 04:00:00,7499174.488593691,1643307.5937946269
2024-12-29 05:00:00,7499904.315518975,1643307.5937946269
2024-12-29 06:00:00,7500653.561047584,1643996.2767391582
2024-12-29 07:00:00,7501444.2706144545,1644716.0683213633
2024-12-29 08:00:00,7502248.812611091,1644902.0725470076
2024-12-29 09:00:00,7503048.898969294,1645059.1806990684
2024-12-29 10:00:00,7503844.496438028,1645261.6355424437
2024-12-29 11:00:00,7504627.691271421,1645499.9722354081
2024-12-29 12:00:00,7505422.889727758,1645778.4207212867
2024-12-29 13:00:00,7506225.469913443,1646021.5217301466
2024-12-29 14:00:00,7507029.878905946,1646252.0592803122
2024-12-29 15:00:00,7507829.399996586,1646452.51357191
2024-12-29 16:00:00,7508621.938370277,1646565.6190532562
2024-12-29 17:00:00,7509400.079046641,1646577.0581748842
2024-12-29 18:00:00,7510166.2161000585,1646577.0581748842
2024-12-29 19:00:00,7510915.461628667,1646577.0581748842
2024-12-29 20:00:00,7511658.987979583,1646577.0581748842
2024-12-29 21:00:00,7512400.68552368,1646577.0581748842
2024-12-29 22:00:00,7513128.550638012,1646577.0581748842
2024-12-29 23:00:00,7513852.093118042,1646577.0581748842
2024-12-30 00:00:00,7514563.498970994,1646577.0581748842
2024-12-30 01:00:00,7515268.1881152615,1646878.9721522976
2024-12-30 02:00:00,7515972.311991967,1647583.0960290032
2024-12-30 03:00:00,7516677.566403798,1648288.3504408337
2024-12-30 04:00:00,7517381.557276371,1648992.341313407
2024-12-30 05:00:00,7518099.247574577,1649710.0316116132
2024-12-30 06:00:00,7518842.208657932,1650452.9926949674
2024-12-30 07:00:00,7519621.612873552,1651086.816802693
2024-12-30 08:00:00,7520389.1464703595,1651297.4422367255
2024-12-30 09:00:00,7521172.474307884,1651736.429334343
2024-12-30 10:00:00,7521961.953586531,1652198.4064687428
2024-12-30 11:00:00,7522727.525372386,1652654.5037303413
2024-12-30 12:00:00,7523481.093535296,1653098.4701611185
2024-12-30 13:00:00,7524209.124904793,1653530.7210024917
2024-12-30 14:00:00,7524934.3631875105,1653978.8640869514
2024-12-30 15:00:00,7525691.15670063,1654389.512226561
2024-12-30 16:00:00,7526459.820832563,1654611.4662550974
2024-12-30 17:00:00,7527221.069984117,1654630.7033299499
2024-12-30 18:00:00,7527976.034690416,1654630.7033299499
2024-12-30 19:00:00,7528720.82458059,1654630.7033299499
2024-12-30 20:00:00,7529451.216773436,1654630.7033299499
2024-12-30 21:00:00,7530174.060981772,1654630.7033299499
2024-12-30 22:00:00,7530889.523460761,1654630.7033299499
2024-12-30 23:00:00,7531602.325857103,1654630.7033299499
