,cumulative_baseline,cumulative_solar,savings
0,444.79491326059207,440.1449132605921,4.649999999999977
1,887.5947645358074,878.2947645358074,9.299999999999955
2,1328.0254797033879,1314.075479703388,13.949999999999818
3,1768.3730672882443,1749.7730672882446,18.59999999999968
4,2210.7364987541587,2187.4864987541587,23.25
5,2661.724416927691,2633.824416927691,27.90000000000009
6,3119.0092494925684,3086.4592494925682,32.55000000000018
7,3583.359926588988,3519.4974265889878,63.86250000000018
8,4028.071712266856,3519.4974265889878,508.5742856778684
9,4469.998723923469,3519.4974265889878,950.501297334481
10,4896.297750027965,3519.4974265889878,1376.800323438977
11,5317.796158230148,3519.4974265889878,1798.29873164116
12,5761.36493964556,3519.4974265889878,2241.8675130565725
13,6204.06088144237,3515.3423395205036,2688.7185419218667
14,6645.281308645829,2879.2368261913607,3766.0444824544684
15,7099.511202545598,2280.330099540742,4819.181103004856
16,7561.596653012788,1998.6505955170917,5562.946057495697
17,8027.090334371663,1998.6505955170917,6028.439738854571
18,8494.142657906614,1998.6505955170917,6495.492062389522
19,8954.648684302047,1998.6505955170917,6955.998088784955
20,9407.216026547336,1998.6505955170917,7408.565431030244
21,9864.064439302912,1998.6505955170917,7865.413843785821
22,10318.543715950853,1998.6505955170917,8319.89312043376
23,10771.111058196142,1998.6505955170917,8772.46046267905
24,11221.766466038778,1998.6505955170917,9223.115870521686
25,11671.985454072113,1998.6505955170917,9673.334858555021
26,12120.625018033692,1998.6505955170917,10121.9744225166
27,12565.690095938136,1998.6505955170917,10567.039500421044
28,13010.755173842581,1998.6505955170917,11012.104578325489
29,13462.886096278567,1998.6505955170917,11464.235500761475
30,13927.319900957711,2203.796233274499,11723.523667683212
31,14391.317285827554,2637.024868144342,11754.292417683213
32,14839.956849789132,2637.024868144342,12202.93198164479
33,15259.522541692982,2637.024868144342,12622.497673548642
34,15652.81991745604,2637.024868144342,13015.795049311699
35,16037.825316842374,2637.024868144342,13400.800448698032
36,16409.384829723098,2637.024868144342,13772.359961578757
37,16783.39660629418,2637.024868144342,14146.371738149839
38,17192.84151500138,2424.724990788646,14768.116524212732
39,17638.696304941703,2031.6807225542493,15607.015582387454
40,18097.20726935176,1890.2464241077457,16206.960845244013
41,18558.856300009647,1890.2464241077457,16668.6098759019
42,19020.858622894113,1890.2464241077457,17130.612198786366
43,19478.579875268293,1890.2464241077457,17588.333451160546
44,19933.495571725536,1890.2464241077457,18043.24914761779
45,20392.255918883766,1890.2464241077457,18502.00949477602
46,20849.977171257946,1890.2464241077457,18959.7307471502
47,21304.456447905886,1890.2464241077457,19414.21002379814
48,21756.587370341873,1890.2464241077457,19866.340946234126
49,22207.575288515403,1890.2464241077457,20317.328864407657
50,22656.651272286283,1890.2464241077457,20766.404848178536
51,23105.727256057162,1890.2464241077457,21215.480831949415
52,23556.278754421393,1890.2464241077457,21666.032330313647
53,24012.337455141093,1890.2464241077457,22122.091031033346
54,24473.55006598968,2148.9635426388713,22324.58652335081
55,24937.464323276796,2595.4402999259896,22342.024023350805
56,25380.513557300183,2665.814533949377,22714.699023350804
57,25783.93171625989,2665.814533949377,23118.11718231051
58,26164.656045135936,2665.814533949377,23498.841511186558
59,26530.812265139597,2665.814533949377,23864.99773119022
60,26894.266838704727,2665.814533949377,24228.45230475535
61,27272.996105595397,2665.814533949377,24607.18157164602
62,27687.075377039462,2665.814533949377,25021.260843090084
63,28136.504653036918,2665.814533949377,25470.69011908754
64,28592.999773565916,2595.307087592595,25997.69268597332
65,29060.052097100866,2595.307087592595,26464.74500950827
66,29526.855037887646,2595.307087592595,26931.54795029505
67,29984.929582488403,2595.307087592595,27389.622494895808
68,30439.159476388173,2595.307087592595,27843.852388795578
69,30893.74266251452,2595.307087592595,28298.435574921925
70,31349.01165119834,2595.307087592595,28753.704563605745
71,31805.07035191804,2595.307087592595,29209.763264325444
72,32260.77576041116,2595.307087592595,29665.468672818566
73,32714.56923450163,2595.307087592595,30119.262146909034
74,33165.22464234426,2595.307087592595,30569.917554751668
75,33615.443630377595,2595.307087592595,31020.136542785
76,34066.3484209684,2595.307087592595,31471.041333375808
77,34525.628315518654,2595.307087592595,31930.32122792606
78,35005.69010574991,2881.226542573744,32124.46356317617
79,35508.88214587414,3350.4998326979658,32158.38231317617
80,36020.0128701485,3350.4998326979658,32669.513037450535
81,36503.21272662759,3350.4998326979658,33152.71289392962
82,36955.4267766463,3350.4998326979658,33604.92694394833
83,37393.509137601926,3350.4998326979658,34043.00930490396
84,37826.437588428664,3350.4998326979658,34475.9377557307
85,38266.07859156036,3171.616943452792,35094.46164810757
86,38738.63811745078,2604.5145695984324,36134.123547852345
87,39247.42048751319,2083.0863334128708,37164.33415410032
88,39759.69421605001,1852.5921406170733,37907.10207543294
89,40269.5988084792,1852.5921406170733,38417.00666786212
90,40770.96204178349,1852.5921406170733,38918.369901166414
91,41266.73494514959,1852.5921406170733,39414.142804532516
92,41755.87842379345,1852.5921406170733,39903.28628317638
93,42241.779926711075,1852.5921406170733,40389.187786094
94,42719.49336273038,1852.5921406170733,40866.90122211331
95,43190.473464549046,1852.5921406170733,41337.88132393197
96,43661.10027414113,1852.5921406170733,41808.508133524054
97,44132.516795769094,1852.5921406170733,42279.92465515202
98,44601.5849631851,1852.5921406170733,42748.99282256803
99,45067.515064353276,1852.5921406170733,43214.9229237362
100,45529.84989756864,1852.5921406170733,43677.25775695156
101,46010.26498002648,1934.3326428404287,44075.93233718605
102,46505.2481713567,2424.6658341706525,44080.58233718605
103,47020.65996614136,2921.9276289553063,44098.73233718605
104,47528.13307677586,3142.8632395898153,44385.269837186046
105,48014.90741931209,3142.8632395898153,44872.044179722274
106,48476.909742196556,3142.8632395898153,45334.04650260674
107,48920.47852361197,3142.8632395898153,45777.615284022155
108,49361.69895081543,3142.8632395898153,46218.83571122561
109,49809.90209496771,3142.8632395898153,46667.03885537789
110,50284.80997507008,3142.8632395898153,47141.94673548026
111,50793.15592532319,3142.8632395898153,47650.29268573337
112,51307.42471584539,3142.8632395898153,48164.56147625557
113,51816.89288846527,3142.8632395898153,48674.029648875454
114,52319.37834413634,3142.8632395898153,49176.515104546525
115,52813.925115657265,3142.8632395898153,49671.06187606745
116,53300.26303838419,3142.8632395898153,50157.39979879437
117,53781.98738026993,3502.3983536832366,50279.58902658669
118,54255.41974577895,3971.180719192256,50284.23902658669
119,54724.051493385654,4435.162466798964,50288.889026586694
120,55186.13694385284,4892.597917266154,50293.53902658669
121,55652.39955535191,5354.210528765226,50298.18902658669
122,56113.1757463912,5810.3367198045125,50302.83902658669
123,56562.25173016208,6254.762703575392,50307.48902658669
124,57016.48162406185,6704.342597475162,50312.139026586694
125,57484.05349498883,7167.264468402137,50316.789026586695
126,57969.954997906454,7648.515971319761,50321.4390265867
127,58473.2301656134,8124.491139026706,50348.73902658669
128,58970.22920082468,8124.491139026706,50845.73806179797
129,59444.451278369575,8124.491139026706,51319.96013934287
130,59892.30113029527,8124.491139026706,51767.809991268565
131,60326.019293157886,8124.491139026706,52201.52815413118
132,60756.93190010356,8124.491139026706,52632.440761076854
133,61187.84450704924,8120.556332155368,53067.28817489387
134,61644.339627578236,7536.850696156442,54107.488931421794
135,62137.41088450581,6995.3905147169435,55142.020369788865
136,62636.32185411974,6712.151218351991,55924.170635767754
137,63132.448049712424,6712.151218351991,56420.296831360436
138,63621.238236129706,6712.151218351991,56909.08701777772
139,64110.73500700014,6712.151218351991,57398.58378864815
140,64589.21737315965,6712.151218351991,57877.06615480766
141,65058.285540575656,6712.151218351991,58346.13432222367
142,65499.505967779114,6712.151218351991,58787.354749427126
143,65935.48935727096,6712.151218351991,59223.33813891897
144,66366.06945388574,6712.151218351991,59653.91823553375
145,66798.91477712974,6712.151218351991,60086.763558777755
146,67249.90269530327,6712.151218351991,60537.751476951285
147,67700.45419366751,6712.151218351991,60988.30297531552
148,68150.31988947427,6712.151218351991,61438.16867112228
149,68609.16336421522,6712.151218351991,61897.01214586323
150,69086.08708819865,6957.874287423337,62128.21280077531
151,69588.9258360963,7425.519285320981,62163.40655077532
152,70087.15100315276,7425.519285320981,62661.63171783178
153,70559.7936566259,7425.519285320981,63134.27437130492
154,71017.86820122665,7425.519285320981,63592.34891590567
155,71479.43410430182,7425.519285320981,64053.91481898084
156,71947.00597522879,7425.519285320981,64521.48668990781
157,72421.664472583,7365.677099705064,65055.987372877935
158,72902.07955504084,6806.141948477673,66095.93760656317
159,73394.27797234981,6303.287631190735,67090.99034115908
160,73891.96281011857,6050.70538208771,67841.25742803086
161,74387.73571348467,6050.70538208771,68337.03033139696
162,74875.21664047404,6050.70538208771,68824.51125838634
163,75354.57184625215,6050.70538208771,69303.86646416444
164,75823.55688608543,6050.70538208771,69772.85150399772
165,76284.76949693401,6050.70538208771,70234.0641148463
166,76740.91132523643,6050.70538208771,70690.20594314873
167,77192.68895544585,6050.70538208771,71141.98357335814
168,77643.24045381008,6050.70538208771,71592.53507172238
169,78094.93495643677,6050.70538208771,72044.22957434907
170,78546.02678408871,6050.70538208771,72495.321402001
171,78996.24577212204,6050.70538208771,72945.54039003434
172,79450.39253843909,6050.70538208771,73399.68715635139
173,79911.60514928767,6050.70538208771,73860.89976719997
174,80384.60109498739,6354.797004806792,74029.8040901806
175,80876.44622006977,6834.285879889184,74042.16034018059
176,81367.50163311629,7057.835042935698,74309.6665901806
177,81853.07062570303,7057.835042935698,74795.23558276733
178,82325.71327917617,7057.835042935698,75267.87823624047
179,82783.43453155035,7057.835042935698,75725.59948861465
180,83225.36154320696,7057.835042935698,76167.52650027127
181,83704.19720159305,7057.835042935698,76646.36215865736
182,84223.890066888,7057.835042935698,77166.0550239523
183,84752.66462059553,7057.835042935698,77694.82957765984
184,85280.56633468447,7057.835042935698,78222.73129174877
185,85784.19479461799,7057.835042935698,78726.35975168229
186,86267.83107090638,7057.835042935698,79209.99602797069
187,86742.38565878218,7057.835042935698,79684.55061584649
188,87206.38304365202,7057.835042935698,80148.54800071633
189,87662.52487195445,7057.835042935698,80604.68982901875
190,88114.30250216386,7057.835042935698,81056.46745922817
191,88565.7268401467,7057.835042935698,81507.891797211
192,89014.80282391758,7057.835042935698,81956.96778098188
193,89462.21625603398,7057.835042935698,82404.38121309828
194,89906.05520209324,7057.835042935698,82848.22015915754
195,90347.62892152327,7057.835042935698,83289.79387858757
196,90787.97650910812,7057.835042935698,83730.14146617243
197,91234.16380937934,7098.661905963007,84135.50190341634
198,91692.570864311,7552.418960894658,84140.15190341634
199,92150.29211668517,7965.665213268836,84184.62690341634
200,92596.5833264348,7965.665213268836,84630.91811316597
201,93038.15704586483,7965.665213268836,85072.491832596
202,93479.29434548557,7965.665213268836,85513.62913221674
203,93922.86312690098,7887.6993215101575,86035.16380539082
204,94375.78376137285,7071.451391088378,87304.33237028446
205,94823.55048571582,6228.594396615042,88594.95608910079
206,95277.69725203287,5319.851918931334,89957.84533310153
207,95734.54566478844,4399.597599823038,91334.9480649654
208,96195.6751480543,3850.9557089188565,92344.71943913544
209,96657.67747093877,3850.9557089188565,92806.72176201991
210,97118.89008178735,3850.9557089188565,93267.93437286849
211,97576.17491435223,3850.9557089188565,93725.21920543337
212,98031.09061080948,3850.9557089188565,94180.13490189062
213,98458.17934894985,3850.9557089188565,94607.22364003099
214,98884.39524747162,3850.9557089188565,95033.43953855276
215,99326.32225912824,3850.9557089188565,95475.36655020938
216,99770.59762499681,3850.9557089188565,95919.64191607795
217,100210.59192035509,3850.9557089188565,96359.63621143623
218,100650.14979590407,3850.9557089188565,96799.19408698521
219,101085.42660094277,3850.9557089188565,97234.4708920239
220,101521.05669820803,3850.9557089188565,97670.10098928917
221,101964.8956442673,3850.9557089188565,98113.93993534843
222,102413.97162803817,3850.9557089188565,98563.01591911931
223,102870.82004079374,4187.752560111184,98683.06748068256
224,103363.80817013858,4187.752560111184,99176.0556100274
225,103927.14301636364,4187.752560111184,99739.39045625245
226,104513.69124006438,4187.752560111184,100325.9386799532
227,105111.58637880695,4187.752560111184,100923.83381869577
228,105692.10785276021,3917.0556549779258,101775.05219778228
229,106238.94187381455,3187.5505791891337,103051.39129462541
230,106788.12424908084,2407.647345085123,104380.47690399572
231,107344.03995854777,1628.8999446613711,105715.1400138864
232,107880.75319640545,1192.4365555939191,106688.31664081154
233,108417.3833066804,1192.4365555939191,107224.94675108649
234,108923.36012082588,1192.4365555939191,107730.92356523196
235,109381.33075594823,1192.4365555939191,108188.89420035432
236,109832.75509393107,1192.4365555939191,108640.31853833716
237,110284.09630433118,1192.4365555939191,109091.65974873726
238,110731.5928640303,1192.4365555939191,109539.15630843639
239,111175.5149376723,1192.4365555939191,109983.07838207838
240,111620.58001557675,1192.4365555939191,110428.14345998284
241,112061.80044278021,1192.4365555939191,110869.3638871863
242,112506.94864826738,1192.4365555939191,111314.51209267347
243,112954.79850019308,1192.4365555939191,111762.36194459916
244,113267.10882848725,1192.4365555939191,112074.67227289334
245,113693.32472700902,1192.4365555939191,112500.8881714151
246,114163.9515366011,1192.4365555939191,112971.51498100719
247,114658.14501589545,1661.6550348882647,112996.4899810072
248,115149.63684875127,1661.6550348882647,113487.981813863
249,115612.40810177593,1661.6550348882647,113950.75306688767
250,116056.6834676445,1661.6550348882647,114395.02843275624
251,116491.62776235229,1661.6550348882647,114829.97272746403
252,116922.54036929797,1661.6550348882647,115260.88533440972
253,117354.24268827953,1661.6550348882647,115692.58765339127
254,117809.59480454607,1358.9814661618818,116450.61333838418
255,118305.36770791217,880.9194432977963,117424.44826461437
256,118811.44843153605,622.2230485368227,118189.22538299923
257,119313.16495706691,622.2230485368227,118690.94190853009
258,119805.0100821493,622.2230485368227,119182.78703361248
259,120292.22084449482,622.2230485368227,119669.997795958
260,120769.93428051412,622.2230485368227,120147.7112319773
261,121244.05244858061,622.2230485368227,120621.82940004379
262,121711.54119192486,622.2230485368227,121089.31814338804
263,122175.45544921198,622.2230485368227,121553.23240067516
264,122631.5972775144,622.2230485368227,122009.37422897758
265,123077.88848726403,622.2230485368227,122455.66543872721
266,123528.43998562827,622.2230485368227,122906.21693709145
267,123978.9914839925,622.2230485368227,123356.76843545568
268,124435.13331229493,622.2230485368227,123812.91026375811
269,124901.06341346311,622.2230485368227,124278.84036492629
270,125381.47849592095,979.1972185138095,124402.28127740714
271,125879.1633336897,1445.9633062825642,124433.20002740715
272,126375.3726568651,1445.9633062825642,124929.40935058254
273,126857.45029097742,1445.9633062825642,125411.48698469486
274,127316.64705794495,1445.9633062825642,125870.6837516624
275,127788.85329160879,1445.9633062825642,126342.88998532623
276,128258.71117106067,1445.9633062825642,126812.74786477811
277,128744.7165834567,1445.9633062825642,127298.75327717414
278,129239.69977478692,1149.0860607233558,128090.61371406355
279,129744.11794675632,673.6271453005896,129070.49080145573
280,130243.02891637025,411.230348935637,129831.79856743461
281,130735.22733367923,411.230348935637,130323.99698474359
282,131217.20105831313,411.230348935637,130805.97070937749
283,131693.33507026068,411.230348935637,131282.10472132504
284,132167.55714780558,411.230348935637,131756.32679886994
285,132635.3991833764,411.230348935637,132224.16883444076
286,133100.18628028213,411.230348935637,132688.95593134649
287,133561.83531094002,411.230348935637,133150.60496200438
288,134017.54071943313,411.230348935637,133606.3103704975
289,134471.3341935236,411.230348935637,134060.10384458795
290,134924.33795557817,411.230348935637,134513.10760664253
291,135376.5520055969,411.230348935637,134965.32165666125
292,135832.25741409,411.230348935637,135421.02706515437
293,136295.38195934126,411.230348935637,135884.15161040562
294,136778.93510804692,771.3492322607191,136007.5858757862
295,137284.9119221924,1237.1635464061956,136047.7483757862
296,137783.38647199704,1237.1635464061956,136546.22292559085
297,138251.58179979445,1237.1635464061956,137014.41825338826
298,138695.94029324575,1237.1635464061956,137458.77674683955
299,139127.6426122273,1237.1635464061956,137890.4790658211
300,139557.8694166155,1237.1635464061956,138320.7058702093
301,139994.72564572594,858.4040735404606,139136.32157218546
302,140454.79525231206,336.8705181748801,140117.9247341372
303,140959.56671650804,-133.67724294163992,141093.24395944967
304,141469.47130893724,-347.88709314867424,141817.3584020859
305,141975.01170327343,-347.88709314867424,142322.8987964221
306,142473.13296085148,-347.88709314867424,142821.02005400014
307,142963.83508167142,-347.88709314867424,143311.72217482008
308,143441.44460821233,-347.88709314867424,143789.331701361
309,143919.15804423165,-347.88709314867424,144267.0451373803
310,144390.1381460503,-347.88709314867424,144738.02523919896
311,144854.13553092015,-347.88709314867424,145202.0226240688
312,145310.27735922256,-347.88709314867424,145658.16445237122
313,145765.89964013296,-347.88709314867424,146113.78673328162
314,146216.8875583065,-347.88709314867424,146564.77465145517
315,146666.31683430396,-347.88709314867424,147014.20392745262
316,147115.39281807485,-347.88709314867424,147463.2799112235
317,147574.2362928158,-347.88709314867424,147922.12338596446
318,148050.37030476335,63.34137912476689,147987.0289256386
319,148552.7726328517,531.1351989697828,148021.63743388193
320,149055.25808852277,531.1351989697828,148524.122889553
321,149546.31350156927,531.1351989697828,149015.1783025995
322,150015.38166898527,531.1351989697828,149484.2464700155
323,150452.5911903223,531.1351989697828,149921.45599135253
324,150915.36244334697,531.1351989697828,150384.2272443772
325,151353.69418705077,441.9019518705305,150911.79223518024
326,151838.12017537505,-113.52865043835641,151951.6488258134
327,152344.4502817471,-607.2639527184806,152951.7142344656
328,152848.4320339072,-860.189218521561,153708.62125242874
329,153341.50329083475,-860.189218521561,154201.6925093563
330,153825.0564395404,-860.189218521561,154685.24565806196
331,154298.842097276,-860.189218521561,155159.03131579756
332,154764.77219844417,-860.189218521561,155624.96141696573
333,155226.42122910207,-860.189218521561,156086.61044762362
334,155686.0544158789,-860.189218521561,156546.24363440045
335,156141.07402181454,-860.189218521561,157001.2632403361
336,156596.77943030765,-860.189218521561,157456.9686488292
337,157052.1315465742,-860.189218521561,157912.32076509576
338,157503.4727569743,-860.189218521561,158363.66197549587
339,157953.58783552924,-860.189218521561,158813.7770540508
340,158408.60744146488,-860.189218521561,159268.79665998643
341,158872.16840652542,-860.189218521561,159732.35762504698
342,159349.09213050886,-542.8424797106331,159891.9346102195
343,159848.79281215867,-71.59351472243384,159920.3863268811
344,160342.65378112212,-71.59351472243384,160414.24729584454
345,160815.5665992391,-71.59351472243384,160887.16011396152
346,161266.99093722194,-71.59351472243384,161338.58445194436
347,161712.84572716226,-71.59351472243384,161784.43924188468
348,162158.78364468532,-71.59351472243384,162230.37715940774
349,162617.98041165285,-83.77358430012059,162701.75399595298
350,163099.62162595586,-678.2226067843583,163777.8442327402
351,163593.8151052502,-1190.8383639608335,164784.653469211
352,164085.66023033258,-1468.7307923736062,165554.39102270617
353,164567.6339549665,-1468.7307923736062,166036.3647473401
354,165046.116321126,-1468.7307923736062,166514.8471134996
355,165515.6209083513,-1468.7307923736062,166984.3517007249
356,165975.6073873547,-1468.7307923736062,167444.3381797283
357,166410.4477725841,-1468.7307923736062,167879.1785649577
358,166838.65873309126,-1468.7307923736062,168307.38952546485
359,167258.1412974124,-1468.7307923736062,168726.872089786
360,167689.15781383647,-1468.7307923736062,169157.88860621006
361,168114.6671279051,-1468.7307923736062,169583.3979202787
362,168544.81080471058,-1468.7307923736062,170013.54159708417
363,168972.23205318186,-1468.7307923736062,170440.96284555545
364,169400.08972146243,-1468.7307923736062,170868.82051383602
365,169833.01817228916,-1468.7307923736062,171301.74896466275
366,170274.5918917192,-1468.7307923736062,171743.3226840928
367,170688.31787093668,-1090.421253622244,171778.73912455892
368,171083.54796299807,-1090.421253622244,172173.96921662032
369,171505.91921081886,-1090.421253622244,172596.3404644411
370,171905.84601130415,-1090.421253622244,172996.2672649264
371,172270.77609946264,-1090.421253622244,173361.1973530849
372,172632.29795672945,-1090.421253622244,173722.7192103517
373,173039.64389397288,-1340.9332127528623,174380.57710672574
374,173463.49065638703,-1905.9548531601322,175369.44550954716
375,173908.99215410076,-2417.1639250188164,176326.1560791196
376,174357.63171806233,-2690.9057475323852,177048.5374655947
377,174809.49247585447,-2690.9057475323852,177500.39822338684
378,175258.9217518519,-2690.9057475323852,177949.8274993843
379,175704.42324956565,-2690.9057475323852,178395.32899709803
380,176147.22310084087,-2690.9057475323852,178838.12884837325
381,176586.86410397256,-2690.9057475323852,179277.76985150494
382,177023.720333083,-2690.9057475323852,179714.6260806154
383,177456.21236410044,-2690.9057475323852,180147.11811163282
384,177887.1249710461,-2690.9057475323852,180578.0307185785
385,178317.2686478516,-2690.9057475323852,181008.17439538398
386,178745.12631613217,-2690.9057475323852,181436.03206366455
387,179170.98892242735,-2690.9057475323852,181861.89466995973
388,179601.21572681554,-2690.9057475323852,182292.12147434792
389,180036.49253185422,-2690.9057475323852,182727.3982793866
390,180478.85596332015,-2690.9057475323852,183169.76171085253
391,180926.26939543654,-2316.976091006295,183243.24548644284
392,181365.57788823734,-2249.949528949133,183615.52741718647
393,181804.88638103814,-2249.949528949133,184054.83590998728
394,182242.88561441106,-2249.949528949133,184492.8351433602
395,182681.65377792416,-2249.949528949133,184931.6033068733
396,183121.64807328244,-2249.949528949133,185371.59760223157
397,183566.27673137758,-2249.949528949133,185816.22626032672
398,184014.5630031126,-2249.949528949133,186264.51253206172
399,184479.7865198276,-2249.949528949133,186729.73604877674
400,184942.55777285228,-2249.949528949133,187192.5073018014
401,185406.55515772212,-2249.949528949133,187656.50468667125
402,185867.3313487614,-2249.949528949133,188117.28087771052
403,186327.7542475741,-2249.949528949133,188577.70377652324
404,186781.11130185527,-2249.949528949133,189031.0608308044
405,187232.45251225538,-2249.949528949133,189482.4020412045
406,187679.0762323359,-2249.949528949133,189929.02576128504
407,188124.14131024035,-2249.949528949133,190374.09083918948
408,188570.0792277634,-2249.949528949133,190820.02875671253
409,189014.79101344128,-2249.949528949133,191264.7405423904
410,189457.1544449072,-2249.949528949133,191707.10397385634
411,189897.93845230137,-2249.949528949133,192147.8879812505
412,190341.42410613407,-2249.949528949133,192591.3736350832
413,190794.78116041524,-2249.949528949133,193044.73068936437
414,191268.89932848173,-1871.359078808411,193140.25840729012
415,191763.5292275854,-1408.5645627067888,193172.0937902922
416,192259.73855076078,-1408.5645627067888,193668.30311346758
417,192734.64643086315,-1408.5645627067888,194143.21099356996
418,193184.0757068606,-1408.5645627067888,194592.6402695674
419,193617.44057749663,-1408.5645627067888,195026.00514020343
420,194039.37540550812,-1408.5645627067888,195447.93996821492
421,194467.93965824184,-1408.5645627067888,195876.50422094864
422,194913.44115595557,-1440.327218932574,196353.76837488814
423,195406.94883269243,-1803.3330892103793,197210.28192190282
424,195913.3620666472,-1930.0422660706,197843.40433271782
425,196418.9024609834,-1930.0422660706,198348.944727054
426,196917.81343059734,-1930.0422660706,198847.85569666795
427,197408.86884364384,-1930.0422660706,199338.91110971445
428,197890.51005794684,-1930.0422660706,199820.55232401745
429,198367.0804897037,-1930.0422660706,200297.1227557743
430,198832.6572986453,-1930.0422660706,200762.6995647159
431,199298.58739981346,-1930.0422660706,201228.62966588407
432,199758.6570063996,-1930.0422660706,201688.6992724702
433,200217.41735355783,-1930.0422660706,202147.45961962844
434,200673.99560166957,-1930.0422660706,202604.03786774017
435,201128.1423679866,-1930.0422660706,203058.18463405722
436,201584.28419628902,-1930.0422660706,203514.32646235963
437,202048.988165612,-1927.109972631386,203976.0981382434
438,202533.33102635355,-1447.5954366101914,203980.92646296375
439,203042.03026883324,-956.7656537424866,203998.79592257572
440,203545.57560118404,-827.8617397932296,204373.43734097728
441,204020.56660886915,-827.8617397932296,204848.4283486624
442,204467.2942384281,-827.8617397932296,205295.15597822133
443,204891.66054823424,-827.8617397932296,205719.52228802748
444,205315.9437304577,-827.8617397932296,206143.80547025093
445,205750.78411568707,-827.8617397932296,206578.6458554803
446,206204.57758977753,-827.8617397932296,207032.43932957077
447,206706.6266256393,-827.8617397932296,207534.48836543254
448,207220.1264860213,-827.8617397932296,208047.98822581454
449,207728.825728501,-827.8617397932296,208556.68746829423
450,208229.3161221867,-827.8617397932296,209057.17786197993
451,208724.2993135169,-827.8617397932296,209552.16105331015
452,209190.12550520667,-827.8617397932296,210017.9872449999
453,209646.97391796226,-827.8617397932296,210474.8356577555
454,210101.5571040886,-827.8617397932296,210929.41884388184
455,210550.54996027675,-827.8617397932296,211378.41170007
456,210999.18952423832,-827.8617397932296,211827.05126403156
457,211458.03299897927,-827.8617397932296,212285.8947387725
458,211914.17482728168,-827.8617397932296,212742.03656707492
459,212366.74216952696,-827.8617397932296,213194.6039093202
460,212819.74593158154,-827.8617397932296,213647.60767137478
461,213282.1846742753,-450.1831773332344,213732.36785160855
462,213763.8258885783,26.765799503618325,213737.0600890747
463,214266.74776405867,500.3635170274556,213766.3842470312
464,214760.60873302212,500.3635170274556,214260.24521599466
465,215221.82134387072,500.3635170274556,214721.45782684325
466,215670.8973276416,500.3635170274556,215170.53381061414
467,216126.60273613472,500.3635170274556,215626.23921910726
468,216563.10567301858,500.3635170274556,216062.74215599112
469,217022.30243998612,500.3635170274556,216521.93892295865
470,217512.56814099677,449.93578786967936,217062.6323531271
471,218020.5607990233,62.53154380252306,217958.02925522078
472,218532.7513999774,-46.80104067134921,218579.55244064875
473,219037.52286417337,-46.80104067134921,219084.32390484473
474,219534.4387718019,-46.80104067134921,219581.23981247327
475,220025.14089262186,-46.80104067134921,220071.94193329322
476,220508.34074910096,-46.80104067134921,220555.14178977231
477,220987.17640748704,-46.80104067134921,221033.9774481584
478,221458.5098015323,-46.80104067134921,221505.31084220365
479,221923.21377085528,-46.80104067134921,221970.01481152663
480,222383.636669668,-46.80104067134921,222430.43771033935
481,222840.56821000628,-46.80104067134921,222887.36925067764
482,223296.2736184994,-46.80104067134921,223343.07465917076
483,223750.42038481645,-46.80104067134921,223797.2214254878
484,224206.91550534545,-46.80104067134921,224253.7165460168
485,224674.32112110697,-31.58046073687656,224705.90158184385
486,225156.64813796745,446.18424893474713,224710.46388903272
487,225660.62989012754,917.7646644791653,224742.8652256484
488,226157.62892533882,917.7646644791653,225239.86426085967
489,226625.47096090965,917.7646644791653,225707.7062964305
490,227061.62060556695,917.7646644791653,226143.8559410878
491,227486.77662740898,917.7646644791653,226569.01196292983
492,227905.13696936335,917.7646644791653,226987.3723048842
493,228345.21439230436,917.7646644791653,227427.4497278252
494,228817.77391819478,503.0239111142399,228314.75000708055
495,229309.2657510506,17.421990454963577,229291.84376059566
496,229819.52363570637,-255.2652148470704,230074.78885055345
497,230324.73151971164,-255.2652148470704,230579.99673455872
498,230820.85771530433,-255.2652148470704,231076.1229301514
499,231313.4925524226,-255.2652148470704,231568.75776726968
500,231801.40989922127,-255.2652148470704,232056.67511406835
501,232279.89226538077,-255.2652148470704,232535.15748022785
502,232755.94314974558,-255.2652148470704,233011.20836459266
503,233225.44773697088,-255.2652148470704,233480.71295181796
504,233691.27392866064,-255.2652148470704,233946.53914350772
505,234154.0451816853,-255.2652148470704,234409.31039653238
506,234616.04750456978,-255.2652148470704,234871.31271941686
507,235074.45455950144,-255.2652148470704,235329.71977434852
508,235536.7893927168,-255.2652148470704,235792.05460756388
509,236010.22175822582,-255.2652148470704,236265.4869730729
510,236499.801656679,234.31468360609165,236265.4869730729
511,237008.5840267414,704.563372127368,236304.02065461403
512,237519.19520362373,704.563372127368,236814.63183149637
513,238009.56481411276,704.563372127368,237305.0014419854
514,238477.05355745702,704.563372127368,237772.49018532966
515,238933.11225817673,704.563372127368,238228.54888604936
516,239419.88660071295,704.563372127368,238715.3232285856
517,239919.58728236277,368.6705046139535,239550.91677774882
518,240431.4245910903,-138.90768588233777,240570.33227697262
519,240944.488031663,-625.5569572463229,241570.04498890933
520,241455.97204816394,-832.3370470986449,242288.30909526258
521,241958.457503835,-832.3370470986449,242790.79455093364
522,242454.2304072011,-832.3370470986449,243286.56745429974
523,242943.29075826224,-832.3370470986449,243775.62780536088
524,243421.00419428156,-832.3370470986449,244253.3412413802
525,243894.87297959987,-832.3370470986449,244727.2100266985
526,244363.94114701587,-832.3370470986449,245196.2781941145
527,244826.71240004053,-832.3370470986449,245659.04944713917
528,245288.6108134466,-832.3370470986449,246120.94786054525
529,245747.12177785666,-832.3370470986449,246579.4588249553
530,246205.19632245743,-832.3370470986449,247037.53336955607
531,246658.1169569293,-832.3370470986449,247490.45400402794
532,247113.46907319585,-832.3370470986449,247945.8061202945
533,247573.89197200857,-832.3370470986449,248406.2290191072
534,248046.88791770829,-414.2386584442996,248461.12657615257
535,248521.44250558407,27.66000933050958,248493.78249625355
536,248998.0129373409,27.66000933050958,248970.3529280104
537,249470.9257554579,27.66000933050958,249443.26574612738
538,249943.13198912173,27.66000933050958,249915.4719797912
539,250414.11209094038,27.66000933050958,250386.45208160987
540,250886.31832460422,27.66000933050958,250858.6583152737
541,251358.87785049464,-84.69247936304089,251443.57032985767
542,251831.43737638506,-650.4722965023484,252481.9096728874
543,252306.42838407017,-1155.796540483961,253462.22492455412
544,252782.9156882443,-1388.0822501526275,254170.99793839693
545,253260.1927044543,-1388.0822501526275,254648.27495460692
546,253738.2386508045,-1388.0822501526275,255126.32090095713
547,254215.16237478793,-1388.0822501526275,255603.24462494056
548,254688.94803252353,-1388.0822501526275,256077.03028267616
549,255161.15426618737,-1388.0822501526275,256549.23651634
550,255622.80329684526,-1388.0822501526275,257010.8855469979
551,256080.52454921944,-1388.0822501526275,257468.60679937206
552,256536.66637752185,-1388.0822501526275,257924.74862767447
553,256993.95121008673,-1388.0822501526275,258382.03346023936
554,257443.38048608418,-1388.0822501526275,258831.4627362368
555,257892.89288966436,-1388.0822501526275,259280.975139817
556,258340.82586917278,-1388.0822501526275,259728.9081193254
557,258794.61934326324,-1388.0822501526275,260182.70159341587
558,259264.47722271513,-1060.6241254934926,260325.1013482086
559,259739.3851028175,-623.4428062148991,260362.8279090324
560,260201.71993603287,-623.4428062148991,260825.16274224778
561,260643.7300752722,-623.4428062148991,261267.17288148712
562,261076.65852609894,-623.4428062148991,261700.10133231385
563,261506.01249086854,-623.4428062148991,262129.45529708345
564,261931.87509716372,-1136.032562753539,263067.90765991725
565,262358.8599258257,-1910.5039468994337,264269.3638727251
566,262796.1525747454,-2696.9117758638004,265493.0643506092
567,263244.3557188977,-3527.0947514006075,266771.4504702983
568,263702.76277382934,-3980.916006021246,267683.6787798506
569,264169.8150973643,-3980.916006021246,268150.73110338557
570,264639.6729768162,-3980.916006021246,268620.58898283745
571,265105.16665817506,-3980.916006021246,269086.0826641963
572,265567.25210864225,-3980.916006021246,269548.1681146635
573,266029.690851336,-3980.916006021246,270010.60685735726
574,266485.8326796384,-3980.916006021246,270466.74868565967
575,266938.4000218837,-3980.916006021246,270919.316027905
576,267388.1825901077,-3980.916006021246,271369.098596129
577,267835.5960222241,-3980.916006021246,271816.5120282454
578,268281.45081216446,-3980.916006021246,272262.3668181857
579,268723.0245315945,-3980.916006021246,272703.94053761574
580,269166.260802679,-3980.916006021246,273147.17680870026
581,269619.2645647336,-3980.916006021246,273600.18057075486
582,270087.18972788716,-3897.3133169530815,273984.50304484024
583,270577.4554288978,-3439.0940516449696,274016.5494805428
584,271089.0225729815,-3438.733560362515,274527.756133344
585,271594.23045698676,-3438.733560362515,275032.9640173493
586,272098.29533672956,-3438.733560362515,275537.0288970921
587,272586.64910333755,-3438.733560362515,276025.3826637001
588,273071.0750916618,-3438.733560362515,276509.80865202437
589,273558.2027264246,-3438.733560362515,276996.93628678715
590,274054.7653418266,-3438.733560362515,277493.49890218914
591,274559.1003862133,-3719.762248751983,278278.8626349653
592,275059.1543600897,-3846.2578322269837,278905.41219231667
593,275557.27561766776,-3846.2578322269837,279403.53344989475
594,276050.2637470126,-3846.2578322269837,279896.5215792396
595,276534.2533155276,-3846.2578322269837,280380.51114775456
596,277013.5253937229,-3846.2578322269837,280859.7832259499
597,277492.0077598824,-3846.2578322269837,281338.2655921094
598,277962.9878617011,-3846.2578322269837,281809.2456939281
599,278430.0401852361,-3846.2578322269837,282276.29801746306
600,278895.97028640425,-3846.2578322269837,282742.22811863123
601,279358.6584118462,-3846.2578322269837,283204.9162440732
602,279821.09715453995,-3846.2578322269837,283667.35498676694
603,280279.1716991407,-3846.2578322269837,284125.42953136767
604,280738.01517388166,-3846.2578322269837,284584.27300610865
605,281206.2936292618,-3828.8299884898215,285035.1236177516
606,281689.92990555015,-3350.074648330667,285040.00455388083
607,282196.010629174,-2888.715457217453,285084.7260863915
608,282707.05822586565,-2888.715457217453,285595.7736830831
609,283219.68524662906,-2888.715457217453,286108.40070384654
610,283725.3295504436,-2888.715457217453,286614.0450076611
611,284217.61109533533,-2888.715457217453,287106.3265525528
612,284706.67144639645,-3603.480007078193,288310.15145347465
613,285189.78817529284,-4468.207205956242,289657.99538124906
614,285683.5452347779,-5402.195743684158,291085.74097846204
615,286186.7372749021,-6251.912837741525,292438.65011264366
616,286689.57602279977,-6798.842722740289,293488.4187455401
617,287188.0505726044,-6798.842722740289,293986.8932953447
618,287673.61956519115,-6798.842722740289,294472.46228793147
619,288153.2449356131,-6798.842722740289,294952.08765835344
620,288624.7445848238,-6798.842722740289,295423.5873075641
621,289085.87406808964,-6798.842722740289,295884.71679082996
622,289543.5121928811,-6798.842722740289,296342.3549156214
623,289993.8143084971,-6798.842722740289,296792.65703123744
624,290440.87444838695,-6798.842722740289,297239.71717112727
625,290885.58623406483,-6798.842722740289,297684.42895680515
626,291328.28217586165,-6798.842722740289,298127.12489860196
627,291767.8400514106,-6798.842722740289,298566.6827741509
628,292210.20348287653,-6798.842722740289,299009.04620561685
629,292661.98111308593,-6798.842722740289,299460.82383582625
630,293129.0334366209,-6656.581227450513,299785.6146640714
631,293625.5960520229,-6193.614077542986,299819.21012956585
632,294131.57286616834,-6193.614077542986,300325.1869437113
633,294630.1305435557,-6193.614077542986,300823.7446210987
634,295115.34624391585,-6193.614077542986,301308.9603214588
635,295579.26050120295,-6193.614077542986,301772.8745787459
636,296035.755621732,-6193.614077542986,302229.36969927495
637,296494.70300595136,-6219.752471032259,302714.4554769836
638,296952.42425832554,-6776.902652559341,303729.3269108849
639,297435.1876949953,-7285.941502374324,304721.1291973696
640,297930.6073061348,-7522.642494390453,305453.24980052526
641,298422.8057234438,-7522.642494390453,305945.44821783423
642,298908.70722636144,-7522.642494390453,306431.34972075187
643,299387.9793045568,-7522.642494390453,306910.6217989472
644,299857.8371840087,-7522.642494390453,307380.4796783991
645,300332.82819169376,-7522.642494390453,307855.4706860842
646,300802.68607114564,-7522.642494390453,308325.32856553607
647,301263.89868199424,-7522.642494390453,308786.54117638466
648,301720.7470947498,-7522.642494390453,309243.38958914025
649,302178.468347124,-7522.642494390453,309701.1108415144
650,302632.26182121446,-7522.642494390453,310154.9043156049
651,303081.2546774026,-7522.642494390453,310603.89717179304
652,303535.48457130237,-7522.642494390453,311058.1270656928
653,303998.1726967443,-7522.642494390453,311520.81519113475
654,304480.58284118754,-7150.020925877644,311630.60376706516
655,304980.63681506395,-6682.314189340059,311662.951004404
656,305482.3533405948,-6682.314189340059,312164.66752993484
657,305962.85155063536,-6682.314189340059,312645.1657399754
658,306425.7267131384,-6682.314189340059,313108.04090247845
659,306867.7368523777,-6682.314189340059,313550.05104171776
660,307310.53670365294,-6682.314189340059,313992.850892993
661,307758.3865555786,-6777.867278453693,314536.25383403234
662,308222.38394044846,-7348.2766373088,315570.6605777573
663,308710.6545794737,-7884.209606788004,316594.8641862617
664,309209.12912927836,-8103.988579216444,317313.1177084948
665,309705.69174468034,-8103.988579216444,317809.6803238968
666,310195.6249353601,-8103.988579216444,318299.6135145766
667,310679.6976314578,-8103.988579216444,318783.6862106743
668,311155.0419313695,-8103.988579216444,319259.030510586
669,311625.3362306307,-8103.988579216444,319729.32480984717
670,312088.10748365533,-8103.988579216444,320192.0960628718
671,312547.74067043216,-8103.988579216444,320651.72924964863
672,313003.0927866987,-8103.988579216444,321107.0813659152
673,313454.4339970988,-8103.988579216444,321558.4225763153
674,313908.9132737468,-8103.988579216444,322012.90185296326
675,314362.70674783725,-8103.988579216444,322466.6953270537
676,314817.97573652107,-8103.988579216444,322921.96431573754
677,315283.1161256534,-8103.988579216444,323387.10470486985
678,315764.4040477298,-7707.303133518503,323471.7071812483
679,316265.68415345135,-7232.239923495018,323497.9240769464
680,316762.6000610799,-7232.239923495018,323994.83998457494
681,317279.154860127,-7232.239923495018,324511.39478362206
682,317790.63887662796,-7232.239923495018,325022.878800123
683,318278.55622342665,-7232.239923495018,325510.7961469217
684,318778.25690507644,-7232.239923495018,326010.4968285715
685,319262.2464735914,-7232.239923495018,326494.48639708647
686,319750.953532426,-7442.8821670349735,327193.83569946093
687,320254.2287001329,-7905.802598989451,328160.0312991224
688,320751.91353790165,-8165.746106163957,328917.6596440656
689,321252.40393158735,-8165.746106163957,329418.1500377513
690,321744.16592908703,-8165.746106163957,329909.912035251
691,322233.6626999575,-8165.746106163957,330399.40880612144
692,322716.50926421,-8165.746106163957,330882.25537037395
693,323189.50520990975,-8165.746106163957,331355.2513160737
694,323657.78366528987,-8165.746106163957,331823.5297714538
695,324120.99133812386,-8165.746106163957,332286.7374442878
696,324580.1881050914,-8165.746106163957,332745.93421125534
697,325039.46799964167,-8165.746106163957,333205.2141058056
698,325498.74789419194,-8165.746106163957,333664.4940003559
699,325952.89466050896,-8165.746106163957,334118.6407666729
700,326410.17949307384,-8165.746106163957,334575.9255992378
701,326873.7404581344,-8165.746106163957,335039.48656429833
702,327346.73640383413,-7775.141909348365,335121.8783131825
703,327820.1687693432,-7320.297177817806,335140.46594716096
704,328273.52582362434,-7143.155751273395,335416.6815748977
705,328701.050981574,-7143.155751273395,335844.2067328474
706,329119.05803130177,-7143.155751273395,336262.21378257516
707,329520.12783604953,-7143.155751273395,336663.2835873229
708,329904.7799432093,-7143.155751273395,337047.9356944827
709,330292.92340884346,-7143.155751273395,337436.07916011685
710,330702.72160977725,-7143.155751273395,337845.87736105063
711,331138.10232429433,-7143.155751273395,338281.2580755677
712,331596.50937922596,-7143.155751273395,338739.66513049934
713,332061.6497683583,-7143.155751273395,339204.80551963166
714,332529.13851170253,-7143.155751273395,339672.2942629759
715,332993.48918879894,-7143.155751273395,340136.6449400723
716,333454.348507421,-7143.155751273395,340597.50425869436
717,333916.3508303054,-7143.155751273395,341059.5065815788
718,334372.05623879854,-6901.0013106141505,341273.0575494127
719,334825.849712889,-6451.740883973696,341277.5905968627
720,335278.77034736087,-6003.304304015111,341282.074651376
721,335732.9171136779,-5553.670150933889,341286.5872646118
722,336186.27416795905,-5105.062636450956,341291.33680441004
723,336638.05179816845,-4657.932207633062,341295.9840058015
724,337092.5310748164,-4208.221336395835,341300.75241121225
725,337551.3745495574,-3753.8432176091787,341305.21776716656
726,338018.07358086575,-3291.8111501292456,341309.884730995
727,338483.21396999806,-2861.4380386442294,341344.65200864227
728,338927.5724634493,-2861.4380386442294,341789.01050209353
729,339348.7175794249,-2861.4380386442294,342210.1556180691
730,339740.78882334277,-2861.4380386442294,342602.226861987
731,340125.7942227291,-2861.4380386442294,342987.2322613733
732,340510.36320230615,-2861.4380386442294,343371.80124095036
733,340902.434446224,-3066.2503760803384,343968.68482230435
734,341310.21680327674,-3627.6919451627523,344937.9087484395
735,341753.01665455196,-4166.138258372798,345919.15491292474
736,342218.1570436843,-4450.673452733623,346668.8304964179
737,342686.8719188737,-4450.673452733623,347137.5453716073
738,343146.8583978771,-4450.673452733623,347597.5318506107
739,343603.3535184061,-4450.673452733623,348054.0269711397
740,344059.84863893513,-4450.673452733623,348510.52209166874
741,344512.85240098974,-4450.673452733623,348963.52585372335
742,344961.1386727247,-4450.673452733623,349411.8121254583
743,345407.42988247436,-4450.673452733623,349858.10333520797
744,345867.3747976864,-4450.673452733623,350318.04825042
745,346321.812510543,-4450.673452733623,350772.4859632766
746,346775.48129325936,-4450.673452733623,351226.154745993
747,347231.10357416974,-4450.673452733623,351681.77702690335
748,347687.1207110981,-4450.673452733623,352137.7941638317
749,348149.80883654003,-4450.673452733623,352600.48228927364
750,348624.2802968331,-4450.673452733623,353074.9537495667
751,349100.3311811979,-4450.673452733623,353551.0046339315
752,349562.22959460394,-4450.673452733623,354012.90304733755
753,350016.6673074605,-4450.673452733623,354467.3407601941
754,350464.03917578555,-4450.673452733623,354914.71262851916
755,350900.81227731326,-4450.673452733623,355351.4857300469
756,351328.54525421973,-4450.673452733623,355779.21870695334
757,351756.2782311262,-4450.673452733623,356206.9516838598
758,352194.2359007077,-4477.62565201743,356671.86155272514
759,352636.89027871314,-4927.645085025777,357564.5353637389
760,353089.3744933757,-5231.3975833712775,358320.772076747
761,353548.9245525698,-5231.3975833712775,358780.32213594107
762,354007.68489972805,-5231.3975833712775,359239.0824830993
763,354460.5639704086,-5231.3975833712775,359691.96155377984
764,354912.6533290532,-5231.3975833712775,360144.05091242446
765,355367.4858979277,-5231.3975833712775,360598.883481299
766,355824.2927468919,-5231.3975833712775,361055.69033026317
767,356277.9615296083,-5231.3975833712775,361509.35911297955
768,356726.1231099692,-5231.3975833712775,361957.52069334046
769,357613.8010020877,-5231.3975833712775,362845.198585459
770,358491.2542015312,-5231.3975833712775,363722.65178490244
771,359359.31398412684,-5231.3975833712775,364590.7115674981
772,360234.439611254,-5231.3975833712775,365465.8371946253
773,361137.0389044715,-5231.3975833712775,366368.43648784276
774,361603.65480819717,-5231.3975833712775,366835.05239156843
775,362091.48902741313,-5231.3975833712775,367322.8866107844
776,362598.9621380476,-5231.3975833712775,367830.3597214189
777,363119.00829556916,-5231.3975833712775,368350.4058789404
778,363644.1460175325,-5231.3975833712775,368875.54360090377
779,364167.33024130185,-5231.3975833712775,369398.7278246731
780,364693.65253131907,-5231.3975833712775,369925.0501146903
781,365215.6521870346,-5231.3975833712775,370447.04977040587
782,365729.00657414686,-5231.3975833712775,370960.4041575181
783,366246.2887395428,-5231.3975833712775,371477.6863229141
784,366760.037982673,-5231.3975833712775,371991.43556604424
785,367268.3008053434,-5231.3975833712775,372499.69838871463
786,367763.20086909086,-5231.3975833712775,372994.5984524621
787,368243.9692437753,-5231.3975833712775,373475.36682714656
788,368719.23041610426,-5231.3975833712775,373950.6279994755
789,369199.2090787528,-5231.3975833712775,374430.60666212405
790,369676.4445311714,-5231.3975833712775,374907.84211454267
791,370146.98821318074,-5231.3975833712775,375378.385796552
792,370610.46605065855,-5231.3975833712775,375841.8636340298
793,371072.75932008255,-5231.3975833712775,376304.1569034538
794,371532.30937927664,-5231.3975833712775,376763.7069626479
795,371987.931660187,-5231.3975833712775,377219.3292435583
796,372441.6004429034,-5231.3975833712775,377672.99802627467
797,372914.11840500246,-5231.3975833712775,378145.5159883737
798,373405.88040250214,-5231.3975833712775,378637.2779858734
799,373919.2347896144,-5231.3975833712775,379150.63237298565
800,374443.60358143755,-5231.3975833712775,379675.0011648088
801,374973.06393770257,-5231.3975833712775,380204.4615210738
802,375502.91914998554,-5231.3975833712775,380734.3167333568
803,376022.9653075071,-5231.3975833712775,381254.36289087834
804,376541.43204095686,-5231.3975833712775,381772.8296243281
805,377059.89877440664,-5231.3975833712775,382291.2963577779
806,377581.5035741042,-5231.3975833712775,382812.9011574755
807,378103.50322981976,-5231.3975833712775,383334.900813191
808,378622.36481928744,-5231.3975833712775,383853.7624026587
809,379129.04821788607,-5231.3975833712775,384360.44580125733
810,379623.1585695977,-5231.3975833712775,384854.55615296896
811,380110.2030767778,-5231.3975833712775,385341.60066014907
812,380592.1352376203,-5231.3975833712775,385823.5328209916
813,381063.8634876835,-5231.3975833712775,386295.2610710548
814,381539.51951603044,-5231.3975833712775,386770.9170994017
815,382012.0374781295,-5231.3975833712775,387243.43506150076
816,382478.2585258372,-5231.3975833712775,387709.6561092085
817,382938.5982970672,-5231.3975833712775,388169.9958804385
818,383396.56893218955,-5231.3975833712775,388627.9665155608
819,383849.842858888,-5231.3975833712775,389081.24044225924
820,384194.30277980067,-5231.3975833712775,389425.7003631719
821,384592.1929545092,-5231.3975833712775,389823.5905378805
822,385078.05289363547,-5231.3975833712775,390309.4504770067
823,385584.7362922341,-5231.3975833712775,390816.13387560536
824,386109.10508405726,-5231.3975833712775,391340.5026674285
825,386635.42737407447,-5231.3975833712775,391866.82495744573
826,387161.3548080737,-5231.3975833712775,392392.752391445
827,387690.4203083208,-5231.3975833712775,392921.81789169204
828,388205.3541195048,-5231.3975833712775,393436.75170287606
829,388712.8272301393,-5231.3975833712775,393944.22481351055
830,389219.11577271996,-5231.3975833712775,394450.5133560912
831,389719.9178948409,-5231.3975833712775,394951.31547821214
832,390225.02186936775,-5231.3975833712775,395456.419452739
833,390722.66514334513,-5231.3975833712775,395954.0627267164
834,391208.1302264535,-5231.3975833712775,396439.52780982474
835,391684.1811108183,-5231.3975833712775,396915.57869418955
836,392151.9815825978,-5231.3975833712775,397383.37916596903
837,392613.5059218816,-5231.3975833712775,397844.90350525285
838,393071.4765570039,-5231.3975833712775,398302.8741403752
839,393524.75048370234,-5231.3975833712775,398756.1480670736
840,393972.51720804535,-5231.3975833712775,399203.9147914166
841,394417.54072215845,-5231.3975833712775,399648.9383055297
842,394858.6364579878,-5231.3975833712775,400090.0340413591
843,395298.15276974544,-5231.3975833712775,400529.5503531167
844,395736.48451344925,-5231.3975833712775,400967.8820968205
845,396188.1790160759,-5231.3975833712775,401419.5765994472
846,396667.3679666886,-5231.3975833712775,401898.76555005985
847,397170.9132990394,-5231.3975833712775,402402.3108824107
848,397684.66254216956,-5231.3975833712775,402916.0601255408
849,398201.94470756553,-5231.3975833712775,403433.3422909368
850,398708.2332501462,-5231.3975833712775,403939.63083351747
851,399192.9294031143,-5231.3975833712775,404424.32698648557
852,399654.05888638017,-5231.3975833712775,404885.4564697514
853,400134.0375490287,-5423.014249842025,405557.0517988707
854,400592.403040169,-6037.314237596435,406629.7172777654
855,401083.7701816507,-6624.23856521427,407708.008746865
856,401594.776214551,-7073.234836264684,408668.0110508157
857,402106.57195948716,-7097.587722500747,409204.1596819879
858,402605.7946575363,-7097.587722500747,409703.38238003704
859,403104.22764354956,-7097.587722500747,410201.8153660503
860,403592.4567187835,-7097.587722500747,410690.0444412842
861,404074.388879626,-7097.587722500747,411171.9766021267
862,404550.4397639908,-7097.587722500747,411648.02748649154
863,405018.6350917882,-7097.587722500747,412116.2228142889
864,405482.50778528396,-7097.587722500747,412580.0955077847
865,405947.56504683354,-7097.587722500747,413045.15276933427
866,406407.90481806354,-7097.587722500747,413505.4925405643
867,406866.2703092038,-7097.587722500747,413963.85803170456
868,407323.077158168,-7097.587722500747,414420.66488066874
869,407797.15376244317,-7097.587722500747,414894.7414849439
870,408300.30423877604,-7097.587722500747,415397.89196127676
871,408814.8431939421,-7097.587722500747,415912.4309164428
872,409323.50087263045,-7097.587722500747,416421.0885951312
873,409810.94023582846,-7097.587722500747,416908.5279583292
874,410310.95264591346,-7097.587722500747,417408.5403684142
875,410812.1288421566,-7097.587722500747,417909.71656465734
876,411300.35791739053,-7288.706931584896,418589.06484897545
877,411791.72505887225,-7997.176259202731,419788.90131807496
878,412268.9605112909,-8722.6757624458,420991.63627373666
879,412754.8204504171,-9457.287971005822,422212.10842142295
880,413262.2935610516,-10011.294910962544,423273.5884720141
881,413766.6286054383,-10038.5345774184,423805.1631828567
882,414261.13381316786,-10038.5345774184,424299.6683905863
883,414744.64539808215,-10038.5345774184,424783.17997550056
884,415221.0911384649,-10038.5345774184,425259.62571588333
885,415691.63482047425,-10038.5345774184,425730.16939789266
886,416157.0869380418,-10038.5345774184,426195.6215154602
887,416618.98535144783,-10038.5345774184,426657.51992886624
888,417080.8837648539,-10038.5345774184,427119.4183422723
889,417536.11118974636,-10038.5345774184,427574.64576716477
890,417989.77997246274,-10038.5345774184,428028.31454988115
891,418439.5209768954,-10038.5345774184,428478.0555543138
892,418890.4257674862,-10038.5345774184,428928.9603449046
893,419354.298460982,-10038.5345774184,429392.8330384004
894,419827.6061351169,-10038.5345774184,429866.1407125353
895,420306.4002297116,-10038.5345774184,430344.93480713
896,420770.2729232074,-10038.5345774184,430808.8075006258
897,421227.07977217156,-10038.5345774184,431265.61434959
898,421679.56398683414,-10038.5345774184,431718.09856425255
899,422123.00807687547,-10038.5345774184,432161.5426542939
900,422553.8791200298,-10038.5345774184,432592.4136974482
901,423002.0407003907,-10038.5345774184,433040.5752778091
902,423445.48479043203,-10289.552182049332,433735.03697248135
903,423891.298016581,-10720.180575800274,434611.47859238123
904,424340.6441649957,-10996.905800644907,435337.5499656406
905,424800.58908020775,-10996.905800644907,435797.49488085264
906,425258.95457134803,-10996.905800644907,436255.8603719929
907,425715.3665642943,-10996.905800644907,436712.2723649392
908,426171.7785572406,-10996.905800644907,437168.6843578855
909,426621.5195616733,-10996.905800644907,437618.4253623182
910,427068.89142999833,-10996.905800644907,438065.7972306432
911,427513.5200880935,-10996.905800644907,438510.42588873836
912,427956.56932211685,-10996.905800644907,438953.47512276174
913,428397.66505794623,-10996.905800644907,439394.5708585911
914,428836.391657668,-10996.905800644907,439833.2974583129
915,429274.3493272495,-10996.905800644907,440271.2551278944
916,429713.0759269713,-10996.905800644907,440709.98172761616
917,430161.2375073322,-10996.905800644907,441158.14330797706
918,430617.64950027846,-10996.905800644907,441614.55530092336
919,431073.6666372068,-10996.905800644907,442070.5724378517
920,431515.15722905414,-10996.905800644907,442512.063029699
921,431943.28506197856,-10996.905800644907,442940.19086262345
922,432353.7482835741,-10996.905800644907,443350.654084219
923,432757.12487874244,-10996.905800644907,443754.03067938733
924,433181.7197894011,-10996.905800644907,444178.625590046
925,433609.0579102897,-10996.905800644907,444605.96371093456
926,434046.6207238533,-10996.905800644907,445043.5265244982
927,434493.20288014243,-11024.635745211432,445517.8386253539
928,434948.4303050349,-11310.310959464976,446258.7412644999
929,435411.51328649477,-11310.310959464976,446721.82424595975
930,435872.6427697606,-11310.310959464976,447182.9537292256
931,436331.40311691887,-11310.310959464976,447641.71407638385
932,436787.02539782925,-11310.310959464976,448097.33635729423
933,437238.325044438,-11310.310959464976,448548.636003903
934,437687.6711928527,-11310.310959464976,448997.9821523177
935,438135.4379171957,-11310.310959464976,449445.7488766607
936,438582.02007348486,-11310.310959464976,449892.33103294985
937,439027.43844361586,-11310.310959464976,450337.74940308084
938,439469.3238914811,-11310.310959464976,450779.6348509461
939,439910.0247712925,-11310.310959464976,451220.3357307575
940,440354.65342938766,-11310.310959464976,451664.96438885265
941,440812.24999038776,-11310.310959464976,452122.56094985275
942,441289.4854428064,-11310.310959464976,452599.7964022714
943,441792.2410631213,-11310.310959464976,453102.5520225863
944,442299.3193177379,-11310.310959464976,453609.6302772029
945,442811.9047747099,-11310.310959464976,454122.2157341749
946,443321.33138353843,-11310.310959464976,454631.6423430034
947,443847.2588175377,-11310.310959464976,455157.5697770027
948,444372.791395519,-11310.310959464976,455683.102354984
949,444899.90339757205,-11310.310959464976,456210.21435703704
950,445420.3444111115,-11310.310959464976,456730.6553705765
951,445941.9492108091,-11329.393822256929,457271.343033066
952,446455.6984539392,-11583.447809215386,458039.14626315463
953,446958.45407425414,-11583.447809215386,458541.90188346955
954,447448.2417916641,-11583.447809215386,459031.6896008795
955,447932.9379446322,-11583.447809215386,459516.3857538476
956,448407.8042609432,-11583.447809215386,459991.2520701586
957,448875.6047327227,-11583.447809215386,460459.0525419381
958,449341.8257804304,-11583.447809215386,460925.2735896458
959,449798.6326293946,-11583.447809215386,461382.08043861
960,450248.37363382726,-11583.447809215386,461831.82144304266
961,450696.14035817026,-11583.447809215386,462279.58816738566
962,451142.3276584415,-11583.447809215386,462725.7754676569
963,451586.1666045008,-11583.447809215386,463169.6144137162
964,452030.400406578,-11583.447809215386,463613.8482157934
965,452493.4833880378,-11583.447809215386,464076.93119725323
966,452976.9949729521,-11583.447809215386,464560.4427821675
967,453485.2577956225,-11583.447809215386,465068.7056048379
968,454004.1193850902,-11583.447809215386,465587.5671943056
969,454499.0194488377,-11583.447809215386,466082.4672580531
970,454983.3207457879,-11583.447809215386,466566.7685550033
971,455459.3716301527,-11583.447809215386,467042.8194393681
972,455949.15934756264,-11583.447809215386,467532.60715677805
973,456399.2744261176,-11583.447809215386,467982.722235333
974,456836.0475276453,-11673.600170859474,468509.6476985048
975,457302.663431371,-12175.96249357974,469478.6259249507
976,457801.4912734022,-12475.492399503355,470276.98367290554
977,458299.9242594154,-12475.492399503355,470775.4166589188
978,458789.7119768254,-12475.492399503355,471265.20437632874
979,459270.08549549186,-12475.492399503355,471745.5778949952
980,459747.69502203277,-12475.492399503355,472223.18742153613
981,460215.1006377943,-12475.492399503355,472690.59303729766
982,460677.3939072183,-12475.492399503355,473152.88630672166
983,461135.3645423406,-12475.492399503355,473610.856941844
984,461590.19711121515,-12475.492399503355,474065.6895107185
985,462037.17412352224,-12475.492399503355,474512.6665230256
986,462483.3614237935,-12475.492399503355,474958.85382329684
987,462937.03020650987,-12475.492399503355,475412.5226060132
988,463392.65248742024,-12475.492399503355,475868.1448869236
989,463858.87353512796,-12475.492399503355,476334.3659346313
990,464344.7334742542,-12475.492399503355,476820.22587375756
991,464844.3510283213,-12475.492399503355,477319.8434278247
992,465332.5801035552,-12475.492399503355,477808.0725030586
993,465785.85403025366,-12475.492399503355,478261.346429757
994,466212.79729512427,-12475.492399503355,478688.28969462763
995,466618.1481703823,-12475.492399503355,479093.64056988567
996,467025.45254383434,-12475.492399503355,479500.9449433377
997,467447.3042442631,-12475.492399503355,479922.79664376646
998,467881.7082096832,-12659.22353579371,480540.9317454769
999,468342.0479809132,-13158.505937494654,481500.5539184078
1000,468835.76347660687,-13462.603181934115,482298.36665854097
1001,469336.93967285,-13462.603181934115,482799.5428547841
1002,469824.773892066,-13462.603181934115,483287.3770740001
1003,470302.77827462484,-13462.603181934115,483765.38145655894
1004,470774.1116686701,-13462.603181934115,484236.7148506042
1005,471240.3327163778,-13462.603181934115,484702.9358983119
1006,471705.3899779274,-13462.603181934115,485167.9931598615
1007,472163.3606130497,-13462.603181934115,485625.9637949838
1008,472614.2654036405,-13462.603181934115,486076.8685855746
1009,473063.6115520552,-13462.603181934115,486526.2147339893
1010,473511.37827639823,-13462.603181934115,486973.98145833233
1011,473956.7966465292,-13462.603181934115,487419.3998284633
1012,474404.56337087223,-13462.603181934115,487867.16655280633
1013,474870.78441857995,-13462.603181934115,488333.38760051405
1014,475361.7567040437,-13462.603181934115,488824.3598859778
1015,475871.18331287225,-13462.603181934115,489333.78649480635
1016,476380.6099217008,-13462.603181934115,489843.2131036349
1017,476864.1215066151,-13462.603181934115,490326.7246885492
1018,477334.6651886244,-13462.603181934115,490797.2683705585
1019,477828.77554033604,-13462.603181934115,491291.37872227014
1020,478293.04308984976,-13743.823253901142,492036.8663437509
1021,478732.95425762533,-14503.352345245523,493236.30660287087
1022,479181.11583798623,-15260.108913458813,494441.22475144506
1023,479669.34491322015,-15992.015625474498,495661.36053869466
1024,480166.5933311796,-16520.03739626892,496686.6307274485
1025,480663.841749139,-16555.923714061817,497219.7654632008
1026,481152.07082437293,-16555.923714061817,497707.9945384347
1027,481630.0752069318,-16555.923714061817,498185.9989209936
1028,482099.8291769053,-16555.923714061817,498655.75289096707
1029,482565.65536859503,-16555.923714061817,499121.5790826568
1030,483031.87641630275,-16555.923714061817,499587.80013036454
1031,483494.9593977626,-16555.923714061817,500050.8831118244
1032,483956.4837370464,-16555.923714061817,500512.4074511082
1033,484418.00807633024,-16555.923714061817,500973.93179039203
1034,484875.60463733034,-16555.923714061817,501431.52835139213
1035,485332.8063423125,-16555.923714061817,501888.7300563743
1036,485793.93582557834,-16555.923714061817,502349.85953964014
1037,486273.124776191,-16555.923714061817,502829.0484902528
1038,486772.74233025813,-16555.923714061817,503328.6660443199
1039,487280.61029691057,-16555.923714061817,503836.53401097236
1040,487774.32579260424,-16555.923714061817,504330.24950666603
1041,488225.625439213,-16555.923714061817,504781.5491532748
1042,488654.5429841733,-16555.923714061817,505210.4666982351
1043,489063.0319256792,-16555.923714061817,505618.955639741
1044,489470.7311551492,-16555.923714061817,506026.65486921096
1045,489892.18799956,-16555.923714061817,506448.11171362177
1046,490330.91459928174,-16555.923714061817,506886.8383133435
1047,490796.36671684927,-16555.923714061817,507352.29043091106
1048,491303.44497146585,-16555.923714061817,507859.36868552765
1049,491812.8715802944,-16555.923714061817,508368.7952943562
1050,492319.16012287507,-16555.923714061817,508875.08383693686
1051,492816.4085408345,-16555.923714061817,509372.3322548963
1052,493306.19625824445,-16555.923714061817,509862.11997230625
1053,493783.4317106631,-16555.923714061817,510339.35542472487
1054,494248.0941161947,-16555.923714061817,510804.0178302565
1055,494707.2493193709,-16555.923714061817,511263.1730334327
1056,495162.4767442634,-16555.923714061817,511718.40045832517
1057,495614.566102908,-16555.923714061817,512170.4898169698
1058,496065.07603748085,-16555.923714061817,512620.99975154264
1059,496512.4479058059,-16555.923714061817,513068.3716198677
1060,496962.18891023856,-16555.923714061817,513518.11262430035
1061,497424.8770356805,-16555.923714061817,513980.8007497423
1062,497897.0001417616,-16555.923714061817,514452.9238558234
1063,498364.40575752314,-16555.923714061817,514920.32947158493
1064,498828.2784510189,-16555.923714061817,515384.2021650807
1065,499289.8027903027,-16555.923714061817,515845.7265043645
1066,499747.00449528487,-16555.923714061817,516302.92820934666
1067,500201.0473521235,-16555.923714061817,516756.9710661853
1068,500645.28115420067,-16555.923714061817,517201.20486826246
1069,501091.8633104898,-16555.923714061817,517647.7870245516
1070,501550.62365764804,-17128.15733029264,518678.78098794067
1071,502017.2395613737,-17757.463075872547,519774.7026372463
1072,502490.1523794907,-18206.921538855062,520697.0739183458
1073,502966.5981198735,-18252.985216290148,521219.58333616366
1074,503442.2541482204,-18252.985216290148,521695.2393645106
1075,503910.4494760178,-18252.985216290148,522163.43469230796
1076,504375.50673756737,-18252.985216290148,522628.49195385753
1077,504837.0310768512,-18252.985216290148,523090.01629314135
1078,505295.39656799147,-18252.985216290148,523548.38178428164
1079,505752.5982729736,-18252.985216290148,524005.5834892638
1080,506196.8320750508,-18252.985216290148,524449.8172913409
1081,506655.987278227,-18252.985216290148,524908.9724945171
1082,507112.00441515533,-18252.985216290148,525364.9896314455
1083,507567.2318400478,-18252.985216290148,525820.217056338
1084,508020.9006227642,-18252.985216290148,526273.8858390544
1085,508485.9578843138,-18252.985216290148,526738.9431006039
1086,508961.21905664273,-18252.985216290148,527214.2042729328
1087,509439.6182952195,-18252.985216290148,527692.6035115096
1088,509896.0302881658,-18252.985216290148,528149.0155044559
1089,510313.9542103108,-18252.985216290148,528566.9394266009
1090,510689.44150147523,-18252.985216290148,528942.4267177654
1091,511053.5403138065,-18252.985216290148,529306.5255300966
1092,511397.60537870124,-18252.985216290148,529650.5905949913
1093,511759.75069283845,-18252.985216290148,530012.7359091286
1094,512138.79168816435,-18252.985216290148,530391.7769044545
1095,512561.4123187333,-18429.579890888766,530990.992209622
1096,513027.633366441,-18726.85123386128,531754.4846003023
1097,513510.35523931944,-18726.85123386128,532237.2064731807
1098,513990.7287579859,-18726.85123386128,532717.5799918472
1099,514462.851864067,-18726.85123386128,533189.7030979283
1100,514933.7904020943,-18726.85123386128,533660.6416359555
1101,515403.5443720678,-18726.85123386128,534130.3956059291
1102,515870.16027579346,-18726.85123386128,534597.0115096547
1103,516331.6846150773,-18726.85123386128,535058.5358489385
1104,516792.0243863073,-18726.85123386128,535518.8756201685
1105,517251.96930151933,-18726.85123386128,535978.8205353806
1106,517697.38767165033,-18726.85123386128,536424.2389055116
1107,518145.54925201123,-18726.85123386128,536872.4004858725
1108,518599.59210884984,-18726.85123386128,537326.4433427111
1109,519073.27385710704,-18726.85123386128,537800.1250909683
1110,519571.3119871024,-18726.85123386128,538298.1632209637
1111,520083.8974440744,-18726.85123386128,538810.7486779357
1112,520589.00141860126,-18726.85123386128,539315.8526524625
1113,521066.61094514217,-18726.85123386128,539793.4621790034
1114,521508.4963930074,-18726.85123386128,540235.3476268686
1115,521936.6242259318,-18726.85123386128,540663.4754597931
1116,522369.0746931579,-18726.85123386128,541095.9259270192
1117,522824.6969740683,-18726.85123386128,541551.5482079296
1118,523309.78798305435,-18726.85123386128,542036.6392169156
1119,523809.40553712146,-18726.85123386128,542536.2567709828
1120,524322.7599242337,-18853.256196256985,543176.0161204906
1121,524837.6937354177,-18853.256196256985,543690.9499316746
1122,525344.7719900343,-18853.256196256985,544198.0281862912
1123,525840.8566218356,-18853.256196256985,544694.1128180926
1124,526325.1579187858,-18853.256196256985,545178.4141150428
1125,526800.8139471327,-18853.256196256985,545654.0701433896
1126,527275.2854074257,-18853.256196256985,546128.5416036827
1127,527743.0858792051,-18853.256196256985,546596.3420754621
1128,528206.563716683,-18853.256196256985,547059.8199129399
1129,528668.462130089,-18853.256196256985,547521.718326346
1130,529128.407045301,-18853.256196256985,547981.663241558
1131,529586.3776804234,-18853.256196256985,548439.6338766804
1132,530046.7174516534,-18853.256196256985,548899.9736479104
1133,530520.3991999106,-18853.256196256985,549373.6553961675
1134,531015.694119676,-18853.256196256985,549868.950315933
1135,531533.7659971078,-18853.256196256985,550387.0221933648
1136,532065.2006334625,-18853.256196256985,550918.4568297195
1137,532602.9114023129,-18853.256196256985,551456.1675985699
1138,533141.4118831991,-18853.256196256985,551994.6680794561
1139,533675.1948737658,-18853.256196256985,552528.4510700228
1140,534208.1881522966,-18853.256196256985,553061.4443485535
1141,534734.5104423137,-18853.256196256985,553587.7666385707
1142,535259.2533082592,-18853.256196256985,554112.5095045161
1143,535783.9961742046,-18853.256196256985,554637.2523704616
1144,536307.180397974,-18853.256196256985,555160.4365942309
1145,536810.7257303247,-18853.256196256985,555663.9819265817
1146,537311.9019265679,-18853.256196256985,556165.1581228249
1147,537804.4536361034,-18853.256196256985,556657.7098323604
1148,538287.1755089818,-18853.256196256985,557140.4317052388
1149,538764.0161053825,-18853.256196256985,557617.2723016394
1150,539235.7443554456,-18853.256196256985,558089.0005517026
1151,539703.1499712071,-18853.256196256985,558556.4061674641
1152,540169.3710189149,-18853.256196256985,559022.6272151718
1153,540629.7107901449,-18853.256196256985,559482.9669864018
1154,541084.5433590193,-18853.256196256985,559937.7995552763
1155,541526.4288068846,-18853.256196256985,560379.6850031415
1156,541969.08318489,-18853.256196256985,560822.339381147
1157,542437.2785126874,-18853.256196256985,561290.5347089444
1158,542923.1384518137,-18853.256196256985,561776.3946480707
1159,543431.796130502,-18853.256196256985,562285.052326759
1160,543953.0060741816,-18853.256196256985,562806.2622704386
1161,544483.6509985005,-18853.256196256985,563336.9071947575
1162,545010.7630005536,-18853.256196256985,563864.0191968106
1163,545538.6647146426,-18853.256196256985,564391.9209108995
1164,546063.0335064657,-18853.256196256985,564916.2897027227
1165,546583.4745200052,-18853.256196256985,565436.7307162621
1166,547100.3618293832,-18853.256196256985,565953.6180256401
1167,547614.1110725134,-18853.256196256985,566467.3672687704
1168,548126.6965294854,-18853.256196256985,566979.9527257424
1169,548630.2418618362,-18853.256196256985,567483.4980580931
1170,549122.7935713717,-18853.256196256985,567976.0497676287
1171,549610.6277905876,-18853.256196256985,568463.8839868446
1172,550087.0735309704,-18853.256196256985,568940.3297272273
1173,550556.4534268216,-18853.256196256985,569409.7096230786
1174,551023.4641865653,-18853.256196256985,569876.7203828222
1175,551488.1265920969,-18853.256196256985,570341.3827883538
1176,551949.6509313807,-18853.256196256985,570802.9071276376
1177,552409.2009905748,-18853.256196256985,571262.4571868317
1178,552869.9356178227,-18853.256196256985,571723.1918140796
1179,553321.6301204494,-18853.256196256985,572174.8863167063
1180,553772.5349110401,-18853.256196256985,572625.7911072971
1181,554239.5456707837,-18853.256196256985,573092.8018670407
1182,554725.8004659279,-18853.256196256985,573579.0566621849
1183,555235.6219307744,-18853.256196256985,574088.8781270314
1184,555756.4370184361,-18853.256196256985,574609.6932146931
1185,556273.719183832,-18853.256196256985,575126.975380089
1186,556775.6850921111,-18853.256196256985,575628.9412883681
1187,557281.1839226559,-18853.256196256985,576134.4401189128
1188,557760.3728732686,-18853.256196256985,576613.6290695255
1189,558219.9229324627,-18853.256196256985,577073.1791287196
1190,558694.3943927557,-18853.256196256985,577547.6505890127
1191,559199.1242931603,-18853.256196256985,578052.3804894172
1192,559705.017979723,-18853.256196256985,578558.27417598
1193,560211.7013783217,-18853.256196256985,579064.9575745787
1194,560714.4569986367,-18853.256196256985,579567.7131948937
1195,561204.2447160467,-18853.256196256985,580057.5009123037
1196,561685.0130907311,-18853.256196256985,580538.2692869881
1197,562166.5503955557,-18853.256196256985,581019.8065918126
1198,562641.4167118667,-18853.256196256985,581494.6729081237
1199,563118.6521642854,-18853.256196256985,581971.9083605424
1200,563588.0320601367,-18853.256196256985,582441.2882563936
1201,564054.2531078444,-18853.256196256985,582907.5093041013
1202,564511.0599568086,-18853.256196256985,583364.3161530655
1203,564967.077093737,-18853.256196256985,583820.3332899939
1204,565423.8839427012,-18853.256196256985,584277.1401389581
1205,565896.4019048002,-18853.256196256985,584749.6581010572
1206,566392.8813926195,-18853.256196256985,585246.1375888764
1207,566896.4267249702,-18853.256196256985,585749.6829212272
1208,567401.925555515,-18853.256196256985,586255.181751772
1209,567877.186727844,-18853.256196256985,586730.4429241009
1210,568321.4205299212,-18853.256196256985,587174.6767261781
1211,568747.5948646516,-18853.256196256985,587600.8510609085
1212,569168.2619970265,-18853.256196256985,588021.5181932835
1213,569601.5021762885,-18853.256196256985,588454.7583725455
1214,570044.9462663298,-19064.964347812478,589109.9106141423
1215,570513.9313061631,-19690.560625371705,590204.4919315348
1216,571020.2198487438,-20123.698013424975,591143.9178621687
1217,571535.5485159457,-20147.92764934581,591683.4761652915
1218,572041.8370585263,-20147.92764934581,592189.7647078722
1219,572536.3422662559,-20147.92764934581,592684.2699156017
1220,573023.7816294539,-20147.92764934581,593171.7092787997
1221,573499.4376578007,-20147.92764934581,593647.3653071466
1222,573981.3698186433,-20147.92764934581,594129.2974679891
1223,574455.8412789364,-20147.92764934581,594603.7689282822
1224,574925.9901049278,-20147.92764934581,595073.9177542736
1225,575393.7905767072,-20147.92764934581,595541.718226053
1226,575861.1961924687,-20147.92764934581,596009.1238418146
1227,576318.0030414329,-20147.92764934581,596465.9306907788
1228,576766.5594778118,-20147.92764934581,596914.4871271576
1229,577238.682583893,-20147.92764934581,597386.6102332388
1230,577725.7270910731,-20147.92764934581,597873.6547404189
1231,578201.3831194199,-20147.92764934581,598349.3107687657
1232,578650.3344118167,-20147.92764934581,598798.2620611625
1233,579081.600310989,-20147.92764934581,599229.5279603348
1234,579516.793988445,-20147.92764934581,599664.7216377908
1235,579965.3504248238,-20147.92764934581,600113.2780741696
1236,580424.9004840179,-20147.92764934581,600572.8281333637
1237,580908.0172129143,-20147.92764934581,601055.9448622601
1238,581391.5287978286,-20147.92764934581,601539.4564471744
1239,581870.3228924234,-20212.063091448465,602082.3859838719
1240,582348.7221310001,-20463.238087964208,602811.9602189644
1241,582826.331657541,-20463.238087964208,603289.5697455052
1242,583301.9876858878,-20463.238087964208,603765.2257738521
1243,583772.1365118793,-20463.238087964208,604235.3745998435
1244,584238.7524156049,-20463.238087964208,604701.9905035691
1245,584702.2302530827,-20463.238087964208,605165.468341047
1246,585164.1286664888,-20463.238087964208,605627.366754453
1247,585619.7509473992,-20463.238087964208,606082.9890353634
1248,586072.2351620618,-20463.238087964208,606535.473250026
1249,586520.7915984406,-20463.238087964208,606984.0296864049
1250,586968.9531788016,-20463.238087964208,607432.1912667658
1251,587412.002412825,-20463.238087964208,607875.2405007893
1252,587856.6310709201,-20463.238087964208,608319.8691588844
1253,588305.9772193349,-20463.238087964208,608769.2153072992
1254,588767.5015586187,-20463.238087964208,609230.739646583
1255,589232.9536761863,-20463.238087964208,609696.1917641505
1256,589704.6819262494,-20463.238087964208,610167.9200142137
1257,590174.0618221007,-20463.238087964208,610637.2999100649
1258,590638.3293716144,-20463.238087964208,611101.5674595786
1259,591091.2084422949,-20463.238087964208,611554.4465302591
1260,591544.0875129753,-20463.238087964208,612007.3256009396
1261,591993.828517408,-20463.238087964208,612457.0666053722
1262,592436.4828954134,-20463.238087964208,612899.7209833777
1263,592881.1115535086,-20463.238087964208,613344.3496414728
1264,593338.7081145087,-20463.238087964208,613801.9462024729
1265,593798.6530297206,-20463.238087964208,614261.8911176849
1266,594259.3876569686,-20463.238087964208,614722.6257449328
1267,594715.0099378789,-20463.238087964208,615178.2480258432
1268,595168.2838645774,-20463.238087964208,615631.5219525417
1269,595619.1886551682,-20463.238087964208,616082.4267431324
1270,596068.5348035829,-20463.238087964208,616531.7728915472
1271,596517.0912399618,-20463.238087964208,616980.329327926
1272,596962.1147540748,-20463.238087964208,617425.3528420391
1273,597406.74341217,-20463.238087964208,617869.9815001342
1274,597857.6482027607,-20463.238087964208,618320.886290725
1275,598305.8097831217,-20463.238087964208,618769.0478710859
1276,598756.3197176945,-20463.238087964208,619219.5578056588
1277,599220.9821232262,-20463.238087964208,619684.2202111904
1278,599706.4472063344,-20463.238087964208,620169.6852942987
1279,600205.6699043836,-20463.238087964208,620668.9079923478
1280,600726.4849920453,-20463.238087964208,621189.7230800096
1281,601244.1620134593,-20463.238087964208,621707.4001014235
1282,601764.2081709808,-20463.238087964208,622227.446258945
1283,602270.4967135615,-20463.238087964208,622733.7348015257
1284,602752.428874404,-20463.238087964208,623215.6669623683
1285,603231.2229689988,-20463.238087964208,623694.4610569631
1286,603716.313977985,-20463.238087964208,624179.5520659492
1287,604213.9572519624,-20463.238087964208,624677.1953399266
1288,604729.6807751822,-20463.238087964208,625192.9188631464
1289,605240.6868080825,-20463.238087964208,625703.9248960468
1290,605742.6527163616,-20463.238087964208,626205.8908043258
1291,606237.947636127,-20463.238087964208,626701.1857240913
1292,606718.7160108114,-20463.238087964208,627181.9540987756
1293,607191.2339729104,-20463.238087964208,627654.4720608747
1294,607661.3827989019,-20463.238087964208,628124.6208868661
1295,608119.7482900422,-20463.238087964208,628582.9863780064
1296,608575.3705709525,-20463.238087964208,629038.6086589168
1297,609023.1372952955,-20463.238087964208,629486.3753832597
1298,609475.2266539402,-20463.238087964208,629938.4647419044
1299,609926.1314445309,-20463.238087964208,630389.3695324952
1300,610380.1743013696,-20463.238087964208,630843.4123893338
1301,610848.7644851849,-20463.238087964208,631312.0025731492
1302,611342.4799808786,-20463.238087964208,631805.7180688429
1303,611851.5117336892,-20463.238087964208,632314.7498216535
1304,612360.1694123775,-20463.238087964208,632823.4075003418
1305,612864.1096007463,-20463.238087964208,633327.3476887105
1306,613354.6870301921,-20463.238087964208,633817.9251181564
1307,613831.5276265928,-20463.238087964208,634294.765714557
1308,614290.682829769,-20463.238087964208,634753.9209177332
1309,614752.5812431751,-20463.238087964208,635215.8193311393
1310,615211.3415903333,-20463.238087964208,635674.5796782975
1311,615692.1099650176,-20548.479736129037,636240.5897011467
1312,616195.2604413505,-20847.243326807475,637042.503768158
1313,616699.9903417551,-20847.243326807475,637547.2336685626
1314,617202.7459620701,-20847.243326807475,638049.9892888776
1315,617700.3892360475,-20847.243326807475,638547.632562855
1316,618187.4337432276,-20847.243326807475,639034.6770700351
1317,618666.6226938403,-20847.243326807475,639513.8660206478
1318,619141.0941541333,-20847.243326807475,639988.3374809409
1319,619609.6843379487,-20847.243326807475,640456.9276647562
1320,620071.5827513548,-20847.243326807475,640918.8260781623
1321,620531.9225225848,-20847.243326807475,641379.1658493923
1322,620989.124227567,-20847.243326807475,641836.3675543745
1323,621445.1413644954,-20847.243326807475,642292.3846913029
1324,621901.1585014238,-20847.243326807475,642748.4018282313
1325,622369.7486852391,-20847.243326807475,643216.9920120466
1326,622858.767472509,-20847.243326807475,643706.0107993165
1327,623354.0623922744,-20847.243326807475,644201.3057190819
1328,623841.1068994545,-20847.243326807475,644688.350226262
1329,624310.4867953057,-20847.243326807475,645157.7301221133
1330,624759.0432316846,-20847.243326807475,645606.2865584921
1331,625185.5916405373,-20847.243326807475,646032.8349673448
1332,625603.9104187002,-20847.243326807475,646451.1537455077
1333,626027.320761305,-20847.243326807475,646874.5640881126
1334,626464.0938628328,-20847.243326807475,647311.3371896403
1335,626922.8542099909,-20847.243326807475,647770.0975367985
1336,627411.4781412428,-20847.243326807475,648258.7214680503
1337,627906.3782049903,-20847.243326807475,648753.6215317978
1338,628396.9556344361,-20847.243326807475,649244.1989612436
1339,628879.2826512966,-20847.243326807475,649726.5259781041
1340,629351.4057573777,-20847.243326807475,650198.6490841853
1341,629819.2062291572,-20847.243326807475,650666.4495559647
1342,630284.2634907067,-20847.243326807475,651131.5068175142
1343,630744.6032619367,-20847.243326807475,651591.8465887442
1344,631197.0874765993,-20847.243326807475,652044.3308034068
1345,631649.1768352439,-20847.243326807475,652496.4201620515
1346,632098.5229836587,-20847.243326807475,652945.7663104662
1347,632543.5464977717,-20847.243326807475,653390.7898245793
1348,632990.9183660968,-20847.243326807475,653838.1616929043
1349,633454.0013475567,-20847.243326807475,654301.2446743642
1350,633942.6252788085,-20847.243326807475,654789.868605616
1351,634443.0325449115,-20847.243326807475,655290.275871719
1352,634948.9262314743,-20847.243326807475,655796.1695582818
1353,635437.1553067082,-20847.243326807475,656284.3986335157
1354,635921.8514596763,-20847.243326807475,656769.0947864838
1355,636358.624561204,-20847.243326807475,657205.8678880115
1356,636776.548483349,-20847.243326807475,657623.7918101565
1357,637229.8224100475,-20847.243326807475,658077.065736855
1358,637715.6823491738,-20847.243326807475,658562.9256759813
1359,638209.0029888495,-20847.243326807475,659056.246315657
1360,638709.8051109704,-20847.243326807475,659557.0484377779
1361,639214.1401553571,-20847.243326807475,660061.3834821646
1362,639714.1525654421,-20847.243326807475,660561.3958922497
1363,640205.9145629418,-20847.243326807475,661053.1578897493
1364,640688.6364358201,-20847.243326807475,661535.8797626277
1365,641163.5027521312,-20847.243326807475,662010.7460789387
1366,641632.4877919644,-20847.243326807475,662479.731118772
1367,642097.939909532,-20847.243326807475,662945.1832363395
1368,642560.6280349739,-20847.243326807475,663407.8713617814
1369,643017.0400279202,-20847.243326807475,663864.2833547277
1370,643439.2865843668,-20847.243326807475,664286.5299111743
1371,643856.025938458,-20847.243326807475,664703.2692652656
1372,644277.8776388868,-20847.243326807475,665125.1209656943
1373,644734.684487851,-20847.243326807475,665581.9278146585
1374,645229.5845515985,-20847.243326807475,666076.827878406
1375,645721.7414051162,-20847.243326807475,666568.9847319237
1376,646202.9046358186,-20847.243326807475,667050.1479626261
1377,646642.4209475762,-20847.243326807475,667489.6642743837
1378,647057.1860215777,-20847.243326807475,667904.4293483852
1379,647453.8916282324,-20847.243326807475,668301.13495504
1380,647840.3933241077,-20847.243326807475,668687.6366509153
1381,648240.2369970103,-21121.767545429724,669362.0045424401
1382,648659.7195613314,-21829.75661192034,670489.4761732518
1383,649105.9068616027,-22537.42066427632,671643.327525879
1384,649587.8390224453,-23134.510992946354,672722.3500153916
1385,650086.2720084585,-23153.590579866777,673239.8625883253
1386,650579.9875041522,-23153.590579866777,673733.578084019
1387,651067.8217233681,-23153.590579866777,674221.4123032349
1388,651545.431249909,-23153.590579866777,674699.0218297758
1389,652018.738924044,-23153.590579866777,675172.3295039107
1390,652488.1188198952,-23153.590579866777,675641.709399762
1391,652950.4120893192,-23153.590579866777,676104.002669186
1392,653409.5672924954,-23153.590579866777,676563.1578723622
1393,653866.3741414596,-23153.590579866777,677019.9647213264
1394,654316.8840760324,-23153.590579866777,677470.4746558992
1395,654762.6973021814,-23153.590579866777,677916.2878820482
1396,655208.1156723124,-23153.590579866777,678361.7062521792
1397,655667.2708754886,-23153.590579866777,678820.8614553554
1398,656139.7888375877,-23153.590579866777,679293.3794174545
1399,656608.7738774209,-23153.590579866777,679762.3644572877
1400,657041.6192006649,-23153.590579866777,680195.2097805317
1401,657431.2589627882,-23153.590579866777,680584.8495426549
1402,657780.8312300384,-23153.590579866777,680934.4218099052
1403,658125.6860069691,-23153.590579866777,681279.2765868359
1404,658463.8697953861,-23153.590579866777,681617.4603752529
1405,658806.3762181047,-23153.590579866777,681959.9667979715
1406,659171.6595984898,-23153.590579866777,682325.2501783565
1407,659573.477551482,-23153.590579866777,682727.0681313488
1408,660019.6648517533,-23153.590579866777,683173.25543162
1409,660486.2807554789,-23153.590579866777,683639.8713353457
1410,660961.5419278078,-23153.590579866777,684115.1325076746
1411,661437.5928121727,-23153.590579866777,684591.1833920395
1412,661906.972708024,-23153.590579866777,685060.5632878907
1413,662376.7266779975,-23153.590579866777,685530.3172578643
1414,662839.0199474215,-23153.590579866777,685992.6105272883
1415,663306.0307071651,-23153.590579866777,686459.6212870319
1416,663771.4828247327,-23153.590579866777,686925.0734045994
1417,664229.453459855,-23153.590579866777,687383.0440397218
1418,664683.4963166937,-23153.590579866777,687837.0868965605
1419,665135.9805313563,-23153.590579866777,688289.5711112231
1420,665577.8659792215,-23153.590579866777,688731.4565590883
1421,666029.1656258303,-23153.590579866777,689182.7562056971
1422,666499.7093078396,-23153.590579866777,689653.2998877064
1423,666971.0427018849,-23153.590579866777,690124.6332817517
1424,667417.624858174,-23153.590579866777,690571.2154380408
1425,667859.1154500213,-23153.590579866777,691012.7060298881
1426,668297.0731196029,-23153.590579866777,691450.6636994696
1427,668742.4914897339,-23153.590579866777,691896.0820696007
1428,669211.8713855852,-23484.07716273023,692695.9485483154
1429,669690.66548018,-24182.03489990808,693872.7003800881
1430,670170.6441428285,-24912.253961185626,695082.8981040141
1431,670645.5104591396,-25660.231774922064,696305.7422340617
1432,671118.4232772565,-26191.297769457924,697309.7210467145
1433,671592.4998815317,-26233.912930445735,697826.4128119774
1434,672065.8075556667,-26233.912930445735,698299.7204861124
1435,672534.397739482,-26233.912930445735,698768.3106699277
1436,672999.0601450136,-26233.912930445735,699232.9730754594
1437,673459.3999162436,-26233.912930445735,699693.3128466894
1438,673917.7654073839,-26233.912930445735,700151.6783378297
1439,674372.5979762584,-26233.912930445735,700606.5109067041
1440,674825.8719029569,-26233.912930445735,701059.7848334026
1441,675277.1715495656,-26233.912930445735,701511.0844800114
1442,675725.3331299266,-26233.912930445735,701959.2460603723
1443,676173.0998542695,-26233.912930445735,702407.0127847153
1444,676622.4460026843,-26233.912930445735,702856.35893313
1445,677085.5289841442,-26233.912930445735,703319.44191459
1446,677571.3889232705,-26233.912930445735,703805.3018537163
1447,678074.1445435855,-26233.912930445735,704308.0574740312
1448,678593.4009890711,-26233.912930445735,704827.3139195169
1449,679114.6109327507,-26233.912930445735,705348.5238631965
1450,679636.6105884663,-26233.912930445735,705870.523518912
1451,680143.293987065,-26233.912930445735,706377.2069175107
1452,680602.0543342232,-26773.443539956334,707375.4978741795
1453,681008.5897775351,-27570.708046842115,708579.2978243772
1454,681419.4270732529,-28352.69181276551,709772.1188860184
1455,681857.7588169567,-29096.070299494517,710953.8291164512
1456,682332.2302772497,-29727.672899587815,712059.9031768375
1457,682823.2025627135,-29937.235169612824,712760.4377323263
1458,683306.7141476278,-29937.235169612824,713243.9493172406
1459,683787.4825223122,-29937.235169612824,713724.717691925
1460,684267.0663289428,-29937.235169612824,714204.3014985556
1461,684737.2151549342,-29937.235169612824,714674.450324547
1462,685205.8053387495,-29937.235169612824,715143.0405083623
1463,685667.3296780334,-29937.235169612824,715604.5648476462
1464,686119.8138926959,-29937.235169612824,716057.0490623087
1465,686571.1135393047,-29937.235169612824,716508.3487089175
1466,687019.6699756836,-29937.235169612824,716956.9051452964
1467,687465.0883458146,-29937.235169612824,717402.3235154274
1468,687911.6705021037,-29937.235169612824,717848.9056717166
1469,688374.3586275456,-29937.235169612824,718311.5937971584
1470,688859.8237106539,-29937.235169612824,718797.0588802667
1471,689349.2165720459,-29937.235169612824,719286.4517416587
1472,689828.4055226586,-29937.235169612824,719765.6406922714
1473,690302.4821269338,-29937.235169612824,720239.7172965466
1474,690773.4206649611,-29937.235169612824,720710.6558345739
1475,691237.2933584568,-29937.235169612824,721174.5285280696
1476,691712.9493868037,-30028.12920984911,721741.0785966527
1477,692205.8959523571,-30703.439267838243,722909.3352201954
1478,692711.3947829019,-31351.790919830844,724063.1857027326
1479,693223.585383856,-31954.25836365973,725177.8437475157
1480,693737.3346269862,-32453.404850618186,726190.7394776044
1481,694239.6953912831,-32623.16922910992,726862.864620393
1482,694727.924466517,-32623.16922910992,727351.093695627
1483,695208.2979851835,-32623.16922910992,727831.4672142934
1484,695680.0262352467,-32623.16922910992,728303.1954643566
1485,696147.0369949903,-32623.16922910992,728770.2062241002
1486,696613.258042698,-32623.16922910992,729236.4272718079
1487,697072.8081018921,-32623.16922910992,729695.977331002
1488,697526.8509587308,-32623.16922910992,730150.0201878407
1489,697978.9403173755,-32623.16922910992,730602.1095464854
1490,698428.6813218081,-32623.16922910992,731051.850550918
1491,698874.0996919392,-32623.16922910992,731497.2689210491
1492,699323.050984336,-32623.16922910992,731946.2202134458
1493,699786.9236778317,-32623.16922910992,732410.0929069415
1494,700271.6198307998,-32623.16922910992,732894.7890599096
1495,700769.2631047772,-32623.16922910992,733392.4323338871
1496,701270.0652268981,-32623.16922910992,733893.234456008
1497,701766.9395707352,-32623.16922910992,734390.1087998451
1498,702249.6614436136,-32623.16922910992,734872.8306727235
1499,702726.1071839964,-32623.16922910992,735349.2764131062
1500,703193.5127997579,-32623.16922910992,735816.6820288678
1501,703664.4513377852,-32972.23013810218,736636.6814758874
1502,704160.1411135686,-33596.68041199936,737756.8215255679
1503,704657.389531528,-34165.104729026105,738822.4942605541
1504,705142.8546146363,-34627.3323799933,739770.1869946296
1505,705631.4785458881,-34801.30899170309,740432.7875375912
1506,706110.2726404829,-34801.30899170309,740911.581632186
1507,706582.000890546,-34801.30899170309,741383.3098822491
1508,707043.1303738119,-34801.30899170309,741844.439365515
1509,707498.3577987044,-34801.30899170309,742299.6667904075
1510,707953.5852235969,-34801.30899170309,742754.8942153
1511,708399.7725238681,-34801.30899170309,743201.0815155712
1512,708840.4734036796,-34801.30899170309,743641.7823953826
1513,709277.2465052073,-34801.30899170309,744078.5554969104
1514,709710.8815404872,-34801.30899170309,744512.1905321903
1515,710144.1217197492,-34801.30899170309,744945.4307114523
1516,710582.0793893307,-34801.30899170309,745383.3883810338
1517,711035.3533160292,-34801.30899170309,745836.6623077323
1518,711509.4299203043,-34801.30899170309,746310.7389120074
1519,712004.3299840519,-34801.30899170309,746805.638975755
1520,712511.8030946864,-34801.30899170309,747313.1120863894
1521,713022.8091275867,-34801.30899170309,747824.1181192897
1522,713542.0655730723,-34801.30899170309,748343.3745647754
1523,714063.6703727699,-34801.30899170309,748864.979364473
1524,714588.4132387154,-35062.26452076889,749650.6777594843
1525,715090.7740030123,-35788.57389926063,750879.347902273
1526,715595.5039034169,-36503.58562330931,752099.0895267262
1527,716098.2595237319,-37178.57205939387,753276.8315831257
1528,716601.0151440469,-37740.203495478425,754341.2186395252
1529,717095.1254957585,-37971.505539004305,755066.6310347628
1530,717588.8409914522,-37971.505539004305,755560.3465304566
1531,718073.5371444203,-37971.505539004305,756045.0426834247
1532,718549.5880287852,-37971.505539004305,756521.0935677895
1533,719019.7368547766,-37971.505539004305,756991.242393781
1534,719482.8198362365,-37971.505539004305,757454.3253752409
1535,719942.7647514485,-37971.505539004305,757914.2702904529
1536,720397.2024643051,-37971.505539004305,758368.7080033094
1537,720846.9434687378,-37971.505539004305,758818.4490077421
1538,721300.2173954363,-37971.505539004305,759271.7229344406
1539,721754.2602522749,-37971.505539004305,759725.7657912793
1540,722209.0928211494,-37971.505539004305,760180.5983601537
1541,722675.3138688571,-37971.505539004305,760646.8194078614
1542,723167.4707223747,-37971.505539004305,761138.9762613791
1543,723677.2921872212,-37971.505539004305,761648.7977262256
1544,724197.7332007607,-37971.505539004305,762169.238739765
1545,724722.1019925838,-37971.505539004305,762693.6075315882
1546,725248.424282601,-37971.505539004305,763219.9298216053
1547,725775.536284654,-37986.35484231713,763761.8911269712
1548,726300.2791505995,-38775.321380149486,765075.600530749
1549,726828.1808646885,-39551.901878724435,766380.0827434129
1550,727347.832166192,-40315.94254233353,767663.7747085255
1551,727858.8381990923,-41021.851313383944,768880.6895124762
1552,728364.3370296371,-41594.82796537654,769959.1649950136
1553,728858.4473813487,-41776.19500890242,770634.6423902512
1554,729347.0713126005,-41776.19500890242,771123.266321503
1555,729825.8654071953,-41776.19500890242,771602.0604160978
1556,730296.8039452226,-41776.19500890242,772072.9989541251
1557,730766.9527712141,-41776.19500890242,772543.1477801165
1558,731229.640896656,-41776.19500890242,773005.8359055584
1559,731690.7703799219,-41776.19500890242,773466.9653888243
1560,732147.5772288861,-41776.19500890242,773923.7722377885
1561,732603.1995097965,-41776.19500890242,774379.3945186989
1562,733055.2888684411,-41776.19500890242,774831.4838773436
1563,733504.6350168559,-41776.19500890242,775280.8300257584
1564,733953.9811652707,-41776.19500890242,775730.1761741731
1565,734415.5055045545,-41776.19500890242,776191.700513457
1566,734888.0234666535,-41776.19500890242,776664.218475556
1567,735360.1465727347,-41776.19500890242,777136.3415816372
1568,735827.1573324783,-41776.19500890242,777603.3523413808
1569,736291.81973801,-41776.19500890242,778068.0147469124
1570,736751.369797204,-41776.19500890242,778527.5648061065
1571,737212.104424452,-41776.19500890242,778988.2994333544
1572,737674.397693876,-41923.34798521633,779597.7456790922
1573,738131.2045428401,-42561.60392984117,780692.8084726813
1574,738583.2939014848,-43160.286870593845,781743.5807720786
1575,739033.0349059175,-43690.616653031306,782723.6515589488
1576,739484.3345525262,-44096.07047859833,783580.4050311246
1577,739939.1671214007,-44226.09863525905,784165.2657566598
1578,740393.6048342573,-44226.09863525905,784619.7034695164
1579,740843.7199128122,-44226.09863525905,785069.8185480713
1580,741291.0917811373,-44226.09863525905,785517.1904163964
1581,741737.2790814085,-44226.09863525905,785963.3777166676
1582,742185.4406617695,-44226.09863525905,786411.5392970286
1583,742632.4176740766,-44226.09863525905,786858.5163093357
1584,743073.513409906,-44226.09863525905,787299.612045165
1585,743506.753589168,-44226.09863525905,787732.852224427
1586,743506.753589168,-44226.09863525905,787732.852224427
1587,743621.8437274494,-44226.09863525905,787847.9423627085
1588,743844.5425215671,-44226.09863525905,788070.6411568262
1589,744287.5917555905,-44226.09863525905,788513.6903908496
1590,744743.6088925189,-44226.09863525905,788969.707527778
1591,745188.050513553,-44226.09863525905,789414.149148812
1592,745605.517233993,-44226.09863525905,789831.6158692521
1593,746018.2249003222,-44226.09863525905,790244.3235355812
1594,746427.628245238,-44226.09863525905,790653.7268804971
1595,746843.9935252069,-44226.09863525905,791070.092160466
1596,747282.76168872,-44226.09863525905,791508.860323979
1597,747730.3413760018,-44522.97020877486,792253.3115847767
1598,748179.0225037548,-44971.37394188421,793150.3964456391
1599,748622.9237955011,-45358.59960939621,793981.5234048973
1600,749064.9962804276,-45653.69929963618,794718.6955800637
1601,749508.170205825,-45735.800913687715,795243.9711195127
1602,749950.6167648736,-45735.800913687715,795686.4176785613
1603,750388.6575620379,-45735.800913687715,796124.4584757256
1604,750823.0199636667,-45735.800913687715,796558.8208773544
1605,751253.3506775333,-45735.800913687715,796989.151591221
1606,751681.8318026843,-45735.800913687715,797417.632716372
1607,752107.0086064221,-45735.800913687715,797842.8095201098
1608,752530.7306774622,-45735.800913687715,798266.5315911499
1609,752952.6031597867,-45735.800913687715,798688.4040734743
1610,753371.54539482,-45735.800913687715,799107.3463085077
1611,753790.1135557313,-45735.800913687715,799525.9144694189
1612,754210.1572312358,-45735.800913687715,799945.9581449234
1613,754643.0441182711,-45735.800913687715,800378.8450319588
1614,755097.2324483795,-45735.800913687715,800833.0333620672
1615,755567.2150192055,-45735.800913687715,801303.0159328931
1616,756052.6177566268,-45735.800913687715,801788.4186703145
1617,756539.849300868,-45735.800913687715,802275.6502145557
1618,757027.808211458,-45735.800913687715,802763.6091251457
1619,757501.4483959238,-45735.800913687715,803237.2493096115
1620,757930.303595197,-46111.439793891856,804041.7433890889
1621,758310.3213396199,-46838.69388033322,805149.0152199531
1622,758694.3707718049,-47526.745291669744,806221.1160634747
1623,759104.1274089473,-48156.4313210233,807260.5587299706
1624,759547.6754084671,-48659.98830542593,808207.663713893
1625,760006.6435745821,-48850.33472319044,808856.9782977725
1626,760458.6290237483,-48850.33472319044,809308.9637469387
1627,760908.03751785,-48850.33472319044,809758.3722410405
1628,761356.3445714808,-48850.33472319044,810206.6792946712
1629,761795.8401013426,-48850.33472319044,810646.174824533
1630,762233.880898507,-48850.33472319044,811084.2156216974
1631,762665.3130528447,-48850.33472319044,811515.6477760351
1632,763088.2869756402,-48850.33472319044,811938.6216988306
1633,763510.1594579647,-48850.33472319044,812360.4941811551
1634,763929.4757671204,-48850.33472319044,812779.8104903108
1635,764345.8410470893,-48850.33472319044,813196.1757702797
1636,764763.3077675294,-48850.33472319044,813613.6424907198
1637,765195.8413623382,-48850.33472319044,814046.1760855286
1638,765649.6556183243,-48850.33472319044,814499.9903415147
1639,766107.148269846,-48850.33472319044,814957.4829930364
1640,766555.1020312501,-48850.33472319044,815405.4367544405
1641,766998.2759566476,-48850.33472319044,815848.610679838
1642,767438.519634754,-48850.33472319044,816288.8543579445
1643,767872.154670034,-49264.05073342432,817136.2054034583
1644,768316.8041100248,-50129.62714163852,818446.4312516634
1645,768777.6010829598,-51017.58203667506,819795.1831196349
1646,769250.1398269546,-51892.90522328769,821143.0450502422
1647,769728.9339215494,-52734.70626966033,822463.6401912097
1648,770209.1827488417,-53491.4904229539,823700.6731717956
1649,770678.7912455454,-53846.810708482946,824525.6019540284
1650,771135.1824565959,-53846.810708482946,824981.9931650789
1651,771584.2376584711,-53846.810708482946,825431.0483669541
1652,772025.2087029264,-53846.810708482946,825872.0194114094
1653,772461.7739854973,-53846.810708482946,826308.5846939803
1654,772897.6119017194,-53846.810708482946,826744.4226102023
1655,773327.1944673414,-53846.810708482946,827174.0051758244
1656,773327.1944673414,-53846.810708482946,827174.0051758244
1657,773327.1944673414,-53846.810708482946,827174.0051758244
1658,773327.1944673414,-53846.810708482946,827174.0051758244
1659,773327.1944673414,-53846.810708482946,827174.0051758244
1660,773327.1944673414,-53846.810708482946,827174.0051758244
1661,773327.1944673414,-53846.810708482946,827174.0051758244
1662,773327.1944673414,-53846.810708482946,827174.0051758244
1663,773327.1944673414,-53846.810708482946,827174.0051758244
1664,773327.1944673414,-53846.810708482946,827174.0051758244
1665,773327.1944673414,-54751.357031871725,828078.5514992131
1666,773327.1944673414,-55785.11071608225,829112.3051834237
1667,773327.1944673414,-56895.566900292775,830222.7613676342
1668,773582.146763556,-57867.179666017466,831449.3264295735
1669,774053.563285184,-58752.334241576806,832805.8975267608
1670,774532.4820711528,-59615.27291139981,834147.7549825526
1671,775021.2722575701,-60424.22302104342,835445.4952786135
1672,775548.1140949792,-60597.274316044524,836145.3884110238
1673,776082.3750691466,-60597.274316044524,836679.6493851912
1674,776628.7726703917,-60597.274316044524,837226.0469864362
1675,777138.34475249,-60597.274316044524,837735.6190685346
1676,777595.9828772815,-60597.274316044524,838193.257193326
1677,778044.1860214338,-60597.274316044524,838641.4603374783
1678,778490.1239389569,-60597.274316044524,839087.3982550014
1679,778934.0460125989,-60597.274316044524,839531.3203286434
1680,779372.814176112,-60597.274316044524,839970.0884921565
1681,779810.1068250317,-60597.274316044524,840407.3811410762
1682,780245.8200498797,-60597.274316044524,840843.0943659242
1683,780679.8915049689,-60597.274316044524,841277.1658210134
1684,781115.1683100075,-60597.274316044524,841712.4426260521
1685,781563.8078739691,-60597.274316044524,842161.0821900136
1686,782039.5054661073,-60597.274316044524,842636.7797821518
1687,782532.9300152614,-60597.274316044524,843130.2043313059
1688,783020.7642344773,-60597.274316044524,843618.0385505218
1689,783469.0505062123,-60597.274316044524,844066.3248222568
1690,783877.7057028837,-60805.40181697783,844683.1075198615
1691,784261.8382626513,-61620.34636353683,845882.1846261881
1692,784635.4136194132,-62425.68204225817,847061.0956616714
1693,785002.0062592261,-63267.48677671318,848269.4930359393
1694,785365.0244129819,-64039.96229432775,849404.9867073097
1695,785748.4711701922,-64653.995397522274,850402.4665677145
1696,786160.5345977553,-64869.034450499086,851029.5690482544
1697,786602.1083171853,-64869.034450499086,851471.1427676844
1698,787073.4417112306,-64869.034450499086,851942.4761617297
1699,787547.1234594877,-64869.034450499086,852416.1579099868
1700,788010.6012969655,-64869.034450499086,852879.6357474646
1701,788470.2344837423,-64869.034450499086,853339.2689342414
1702,788929.0779584832,-64869.034450499086,853798.1124089824
1703,789383.6611446096,-64869.034450499086,854252.6955951087
1704,789830.7212844994,-64869.034450499086,854699.7557349985
1705,790278.5711364251,-64869.034450499086,855147.6055869242
1706,790728.4368322319,-64869.034450499086,855597.471282731
1707,791178.219400456,-64869.034450499086,856047.253850955
1708,791627.6486764534,-64869.034450499086,856496.6831269525
1709,792091.2927690967,-64869.034450499086,856960.3272195958
1710,792578.0671116329,-64869.034450499086,857447.101562132
1711,793080.033019912,-64869.034450499086,857949.0674704111
1712,793576.9489275406,-64869.034450499086,858445.9833780397
1713,794033.3609204869,-64869.034450499086,858902.395370986
1714,794448.6663237761,-64869.034450499086,859317.7007742752
1715,794840.3011478847,-65506.924909552,860347.2260574367
1716,795208.8057221003,-66297.77402313334,861506.5797452336
1717,795573.7358102588,-67113.98505051994,862687.7208607787
1718,795956.8292752424,-67875.02515289532,863831.8544281378
1719,796358.7719196088,-68555.10834698532,864913.8802665941
1720,796784.1981060947,-68774.45576292563,865558.6538690204
1721,797249.338495227,-68774.45576292563,866023.7942581527
1722,797722.3344409268,-68774.45576292563,866496.7902038525
1723,798191.7559005694,-68774.45576292563,866966.211663495
1724,798653.4049312272,-68774.45576292563,867427.8606941529
1725,799109.5467595296,-68774.45576292563,867884.0025224553
1726,799559.765747563,-68774.45576292563,868334.2215104887
1727,800002.8981091691,-68774.45576292563,868777.3538720948
1728,800442.0195649088,-68774.45576292563,869216.4753278345
1729,800881.2241482312,-68774.45576292563,869655.6799111569
1730,801317.2906653058,-68774.45576292563,870091.7464282315
1731,801751.6946307259,-68774.45576292563,870526.1503936516
1732,802183.8333695168,-68774.45576292563,870958.2891324424
1733,802627.672315576,-68774.45576292563,871402.1280785017
1734,803080.5929500478,-68774.45576292563,871855.0487129735
1735,803537.9609101954,-68774.45576292563,872312.416673121
1736,803993.6663186885,-68774.45576292563,872768.1220816142
1737,804439.1678164023,-68774.45576292563,873213.623579328
1738,804872.5326870383,-69032.78812447086,873905.3208115092
1739,805310.5319204112,-69882.58526877372,875193.1171891849
1740,805746.9517297123,-70734.09881911358,876481.0505488259
1741,806176.3056944819,-71658.6798306865,877834.9855251685
1742,806617.7962863293,-72554.69656458609,879172.4928509154
1743,807047.6697984909,-73314.9529147865,880362.6227132775
1744,807488.3706783024,-73708.70211000268,881197.072788305
1745,807932.7291717536,-73708.70211000268,881641.4312817563
1746,808376.6512453957,-73708.70211000268,882085.3533553983
1747,808822.1527431094,-73708.70211000268,882530.854853112
1748,809263.0198780863,-73708.70211000268,882971.7219880889
1749,809701.1022390419,-73708.70211000268,883409.8043490446
1750,810136.81546389,-73708.70211000268,883845.5175738926
1751,810572.0922689287,-73708.70211000268,884280.7943789313
1752,811005.374011982,-73708.70211000268,884714.0761219846
1753,811438.6557550353,-73708.70211000268,885147.357865038
1754,811870.3580740169,-73708.70211000268,885579.0601840195
1755,812301.6239731892,-73708.70211000268,886010.3260831918
1756,812731.0610655415,-73708.70211000268,886439.7631755441
1757,813173.4244970074,-73708.70211000268,886882.12660701
1758,813621.6276411597,-73708.70211000268,887330.3297511623
1759,814074.194983405,-73708.70211000268,887782.8970934076
1760,814520.4861931546,-73708.70211000268,888229.1883031572
1761,814962.496332394,-73708.70211000268,888671.1984423966
1762,815401.3684053854,-73708.70211000268,889110.070515388
1763,815831.0756623816,-74366.31909098967,890197.3947533712
1764,816266.2693398376,-75302.57378443336,891568.8431242709
1765,816699.9875027002,-76158.6694983378,892858.657001038
1766,817116.3320007735,-77081.03907803044,894197.3710788039
1767,817531.2009842534,-77872.94213497145,895404.1431192249
1768,817970.4055675758,-78073.7784557323,896044.1840233081
1769,818405.7862820929,-78073.7784557323,896479.5647378252
1770,818848.4822238897,-78073.7784557323,896922.260679622
1771,819297.5582076606,-78073.7784557323,897371.3366633928
1772,819742.2699933384,-78073.7784557323,897816.0484490707
1773,820185.4023549445,-78073.7784557323,898259.1808106768
1774,820626.622782148,-78073.7784557323,898700.4012378802
1775,821066.9703697328,-78073.7784557323,899140.7488254651
1776,821505.406022915,-78073.7784557323,899579.1844786473
1777,821940.3503176229,-78073.7784557323,900014.1287733552
1778,822370.9304142377,-78073.7784557323,900444.7088699699
1779,822801.9469306618,-78073.7784557323,900875.7253863941
1780,823230.9476032049,-78073.7784557323,901304.7260589371
1781,823677.3219405372,-78073.7784557323,901751.1003962695
1782,824151.876528413,-78073.7784557323,902225.6549841453
1783,824644.1580733047,-78073.7784557323,902717.936529037
1784,825122.3079291333,-78073.7784557323,903196.0863848656
1785,825592.6022283945,-78073.7784557323,903666.3806841268
1786,826037.3140140723,-78073.7784557323,904111.0924698046
1787,826440.3996627011,-78391.80510565171,904832.2047683528
1788,826860.7550666408,-79071.00726771585,905931.7623343567
1789,827287.8438047812,-79710.11752360284,906997.961328384
1790,827707.0769863542,-80386.71367932852,908093.7906656828
1791,828135.6412390879,-80925.23447522336,909060.8757143113
1792,828579.9166049565,-81122.18187484214,909702.0984797986
1793,829023.4022587892,-81122.18187484214,910145.5841336313
1794,829483.8251576019,-81122.18187484214,910606.007032444
1795,829944.6013486411,-81122.18187484214,911066.7832234832
1796,830396.8153986598,-81122.18187484214,911518.9972735019
1797,830842.3168963735,-81122.18187484214,911964.4987712157
1798,831287.8183940873,-81122.18187484214,912410.0002689294
1799,831726.3371748521,-81122.18187484214,912848.5190496943
1800,832159.2656256789,-81122.18187484214,913281.4475005211
1801,832589.4924300672,-81122.18187484214,913711.6743049093
1802,833016.5811682076,-81122.18187484214,914138.7630430497
1803,833443.2334865386,-81122.18187484214,914565.4153613808
1804,833869.8858048697,-81122.18187484214,914992.0676797119
1805,834309.880100228,-81122.18187484214,915432.0619750702
1806,834776.932423763,-81122.18187484214,915899.1142986051
1807,835262.937836159,-81122.18187484214,916385.1197110012
1808,835766.6494236753,-81122.18187484214,916888.8312985174
1809,836262.4223270414,-81122.18187484214,917384.6042018835
1810,836722.4919336275,-81122.18187484214,917844.6738084697
1811,837237.4673086029,-81267.68157657563,918505.1488851785
1812,837827.5900183608,-81816.31411176568,919643.9041301265
1813,838347.0127190119,-82403.27734122527,920750.2900602372
1814,838851.7841832079,-82886.16772419919,921737.951907407
1815,839325.9023512744,-83259.09547799888,922584.9978292732
1816,839834.6847213368,-83367.83814391146,923202.5228652483
1817,840291.5331340923,-83367.83814391146,923659.3712780038
1818,840759.0218774365,-83367.83814391146,924126.860021348
1819,841231.2281111004,-83367.83814391146,924599.0662550118
1820,841696.0152080061,-83367.83814391146,925063.8533519176
1821,842156.8745266282,-83367.83814391146,925524.7126705396
1822,842619.9990718794,-83367.83814391146,925987.8372157909
1823,843079.6322586562,-83367.83814391146,926447.4704025676
1824,843531.8463086749,-83367.83814391146,926899.6844525863
1825,843983.6239388844,-83367.83814391146,927351.4620827958
1826,844434.6118570579,-83367.83814391146,927802.4500009693
1827,844884.4775528647,-83367.83814391146,928252.3156967761
1828,845333.9068288621,-83367.83814391146,928701.7449727736
1829,845799.4836378037,-83367.83814391146,929167.3217817151
1830,846290.9754706596,-83367.83814391146,929658.813614571
1831,846796.952284805,-83367.83814391146,930164.7904287165
1832,847286.7815660064,-83367.83814391146,930654.6197099178
1833,847736.6472618132,-83367.83814391146,931104.4854057246
1834,848150.3732410306,-83367.83814391146,931518.211384942
1835,848538.5167066648,-83574.7505874524,932113.2672941172
1836,848920.3840398033,-84282.07560531027,933202.4596451136
1837,849287.6832640694,-84913.7271605838,934201.4104246532
1838,849660.552036378,-85471.56319351906,935132.115229897
1839,850041.9829497072,-85904.27485508424,935946.2578047914
1840,850454.836089306,-86058.51189542723,936513.3479847333
1841,850891.6923184165,-86058.51189542723,936950.2042138438
1842,851359.5343539874,-86058.51189542723,937418.0462494147
1843,851833.7564315323,-86058.51189542723,937892.2683269596
1844,852298.8968206646,-86058.51189542723,938357.4087160919
1845,852764.3905020235,-86058.51189542723,938822.9023974508
1846,853228.3047593107,-86058.51189542723,939286.8166547379
1847,853687.5015262782,-86058.51189542723,939746.0134217055
1848,854140.5052883328,-86058.51189542723,940199.0171837601
1849,854595.7742770166,-86058.51189542723,940654.2861724439
1850,855047.1986149994,-86058.51189542723,941105.7105104267
1851,855498.9762452089,-86058.51189542723,941557.4881406361
1852,855952.7697192994,-86058.51189542723,942011.2816147266
1853,856420.9650470968,-86058.51189542723,942479.4769425241
1854,856908.7992663127,-86058.51189542723,942967.31116174
1855,857412.8641460555,-86058.51189542723,943471.3760414828
1856,857904.709271138,-86058.51189542723,943963.2211665652
1857,858365.9218819865,-86058.51189542723,944424.4337774138
1858,858792.220908091,-86058.51189542723,944850.7328035183
1859,859190.5890664003,-86774.6435964495,945965.2326628498
1860,859573.6825313839,-87537.26693087685,947110.9494622608
1861,859943.7665296713,-88295.0350350843,948238.8015647556
1862,860308.3433256032,-89109.87882133399,949418.2221469372
1863,860696.4867912374,-89759.28952265414,950455.7763138915
1864,861111.3557747173,-90005.85246572884,951117.2082404462
1865,861558.8523344164,-90005.85246572884,951564.7048001452
1866,862032.7211197347,-90005.85246572884,952038.5735854636
1867,862508.8551316822,-90005.85246572884,952514.7075974111
1868,862977.5700068717,-90005.85246572884,952983.4224726006
1869,863439.5723297562,-90005.85246572884,953445.4247954851
1870,863900.7849406048,-90005.85246572884,953906.6374063337
1871,864361.9144238707,-90005.85246572884,954367.7668895996
1872,864818.7628366263,-90005.85246572884,954824.6153023551
1873,865274.0318253101,-90005.85246572884,955279.884291039
1874,865725.0197434836,-90005.85246572884,955730.8722092125
1875,866175.3218590997,-90005.85246572884,956181.1743248285
1876,866624.7511350971,-90005.85246572884,956630.603600826
1877,867082.8256796979,-90005.85246572884,957088.6781454268
1878,867562.8874699292,-90005.85246572884,957568.739935658
1879,868055.5223070475,-90005.85246572884,958061.3747727764
1880,868549.383276011,-90005.85246572884,958555.2357417399
1881,869039.6489770216,-90005.85246572884,959045.5014427505
1882,869525.6543894176,-90005.85246572884,959531.5068551465
1883,870026.1447831033,-90391.63146496347,960417.7762480667
1884,870531.3526671085,-91274.08530087791,961805.4379679865
1885,871040.4883293975,-92177.64401171598,963218.1323411135
1886,871546.9015633523,-93012.5215985964,964559.4231619487
1887,872053.6680895337,-93801.43405410479,965855.1021436385
1888,872556.9432572406,-93996.84932178355,966553.7925790241
1889,873045.6503160752,-93996.84932178355,967042.4996378587
1890,873522.1376202493,-93996.84932178355,967518.9869420328
1891,873998.7080520062,-93996.84932178355,967995.5573737897
1892,874461.8325972575,-93996.84932178355,968458.681919041
1893,874923.3985003326,-93996.84932178355,968920.2478221161
1894,875379.540328635,-93996.84932178355,969376.3896504185
1895,875831.3179588445,-93996.84932178355,969828.167280628
1896,876278.8145185435,-93996.84932178355,970275.6638403271
1897,876725.7915308507,-93996.84932178355,970722.6408526342
1898,877168.9238924568,-93996.84932178355,971165.7732142403
1899,877608.9181878151,-93996.84932178355,971605.7675095986
1900,878047.0005487708,-93996.84932178355,972043.8498705543
1901,878497.9884669443,-93996.84932178355,972494.8377887278
1902,878958.0580735304,-93996.84932178355,972954.907395314
1903,879420.060396415,-93996.84932178355,973416.9097181985
1904,879882.0627192995,-93996.84932178355,973878.912041083
1905,880344.5014619932,-93996.84932178355,974341.3507837767
1906,880802.4720971156,-94352.48197961503,975154.9540767306
1907,881258.9672176446,-95166.74458545627,976425.7118031008
1908,881718.5172768387,-96030.452107671,977748.9693845096
1909,882171.7912035371,-96871.73251957184,979043.5237231089
1910,882623.1324139372,-97772.60192544725,980395.7343393845
1911,883072.5616899347,-98526.74964404745,981599.3113339822
1912,883513.3456973288,-98906.8344331255,982420.1801304542
1913,883945.4844361197,-98906.8344331255,982852.3188692452
1914,884383.9200893019,-98906.8344331255,983290.7545224275
1915,884829.7748792422,-98906.8344331255,983736.6093123676
1916,885270.5588866363,-98906.8344331255,984177.3933197618
1917,885708.6412475919,-98906.8344331255,984615.4756807175
1918,886144.7077646665,-98906.8344331255,985051.5421977921
1919,886581.2107015504,-98906.8344331255,985488.0451346759
1920,887013.4325679239,-98906.8344331255,985920.2670010494
1921,887448.7093729626,-98906.8344331255,986355.5438060882
1922,887880.4948195269,-98906.8344331255,986787.3292526524
1923,888311.4074264726,-98906.8344331255,987218.2418595981
1924,888741.9875230874,-98906.8344331255,987648.8219562129
1925,889186.6161811826,-98906.8344331255,988093.450614308
1926,889643.9010137474,-98906.8344331255,988550.7354468729
1927,890101.5391385389,-98906.8344331255,989008.3735716643
1928,890533.6778773298,-98906.8344331255,989440.5123104553
1929,890921.488832633,-98906.8344331255,989828.3232657586
1930,891270.7909352394,-99439.49379449854,990710.2847297379
1931,891587.7979719575,-100304.47499106466,991892.2729630221
1932,891883.6906026637,-101284.75394320412,993168.4445458679
1933,892175.6554550861,-102218.2441592592,994393.8996143453
1934,892472.3377978283,-103112.79239538925,995585.1301932175
1935,892787.869319953,-103922.96064588573,996710.8299658387
1936,893143.0319171414,-104345.056369609,997488.0882867504
1937,893534.3342309191,-104345.056369609,997879.3906005281
1938,893967.6991015552,-104345.056369609,998312.7554711641
1939,894417.1283775526,-104345.056369609,998762.1847471616
1940,894863.0662950757,-104345.056369609,999208.1226646847
1941,895309.6900151562,-104345.056369609,999654.7463847651
1942,895759.4725833802,-104345.056369609,1000104.5289529891
1943,896210.4605015537,-104345.056369609,1000555.5168711627
1944,896658.3103534795,-104345.056369609,1001003.3667230884
1945,897106.5966252144,-104345.056369609,1001451.6529948234
1946,897554.4464771402,-104345.056369609,1001899.5028467492
1947,898000.3012670805,-104345.056369609,1002345.3576366894
1948,898315.0430771693,-104345.056369609,1002660.0994467783
1949,898762.8929290951,-104345.056369609,1003107.949298704
1950,899237.11500664,-104345.056369609,1003582.1713762489
1951,899735.6726840273,-104345.056369609,1004080.7290536363
1952,900221.6780964234,-104345.056369609,1004566.7344660324
1953,900668.3018165039,-104345.056369609,1005013.3581861128
1954,901080.0119518402,-104345.056369609,1005425.0683214492
1955,901467.3864873343,-104771.97109165117,1006239.3575789854
1956,901840.1721320602,-105419.99889276979,1007260.17102483
1957,902207.034936517,-106042.90196827851,1008249.9369047955
1958,902572.4845720675,-106588.17431109237,1009160.6588831599
1959,902944.5844142359,-107042.98322804834,1009987.5676422842
1960,903352.2836437059,-107185.59758086935,1010537.8812245752
1961,903786.4382263778,-107185.59758086935,1010972.0358072472
1962,904249.5627716291,-107185.59758086935,1011435.1603524984
1963,904725.6967835766,-107185.59758086935,1011911.294364446
1964,905009.2865320396,-107185.59758086935,1012194.884112909
1965,905457.8429684185,-107185.59758086935,1012643.4405492878
1966,905906.9189521894,-107185.59758086935,1013092.5165330587
1967,906353.9790920792,-107185.59758086935,1013539.5766729485
1968,906793.5369676282,-107185.59758086935,1013979.1345484975
1969,907231.6193285838,-107185.59758086935,1014417.2169094532
1970,907665.690783673,-107185.59758086935,1014851.2883645423
1971,908096.2708802877,-107185.59758086935,1015281.8684611571
1972,908528.3264914958,-107185.59758086935,1015713.9240723652
1973,908977.7557674933,-107185.59758086935,1016163.3533483626
1974,909448.3825770854,-107185.59758086935,1016633.9801579547
1975,909943.3657684156,-107185.59758086935,1017128.963349285
1976,910429.6205635598,-107185.59758086935,1017615.2181444291
1977,910879.4031317838,-107185.59758086935,1018065.0007126532
1978,911321.7665632498,-107185.59758086935,1018507.3641441191
1979,911772.318061614,-107185.59758086935,1018957.9156424833
1980,912228.8131821429,-107185.59758086935,1019414.4107630122
1981,912662.9677648148,-107422.9519435117,1020085.9197083266
1982,913082.8867489452,-107800.48818642361,1020883.3749353688
1983,913489.4637560485,-108121.66240941983,1021611.1261654682
1984,913892.1961124507,-108208.73797767506,1022100.9340901257
1985,914316.4792946741,-108208.73797767506,1022525.2172723492
1986,914776.1124814509,-108208.73797767506,1022984.8504591259
1987,915243.2479325685,-108208.73797767506,1023451.9859102436
1988,915705.250255453,-108208.73797767506,1023913.9882331281
1989,916160.5192441369,-108208.73797767506,1024369.2572218119
1990,916614.3127182274,-108208.73797767506,1024823.0506959024
1991,917064.8642165916,-108208.73797767506,1025273.6021942666
1992,917511.1554263412,-108208.73797767506,1025719.8934040163
1993,917956.656924055,-108208.73797767506,1026165.39490173
1994,918407.9981344551,-108208.73797767506,1026616.7361121301
1995,918857.4274104525,-108208.73797767506,1027066.1653881276
1996,919306.5033942234,-108208.73797767506,1027515.2413718984
1997,919771.9970755823,-108208.73797767506,1027980.7350532573
1998,920255.9866440973,-108208.73797767506,1028464.7246217723
1999,920746.6887649172,-108208.73797767506,1028955.4267425922
2000,921221.243352793,-108208.73797767506,1029429.9813304681
2001,921668.7399124921,-108208.73797767506,1029877.4778901672
2002,922087.1002544465,-108208.73797767506,1030295.8382321215
2003,922464.6865170747,-108614.05792335127,1031078.744440426
2004,922847.7799820583,-109365.39435303317,1032213.1743350915
2005,923310.2187247521,-110062.47769205543,1033372.6964168075
2006,923801.7105576079,-110634.946633513,1034436.6571911209
2007,924294.3453947263,-111149.33449719961,1035443.6798919259
2008,924773.9707651482,-111313.52016185386,1036087.490927002
2009,925248.525353024,-111313.52016185386,1036562.0455148779
2010,925716.8869359868,-111313.52016185386,1037030.4070978407
2011,926185.1653913669,-111313.52016185386,1037498.6855532208
2012,926642.0969317053,-111313.52016185386,1037955.6170935591
2013,927094.310981724,-111313.52016185386,1038407.8311435778
2014,927544.8624800881,-111313.52016185386,1038858.382641942
2015,927990.3639778019,-111313.52016185386,1039303.8841396557
2016,928427.6566267216,-111313.52016185386,1039741.1767885755
2017,928867.6509220799,-111313.52016185386,1040181.1710839338
2018,929305.6501554528,-111313.52016185386,1040619.1703173066
2019,929740.5944501606,-111313.52016185386,1041054.1146120145
2020,930176.6609672352,-111313.52016185386,1041490.1811290891
2021,930629.1451818978,-111313.52016185386,1041942.6653437517
2022,931098.6497691231,-111313.52016185386,1042412.1699309769
2023,931588.9154701337,-111313.52016185386,1042902.4356319875
2024,932084.3350812732,-111313.52016185386,1043397.8552431271
2025,932587.0907015882,-111313.52016185386,1043900.6108634421
2026,933080.8477610733,-111313.52016185386,1044394.3679229271
2027,933571.2173715623,-111507.08930762718,1045078.3066791894
2028,934047.7878033192,-112156.30401888247,1046204.0918222016
2029,934585.9765557701,-112762.37080917164,1047348.3473649418
2030,935151.6597562071,-113350.07523540135,1048501.7349916085
2031,935699.2834892974,-113837.75114065937,1049537.0346299568
2032,936264.9666897344,-113975.63050762648,1050240.5971973608
2033,936887.9040127726,-113975.63050762648,1050863.534520399
2034,937509.0125289909,-113975.63050762648,1051484.6430366174
2035,938122.6187808682,-113975.63050762648,1052098.2492884947
2036,938725.2314099304,-113975.63050762648,1052700.861917557
2037,939296.4218127229,-113975.63050762648,1053272.0523203495
2038,939818.2136494817,-113975.63050762648,1053793.844157108
2039,940306.4842885069,-113975.63050762648,1054282.1147961335
2040,940746.4785838652,-113975.63050762648,1054722.1090914917
2041,941182.8983931664,-113975.63050762648,1055158.5289007928
2042,941615.0371319572,-113975.63050762648,1055590.6676395838
2043,942048.4020025933,-113975.63050762648,1056024.0325102198
2044,942485.2582317038,-113975.63050762648,1056460.8887393302
2045,942936.5994421039,-113975.63050762648,1056912.2299497304
2046,943398.6017649884,-113975.63050762648,1057374.232272615
2047,943885.7293997512,-113975.63050762648,1057861.3599073777
2048,944383.8506573292,-113975.63050762648,1058359.4811649558
2049,944875.2593626023,-113975.63050762648,1058850.8898702287
2050,945356.9005769052,-113975.63050762648,1059332.5310845317
2051,945813.478825017,-113975.63050762648,1059789.1093326434
2052,946268.3945214743,-114127.5129161478,1060395.907437622
2053,946742.1801792098,-114794.16068224849,1061536.3408614583
2054,947210.8950543993,-115346.41045106447,1062557.3055054639
2055,947674.4560194598,-115843.28250926004,1063517.7385287199
2056,948119.5210973643,-116032.47491225218,1064151.9960096164
2057,948569.7400853976,-116032.47491225218,1064602.21499765
2058,949024.2193620455,-116032.47491225218,1065056.6942742977
2059,949480.2780627653,-116032.47491225218,1065512.7529750175
2060,949932.492112784,-116032.47491225218,1065964.9670250362
2061,950378.7833225336,-116032.47491225218,1066411.2582347859
2062,950819.5673299277,-116032.47491225218,1066852.0422421799
2063,951255.1974271929,-116032.47491225218,1067287.6723394452
2064,951686.8997461745,-116032.47491225218,1067719.3746584267
2065,952116.6901307533,-116032.47491225218,1068149.1650430055
2066,952544.4646714511,-116032.47491225218,1068576.9395837034
2067,952971.1169897822,-116032.47491225218,1069003.5919020344
2068,953402.8193087637,-116032.47491225218,1069435.2942210159
2069,953849.5469383226,-116032.47491225218,1069882.0218505748
2070,954305.2523468158,-116032.47491225218,1070337.727259068
2071,954762.97359919,-116032.47491225218,1070795.4485114422
2072,955189.2726252945,-116032.47491225218,1071221.7475375468
2073,955573.5922221234,-116032.47491225218,1071606.0671343757
2074,955906.4142814548,-116113.79073199342,1072020.2050134481
2075,956210.9521807642,-117004.08840865483,1073215.040589419
2076,956506.0550994345,-117843.1568759947,1074349.2119754292
2077,956820.360489714,-118650.2891039466,1075470.6495936606
2078,957150.3769931283,-119421.84539253588,1076572.2223856642
2079,957473.3276520112,-120140.84903295762,1077614.1766849689
2080,957839.1305797882,-120385.92601300412,1078225.0565927923
2081,958267.3415402954,-120385.92601300412,1078653.2675532994
2082,958706.1097038084,-120385.92601300412,1079092.0357168126
2083,959153.1698436983,-120385.92601300412,1079539.0958567024
2084,959600.6664033973,-120385.92601300412,1079986.5924164015
2085,960048.1629630964,-120385.92601300412,1080434.0889761006
2086,960492.1681643211,-120385.92601300412,1080878.0941773253
2087,960934.1783035605,-120385.92601300412,1081320.1043165645
2088,961375.3987307639,-120385.92601300412,1081761.324743768
2089,961814.9566063129,-120385.92601300412,1082200.882619317
2090,962251.0231233875,-120385.92601300412,1082636.9491363915
2091,962685.4270888076,-120385.92601300412,1083071.3531018116
2092,963119.1452516702,-120385.92601300412,1083505.0712646742
2093,963565.4364614198,-120385.92601300412,1083951.3624744238
2094,964022.2848741753,-120385.92601300412,1084408.2108871795
2095,964473.2727923489,-120385.92601300412,1084859.198805353
2096,964888.910705969,-120385.92601300412,1085274.836718973
2097,965256.2930578178,-120385.92601300412,1085642.219070822
2098,965587.1824008508,-120385.92601300412,1085973.1084138548
2099,965888.478324434,-120865.46537154554,1086753.9436959797
2100,966174.0631348824,-121564.67745178756,1087738.7405866699
2101,966461.7469167946,-122208.27694614128,1088670.0238629358
2102,966751.7998348144,-122830.83014097065,1089582.629975785
2103,967052.6593385884,-123267.14607330559,1090319.8054118939
2104,967391.6744028326,-123439.73584817024,1090831.4102510028
2105,967771.6298015685,-123439.73584817024,1091211.3656497388
2106,968195.123271756,-123439.73584817024,1091634.859119926
2107,968635.1175671143,-123439.73584817024,1092074.8534152845
2108,969075.1118624726,-123439.73584817024,1092514.847710643
2109,969513.983935464,-123439.73584817024,1092953.7197836344
2110,969952.7520989771,-123439.73584817024,1093392.4879471473
2111,970388.3821962423,-123439.73584817024,1093828.1180444127
2112,970819.3987126665,-123439.73584817024,1094259.1345608367
2113,971250.4152290906,-123439.73584817024,1094690.1510772607
2114,971675.0517035406,-123439.73584817024,1095114.7875517108
2115,972097.3398237787,-123439.73584817024,1095537.075671949
2116,972521.6230060022,-123439.73584817024,1095961.3588541723
2117,972957.6895230768,-123439.73584817024,1096397.4253712469
2118,973418.1124218894,-123439.73584817024,1096857.8482700596
2119,973899.3172163832,-123439.73584817024,1097339.0530645535
2120,974395.0901197493,-123439.73584817024,1097834.8259679195
2121,974891.216315342,-123439.73584817024,1098330.9521635124
2122,975383.1445680071,-123439.73584817024,1098822.8804161772
2123,975797.2238394512,-123964.93065997236,1099762.1544994237
2124,976207.0220403849,-124686.15531586132,1100893.1773562462
2125,976599.0932843029,-125476.00429940302,1102075.0975837058
2126,977016.3937495775,-126205.35652012685,1103221.7502697043
2127,977459.9625309929,-126819.45587057857,1104279.4184015715
2128,977894.4704058914,-127067.7447746855,1104962.215180577
2129,978347.8274601726,-127067.7447746855,1105415.572234858
2130,978801.1845144538,-127067.7447746855,1105868.9292891393
2131,979260.3812814213,-127067.7447746855,1106328.1260561068
2132,979714.091627929,-127067.7447746855,1106781.8364026146
2133,980164.7470357716,-127067.7447746855,1107232.491810457
2134,980610.6849532947,-127067.7447746855,1107678.4297279802
2135,981051.0325408796,-127067.7447746855,1108118.7773155652
2136,981485.1039959687,-127067.7447746855,1108552.8487706543
2137,981917.6791545688,-127067.7447746855,1108985.4239292543
2138,982345.9732426587,-127067.7447746855,1109413.7180173441
2139,982773.7477833565,-127067.7447746855,1109841.492558042
2140,983202.3951636729,-127067.7447746855,1110270.1399383585
2141,983645.0911054696,-127067.7447746855,1110712.8358801552
2142,984109.0884903395,-127067.7447746855,1111176.833265025
2143,984586.3655065495,-127067.7447746855,1111654.110281235
2144,985045.9986933263,-127067.7447746855,1112113.7434680117
2145,985473.0874314667,-127067.7447746855,1112540.8322061521
2146,985924.4286418668,-127067.7447746855,1112992.1734165524
2147,986348.3585318637,-127067.7447746855,1113416.1033065491
2148,986825.2822558471,-127551.79104629024,1114377.0733021374
2149,987293.5607112272,-128210.98156692529,1115504.5422781524
2150,987783.9303217162,-128753.87698761327,1116537.8073093295
2151,988266.7768859687,-129248.07856129095,1117514.8554472597
2152,988700.4950488313,-129443.01480300905,1118143.5098518403
2153,989162.0609519065,-129443.01480300905,1118605.0757549156
2154,989626.0583367763,-129443.01480300905,1119069.0731397853
2155,990089.2660096103,-129443.01480300905,1119532.2808126193
2156,990543.8491957366,-129443.01480300905,1119986.8639987456
2157,990996.7698302084,-129443.01480300905,1120439.7846332174
2158,991443.061039958,-129443.01480300905,1120886.075842967
2159,991890.1211798479,-129443.01480300905,1121333.1359828569
2160,992330.4687674327,-129443.01480300905,1121773.4835704418
2161,992771.6060670535,-129443.01480300905,1122214.6208700626
2162,993218.229787134,-129443.01480300905,1122661.244590143
2163,993661.3621487401,-129443.01480300905,1123104.3769517492
2164,993976.0208312463,-129443.01480300905,1123419.0356342553
2165,994400.6573056963,-129443.01480300905,1123843.6721087054
2166,994877.9343219063,-129443.01480300905,1124320.9491249153
2167,995361.4874706119,-129443.01480300905,1124804.502273621
2168,995832.4675724306,-129443.01480300905,1125275.4823754397
2169,996263.1307966281,-129443.01480300905,1125706.1455996372
2170,996648.9259080503,-129443.01480300905,1126091.9407110594
2171,997007.2265714866,-129715.54454563046,1126722.771117117
2172,997354.5336121075,-130433.06919752086,1127787.6028096285
2173,997695.8970305637,-131085.1742294054,1128781.0712599691
2174,998039.2762929009,-131658.57551407837,1129697.8518069792
2175,998399.5928002181,-132112.28507198973,1130511.877872208
2176,998781.1068411301,-132264.60128159355,1131045.7081227237
2177,999198.6774710485,-132264.60128159355,1131463.2787526422
2178,999643.0359644998,-132264.60128159355,1131907.6372460932
2179,1000100.757216874,-132264.60128159355,1132365.3584984676
2180,1000550.6229126808,-132264.60128159355,1132815.2241942743
2181,1000997.3505422397,-132264.60128159355,1133261.9518238334
2182,1001437.344837598,-132264.60128159355,1133701.9461191916
2183,1001874.9907787443,-132264.60128159355,1134139.5920603378
2184,1002305.5708753591,-132264.60128159355,1134570.1721569528
2185,1002735.361259938,-132264.60128159355,1134999.9625415315
2186,1003169.4327150271,-132264.60128159355,1135434.0339966207
2187,1003603.1508778897,-132264.60128159355,1135867.7521594833
2188,1004038.0951725976,-132264.60128159355,1136302.696454191
2189,1004492.1380294362,-132264.60128159355,1136756.7393110297
2190,1004964.3442631001,-132264.60128159355,1137228.9455446936
2191,1005446.4218972124,-132264.60128159355,1137711.023178806
2192,1005903.7067297773,-132264.60128159355,1138168.3080113707
2193,1006343.7010251356,-132264.60128159355,1138608.3023067291
2194,1006824.6356549854,-132264.60128159355,1139089.236936579
2195,1007279.9046436693,-132264.60128159355,1139544.5059252628
2196,1007739.8911226727,-132264.60128159355,1140004.4924042663
2197,1008205.7173143625,-132630.01894915936,1140835.736263522
2198,1008673.9957697426,-133256.14875121784,1141930.1445209605
2199,1009166.2773146343,-133755.7973174717,1142922.0746321059
2200,1009716.3325295192,-134103.65891572827,1143819.9914452475
2201,1010284.3848660638,-134177.69666532095,1144462.0815313847
2202,1010866.2155994449,-134177.69666532095,1145043.912264766
2203,1011444.471846769,-134177.69666532095,1145622.1685120899
2204,1012008.5964050299,-134177.69666532095,1146186.2930703508
2205,1012563.6392748782,-134177.69666532095,1146741.3359401992
2206,1013105.3193858037,-134177.69666532095,1147283.0160511245
2207,1013639.2270677444,-134177.69666532095,1147816.9237330654
2208,1014167.5652016426,-134177.69666532095,1148345.2618669635
2209,1014704.5278222484,-134177.69666532095,1148882.2244875694
2210,1015238.4355041891,-134177.69666532095,1149416.13216951
2211,1015769.9117043351,-134177.69666532095,1149947.6083696561
2212,1016306.1885223836,-134177.69666532095,1150483.8851877046
2213,1016852.5861236287,-134177.69666532095,1151030.2827889496
2214,1017407.2757012504,-134177.69666532095,1151584.9723665714
2215,1017960.3858548005,-134177.69666532095,1152138.0825201215
2216,1018509.1318102574,-134177.69666532095,1152686.8284755785
2217,1019065.8372317603,-134177.69666532095,1153243.5338970812
2218,1019624.4545876657,-134177.69666532095,1153802.1512529866
2219,1020188.9116562576,-134177.69666532095,1154366.6083215785
2220,1020755.8209885397,-134177.69666532095,1154933.5176538606
2221,1021316.4541883263,-134666.88024050716,1155983.3344288333
2222,1021895.1468554595,-135255.75935786436,1157150.9062133238
2223,1022469.0389046905,-135773.3662223825,1158242.405127073
2224,1023054.3609965461,-136183.9660698508,1159238.3270663968
2225,1023630.2688896582,-136325.1140968165,1159955.3829864748
2226,1024221.8878959051,-136325.1140968165,1160547.0019927216
2227,1024813.8394124829,-136325.1140968165,1161138.9535092996
2228,1025397.1664423532,-136325.1140968165,1161722.2805391697
2229,1025977.7710438891,-136325.1140968165,1162302.8851407056
2230,1026559.165357461,-136325.1140968165,1162884.2794542774
2231,1027139.4374486661,-136325.1140968165,1163464.5515454826
2232,1027714.119209933,-136325.1140968165,1164039.2333067495
2233,1028286.5357445707,-136325.1140968165,1164611.6498413873
2234,1028845.942812512,-136325.1140968165,1165171.0569093286
2235,1029401.0688099432,-136325.1140968165,1165726.1829067597
2236,1029947.9028309975,-136325.1140968165,1166273.016927814
2237,1030439.3946638533,-136325.1140968165,1166764.5087606697
2238,1030893.9778499797,-136325.1140968165,1167219.091946796
2239,1031340.6015700601,-136325.1140968165,1167665.7156668766
2240,1031760.9569739999,-136325.1140968165,1168086.0710708164
2241,1032135.7584626068,-136325.1140968165,1168460.8725594233
2242,1032467.7908099022,-136325.1140968165,1168792.9049067188
2243,1032795.0225392954,-136385.9443675696,1169180.966906865
2244,1033092.3906845949,-137321.6457936603,1170414.0364782552
2245,1033392.127966002,-138268.33956530798,1171660.46753131
2246,1033688.8103087441,-139201.93781242167,1172890.7481211657
2247,1033998.7515009306,-140091.28501975758,1174090.0365206883
2248,1034344.1258252533,-140895.93647423905,1175240.0622994923
2249,1034727.1361626543,-141359.98102348918,1176087.1171861435
2250,1035149.4242828924,-141359.98102348918,1176509.4053063816
2251,1035591.7877143583,-141359.98102348918,1176951.7687378475
2252,1036029.7869477312,-141359.98102348918,1177389.7679712204
2253,1036466.7263044243,-141359.98102348918,1177826.7073279135
2254,1036899.3014630245,-141359.98102348918,1178259.2824865137
2255,1037331.7934940419,-141359.98102348918,1178691.774517531
2256,1037764.8050724514,-141359.98102348918,1179124.7860959405
2257,1038198.523235314,-141359.98102348918,1179558.504258803
2258,1038628.3136198928,-141359.98102348918,1179988.294643382
2259,1039057.7507122451,-141359.98102348918,1180417.7317357343
2260,1039487.1878045974,-141359.98102348918,1180847.1688280867
2261,1039928.7615240274,-141359.98102348918,1181288.7425475167
2262,1040378.6272198342,-141359.98102348918,1181738.6082433234
2263,1040815.919868754,-141359.98102348918,1182175.9008922433
2264,1041223.3697154758,-141359.98102348918,1182583.350738965
2265,1041592.6640017274,-141359.98102348918,1182952.6450252165
2266,1041921.8907931058,-141774.95133081856,1183696.8421239243
2267,1042339.1081307977,-142696.45557995234,1185035.56371075
2268,1042737.1229968804,-143597.9658177298,1186335.0888146101
2269,1043168.0356038262,-144493.81695916204,1187661.8525629882
2270,1043658.7377246461,-145327.4122950446,1188986.1500196906
2271,1044165.0678310181,-146075.3989367063,1190240.4667677244
2272,1044704.3995877316,-146707.65241823145,1191412.052005963
2273,1045235.6056232338,-147052.3211882411,1192287.9268114748
2274,1045777.8052815513,-147052.3211882411,1192830.1264697923
2275,1046319.921812286,-147052.3211882411,1193372.2430005271
2276,1046861.3525404633,-147052.3211882411,1193913.6737287045
2277,1047396.4032266665,-147052.3211882411,1194448.7244149076
2278,1047867.8197482944,-147052.3211882411,1194920.1409365356
2279,1048300.6650715384,-147052.3211882411,1195352.9862597794
2280,1048730.019036308,-147052.3211882411,1195782.340224549
2281,1049155.17505815,-147052.3211882411,1196207.496246391
2282,1049579.8115326,-147052.3211882411,1196632.132720841
2283,1050003.3050027876,-147052.3211882411,1197055.6261910286
2284,1050429.1676090828,-147052.3211882411,1197481.4887973238
2285,1050870.0347440597,-147052.3211882411,1197922.3559323007
2286,1051331.2473549081,-147052.3211882411,1198383.5685431492
2287,1051793.2496777927,-147052.3211882411,1198845.5708660337
2288,1052251.7606422028,-147052.3211882411,1199304.0818304438
2289,1052750.6716118166,-147052.3211882411,1199802.9928000576
2290,1053209.5150865575,-147412.02528457902,1200621.5403711365
2291,1053659.7340745907,-148370.8488735762,1202030.5829481669
2292,1054124.16787927,-149287.12403591507,1203411.291915185
2293,1054629.3757632752,-150200.74706652347,1204830.1228297986
2294,1055142.439203848,-151083.54537450493,1206225.984578353
2295,1055671.2137575555,-151902.33173723245,1207573.5454947879
2296,1056228.6881091986,-152629.12568078577,1208857.8137899844
2297,1056817.0651397193,-153029.02355278804,1209846.0886925072
2298,1057424.727769432,-153029.02355278804,1210453.7513222198
2299,1058045.0465736142,-153029.02355278804,1211074.0701264022
2300,1058653.4989153629,-153029.02355278804,1211682.5224681508
2301,1059250.957634296,-153029.02355278804,1212279.981187084
2302,1059814.7289003304,-153029.02355278804,1212843.7524531183
2303,1060368.192346107,-153029.02355278804,1213397.215898895
2304,1060904.822456382,-153029.02355278804,1213933.84600917
2305,1061437.1714961466,-153029.02355278804,1214466.1950489345
2306,1061962.3507819013,-153029.02355278804,1214991.3743346892
2307,1062481.2539351603,-153029.02355278804,1215510.2774879483
2308,1063002.6093521097,-153029.02355278804,1216031.6329048977
2309,1063544.289463035,-153029.02355278804,1216573.313015823
2310,1064111.9885073532,-153029.02355278804,1217141.0120601412
2311,1064694.9622449968,-153029.02355278804,1217723.9857977848
2312,1065287.017671053,-153029.02355278804,1218316.041223841
2313,1065852.7008714902,-153029.02355278804,1218881.7244242781
2314,1066434.095185062,-153029.02355278804,1219463.1187378499
2315,1067021.3499932159,-153029.02355278804,1220050.3735460038
2316,1067601.5181749426,-153047.0160451003,1220648.5342200429
2317,1068185.2816246222,-153677.23184943903,1221862.5134740612
2318,1068768.2553622657,-154261.33103859212,1223029.586400858
2319,1069288.38464737,-154796.06300876095,1224084.4476561311
2320,1069776.7384139781,-155252.5076863283,1225029.2461003065
2321,1070256.3637844,-155480.55872237004,1225736.9225067701
2322,1070723.4992355178,-155480.55872237004,1226204.0579578879
2323,1071186.2704885425,-155480.55872237004,1226666.8292109126
2324,1071639.9808350503,-155480.55872237004,1227120.5395574204
2325,1072087.9138145589,-155480.55872237004,1227568.472536929
2326,1072535.3272466753,-155480.55872237004,1228015.8859690453
2327,1072973.409607631,-155480.55872237004,1228453.968330001
2328,1073405.9847662312,-155480.55872237004,1228886.5434886012
2329,1073838.4767972487,-155480.55872237004,1229319.0355196188
2330,1074268.3503094104,-155480.55872237004,1229748.9090317804
2331,1074695.0026277415,-155480.55872237004,1230175.5613501116
2332,1075121.6549460727,-155480.55872237004,1230602.2136684428
2333,1075558.9475949926,-155480.55872237004,1231039.5063173627
2334,1076024.4412763515,-155480.55872237004,1231504.9999987215
2335,1076505.2927786186,-155480.55872237004,1231985.8515009887
2336,1076990.1551867523,-155480.55872237004,1232470.7139091224
2337,1077481.5638920255,-155480.55872237004,1232962.1226143956
2338,1077954.5598377252,-155480.55872237004,1233435.1185600953
2339,1078421.2588690335,-155480.55872237004,1233901.8175914036
2340,1078879.7698334437,-156108.52806707998,1234988.2979005238
2341,1079354.3244213194,-156810.6274161402,1236164.9518374596
2342,1079829.6687212312,-157454.25588038604,1237283.9246016173
2343,1080313.7414173288,-158004.6179861575,1238318.3594034864
2344,1080793.80320756,-158466.34445427553,1239260.1476618354
2345,1081260.5022388683,-158709.2260259627,1239969.728264831
2346,1081725.2062081913,-158709.2260259627,1240434.432234154
2347,1082187.2916586585,-158709.2260259627,1240896.5176846213
2348,1082641.0020051664,-158709.2260259627,1241350.228031129
2349,1083091.657413009,-158709.2260259627,1241800.8834389718
2350,1083537.5953305322,-158709.2260259627,1242246.821356495
2351,1083977.5064983077,-158709.2260259627,1242686.7325242704
2352,1084410.8713689437,-158709.2260259627,1243120.0973949065
2353,1084843.446527544,-158709.2260259627,1243552.6725535067
2354,1085274.795554299,-158709.2260259627,1243984.0215802616
2355,1085705.7081612446,-158709.2260259627,1244414.9341872074
2356,1086138.6366120714,-158709.2260259627,1244847.8626380342
2357,1086584.1381097853,-158709.2260259627,1245293.364135748
2358,1087053.1231496185,-158709.2260259627,1245762.3491755812
2359,1087543.0563402981,-158709.2260259627,1246252.282366261
2360,1088036.3769799739,-158709.2260259627,1246745.6030059366
2361,1088535.3710771706,-158709.2260259627,1247244.5971031333
2362,1089023.7248437786,-158709.2260259627,1247732.9508697414
2363,1089518.0222325514,-158709.2260259627,1248227.248258514
2364,1090011.7792920363,-158709.2260259627,1248721.005317999
2365,1090499.3433466083,-158709.2260259627,1249208.569372571
2366,1090987.260693407,-158709.2260259627,1249696.4867193697
2367,1091474.3883281697,-158709.2260259627,1250183.6143541324
2368,1091957.6713122316,-158709.2260259627,1250666.8973381943
2369,1092432.6623199168,-158709.2260259627,1251141.8883458795
2370,1092898.1560012756,-158709.2260259627,1251607.3820272384
2371,1093360.9272543003,-158709.2260259627,1252070.153280263
2372,1093817.775667056,-158709.2260259627,1252527.0016930187
2373,1094270.3430093012,-158709.2260259627,1252979.569035264
2374,1094717.403149191,-158709.2260259627,1253426.6291751538
2375,1095162.1149348689,-158709.2260259627,1253871.3409608316
2376,1095601.3195181913,-158709.2260259627,1254310.545544154
2377,1096037.3860352659,-158709.2260259627,1254746.6120612286
2378,1096473.805844567,-158709.2260259627,1255183.0318705298
2379,1096908.7501392749,-158709.2260259627,1255617.9761652376
2380,1097344.8166563495,-158709.2260259627,1256054.0426823122
2381,1097794.6823521561,-158709.2260259627,1256503.9083781189
2382,1098264.9766514173,-158709.2260259627,1256974.20267738
2383,1098745.0384416485,-158709.2260259627,1257454.2644676112
2384,1099240.7282174318,-158709.2260259627,1257949.9542433945
2385,1099732.5733425142,-158709.2260259627,1258441.799368477
2386,1100214.6509766264,-158709.2260259627,1258923.8770025892
2387,1100686.5039180636,-158709.2260259627,1259395.7299440263
2388,1101173.6315528264,-158709.2260259627,1259882.8575787891
2389,1101745.1752478455,-158709.2260259627,1260454.4012738082
2390,1102269.6687310426,-158709.2260259627,1260978.8947570054
2391,1102806.6313516486,-158789.40426523742,1261596.035616886
2392,1103349.8908866458,-159019.62413544906,1262369.5150220948
2393,1103896.7249077002,-159118.88171123786,1263015.606618938
2394,1104438.841438435,-159118.88171123786,1263557.7231496728
2395,1104995.1104401285,-159118.88171123786,1264113.9921513663
2396,1105538.806394935,-159118.88171123786,1264657.6881061727
2397,1106067.227656416,-159118.88171123786,1265186.1093676537
2398,1106589.2688759228,-159118.88171123786,1265708.1505871606
2399,1107105.1170905167,-159118.88171123786,1266223.9988017546
2400,1107596.9622155991,-159118.88171123786,1266715.843926837
2401,1108033.3820249003,-159118.88171123786,1267152.2637361381
2402,1108467.536607572,-159118.88171123786,1267586.41831881
2403,1108899.5922187802,-159118.88171123786,1268018.473930018
2404,1109333.3103816428,-159118.88171123786,1268452.1920928806
2405,1109776.7960354756,-159118.88171123786,1268895.6777467134
2406,1110227.783953649,-159118.88171123786,1269346.6656648868
2407,1110681.930719966,-159118.88171123786,1269800.812431204
2408,1111164.6941566358,-159118.88171123786,1270283.5758678736
2409,1111620.3995651288,-159118.88171123786,1270739.2812763667
2410,1112036.4738985582,-159118.88171123786,1271155.355609796
2411,1112434.8420568674,-159118.88171123786,1271553.7237681053
2412,1112824.6480741561,-159292.77412209962,1272117.4221962558
2413,1113212.355119981,-159919.4449879802,1273131.8001079613
2414,1113616.2096987502,-160487.62184068313,1274103.8315394332
2415,1114025.218187648,-161053.56226760885,1275078.780455257
2416,1114465.2124830063,-161539.0890012306,1276004.301484237
2417,1114944.4845612017,-161770.90103173556,1276715.3855929372
2418,1115459.0235163677,-161770.90103173556,1277229.9245481032
2419,1115983.0805797556,-161770.90103173556,1277753.9816114912
2420,1116495.707600519,-161770.90103173556,1278266.6086322546
2421,1117000.9154845243,-161770.90103173556,1278771.81651626
2422,1117482.9931186365,-161770.90103173556,1279253.8941503721
2423,1117918.7063434846,-161770.90103173556,1279689.6073752202
2424,1118352.7777985737,-161770.90103173556,1280123.6788303093
2425,1118784.9165373645,-161770.90103173556,1280555.8175691
2426,1119215.4966339793,-161770.90103173556,1280986.3976657148
2427,1119645.370146141,-161770.90103173556,1281416.2711778765
2428,1120074.2876911012,-161770.90103173556,1281845.1887228368
2429,1120513.8455666502,-161770.90103173556,1282284.7465983857
2430,1120960.90570654,-161770.90103173556,1282731.8067382756
2431,1121398.9880674956,-161770.90103173556,1283169.8890992312
2432,1121797.356225805,-161770.90103173556,1283568.2572575405
2433,1122159.5846675248,-161770.90103173556,1283930.4856992604
2434,1122510.7363588468,-161770.90103173556,1284281.6373905824
2435,1122916.5236539142,-161770.90103173556,1284687.4246856498
2436,1123332.2654770128,-161770.90103173556,1285103.1665087484
2437,1123751.8311689168,-162414.2324333723,1286166.0636022892
2438,1124203.2555068997,-163054.7275663965,1287257.9830732963
2439,1124675.4617405636,-163591.21597364833,1288266.6777142119
2440,1125181.438554709,-163969.4397846464,1289150.8783393556
2441,1125725.2176370984,-164040.10276145814,1289765.3203985565
2442,1126299.5461061387,-164040.10276145814,1290339.6488675969
2443,1126881.37683952,-164040.10276145814,1290921.479600978
2444,1127436.8561291776,-164040.10276145814,1291476.9588906358
2445,1127970.7638111184,-164040.10276145814,1292010.8665725766
2446,1128490.8099686399,-164040.10276145814,1292530.912730098
2447,1128968.5234046592,-164040.10276145814,1293008.6261661174
2448,1129406.1693458057,-164040.10276145814,1293446.2721072638
2449,1129842.9424473334,-164040.10276145814,1293883.0452087915
2450,1130276.3073179694,-164040.10276145814,1294316.4100794275
2451,1130707.6563447244,-164040.10276145814,1294747.7591061825
2452,1131140.5847955511,-164040.10276145814,1295180.6875570093
2453,1131588.7879397033,-164040.10276145814,1295628.8907011615
2454,1132051.226682397,-164040.10276145814,1296091.3294438552
2455,1132555.29156214,-164040.10276145814,1296595.3943235981
2456,1133084.0661158476,-164040.10276145814,1297124.1688773057
2457,1133583.4135052708,-164040.10276145814,1297623.516266729
2458,1134111.3983469426,-164208.6017187888,1298320.0000657314
2459,1134651.6029432747,-165140.4629700696,1299792.0659133443
2460,1135199.9124789224,-166066.1498990515,1301266.062377974
2461,1135767.175103431,-166902.20015257367,1302669.3752560047
2462,1136338.7187984502,-167762.8779361129,1304101.5967345631
2463,1136939.7520034406,-168505.8355767568,1305445.5875801975
2464,1137569.9422080715,-169188.31625052798,1306758.2584585994
2465,1138220.1245963476,-169532.12985926768,1307752.2544556153
2466,1138874.2347629073,-169532.12985926768,1308406.364622175
2467,1139529.903571643,-169532.12985926768,1309062.0334309107
2468,1140145.089247592,-169532.12985926768,1309677.2191068598
2469,1140736.7082538388,-169532.12985926768,1310268.8381131066
2470,1141314.174789127,-169532.12985926768,1310846.3046483947
2471,1141887.7135461315,-169532.12985926768,1311419.8434053992
2472,1142444.7514779652,-169532.12985926768,1311976.881337233
2473,1142996.302989339,-169532.12985926768,1312528.4328486067
2474,1143546.7114964505,-169532.12985926768,1313078.8413557182
2475,1144093.9819373142,-169532.12985926768,1313626.111796582
2476,1144647.4453830908,-169532.12985926768,1314179.5752423585
2477,1145223.353276203,-169532.12985926768,1314755.4831354707
2478,1145825.1761932292,-169532.12985926768,1315357.306052497
2479,1146444.622157793,-169532.12985926768,1315976.7520170608
2480,1147059.8078337421,-169532.12985926768,1316591.9376930099
2481,1147649.0577038813,-169532.12985926768,1317181.187563149
2482,1148233.590083701,-169532.12985926768,1317765.7199429688
2483,1148817.0002411539,-169532.12985926768,1318349.1301004216
2484,1149391.7651300034,-169532.12985926768,1318923.8949892712
2485,1149991.9254953752,-169985.65378375415,1319977.5792791294
2486,1150591.4000581894,-170545.84812215192,1321137.2481803414
2487,1151213.215158861,-171031.39575148487,1322244.6109103458
2488,1151848.0397262287,-171406.69155759615,1323254.731283825
2489,1152461.9992703327,-171592.01999659697,1324054.0192669297
2490,1153050.8958482454,-171592.01999659697,1324642.9158448423
2491,1153637.0076521367,-171592.01999659697,1325229.0276487337
2492,1154208.987766965,-171592.01999659697,1325801.007763562
2493,1154769.9534770825,-171592.01999659697,1326361.9734736795
2494,1155317.1407903635,-171592.01999659697,1326909.1607869605
2495,1155866.6764578563,-171592.01999659697,1327458.6964544533
2496,1156404.8652103073,-171592.01999659697,1327996.8852069043
2497,1156916.4323543909,-171592.01999659697,1328508.4523509878
2498,1157370.1427008987,-171592.01999659697,1328962.1626974957
2499,1157820.7981087414,-171592.01999659697,1329412.8181053384
2500,1158272.5757389509,-171592.01999659697,1329864.5957355478
2501,1158736.9264160474,-171592.01999659697,1330328.9464126443
2502,1159219.0040501596,-171592.01999659697,1330811.0240467566
2503,1159732.5039105415,-171592.01999659697,1331324.5239071385
2504,1160299.7665350502,-171592.01999659697,1331891.7865316472
2505,1160839.8880037996,-171592.01999659697,1332431.9080003966
2506,1161363.5086473783,-171592.01999659697,1332955.5286439753
2507,1161880.0634464254,-171592.01999659697,1333472.0834430223
2508,1162401.855283184,-171626.55840977252,1334028.4136929566
2509,1162951.0376584502,-172285.72878430143,1335236.7664427515
2510,1163504.5011042268,-172918.62150882895,1336423.1226130556
2511,1164081.5312197057,-173445.25823940165,1337526.7894591074
2512,1164691.9994053354,-173885.54752631063,1338577.546931646
2513,1165315.040637852,-174048.41657623855,1339363.4572140905
2514,1165955.704917906,-174048.41657623855,1340004.1214941447
2515,1166603.4350424916,-174048.41657623855,1340651.8516187302
2516,1167231.1729834322,-174048.41657623855,1341279.5895596708
2517,1167823.5609198194,-174048.41657623855,1341871.977496058
2518,1168399.5519405142,-174048.41657623855,1342447.9685167528
2519,1168966.814565023,-174048.41657623855,1343015.2311412615
2520,1169522.7302744898,-174048.41657623855,1343571.1468507284
2521,1170068.338163699,-174048.41657623855,1344116.7547399376
2522,1170564.9839066837,-174048.41657623855,1344613.4004829223
2523,1171008.9059803258,-174048.41657623855,1345057.3225565644
2524,1171450.1264075292,-174048.41657623855,1345498.5429837678
2525,1171906.2682358318,-174048.41657623855,1345954.6848120703
2526,1172371.8450447733,-174048.41657623855,1346420.261621012
2527,1172893.5329720536,-174048.41657623855,1346941.9495482922
2528,1173446.3106152727,-174048.41657623855,1347494.7271915113
2529,1173964.8604763052,-174048.41657623855,1348013.2770525438
2530,1174460.5502520886,-174048.41657623855,1348508.9668283272
2531,1174936.247844227,-174048.41657623855,1348984.6644204655
2532,1175412.8182759837,-174048.41657623855,1349461.2348522223
2533,1175891.3006421432,-174048.41657623855,1349939.7172183818
2534,1176412.2196392834,-174048.41657623855,1350460.636215522
2535,1176964.8933730242,-174048.41657623855,1351013.3099492628
2536,1177513.9926207077,-174089.6048267492,1351603.5974474568
2537,1178078.4496892996,-174197.43793312227,1352275.8876224218
2538,1178649.2036722826,-174197.43793312227,1352846.641605405
2539,1179209.40045226,-174197.43793312227,1353406.8383853822
2540,1179758.9361197527,-174197.43793312227,1353956.374052875
2541,1180311.7137629718,-174197.43793312227,1354509.151696094
2542,1180862.8288545364,-174197.43793312227,1355060.2667876587
2543,1181407.750941188,-174197.43793312227,1355605.1888743103
2544,1181948.2049202684,-174197.43793312227,1356145.6428533907
2545,1182484.0453185074,-174197.43793312227,1356681.4832516296
2546,1183011.9470325962,-174197.43793312227,1357209.3849657185
2547,1183542.3633560624,-174197.43793312227,1357739.8012891847
2548,1184063.6148635335,-174197.43793312227,1358261.0527966558
2549,1184594.737771453,-174197.43793312227,1358792.1757045754
2550,1185147.411505194,-174197.43793312227,1359344.8494383162
2551,1185715.7963520694,-174197.43793312227,1359913.2342851916
2552,1186296.7542458319,-174197.43793312227,1360494.1921789541
2553,1186891.5113183267,-174197.43793312227,1361088.949251449
2554,1187482.777032347,-174197.43793312227,1361680.2149654692
2555,1188091.3125016782,-174197.43793312227,1362288.7504348005
2556,1188678.5673098322,-174197.43793312227,1362876.0052429545
2557,1189280.0369346319,-174197.43793312227,1363477.4748677542
2558,1190484.555608303,-174197.43793312227,1364681.9935414253
2559,1191668.4586414588,-174197.43793312227,1365865.896574581
2560,1192934.2423435976,-174197.43793312227,1367131.6802767199
2561,1193539.2033268716,-174197.43793312227,1367736.641259994
2562,1194171.6587581318,-174197.43793312227,1368369.096691254
2563,1194808.4783874848,-174197.43793312227,1369005.916320607
2564,1195461.3624221992,-174197.43793312227,1369658.8003553215
2565,1196072.2670276382,-174197.43793312227,1370269.7049607604
2566,1196661.1636055508,-174197.43793312227,1370858.601538673
2567,1197230.7745842715,-174197.43793312227,1371428.2125173938
2568,1197785.9005817026,-174197.43793312227,1371983.3385148249
2569,1198325.3154659988,-174197.43793312227,1372522.753399121
2570,1198854.9628593249,-174197.43793312227,1373052.4007924472
2571,1199374.6557246197,-174197.43793312227,1373572.093657742
2572,1199884.227806718,-174197.43793312227,1374081.6657398404
2573,1200402.3412479414,-174197.43793312227,1374599.7791810636
2574,1200923.2602450815,-174197.43793312227,1375120.6981782038
2575,1201437.5290356036,-174197.43793312227,1375634.966968726
2576,1201944.6488540117,-174197.43793312227,1376142.086787134
2577,1202463.6351348534,-174197.43793312227,1376661.0730679757
2578,1202993.1786187012,-174197.43793312227,1377190.6165518234
2579,1203518.3579044559,-174197.43793312227,1377715.7958375781
2580,1204039.609411927,-174197.43793312227,1378237.0473450492
2581,1204594.2989895486,-174197.43793312227,1378791.7369226709
2582,1205159.1924779497,-174197.43793312227,1379356.630411072
2583,1205731.0686832997,-174197.43793312227,1379928.506616422
2584,1206303.381308459,-174197.43793312227,1380500.8192415813
2585,1206910.2750080314,-174197.43793312227,1381107.7129411537
2586,1207553.3915517759,-174197.43793312227,1381750.8294848981
2587,1208208.2914303713,-174197.43793312227,1382405.7293634936
2588,1208850.9715543066,-174197.43793312227,1383048.4094874288
2589,1209489.2874801487,-174197.43793312227,1383686.725413271
2590,1210106.4682180833,-174197.43793312227,1384303.9061512055
2591,1210716.4999839035,-174197.43793312227,1384913.9379170258
2592,1211290.8284529438,-174197.43793312227,1385488.266386066
2593,1211851.7941630613,-174197.43793312227,1386049.2320961836
2594,1212400.2076081873,-174197.43793312227,1386597.6455413096
2595,1212942.3241389222,-174197.43793312227,1387139.7620720444
2596,1213478.8503397186,-174197.43793312227,1387676.288272841
2597,1213998.979624823,-174197.43793312227,1388196.4175579452
2598,1214456.2644573878,-174197.43793312227,1388653.7023905101
2599,1214973.588186575,-174197.43793312227,1389171.0261196974
2600,1215449.368906296,-174197.43793312227,1389646.8068394184
2601,1215894.5171117831,-174197.43793312227,1390091.9550449054
2602,1216317.5741621614,-174197.43793312227,1390515.0120952837
2603,1216734.4382076268,-174197.43793312227,1390931.876140749
2604,1217141.8880543485,-174444.82083900445,1391586.708893353
2605,1217550.1068312104,-175133.15940897304,1392683.2662401835
2606,1217966.1811646398,-175778.51684764918,1393744.698012289
2607,1218397.5301913947,-176339.00179387527,1394736.53198527
2608,1218868.1570009869,-176819.99102511673,1395688.1480261036
2609,1219366.1951309822,-177055.40655075322,1396421.6016817354
2610,1219867.911656513,-177055.40655075322,1396923.3182072663
2611,1220310.3582155618,-177055.40655075322,1397365.764766315
2612,1220749.9160911108,-177055.40655075322,1397805.322641864
2613,1221187.9153244838,-177055.40655075322,1398243.321875237
2614,1221626.2470681875,-177055.40655075322,1398681.6536189406
2615,1222062.7500050713,-177055.40655075322,1399118.1565558244
2616,1222494.888743862,-177055.40655075322,1399550.2952946152
2617,1222923.889416405,-177055.40655075322,1399979.2959671582
2618,1223351.2275372935,-177055.40655075322,1400406.6340880466
2619,1223777.4434358152,-177055.40655075322,1400832.8499865683
2620,1224204.0957541463,-177055.40655075322,1401259.5023048995
2621,1224643.6536296953,-177055.40655075322,1401699.0601804485
2622,1225102.060684627,-177055.40655075322,1402157.46723538
2623,1225578.9844086103,-177055.40655075322,1402634.3909593634
2624,1226069.6034018474,-177055.40655075322,1403125.0099526006
2625,1226570.9666351518,-177055.40655075322,1403626.373185905
2626,1227111.9609435198,-177055.40655075322,1404167.367494273
2627,1227677.2908517302,-177055.40655075322,1404732.6974024833
2628,1228268.909857977,-177055.40655075322,1405324.31640873
2629,1228927.6336053777,-177055.40655075322,1405983.040156131
2630,1229649.9915173538,-177055.40655075322,1406705.398068107
2631,1230341.010330643,-177055.40655075322,1407396.4168813962
2632,1230987.6182328619,-177055.40655075322,1408043.024783615
2633,1231614.5872436622,-177055.40655075322,1408669.9937944154
2634,1232226.1776516587,-177055.40655075322,1409281.5842024118
2635,1232831.4919271593,-177055.40655075322,1409886.8984779124
2636,1233402.6823299518,-177055.40655075322,1410458.088880705
2637,1233944.7988606866,-177055.40655075322,1411000.2054114398
2638,1234469.9781464413,-177055.40655075322,1411525.3846971944
2639,1234974.3963184108,-177055.40655075322,1412029.802869164
2640,1235420.770655743,-177055.40655075322,1412476.1772064962
2641,1235865.482441421,-177055.40655075322,1412920.888992174
2642,1236315.7014294541,-177055.40655075322,1413371.1079802073
2643,1236798.1115738973,-177055.40655075322,1413853.5181246505
2644,1237333.0791325178,-177055.40655075322,1414388.485683271
2645,1237877.128379551,-177055.40655075322,1414932.5349303042
2646,1238432.1712493994,-177055.40655075322,1415487.5778001526
2647,1238999.8702937176,-177055.40655075322,1416055.2768444708
2648,1239552.2115171275,-177055.40655075322,1416607.6180678806
2649,1240055.839977061,-177055.40655075322,1417111.246527814
2650,1240544.1106160863,-177055.40655075322,1417599.5171668394
2651,1241044.9543019985,-177361.1222397226,1418406.0765417211
2652,1241470.9000358763,-178341.01688352786,1419811.9169194042
2653,1241939.9682032922,-179219.9499243495,1421159.9181276418
2654,1242419.5935737141,-180169.48514950273,1422589.078723217
2655,1242914.2234728178,-181017.49039582978,1423931.7138686476
2656,1243430.8613994475,-181786.9356551378,1425217.7970545853
2657,1243975.4301938727,-182211.96924629356,1426187.3994401663
2658,1244540.760102083,-182211.96924629356,1426752.7293483766
2659,1245112.823344494,-182211.96924629356,1427324.7925907876
2660,1245666.2867902706,-182211.96924629356,1427878.2560365642
2661,1246206.4913866026,-182211.96924629356,1428418.4606328963
2662,1246732.1070921666,-182211.96924629356,1428944.0763384602
2663,1247227.0902834968,-182211.96924629356,1429439.0595297904
2664,1247671.3656493654,-182211.96924629356,1429883.334895659
2665,1248106.9957466307,-182211.96924629356,1430318.9649929244
2666,1248538.0122630547,-182211.96924629356,1430749.9815093484
2667,1248965.433511526,-182211.96924629356,1431177.4027578197
2668,1249392.418340188,-182211.96924629356,1431604.3875864816
2669,1249835.1142819847,-182211.96924629356,1432047.0835282784
2670,1250292.3991145496,-182211.96924629356,1432504.3683608433
2671,1250776.7419752912,-182211.96924629356,1432988.7112215848
2672,1251303.937104927,-182211.96924629356,1433515.9063512206
2673,1251825.188612398,-182211.96924629356,1434037.1578586916
2674,1252359.0962943388,-182211.96924629356,1434571.0655406325
2675,1252889.0761979958,-182211.96924629356,1435101.0454442895
2676,1253427.7013702563,-182211.96924629356,1435639.67061655
2677,1253997.7487687862,-182405.47805180878,1436403.226820595
2678,1254661.2731340893,-182926.3026082886,1437587.575742378
2679,1255304.826097643,-183334.0722076917,1438638.8983053346
2680,1255852.8862505425,-183699.39436484326,1439552.2806153856
2681,1256402.0686258087,-183794.8811301278,1440196.9497559364
2682,1256939.4676662239,-183794.8811301278,1440734.3487963516
2683,1257473.7286403913,-183794.8811301278,1441268.609770519
2684,1257989.5768549852,-183794.8811301278,1441784.457985113
2685,1258439.8789706014,-183794.8811301278,1442234.760100729
2686,1258885.3804683152,-183794.8811301278,1442680.261598443
2687,1259328.9492497307,-183794.8811301278,1443123.8303798584
2688,1259765.3690590318,-183794.8811301278,1443560.2501891595
2689,1260197.5077978226,-183794.8811301278,1443992.3889279503
2690,1260629.9998288401,-183794.8811301278,1444424.8809589678
2691,1261059.3537936097,-183794.8811301278,1444854.2349237374
2692,1261490.3703100337,-183794.8811301278,1445285.2514401614
2693,1261937.78374215,-183794.8811301278,1445732.6648722778
2694,1262401.697999437,-183794.8811301278,1446196.5791295648
2695,1262870.766166853,-183794.8811301278,1446665.6472969807
2696,1263313.8154008763,-183794.8811301278,1447108.696531004
2697,1263733.7343850068,-183794.8811301278,1447528.6155151345
2698,1264142.2233265126,-183794.8811301278,1447937.1044566403
2699,1264566.9429285454,-184311.87083385885,1448878.8137624043
2700,1265004.2355774653,-185240.1582127266,1450244.393790192
2701,1265408.8798682701,-186155.8873273231,1451564.767195593
2702,1265830.3782764722,-187026.60821686036,1452856.9864933325
2703,1266227.9567227457,-187834.8774845574,1454062.8342073031
2704,1266672.5853808408,-188601.21235151286,1455273.7977323537
2705,1267120.0819405399,-189023.7590309255,1456143.8409714655
2706,1267566.3731502895,-189023.7590309255,1456590.132181215
2707,1268034.2151858604,-189023.7590309255,1457057.974216786
2708,1268493.7652450546,-189023.7590309255,1457517.5242759802
2709,1268948.6809415119,-189023.7590309255,1457972.4399724375
2710,1269396.177501211,-189023.7590309255,1458419.9365321365
2711,1269839.6631550437,-189023.7590309255,1458863.4221859693
2712,1270278.1819358086,-189023.7590309255,1459301.9409667342
2713,1270713.022321038,-189023.7590309255,1459736.7813519635
2714,1271145.9507718647,-189023.7590309255,1460169.7098027903
2715,1271576.0944486703,-189023.7590309255,1460599.8534795959
2716,1272008.1500598784,-189023.7590309255,1461031.909090804
2717,1272454.773779959,-189023.7590309255,1461478.5328108845
2718,1272919.477749282,-189023.7590309255,1461943.2367802076
2719,1273402.6776057612,-189023.7590309255,1462426.4366366868
2720,1273874.4474196157,-189023.7590309255,1462898.2064505413
2721,1274344.7417188769,-189023.7590309255,1463368.5007498024
2722,1274732.885184511,-189023.7590309255,1463756.6442154367
2723,1275101.3897587266,-189023.7590309255,1464125.1487896522
2724,1275447.4706675024,-189023.7590309255,1464471.229698428
2725,1275801.053840619,-189023.7590309255,1464824.8128715446
2726,1276153.8473017,-189357.66608325343,1465511.5133849534
2727,1276502.380474166,-189754.22662659173,1466256.6071007578
2728,1276874.376406856,-190043.20667396215,1466917.5830808182
2729,1277286.0865421926,-190210.73422528084,1467496.8207674734
2730,1277820.7008085866,-190210.73422528084,1468031.4350338674
2731,1278296.4815283075,-190210.73422528084,1468507.2157535884
2732,1278753.4130686459,-190210.73422528084,1468964.1472939267
2733,1279204.754279046,-190210.73422528084,1469415.488504327
2734,1279650.25577676,-190210.73422528084,1469860.9900020408
2735,1280090.2500721181,-190210.73422528084,1470300.984297399
2736,1280525.9632969662,-190210.73422528084,1470736.697522247
2737,1280959.2450400195,-190210.73422528084,1471169.9792653003
2738,1281391.3837788103,-190210.73422528084,1471602.118004091
2739,1281821.1741633893,-190210.73422528084,1472031.90838867
2740,1282252.8764823708,-190210.73422528084,1472463.6107076516
2741,1282702.2226307855,-190210.73422528084,1472912.9568560664
2742,1283156.3693971026,-190210.73422528084,1473367.1036223834
2743,1283591.6462021414,-190210.73422528084,1473802.3804274222
2744,1283977.4413135636,-190210.73422528084,1474188.1755388444
2745,1284330.588066871,-190210.73422528084,1474541.3222921519
2746,1284643.7712347838,-190210.73422528084,1474854.5054600646
2747,1284944.734648036,-190883.80037790304,1475828.535025939
2748,1285249.2725473456,-191862.11299699266,1477111.3855443383
2749,1285570.560654574,-192803.60351970876,1478374.164174283
2750,1285980.3588555078,-193677.44537410693,1479657.8042296148
2751,1286403.9562351739,-194491.2774002586,1480895.2336354326
2752,1286843.0776909136,-195294.53438882175,1482137.6120797354
2753,1287316.4269288399,-195710.7108754292,1483027.137804269
2754,1287831.0490115886,-195710.7108754292,1483541.7598870178
2755,1288362.1719195081,-195710.7108754292,1484072.8827949374
2756,1288858.8176624929,-195710.7108754292,1484569.528537922
2757,1289309.036650526,-195710.7108754292,1485019.7475259553
2758,1289751.2961725136,-195710.7108754292,1485462.0070479428
2759,1290189.7318256958,-195710.7108754292,1485900.442701125
2760,1290626.5880548062,-195710.7108754292,1486337.2989302354
2761,1291058.3735013704,-195710.7108754292,1486769.0843767996
2762,1291487.72746614,-195710.7108754292,1487198.4383415692
2763,1291915.5020068379,-195710.7108754292,1487626.212882267
2764,1292346.0821034526,-195710.7108754292,1488056.7929788819
2765,1292789.921049512,-195710.7108754292,1488500.6319249412
2766,1293231.494768942,-195710.7108754292,1488942.2056443712
2767,1293659.26930964,-195710.7108754292,1489369.9801850691
2768,1294052.566685403,-195710.7108754292,1489763.2775608322
2769,1294432.1687919123,-195710.7108754292,1490142.8796673415
2770,1294844.6686392846,-195710.7108754292,1490555.3795147138
2771,1295248.1907077227,-196320.2487749337,1491568.4394826563
2772,1295635.2119509901,-197230.80467329628,1492866.0166242863
2773,1296090.9173594832,-198142.7500363154,1494233.6673957985
2774,1296565.5758568374,-199006.09381705424,1495571.6696738917
2775,1297047.9860012806,-199859.65767172782,1496907.6436730083
2776,1297555.9786593071,-200595.650371293,1498151.6290306002
2777,1298078.8095908498,-201017.91256042288,1499096.7221512727
2778,1298607.1477247481,-201017.91256042288,1499625.060285171
2779,1299135.5689862291,-201017.91256042288,1500153.481546652
2780,1299645.9099984677,-201017.91256042288,1500663.8225588906
2781,1300096.897916641,-201017.91256042288,1501114.810477064
2782,1300540.1341877256,-201017.91256042288,1501558.0467481485
2783,1300979.338771048,-201017.91256042288,1501997.251331471
2784,1301416.548292385,-201017.91256042288,1502434.4608528079
2785,1301849.8300354383,-201017.91256042288,1502867.7425958612
2786,1302281.8856466464,-201017.91256042288,1503299.7982070693
2787,1302712.4657432612,-201017.91256042288,1503730.378303684
2788,1303143.8147700161,-201017.91256042288,1504161.727330439
2789,1303589.31626773,-201017.91256042288,1504607.2288281529
2790,1304052.4408129812,-201017.91256042288,1505070.3533734041
2791,1304526.6628905262,-201017.91256042288,1505544.5754509491
2792,1305034.2191287435,-201017.91256042288,1506052.1316891664
2793,1305552.4156975495,-201017.91256042288,1506570.3282579724
2794,1306005.7727518308,-201017.91256042288,1507023.6853122537
2795,1306446.2034669984,-201017.91256042288,1507464.1160274213
2796,1306984.745511676,-201017.91256042288,1508002.6580720989
2797,1307505.2280890069,-201453.28811787127,1508958.5162068782
2798,1307997.4265063158,-202043.74238438677,1510041.1688907025
2799,1308530.128838307,-202520.01152228023,1511050.1403605873
2800,1309027.4811657448,-202869.47334194175,1511896.9545076867
2801,1309560.183497736,-202968.8598117866,1512529.0433095226
2802,1310097.146118342,-202968.8598117866,1513066.0059301285
2803,1310642.7540075511,-202968.8598117866,1513611.6138193377
2804,1311145.2394632222,-202968.8598117866,1514114.0992750088
2805,1311604.872649999,-202968.8598117866,1514573.7324617857
2806,1312056.5671526259,-202968.8598117866,1515025.4269644124
2807,1312501.6322305303,-202968.8598117866,1515470.4920423168
2808,1312942.062945698,-202968.8598117866,1515910.9227574845
2809,1313380.831109211,-202968.8598117866,1516349.6909209976
2810,1313815.3389841095,-202968.8598117866,1516784.198795896
2811,1314250.2832788173,-202968.8598117866,1517219.1430906039
2812,1314685.9133760827,-202968.8598117866,1517654.7731878692
2813,1315136.5687839254,-202968.8598117866,1518105.428595712
2814,1315595.0797483355,-202968.8598117866,1518563.939560122
2815,1316131.2734388013,-202968.8598117866,1519100.1332505879
2816,1316646.6021060033,-202968.8598117866,1519615.46191779
2817,1317154.9480562564,-202968.8598117866,1520123.807868043
2818,1317664.1668461282,-202968.8598117866,1520633.0266579147
2819,1318183.15312697,-202968.8598117866,1521152.0129387565
2820,1318694.2007236616,-202968.8598117866,1521663.0605354481
2821,1319273.599975248,-202968.8598117866,1522242.4597870347
2822,1319858.1323550679,-202968.8598117866,1522826.9921668544
2823,1320437.9680264636,-202968.8598117866,1523406.8278382502
2824,1321046.8567880215,-202968.8598117866,1524015.716599808
2825,1321668.3185964664,-202968.8598117866,1524637.178408253
2826,1322290.133697138,-202968.8598117866,1525258.9935089245
2827,1322929.3224625986,-202968.8598117866,1525898.1822743851
2828,1323549.2048469717,-202968.8598117866,1526518.0646587582
2829,1324140.0341411827,-202968.8598117866,1527108.8939529692
2830,1324716.2745446255,-202968.8598117866,1527685.134356412
2831,1325277.9468391961,-202968.8598117866,1528246.8066509827
2832,1325828.002054081,-202968.8598117866,1528796.8618658676
2833,1326370.4718770424,-202968.8598117866,1529339.331688829
2834,1326863.1067141606,-202968.8598117866,1529831.9665259472
2835,1327309.8343437195,-202968.8598117866,1530278.694155506
2836,1327747.9167046752,-202968.8598117866,1530716.7765164617
2837,1328195.7665566008,-202968.8598117866,1531164.6263683874
2838,1328661.7797853516,-202968.8598117866,1531630.6395971382
2839,1329234.0924105109,-202968.8598117866,1532202.9522222974
2840,1329785.9972141113,-202968.8598117866,1532754.8570258978
2841,1330343.3884381715,-202968.8598117866,1533312.248249958
2842,1330913.789128928,-202968.8598117866,1533882.6489407145
2843,1331540.7581397283,-202968.8598117866,1534509.617951515
2844,1332020.1133455064,-202968.8598117866,1534988.973157293
2845,1332479.3101124738,-202968.8598117866,1535448.1699242603
2846,1332936.9482372652,-202968.8598117866,1535905.8080490518
2847,1333406.8061167172,-202968.8598117866,1536375.6659285037
2848,1333909.2915723883,-202968.8598117866,1536878.1513841748
2849,1334428.27785323,-202968.8598117866,1537397.1376650166
2850,1334974.675454475,-202968.8598117866,1537943.5352662615
2851,1335535.5580370098,-202968.8598117866,1538504.4178487964
2852,1336084.740412276,-202968.8598117866,1539053.6002240626
2853,1336626.7738154281,-202968.8598117866,1539595.6336272147
2854,1337141.4790257597,-202968.8598117866,1540110.3388375463
2855,1337635.6725050542,-202968.8598117866,1540604.5323168407
2856,1338084.3120690158,-202968.8598117866,1541053.1718808024
2857,1338523.9530721474,-202968.8598117866,1541492.812883934
2858,1338956.0918109382,-202968.8598117866,1541924.9516227248
2859,1339388.5838419558,-202968.8598117866,1542357.4436537423
2860,1339821.4291651999,-202968.8598117866,1542790.2889769864
2861,1340267.367082723,-202968.8598117866,1543236.2268945095
2862,1340730.5747555569,-202968.8598117866,1543699.4345673434
2863,1341217.2659705104,-202968.8598117866,1544186.125782297
2864,1341750.3008128325,-202968.8598117866,1544719.160624619
2865,1342270.430097937,-202968.8598117866,1545239.2899097234
2866,1342807.829138352,-202968.8598117866,1545776.6889501386
2867,1343319.313154853,-202968.8598117866,1546288.1729666395
2868,1343811.1582799354,-202968.8598117866,1546780.018091722
2869,1344305.788179039,-202968.8598117866,1547274.6479908256
2870,1344806.2785727247,-203359.48195012505,1548165.7605228496
2871,1345328.4029198142,-203933.39398655712,1549261.7969063714
2872,1345828.8933134999,-204406.5250294872,1550235.418342987
2873,1346346.217042687,-204615.83668858372,1550962.0537312708
2874,1346857.701059188,-204615.83668858372,1551473.5377477717
2875,1347385.2494810503,-204615.83668858372,1552001.086169634
2876,1347904.1526343094,-204615.83668858372,1552519.989322893
2877,1348365.3652451579,-204615.83668858372,1552981.2019337416
2878,1348812.861804857,-204615.83668858372,1553428.6984934406
2879,1349257.1371707255,-204615.83668858372,1553872.9738593092
2880,1349695.9053342387,-204615.83668858372,1554311.7420228224
2881,1350131.9718513133,-204615.83668858372,1554747.808539897
2882,1350565.3367219493,-204615.83668858372,1555181.173410533
2883,1350997.0390409308,-204615.83668858372,1555612.8757295145
2884,1351428.7413599123,-204615.83668858372,1556044.578048496
2885,1351877.8173436832,-204615.83668858372,1556493.654032267
2886,1352334.7488840215,-204615.83668858372,1556950.5855726053
2887,1352852.5090330183,-204615.83668858372,1557468.345721602
2888,1353361.208275498,-204615.83668858372,1557977.0449640816
2889,1353851.4739765085,-204615.83668858372,1558467.3106650922
2890,1354375.884332123,-204615.83668858372,1558991.7210207067
2891,1354861.7858350405,-204615.83668858372,1559477.6225236242
2892,1355350.1396016486,-205144.56983200266,1560494.7094336513
2893,1355814.4071511622,-205838.40207703892,1561652.8092282012
2894,1356276.4926016293,-206506.3773496655,1562782.8699512947
2895,1356769.1274387476,-207053.07355196608,1563822.2009907137
2896,1357320.3256578948,-207490.58041132212,1564810.906069217
2897,1357886.7985703677,-207641.05778097647,1565527.8563513441
2898,1358444.70934182,-207641.05778097647,1566085.7671227965
2899,1358990.067848281,-207641.05778097647,1566631.1256292574
2900,1359519.9646243553,-207641.05778097647,1567161.0224053317
2901,1360042.0058438622,-207641.05778097647,1567683.0636248386
2902,1360521.7143418668,-207641.05778097647,1568162.7721228432
2903,1360970.3539058284,-207641.05778097647,1568611.4116868048
2904,1361412.280917485,-207641.05778097647,1569053.3386984614
2905,1361847.994142333,-207641.05778097647,1569489.0519233095
2906,1362282.0655974222,-207641.05778097647,1569923.1233783986
2907,1362715.7837602848,-207641.05778097647,1570356.8415412612
2908,1363150.7280549926,-207641.05778097647,1570791.785835969
2909,1363593.8604165986,-207641.05778097647,1571234.918197575
2910,1364038.5722022764,-207641.05778097647,1571679.6299832528
2911,1364467.1364550102,-207641.05778097647,1572108.1942359866
2912,1364925.6474194203,-207641.05778097647,1572566.7052003967
2913,1365373.1439791194,-207641.05778097647,1573014.2017600958
2914,1365817.419344988,-207641.05778097647,1573458.4771259644
2915,1366288.04615458,-207641.05778097647,1573929.1039355565
2916,1366724.9023836905,-207816.40828461904,1574541.3106683095
2917,1367140.2077869796,-208514.98980751386,1575655.1975944934
2918,1367553.0609265785,-209150.05973588483,1576703.1206624634
2919,1368010.3457591434,-209669.35448706942,1577679.7002462128
2920,1368522.6194876803,-210055.14367986523,1578577.7631675454
2921,1369009.3107026338,-210227.97337809435,1579237.2840807282
2922,1369535.3628280072,-210227.97337809435,1579763.3362061016
2923,1370072.7618684224,-210227.97337809435,1580300.7352465168
2924,1370580.3181066397,-210227.97337809435,1580808.291484734
2925,1371069.4615852835,-210227.97337809435,1581297.434963378
2926,1371521.239215493,-210227.97337809435,1581749.2125935873
2927,1371969.8787794546,-210227.97337809435,1582197.852157549
2928,1372411.8889186939,-210227.97337809435,1582639.8622967883
2929,1372853.0262183147,-210227.97337809435,1583080.999596409
2930,1373293.7270981262,-210227.97337809435,1583521.7004762206
2931,1373728.5674833555,-210227.97337809435,1583956.54086145
2932,1374163.1584858368,-210227.97337809435,1584391.1318639312
2933,1374611.0083377624,-210227.97337809435,1584838.9817158568
2934,1375061.3104533786,-210227.97337809435,1585289.283831473
2935,1375496.5041308345,-210227.97337809435,1585724.4775089289
2936,1375957.6336141003,-210227.97337809435,1586185.6069921947
2937,1376420.7581593515,-210227.97337809435,1586648.731537446
2938,1376924.386619285,-210227.97337809435,1587152.3599973794
2939,1377362.4689802406,-210227.97337809435,1587590.442358335
2940,1377776.1118318753,-210227.97337809435,1588004.0852099697
2941,1378188.1752594383,-210227.97337809435,1588416.1486375327
2942,1378612.0220218524,-210227.97337809435,1588839.9953999468
2943,1379055.8609679118,-210227.97337809435,1589283.8343460062
2944,1379531.2052678235,-210227.97337809435,1589759.178645918
2945,1380042.2528645152,-210227.97337809435,1590270.2262426096
2946,1380578.9661023729,-210227.97337809435,1590806.9394804672
2947,1381130.0811939375,-210227.97337809435,1591358.0545720318
2948,1381676.9983425746,-210227.97337809435,1591904.971720669
2949,1382215.2702226082,-210227.97337809435,1592443.2436007026
2950,1382748.3050649303,-210227.97337809435,1592976.2784430247
2951,1383261.8049253123,-210227.97337809435,1593489.7783034067
2952,1383765.4333852457,-210227.97337809435,1593993.40676334
2953,1384261.5595808383,-210227.97337809435,1594489.5329589327
2954,1384749.8302198637,-210227.97337809435,1594977.803597958
2955,1385235.7317227812,-210227.97337809435,1595463.7051008756
2956,1385719.7212912962,-210227.97337809435,1595947.6946693906
2957,1386217.073618734,-210227.97337809435,1596445.0469968284
2958,1386720.6189510848,-210227.97337809435,1596948.5923291792
2959,1387241.8704585559,-210227.97337809435,1597469.8438366503
2960,1387773.346658702,-210227.97337809435,1598001.3200367964
2961,1388300.5417883378,-210227.97337809435,1598528.5151664321
2962,1388816.0367107051,-210227.97337809435,1599044.0100887995
2963,1389323.5929489224,-210227.97337809435,1599551.5663270168
2964,1389835.8666774593,-210227.97337809435,1600063.8400555537
2965,1390368.1325896413,-210227.97337809435,1600596.1059677356
2966,1390876.4785398943,-210645.15321878836,1601521.6317586827
2967,1391389.9784002763,-211144.05445884608,1602534.0328591224
2968,1391925.382378706,-211541.3590516847,1603466.7414303906
2969,1392487.5742206685,-211765.1234991102,1604252.6977197786
2970,1393064.167916338,-211765.1234991102,1604829.291415448
2971,1393656.9091449517,-211765.1234991102,1605422.0326440618
2972,1394235.6018120851,-211765.1234991102,1606000.7253111952
2973,1394802.5111443673,-211765.1234991102,1606567.6346434774
2974,1395361.1285002728,-211765.1234991102,1607126.2519993829
2975,1395912.32671942,-211765.1234991102,1607677.4502185301
2976,1396454.879669964,-211765.1234991102,1608220.0031690742
2977,1396993.5048422245,-211765.1234991102,1608758.6283413346
2978,1397528.991948237,-211765.1234991102,1609294.115447347
2979,1398062.1307000376,-211765.1234991102,1609827.2541991477
2980,1398586.541055652,-211765.1234991102,1610351.6645547622
2981,1399118.0172557982,-211765.1234991102,1610883.1407549083
2982,1399660.5702063423,-211765.1234991102,1611425.6937054524
2983,1400225.1311844124,-211765.1234991102,1611990.2546835225
2984,1400789.5882530042,-211765.1234991102,1612554.7117521144
2985,1401350.5539631217,-211765.1234991102,1613115.6774622318
2986,1401920.1649418424,-211765.1234991102,1613685.2884409525
2987,1402482.6269484488,-211765.1234991102,1614247.750447559
2988,1402978.3998518148,-211765.1234991102,1614743.523350925
2989,1403488.3044442441,-211765.1234991102,1615253.4279433542
2990,1404001.3678848168,-212235.88598515606,1616237.253869973
2991,1404547.8486136445,-212643.84987783548,1617191.69849148
2992,1405148.092106599,-212940.6986648642,1618088.7907714632
2993,1405758.2070000018,-213017.56889171354,1618775.7758917154
2994,1406380.8949402918,-213017.56889171354,1619398.4638320054
2995,1406979.2264988436,-213017.56889171354,1619996.7953905573
2996,1407565.7747225445,-213017.56889171354,1620583.343614258
2997,1408144.467389678,-213017.56889171354,1621162.0362813915
2998,1408717.2164346464,-213017.56889171354,1621734.78532636
2999,1409286.827413367,-213017.56889171354,1622304.3963050807
3000,1409848.1464157111,-213017.56889171354,1622865.7153074248
3001,1410407.4703560697,-213017.56889171354,1623425.0392477834
3002,1410962.2430612743,-213017.56889171354,1623979.811952988
3003,1411511.86185635,-213017.56889171354,1624529.4307480636
3004,1412055.2045189298,-213017.56889171354,1625072.7734106435
3005,1412608.3146724799,-213017.56889171354,1625625.8835641935
3006,1413176.6995193553,-213017.56889171354,1626194.268411069
3007,1413765.5129696853,-213017.56889171354,1626783.0818613989
3008,1414370.8272451859,-213017.56889171354,1627388.3961368995
3009,1414938.526289504,-213017.56889171354,1627956.0951812176
3010,1415494.7952911975,-213017.56889171354,1628512.364182911
3011,1416044.7673784997,-213017.56889171354,1629062.3362702134
3012,1416638.2983191493,-213017.56889171354,1629655.867210863
3013,1417233.4918114534,-213017.56889171354,1630251.060703167
3014,1417778.6632808533,-213017.56889171354,1630796.232172567
3015,1418361.9903107234,-213017.56889171354,1631379.559202437
3016,1418937.1916193822,-213242.2275283937,1632179.419147776
3017,1419478.4353104983,-213374.28373615778,1632852.719046656
3018,1420025.705751362,-213374.28373615778,1633399.9894875197
3019,1420588.6873053606,-213374.28373615778,1633962.9710415183
3020,1421125.7538354448,-213374.28373615778,1634500.0375716025
3021,1421650.247318642,-213374.28373615778,1635024.5310547997
3022,1422166.4488254625,-213374.28373615778,1635540.7325616202
3023,1422674.8779032982,-213374.28373615778,1636049.161639456
3024,1423171.8769385095,-213374.28373615778,1636546.1606746672
3025,1423656.3029268337,-213374.28373615778,1637030.5866629914
3026,1424137.9441411367,-213374.28373615778,1637512.2278772944
3027,1424579.1645683402,-213374.28373615778,1637953.4483044979
3028,1424783.4090390932,-213374.28373615778,1638157.6927752509
3029,1425161.7850137572,-213374.28373615778,1638536.0687499149
3030,1425611.5675819812,-213374.28373615778,1638985.851318139
3031,1426143.3970743539,-213374.28373615778,1639517.6808105116
3032,1426694.5121659185,-213374.28373615778,1640068.7959020762
3033,1427233.4906304055,-213374.28373615778,1640607.7743665632
3034,1427741.483288432,-213374.28373615778,1641115.7670245897
3035,1428233.3284135144,-213647.67944917336,1641881.0078626878
3036,1428721.5990525398,-214439.7373777738,1643161.3364303135
3037,1429212.218045777,-215241.34096468944,1644453.5590104663
3038,1429707.990949143,-216002.00298755354,1645709.9939366966
3039,1430213.1988331482,-216705.35601816195,1646918.55485131
3040,1430735.6764724643,-217328.218646646,1648063.8951191104
3041,1431281.3674892562,-217698.09842413978,1648979.4659133959
3042,1431848.9834059915,-217698.09842413978,1649547.0818301314
3043,1432431.957143635,-217698.09842413978,1650130.055567775
3044,1433011.3563952215,-217698.09842413978,1650709.4548193612
3045,1433637.1824017593,-217698.09842413978,1651335.280825899
3046,1434251.5783656726,-217698.09842413978,1651949.6767898123
3047,1434781.9115615562,-217698.09842413978,1652480.009985696
3048,1435242.770880178,-217698.09842413978,1652940.869304318
3049,1435802.0948205367,-217698.09842413978,1653500.1932446766
3050,1436346.91299771,-217698.09842413978,1654045.01142185
3051,1436885.891462197,-217698.09842413978,1654583.989886337
3052,1437420.5888561737,-217698.09842413978,1655118.6872803136
3053,1437959.6504482434,-217698.09842413978,1655657.748872383
3054,1438506.8377615244,-217698.09842413978,1656204.936185664
3055,1439075.3265178783,-217698.09842413978,1656773.424942018
3056,1439677.5858547138,-217698.09842413978,1657375.6842788537
3057,1440218.82954583,-217698.09842413978,1657916.9279699698
3058,1440738.9588309343,-217698.09842413978,1658437.057255074
3059,1441250.006427626,-218172.15732279056,1659422.1637504164
3060,1441783.041269948,-219030.6170700722,1660813.65834002
3061,1442366.0150075916,-219869.41625922528,1662235.4312668168
3062,1442940.6967688585,-220692.99223892906,1663633.6890077875
3063,1443527.5982847859,-221484.68031676864,1665012.2786015545
3064,1444127.5092674096,-222209.93460792972,1666337.4438753393
3065,1444753.3352739473,-222688.45288952513,1667441.7881634724
3066,1445392.9604592174,-222688.45288952513,1668081.4133487425
3067,1446013.6325556263,-222688.45288952513,1668702.0854451514
3068,1446597.0427130791,-222688.45288952513,1669285.4956026042
3069,1447168.9189184292,-222688.45288952513,1669857.3718079543
3070,1447728.3259863704,-222688.45288952513,1670416.7788758955
3071,1448280.6672097803,-222688.45288952513,1670969.1200993054
3072,1448832.2187211541,-222688.45288952513,1671520.6716106792
3073,1449379.8424542444,-222688.45288952513,1672068.2953437695
3074,1449921.5225651697,-222688.45288952513,1672609.9754546948
3075,1450454.9106997184,-222688.45288952513,1673143.3635892435
3076,1450981.3161173183,-222688.45288952513,1673669.7690068434
3077,1451517.9462275933,-222688.45288952513,1674206.3991171184
3078,1452052.64362157,-222688.45288952513,1674741.096511095
3079,1452618.326822007,-222688.45288952513,1675306.7797115322
3080,1453149.886149736,-222688.45288952513,1675838.339039261
3081,1453677.8709914077,-222688.45288952513,1676366.3238809328
3082,1454208.5574795178,-222688.45288952513,1676897.0103690429
3083,1454740.033679664,-223369.77575633198,1678109.8094359958
3084,1455281.4644078412,-224234.1246492716,1679515.5890571128
3085,1455822.3548067308,-225114.7996739263,1680937.154480657
3086,1456374.2596103312,-225973.6689366966,1682347.9285470278
3087,1456927.2866362985,-226801.3018105202,1683728.5884468188
3088,1457485.1142801682,-227568.6344371829,1685053.7487173511
3089,1458016.673607897,-228108.0193903019,1686124.6929981988
3090,1458567.8718270443,-228108.0193903019,1686675.8912173463
3091,1459115.848852361,-228108.0193903019,1687223.8682426629
3092,1459656.4067409197,-228108.0193903019,1687764.4261312215
3093,1460190.2312952776,-228108.0193903019,1688298.2506855796
3094,1460721.0009109706,-228108.0193903019,1688829.0203012726
3095,1461246.9699087613,-228108.0193903019,1689354.989299063
3096,1461768.6578360416,-228108.0193903019,1689876.6772263437
3097,1462291.9251873938,-228108.0193903019,1690399.9445776958
3098,1462816.7719628175,-228108.0193903019,1690924.7913531195
3099,1463344.4035122625,-228108.0193903019,1691452.4229025645
3100,1463878.66448643,-228108.0193903019,1691986.683876732
3101,1464427.846861696,-228108.0193903019,1692535.866251998
3102,1464982.5364393177,-228108.0193903019,1693090.5558296195
3103,1465531.3863042532,-228108.0193903019,1693639.405694555
3104,1466081.7948113647,-228108.0193903019,1694189.8142016665
3105,1466607.8469367381,-228108.0193903019,1694715.86632704
3106,1467130.7609958637,-228108.0193903019,1695238.7803861657
3107,1467657.9561254994,-228821.68342413433,1696479.6395496337
3108,1468255.061552206,-229634.4749376622,1697889.5364898683
3109,1468833.7542193395,-230459.5815550194,1699293.3357743588
3110,1469395.1563492662,-231266.34438725922,1700661.5007365253
3111,1469968.341814044,-232022.86138555862,1701991.2031996027
3112,1470539.17892461,-232704.1027255428,1703243.2816501528
3113,1471137.0740633525,-233168.1508542563,1704305.2249176088
3114,1471768.7397825767,-233168.1508542563,1704936.890636833
3115,1472424.4085913124,-233168.1508542563,1705592.5594455686
3116,1473088.6395410688,-233168.1508542563,1706256.790395325
3117,1473749.025840124,-233168.1508542563,1706917.1766943804
3118,1474391.2695442499,-233168.1508542563,1707559.420398506
3119,1474964.8083012544,-233168.1508542563,1708132.9591555106
3120,1475535.5622842375,-233168.1508542563,1708703.7131384937
3121,1476106.3162672205,-233168.1508542563,1709274.4671214768
3122,1476671.9994676576,-233168.1508542563,1709840.1503219139
3123,1477236.8929560587,-233168.1508542563,1710405.043810315
3124,1477803.3658685316,-233168.1508542563,1710971.5167227879
3125,1478385.903186366,-233168.1508542563,1711554.0540406222
3126,1479001.421372646,-233168.1508542563,1712169.5722269022
3127,1479692.1076756043,-233168.1508542563,1712860.2585298605
3128,1480381.2145544908,-233168.1508542563,1713549.365408747
3129,1481065.0843956657,-233168.1508542563,1714233.235249922
3130,1481740.7453880466,-233168.1508542563,1714908.8962423028
3131,1482391.7174883585,-233168.1508542563,1715559.8683426147
3132,1483014.8418484577,-233191.00666082517,1716205.8485092828
3133,1483628.4481003352,-233885.56784428473,1717514.01594462
3134,1484293.0323423182,-234531.3203317021,1718824.3526740202
3135,1484977.691895529,-235055.85117452827,1720033.5430700572
3136,1485691.9448681895,-235509.87535439784,1721201.8202225873
3137,1486347.5305493425,-235771.81062510682,1722119.3411744493
3138,1487021.196479738,-235771.81062510682,1722793.0071048448
3139,1487707.5185846032,-235771.81062510682,1723479.32920971
3140,1488380.0415107363,-235771.81062510682,1724151.8521358431
3141,1489043.1294562302,-235771.81062510682,1724814.940081337
3142,1489699.5048494192,-235771.81062510682,1725471.315474526
3143,1490273.480026233,-235771.81062510682,1726045.2906513398
3144,1490843.527424763,-235771.81062510682,1726615.3380498698
3145,1491407.5480735456,-235771.81062510682,1727179.3586986524
3146,1491969.3034956988,-235771.81062510682,1727741.1141208056
3147,1492528.003979187,-235771.81062510682,1728299.8146042938
3148,1493087.8474669377,-235771.81062510682,1728859.6580920445
3149,1493661.0329317155,-235771.81062510682,1729432.8435568223
3150,1494243.5702495498,-235771.81062510682,1730015.3808746566
3151,1494892.9629257899,-235771.81062510682,1730664.7735508967
3152,1495567.501695804,-235771.81062510682,1731339.3123209109
3153,1496209.3921077033,-235771.81062510682,1731981.20273281
3154,1496848.1444533546,-235771.81062510682,1732619.9550784614
3155,1497486.5435067795,-235771.81062510682,1733258.3541318863
3156,1498092.7306218988,-235869.42480611397,1733962.1554280128
3157,1498716.1043647463,-236650.68493913062,1735366.789303877
3158,1499356.0620603473,-237381.1489979986,1736737.2110583459
3159,1499991.3230475243,-238011.77943134686,1738003.1024788711
3160,1500661.9340392547,-238608.98011657965,1739270.9141558344
3161,1501303.8244511539,-238931.48455919055,1740235.3090103443
3162,1501954.3601316565,-238931.48455919055,1740885.844690847
3163,1502611.608364464,-238931.48455919055,1741543.0929236545
3164,1503252.7090643274,-238931.48455919055,1742184.1936235179
3165,1503837.3453536255,-238931.48455919055,1742768.829912816
3166,1504406.519912537,-238931.48455919055,1743338.0044717274
3167,1504958.1545514937,-238931.48455919055,1743889.6391106842
3168,1505486.1393931655,-238931.48455919055,1744417.623952356
3169,1506005.4789662338,-238931.48455919055,1744936.9635254242
3170,1506522.47018509,-238931.48455919055,1745453.9547442805
3171,1507066.1661398965,-238931.48455919055,1745997.650699087
3172,1507606.3707362285,-238931.48455919055,1746537.855295419
3173,1508062.512564531,-238931.48455919055,1746993.9971237215
3174,1508611.6118122146,-238931.48455919055,1747543.096371405
3175,1509177.731432461,-238931.48455919055,1748109.2159916514
3176,1509749.27512748,-238931.48455919055,1748680.7596866705
3177,1510285.905237755,-238931.48455919055,1749217.3897969455
3178,1510763.2653815479,-238931.48455919055,1749694.7499407383
3179,1511242.1841675167,-238931.48455919055,1750173.668726707
3180,1511717.5284674284,-238931.48455919055,1750649.0130266189
3181,1512216.5225646251,-238931.48455919055,1751148.0071238156
3182,1512732.2876516364,-238931.48455919055,1751663.7722108269
3183,1513249.9646730502,-239236.35535879416,1752486.3200318443
3184,1513596.8352938618,-239625.06657960234,1753221.9018734642
3185,1514166.092980356,-239747.54687810023,1753913.639858456
3186,1514731.3397609836,-239747.54687810023,1754478.8866390837
3187,1515293.0951831369,-239747.54687810023,1755040.642061237
3188,1515848.1380529853,-239747.54687810023,1755595.6849310854
3189,1516393.392649968,-239747.54687810023,1756140.939528068
3190,1516854.6052608164,-239747.54687810023,1756602.1521389165
3191,1517304.3878290404,-239747.54687810023,1757051.9347071406
3192,1517740.5374736977,-239747.54687810023,1757488.0843517978
3193,1518176.2506985457,-239747.54687810023,1757923.7975766459
3194,1518607.516597718,-239747.54687810023,1758355.0634758181
3195,1519036.4341426783,-239747.54687810023,1758783.9810207784
3196,1519465.3516876386,-239747.54687810023,1759212.8985657387
3197,1519911.9754077191,-239747.54687810023,1759659.5222858193
3198,1520362.9633258926,-239747.54687810023,1760110.5102039927
3199,1520841.4456920521,-239747.54687810023,1760588.9925701523
3200,1521355.7144825743,-239747.54687810023,1761103.2613606744
3201,1521837.6882072082,-239747.54687810023,1761585.2350853083
3202,1522303.9508187072,-239747.54687810023,1762051.4976968074
3203,1522765.5998493652,-239747.54687810023,1762513.1467274653
3204,1523224.5472335846,-239925.93383125748,1763150.481064842
3205,1523684.9701323973,-240579.07882510233,1764264.0489574997
3206,1524152.105583515,-241189.73812470151,1765341.8437082164
3207,1524632.9570857822,-241720.93686171743,1766353.8939474996
3208,1525134.2371915039,-242085.5219010163,1767219.7590925202
3209,1525654.0131843816,-242246.65462728395,1767900.6678116657
3210,1526200.847205436,-242246.65462728395,1768447.5018327201
3211,1526763.8287594346,-242246.65462728395,1769010.4833867187
3212,1527320.097761128,-242246.65462728395,1769566.7523884121
3213,1527849.6412449758,-242246.65462728395,1770096.29587226
3214,1528361.9149735128,-242246.65462728395,1770608.5696007968
3215,1528864.7537214104,-242246.65462728395,1771111.4083486944
3216,1529356.1624266836,-242246.65462728395,1771602.8170539676
3217,1529830.6338869766,-242246.65462728395,1772077.2885142607
3218,1530268.279828123,-242246.65462728395,1772514.934455407
3219,1530678.4313212833,-242246.65462728395,1772925.0859485674
3220,1531029.2297203788,-242246.65462728395,1773275.8843476628
3221,1531517.9367792134,-242246.65462728395,1773764.5914064974
3222,1532006.2905458214,-242246.65462728395,1774252.9451731055
3223,1532498.1356709038,-242246.65462728395,1774744.7902981879
3224,1533002.5538428733,-242246.65462728395,1775249.2084701573
3225,1533517.965637658,-242246.65462728395,1775764.620264942
3226,1534038.8846347982,-242246.65462728395,1776285.5392620822
3227,1534514.22893471,-242496.08802423015,1777010.3169589401
3228,1534978.2263195796,-243275.8783501369,1778254.1046697164
3229,1535450.5156808263,-244028.66000251836,1779479.1756833447
3230,1535935.294961377,-244757.32303903537,1780692.6180004124
3231,1536444.4306236662,-245360.6535230433,1781805.0841467094
3232,1536980.7074417146,-245905.15691719696,1782885.8643589115
3233,1537534.2540150739,-246197.25323558372,1783731.5072506575
3234,1538098.814993144,-246197.25323558372,1784296.0682287277
3235,1538659.344283452,-246197.25323558372,1784856.5975190357
3236,1539215.6132851455,-246197.25323558372,1785412.8665207291
3237,1539752.6798152297,-246197.25323558372,1785949.9330508134
3238,1540275.1574545458,-246197.25323558372,1786472.4106901295
3239,1540791.3589613663,-246197.25323558372,1786988.61219695
3240,1541301.2635537956,-246197.25323558372,1787498.5167893793
3241,1541806.471437801,-246197.25323558372,1788003.7246733846
3242,1542309.3101856986,-246197.25323558372,1788506.5634212822
3243,1542811.7956413697,-246197.25323558372,1789009.0488769533
3244,1543315.8605211126,-246197.25323558372,1789513.1137566962
3245,1543829.6928918255,-246197.25323558372,1790026.946127409
3246,1544343.9616823476,-246197.25323558372,1790541.2149179312
3247,1544857.0251229203,-246197.25323558372,1791054.278358504
3248,1545391.2860970877,-246197.25323558372,1791588.5393326713
3249,1545925.9003634816,-246197.25323558372,1792123.1535990653
3250,1546479.0105170317,-246197.25323558372,1792676.2637526153
3251,1547058.4097686182,-246951.2891354736,1794009.6989040917
3252,1547617.1102521063,-247785.53752035784,1795402.6477724642
3253,1548200.5204095591,-248602.82244025441,1796803.3428498136
3254,1548843.533043825,-249369.8302686783,1798213.3633125033
3255,1549457.0561681197,-250123.70125065604,1799580.7574187757
3256,1550062.0171513937,-250793.9072581202,1800855.9244095138
3257,1550692.1242284419,-251229.4799490368,1801921.6041774787
3258,1551326.1590837736,-251229.4799490368,1802555.6390328105
3259,1551970.3978498848,-251229.4799490368,1803199.8777989217
3260,1552607.1343516551,-251229.4799490368,1803836.614300692
3261,1553242.3953388322,-251229.4799490368,1804471.875287869
3262,1553863.857147277,-251229.4799490368,1805093.337096314
3263,1554429.1870554874,-251229.4799490368,1805658.6670045243
3264,1554991.2957698673,-251229.4799490368,1806220.775718904
3265,1555554.6306160924,-251229.4799490368,1806784.1105651292
3266,1556116.032746019,-251229.4799490368,1807345.512695056
3267,1556677.4348759458,-251229.4799490368,1807906.9148249826
3268,1557237.1952361136,-251229.4799490368,1808466.6751851505
3269,1557808.0323466796,-251229.4799490368,1809037.5122957164
3270,1558375.2949711883,-251229.4799490368,1809604.7749202251
3271,1558933.9123270938,-251229.4799490368,1810163.3922761306
3272,1559500.0319473401,-251229.4799490368,1810729.511896377
3273,1560073.4875767617,-251229.4799490368,1811302.9675257986
3274,1560636.8224229869,-251229.4799490368,1811866.3023720237
3275,1561178.9389537217,-251229.4799490368,1812408.4189027585
3276,1561754.4935546073,-251612.79125116547,1813367.2848057728
3277,1562302.1172876975,-252317.44034346618,1814619.5576311636
3278,1562836.0249696383,-253048.11920497805,1815884.1441746163
3279,1563397.697264209,-253632.01978786694,1817029.7170520758
3280,1563974.8105072705,-254104.69822315802,1818079.5087304285
3281,1564584.052561055,-254370.6398747823,1818954.6924358374
3282,1565228.2913271661,-254370.6398747823,1819598.9312019483
3283,1565891.37927266,-254370.6398747823,1820262.0191474422
3284,1566556.483062035,-254370.6398747823,1820927.1229368174
3285,1567216.432941281,-254370.6398747823,1821587.0728160632
3286,1567846.8933105557,-254370.6398747823,1822217.5331853381
3287,1568421.5750718226,-254370.6398747823,1822792.2149466048
3288,1568991.9757625791,-254370.6398747823,1823362.6156373615
3289,1569559.3215146705,-254370.6398747823,1823929.9613894527
3290,1570120.6405170145,-254370.6398747823,1824491.280391797
3291,1570680.4840047653,-254370.6398747823,1825051.1238795477
3292,1571240.6807847426,-254370.6398747823,1825611.3206595248
3293,1571816.1522580453,-254370.6398747823,1826186.7921328275
3294,1572405.838547994,-254370.6398747823,1826776.4784227763
3295,1573024.1622901908,-254370.6398747823,1827394.8021649732
3296,1573708.0321313657,-254370.6398747823,1828078.672006148
3297,1574383.33983152,-254370.6398747823,1828753.9797063023
3298,1574972.2364094327,-254370.6398747823,1829342.8762842151
3299,1575547.7910103183,-254370.6398747823,1829918.4308851007
3300,1576113.827502982,-254370.6398747823,1830484.4673777642
3301,1576676.0193449445,-254370.6398747823,1831046.659219727
3302,1577236.5486352525,-254725.56137000406,1831962.1100052565
3303,1577795.5192833846,-255213.53327607748,1833009.052559462
3304,1578342.7897242482,-255584.97777959984,1833927.767503848
3305,1578883.3476128068,-255752.4517281097,1834635.7993409166
3306,1579411.7688742878,-255752.4517281097,1835164.2206023976
3307,1579940.1901357688,-255752.4517281097,1835692.6418638786
3308,1580462.667775085,-255752.4517281097,1836215.1195031947
3309,1580989.073192685,-255752.4517281097,1836741.5249207946
3310,1581513.9199681086,-255752.4517281097,1837266.3716962184
3311,1582029.3317628934,-255752.4517281097,1837781.783491003
3312,1582540.8157793942,-255752.4517281097,1838293.267507504
3313,1583051.9465036686,-255752.4517281097,1838804.3982317783
3314,1583553.9955395304,-255752.4517281097,1839306.4472676401
3315,1584059.9723536759,-255752.4517281097,1839812.4240817856
3316,1584563.2475213828,-255752.4517281097,1840315.6992494925
3317,1585084.4990288538,-255752.4517281097,1840836.9507569636
3318,1585622.3344890783,-255752.4517281097,1841374.786217188
3319,1586176.9409391172,-255752.4517281097,1841929.392667227
3320,1586742.5410119714,-255752.4517281097,1842494.9927400812
3321,1587319.2178352238,-255752.4517281097,1843071.6695633335
3322,1587884.9010356609,-255752.4517281097,1843637.3527637706
3323,1588468.9969956712,-256322.85870879225,1844791.8557044636
3324,1589013.9190823229,-257175.3300600759,1846189.2491423988
3325,1589515.5316983752,-258054.4609325029,1847569.9926308782
3326,1590091.0862992608,-258886.455879153,1848977.5421784138
3327,1590682.352013281,-259630.38870423014,1850312.7407175112
3328,1591288.4560008177,-260313.04540253308,1851601.5014033508
3329,1591922.4908561495,-260816.2089940407,1852738.6998501902
3330,1592574.1487590189,-260816.2089940407,1853390.3577530596
3331,1593243.9700387134,-260816.2089940407,1854060.1790327542
3332,1593908.7205358618,-260816.2089940407,1854724.9295299025
3333,1594567.5481927411,-260816.2089940407,1855383.7571867818
3334,1595199.1307843826,-260816.2089940407,1856015.3397784233
3335,1595772.7526689698,-260816.2089940407,1856588.9616630105
3336,1596331.3700248753,-260816.2089940407,1857147.579018916
3337,1596868.4365549595,-260816.2089940407,1857684.6455490002
3338,1597378.777567198,-260816.2089940407,1858194.9865612388
3339,1597879.704380693,-260816.2089940407,1858695.9133747336
3340,1598382.189836364,-260816.2089940407,1859198.3988304047
3341,1598887.3977203693,-260816.2089940407,1859703.60671441
3342,1599406.384001211,-260816.2089940407,1860222.5929952518
3343,1599929.7344801459,-260816.2089940407,1860745.9434741866
3344,1600446.7256990022,-260816.2089940407,1861262.934693043
3345,1600964.922267808,-260816.2089940407,1861781.1312618488
3346,1601458.7832367716,-260816.2089940407,1862274.9922308123
3347,1601956.1355642094,-260816.2089940407,1862772.3445582502
3348,1602433.4957080022,-260816.2089940407,1863249.704702043
3349,1602875.4227196588,-260816.2089940407,1863691.6317136995
3350,1603317.8692787075,-261376.816803977,1864694.6860826844
3351,1603776.3802431177,-261906.91730628387,1865683.2975494016
3352,1604262.7181658447,-262343.8371191846,1866606.5552850293
3353,1604750.2822204167,-262588.5806814997,1867338.8629019163
3354,1605252.3312562786,-262588.5806814997,1867840.9119377783
3355,1605776.03502744,-262588.5806814997,1868364.6157089397
3356,1606295.7278927348,-262588.5806814997,1868884.3085742346
3357,1606806.0689049733,-262588.5806814997,1869394.6495864731
3358,1607287.3568270497,-262588.5806814997,1869875.9375085495
3359,1607752.497216182,-262588.5806814997,1870341.0778976819
3360,1608208.9923367111,-262588.5806814997,1870797.573018211
3361,1608660.3335471114,-262588.5806814997,1871248.9142286112
3362,1609105.8350448252,-262588.5806814997,1871694.415726325
3363,1609550.1104106938,-262588.5806814997,1872138.6910921936
3364,1609994.8221963716,-262588.5806814997,1872583.4028778714
3365,1610452.8967409723,-262588.5806814997,1873041.477422472
3366,1610930.9426873224,-262588.5806814997,1873519.523368822
3367,1611457.701397149,-262588.5806814997,1874046.2820786485
3368,1611986.0395310472,-262588.5806814997,1874574.620212547
3369,1612515.9363071215,-262588.5806814997,1875104.516988621
3370,1613055.3511914178,-262652.6855104547,1875708.0367018725
3371,1613584.8946752655,-263480.1479947801,1877065.0426700455
3372,1614110.0739610202,-264309.5031159204,1878419.5770769406
3373,1614639.5343172853,-265176.4167967943,1879815.9511140794
3374,1615176.1644275603,-265964.1824096654,1881140.3468372256
3375,1615709.303179361,-266793.40205377503,1882502.705233136
3376,1616245.4968698267,-267559.41000838013,1883804.9068782069
3377,1616773.1284192717,-268049.72559880395,1884822.8540180756
3378,1617290.8885682684,-268058.8525329538,1885349.741101222
3379,1617803.1622968053,-268058.8525329538,1885862.014829759
3380,1618312.381086677,-268058.8525329538,1886371.2336196308
3381,1618802.3142773567,-268058.8525329538,1886861.1668103104
3382,1619268.2443785248,-268058.8525329538,1887327.0969114786
3383,1619732.2417633946,-268058.8525329538,1887791.0942963483
3384,1620185.5988176758,-268058.8525329538,1888244.4513506296
3385,1620637.3764478853,-268058.8525329538,1888696.228980839
3386,1621080.1762991606,-268058.8525329538,1889139.0288321143
3387,1621520.9603065548,-268058.8525329538,1889579.8128395085
3388,1621965.318800006,-268058.8525329538,1890024.1713329598
3389,1622422.9569247975,-268058.8525329538,1890481.8094577512
3390,1622888.0973139298,-268058.8525329538,1890946.9498468835
3391,1623398.001906359,-268058.8525329538,1891456.8544393128
3392,1623900.4873620302,-268058.8525329538,1891959.339894984
3393,1624376.538246395,-268058.8525329538,1892435.3907793488
3394,1624851.0928342708,-268058.8525329538,1892909.9453672245
3395,1625320.5974214962,-268584.1797329458,1893904.777154442
3396,1625777.7991264784,-269324.9326900283,1895102.7318165067
3397,1626246.0775818585,-270062.3554218877,1896308.4330037462
3398,1626735.574352729,-270755.5814330106,1897491.1557857394
3399,1627284.7567279951,-271370.4242357794,1898655.1809637744
3400,1627811.9518576309,-271918.29662207863,1899730.2484797095
3401,1628390.9978169908,-272217.65257028554,1900608.6503872764
3402,1628935.8159941642,-272217.65257028554,1901153.4685644498
3403,1629485.7880814665,-272217.65257028554,1901703.440651752
3404,1630033.4118145567,-272217.65257028554,1902251.0643848423
3405,1630559.8172321566,-272217.65257028554,1902777.4698024422
3406,1631076.8915785959,-272217.65257028554,1903294.5441488815
3407,1631587.9391752875,-272217.65257028554,1903805.591745573
3408,1632092.4404748396,-272217.65257028554,1904310.0930451252
3409,1632589.0030902417,-272217.65257028554,1904806.6556605273
3410,1633064.3473901534,-272217.65257028554,1905281.999960439
3411,1633510.2021800939,-272217.65257028554,1905727.8547503795
3412,1633953.6878339266,-272217.65257028554,1906171.3404042122
3413,1634411.4090863008,-272217.65257028554,1906629.0616565864
3414,1634866.6780749846,-272217.65257028554,1907084.3306452702
3415,1635303.9707239044,-272217.65257028554,1907521.62329419
3416,1635697.621391894,-272217.65257028554,1907915.2739621797
3417,1636060.9928378765,-272217.65257028554,1908278.6454081621
3418,1636458.57128415,-272217.65257028554,1908676.2238544356
3419,1636879.7164001255,-272637.8136988089,1909517.5300989344
3420,1637300.0718040653,-273482.7648438764,1910782.8366479417
3421,1637672.8574487912,-274374.94837219815,1912047.8058209894
3422,1638053.9350698937,-275179.1557601838,1913233.0908300774
3423,1638464.086563054,-275879.3510482228,1914343.4376112767
3424,1638899.7166603194,-276551.1058619092,1915450.8225222286
3425,1639366.7689838542,-276930.2713817455,1916297.0403655998
3426,1639871.1871558237,-276930.2713817455,1916801.4585375693
3427,1640401.5203517072,-276930.2713817455,1917331.7917334528
3428,1640933.5160992453,-276930.2713817455,1917863.7874809909
3429,1641449.3643138392,-276930.2713817455,1918379.6356955848
3430,1641954.5721978445,-276930.2713817455,1918884.84357959
3431,1642454.7092993036,-276930.2713817455,1919384.9806810492
3432,1642920.2861082451,-276930.2713817455,1919850.5574899907
3433,1643373.6431625264,-276930.2713817455,1920303.914544272
3434,1643820.7033024163,-276930.2713817455,1920750.9746841618
3435,1644266.6412199393,-276930.2713817455,1921196.912601685
3436,1644713.7013598292,-276930.2713817455,1921643.9727415747
3437,1645169.0534760957,-276930.2713817455,1922099.3248578412
3438,1645649.9049783628,-276930.2713817455,1922580.1763601084
3439,1646147.2573058007,-276930.2713817455,1923077.5286875463
3440,1646605.6643607323,-276930.2713817455,1923535.935742478
3441,1647050.3761464101,-276930.2713817455,1923980.6475281557
3442,1647484.4476014993,-276930.2713817455,1924414.7189832448
3443,1647908.2943639134,-276930.2713817455,1924838.565745659
3444,1648327.8600558173,-277173.9261451208,1925501.786200938
3445,1648751.789945814,-277851.2147460625,1926603.0046918765
3446,1649185.5081086766,-278485.72923407226,1927671.2373427488
3447,1649622.0110455605,-278998.9766729592,1928620.9877185198
3448,1650108.702260514,-279395.37313490314,1929504.0753954172
3449,1650599.3212537512,-279560.7347459887,1930160.0559997398
3450,1651133.5822279186,-279560.7347459887,1930694.3169739072
3451,1651686.3598711377,-279560.7347459887,1931247.0946171263
3452,1652236.6852506665,-279560.7347459887,1931797.419996655
3453,1652788.5900542669,-279560.7347459887,1932349.3248002555
3454,1653341.700207817,-279560.7347459887,1932902.4349538055
3455,1653894.0414312268,-279560.7347459887,1933454.7761772154
3456,1654436.5112541881,-279560.7347459887,1933997.2460001768
3457,1654958.9888935043,-279560.7347459887,1934519.7236394929
3458,1655473.5278486703,-279560.7347459887,1935034.2625946589
3459,1655982.22709115,-279560.7347459887,1935542.9618371385
3460,1656487.767485486,-279560.7347459887,1936048.5022314747
3461,1657002.3895682348,-279560.7347459887,1936563.1243142234
3462,1657522.9552731484,-279560.7347459887,1937083.690019137
3463,1658044.2067806195,-279560.7347459887,1937604.941526608
3464,1658556.9169289656,-279560.7347459887,1938117.6516749542
3465,1659059.4023846367,-279560.7347459887,1938620.1371306253
3466,1659568.8705572565,-279560.7347459887,1939129.6053032451
3467,1660091.4313241555,-280267.71524873516,1940359.1465728907
3468,1660606.1365344871,-281151.1778637226,1941757.3143982098
3469,1661119.1999750598,-282071.1961803189,1943190.3961553788
3470,1661632.2634156325,-282914.54176528205,1944546.8051809147
3471,1662173.5902343313,-283736.6135276451,1945910.2037619764
3472,1662739.2734347684,-284541.35279117327,1947280.6262259418
3473,1663327.8375023503,-285040.7504459581,1948368.5879483083
3474,1663948.07317895,-285040.7504459581,1948988.823624908
3475,1664591.875525252,-285040.7504459581,1949632.6259712102
3476,1665172.9165465971,-285040.7504459581,1950213.6669925554
3477,1665746.891723411,-285040.7504459581,1950787.642169369
3478,1666318.5185460127,-285040.7504459581,1951359.268991971
3479,1666888.48281696,-285040.7504459581,1951929.233262918
3480,1667450.2382391132,-285040.7504459581,1952490.9886850715
3481,1668005.717528771,-285040.7504459581,1953046.467974729
3482,1668557.7054599542,-285040.7504459581,1953598.4559059124
3483,1669107.241127447,-285040.7504459581,1954147.991573405
3484,1669659.6654784395,-285040.7504459581,1954700.4159243978
3485,1670228.840037351,-285040.7504459581,1955269.5904833092
3486,1670808.2392889375,-285040.7504459581,1955848.9897348955
3487,1671395.4940970915,-285040.7504459581,1956436.2445430495
3488,1672028.3028205782,-285040.7504459581,1957069.0532665364
3489,1672643.052076718,-285040.7504459581,1957683.802522676
3490,1673251.940838276,-285040.7504459581,1958292.6912842342
3491,1673854.1170475287,-285040.7504459581,1958894.867493487
3492,1674451.6588940448,-285408.42136712436,1959860.0802611692
3493,1675045.9795467302,-286154.72089504416,1961200.7004417744
3494,1675642.295261401,-286848.9019721334,1962491.1972335344
3495,1676258.6031597168,-287525.9075397956,1963784.5106995124
3496,1676925.2863731636,-288068.03617850615,1964993.3225516698
3497,1677577.0274036156,-288410.10474410385,1965987.1321477196
3498,1678242.8377774437,-288410.10474410385,1966652.9425215474
3499,1678926.2711988094,-288410.10474410385,1967336.3759429133
3500,1679604.3844548806,-288410.10474410385,1968014.4891989846
3501,1680265.560465972,-288410.10474410385,1968675.6652100757
3502,1680853.584204266,-288410.10474410385,1969263.68894837
3503,1681436.994361719,-288410.10474410385,1969847.0991058229
3504,1682012.112542795,-288410.10474410385,1970422.2172868988
3505,1682584.4251679543,-288410.10474410385,1970994.5299120583
3506,1683154.4725664842,-288410.10474410385,1971564.5773105882
3507,1683722.524903029,-288410.10474410385,1972132.629647133
3508,1684293.0087213684,-288410.10474410385,1972703.1134654721
3509,1684887.848921446,-288410.10474410385,1973297.9536655499
3510,1685559.582135543,-288410.10474410385,1973969.686879647
3511,1686251.390660868,-288410.10474410385,1974661.4954049718
3512,1686952.9874590589,-288410.10474410385,1975363.0922031626
3513,1687650.5525694876,-288410.10474410385,1976060.6573135913
3514,1688340.3660328272,-288410.10474410385,1976750.470776931
3515,1689003.0175585118,-288410.10474410385,1977413.1223026155
3516,1689656.2548854528,-288410.10474410385,1978066.3596295565
3517,1690293.5109346153,-288410.10474410385,1978703.6156787192
3518,1690944.815545258,-288410.10474410385,1979354.9202893618
3519,1691631.1376501233,-288472.43096155615,1980103.5686116796
3520,1692317.0233351793,-288724.9077541498,1981041.931089329
3521,1693014.6923550863,-288770.5891796536,1981785.28153474
3522,1693716.7255730864,-288770.5891796536,1982487.31475274
3523,1694408.0976786022,-288770.5891796536,1983178.6868582559
3524,1695080.1841849259,-288770.5891796536,1983850.7733645795
3525,1695750.2548473685,-288770.5891796536,1984520.8440270221
3526,1696393.7039014439,-288770.5891796536,1985164.2930810975
3527,1696989.2506859745,-288770.5891796536,1985759.8398656282
3528,1697581.2022025522,-288770.5891796536,1986351.791382206
3529,1698173.943431166,-288770.5891796536,1986944.5326108197
3530,1698759.7019428308,-288770.5891796536,1987530.2911224845
3531,1699345.377326913,-288770.5891796536,1988115.9665065666
3532,1699929.4732869233,-288770.5891796536,1988700.062466577
3533,1700539.5881803262,-288770.5891796536,1989310.1773599798
3534,1701208.1002005928,-288770.5891796536,1989978.6893802464
3535,1701899.4723061086,-288770.5891796536,1990670.0614857622
3536,1702598.3466759652,-288770.5891796536,1991368.935855619
3537,1703294.4362718007,-288770.5891796536,1992065.0254514543
3538,1703956.318867345,-288770.5891796536,1992726.9080469988
3539,1704606.0648358117,-288770.5891796536,1993376.6540154654
3540,1705251.010186376,-288770.5891796536,1994021.5993660297
3541,1705866.6322821346,-288770.5891796536,1994637.2214617883
3542,1706522.3010908703,-288770.5891796536,1995292.890270524
3543,1707210.0987103288,-288770.5891796536,1995980.6878899825
3544,1707904.962174319,-289071.8468767455,1996976.8090510645
3545,1708584.6340725664,-289250.0249272559,1997834.6589998223
3546,1709273.7409514529,-289250.0249272559,1998523.7658787088
3547,1709957.2575004012,-289250.0249272559,1999207.2824276572
3548,1710623.940713848,-289250.0249272559,1999873.965641104
3549,1711226.4702153273,-289250.0249272559,2000476.4951425833
3550,1711811.3558873737,-289250.0249272559,2001061.3808146296
3551,1712389.6121346976,-289250.0249272559,2001639.6370619535
3552,1712957.3111790158,-289250.0249272559,2002207.3361062717
3553,1713523.8672190714,-289250.0249272559,2002773.8921463273
3554,1714080.1362207648,-289250.0249272559,2003330.1611480208
3555,1714630.8980201029,-289250.0249272559,2003880.9229473588
3556,1715171.4559086615,-289250.0249272559,2004421.4808359174
3557,1715719.8693537875,-289250.0249272559,2004969.8942810434
3558,1716286.3422662604,-289250.0249272559,2005536.3671935163
3559,1716866.5104479871,-289250.0249272559,2006116.535375243
3560,1717436.9111387436,-289250.0249272559,2006686.9360659996
3561,1717984.6179994165,-289250.0249272559,2007234.6429266725
3562,1718552.3170437347,-289250.0249272559,2007802.3419709906
3563,1719117.5638243624,-289250.0249272559,2008367.5887516183
3564,1719678.197024149,-289250.0249272559,2008928.2219514048
3565,1720245.106356431,-289250.0249272559,2009495.131283687
3566,1720823.362603755,-289456.2660001837,2010279.6286039387
3567,1721426.3285250438,-289814.4011285426,2011240.7296535864
3568,1722046.210909417,-290103.2275016606,2012149.4384110775
3569,1722698.658524322,-290151.2873801681,2012849.94590449
3570,1723345.9522290984,-290151.2873801681,2013497.2396092666
3571,1723985.8267971165,-290151.2873801681,2014137.1141772848
3572,1724584.511647895,-290151.2873801681,2014735.7990280632
3573,1725179.2687203898,-290151.2873801681,2015330.556100558
3574,1725770.0148870181,-290151.2873801681,2015921.3022671863
3575,1726355.253851291,-290151.2873801681,2016506.541231459
3576,1726937.0845846722,-290151.2873801681,2017088.3719648402
3577,1727513.7614079246,-290151.2873801681,2017665.0487880926
3578,1728088.4431691915,-290151.2873801681,2018239.7305493597
3579,1728658.7607323653,-290151.2873801681,2018810.0481125335
3580,1729224.007512993,-290151.2873801681,2019375.294893161
3581,1729797.1929777707,-290151.2873801681,2019948.480357939
3582,1730374.2230932496,-290151.2873801681,2020525.5104734176
3583,1731001.19210405,-290151.2873801681,2021152.4794842182
3584,1731626.5816907785,-290151.2873801681,2021777.8690709467
3585,1732242.8895890943,-290151.2873801681,2022394.1769692623
3586,1732849.4299964402,-290151.2873801681,2023000.7173766084
3587,1733441.8179328274,-290151.2873801681,2023593.1053129956
3588,1734033.7694494051,-290151.2873801681,2024185.0568295731
3589,1734606.0820745644,-290151.2873801681,2024757.3694547326
3590,1735174.1344111091,-290151.2873801681,2025325.4217912774
3591,1735764.9637053201,-290524.5991851751,2026289.5628904952
3592,1736345.568306856,-290924.1639281258,2027269.7322349818
3593,1736974.0959598324,-291109.0904132586,2028083.186373091
3594,1737624.2783481085,-291109.0904132586,2028733.3687613672
3595,1738288.5924254477,-291109.0904132586,2029397.6828387063
3596,1738948.1058848845,-291109.0904132586,2030057.1962981431
3597,1739600.6366273724,-291109.0904132586,2030709.727040631
3598,1740238.9525532145,-291109.0904132586,2031348.0429664731
3599,1740826.5398716994,-291109.0904132586,2031935.630284958
3600,1741411.0722515192,-291109.0904132586,2032520.1626647778
3601,1741994.8357011988,-291109.0904132586,2033103.9261144574
3602,1742577.0197268066,-291109.0904132586,2033686.1101400652
3603,1743159.2037524143,-291109.0904132586,2034268.294165673
3604,1743737.4599997383,-291109.0904132586,2034846.550412997
3605,1744327.4995819135,-291109.0904132586,2035436.589995172
3606,1744914.7543900674,-291109.0904132586,2036023.844803326
3607,1745482.8067266122,-291109.0904132586,2036591.8971398708
3608,1746097.555982752,-291109.0904132586,2037206.6463960106
3609,1746696.6772533397,-291109.0904132586,2037805.7676665983
3610,1747296.151816154,-291109.0904132586,2038405.2422294125
3611,1747865.7627948746,-291109.0904132586,2038974.8532081333
3612,1748436.163485631,-291140.00445433176,2039576.1679399628
3613,1749001.4102662588,-291838.608033462,2040840.0182997207
3614,1749569.7951131342,-292487.3716120519,2042057.1667251862
3615,1750158.6916910468,-293084.74713479023,2043243.438825837
3616,1750755.7139901707,-293560.55731110205,2044316.2713012728
3617,1751429.463048149,-293784.63434572046,2045214.0973938694
3618,1752096.1462615957,-293784.63434572046,2045880.7806073162
3619,1752753.3944944032,-293784.63434572046,2046538.0288401237
3620,1753409.4165953654,-293784.63434572046,2047194.050941086
3621,1754058.0195595697,-293784.63434572046,2047842.6539052902
3622,1754675.1171699215,-293784.63434572046,2048459.751515642
3623,1755258.090907565,-293784.63434572046,2049042.7252532856
3624,1755839.8385133636,-293784.63434572046,2049624.4728590841
3625,1756413.8136901774,-293784.63434572046,2050198.448035898
3626,1756954.0182865094,-293784.63434572046,2050738.65263223
3627,1757508.2714443218,-293784.63434572046,2051292.9057900424
3628,1758061.049087541,-293784.63434572046,2051845.6834332615
3629,1758618.9598589933,-293784.63434572046,2052403.5942047138
3630,1759170.8646625937,-293784.63434572046,2052955.4990083142
3631,1759748.4143254645,-293784.63434572046,2053533.048671185
3632,1760346.3094642072,-293784.63434572046,2054130.9438099277
3633,1760950.0443156362,-293784.63434572046,2054734.6786613567
3634,1761550.2878085906,-293784.63434572046,2055334.922154311
3635,1762137.2724521006,-293931.4879880608,2056068.7604401615
3636,1762718.2303458632,-294745.10334801005,2057463.3336938731
3637,1763300.3312438882,-295568.9218256917,2058869.25306958
3638,1763868.0302882064,-296365.9040273862,2060233.9343155925
3639,1764442.7120494733,-297082.32507885474,2061525.037128328
3640,1765011.5333161582,-297741.9463852752,2062753.4797014333
3641,1765570.8572565168,-298199.959784075,2063770.8170405917
3642,1766112.5373674422,-298199.959784075,2064312.497151517
3643,1766647.941345872,-298199.959784075,2064847.9011299468
3644,1767173.5570514358,-298199.959784075,2065373.5168355107
3645,1767694.0396287667,-298199.959784075,2065893.9994128416
3646,1768203.944221196,-298199.959784075,2066403.904005271
3647,1768670.206832695,-298199.959784075,2066870.16661677
3648,1769129.840019472,-298199.959784075,2067329.7998035469
3649,1769587.561271846,-298199.959784075,2067787.521055921
3650,1770037.7802598793,-298199.959784075,2068237.7400439542
3651,1770489.2045978622,-298199.959784075,2068689.1643819371
3652,1770938.6338738597,-298199.959784075,2069138.5936579346
3653,1771404.1275552185,-298199.959784075,2069604.0873392934
3654,1771882.1735015686,-298199.959784075,2070082.1332856435
3655,1772398.3750083891,-298199.959784075,2070598.334792464
3656,1772953.4178782376,-298199.959784075,2071153.3776623125
3657,1773501.8313233636,-298199.959784075,2071701.7911074385
3658,1774040.3733680411,-298199.959784075,2072240.333152116
3659,1774575.4240542443,-298199.959784075,2072775.3838383192
3660,1775114.7558109579,-298818.09694161883,2073932.8527525766
3661,1775669.0089687703,-299469.6118627044,2075138.6208314747
3662,1776220.9968999536,-300092.03287444165,2076313.0297743953
3663,1776771.7586992916,-300644.21183891693,2077415.9705382085
3664,1777313.5219377999,-301126.5127277242,2078440.034665524
3665,1777847.3464921578,-301408.0190901915,2079255.3655823492
3666,1778380.048824149,-301408.0190901915,2079788.0679143404
3667,1778913.1875759496,-301408.0190901915,2080321.206666141
3668,1779440.3827055853,-301408.0190901915,2080848.4017957768
3669,1779961.987505283,-301408.0190901915,2081370.0065954744
3670,1780480.1009465063,-301408.0190901915,2081888.1200366977
3671,1780968.4547131143,-301408.0190901915,2082376.4738033058
3672,1781429.6673239628,-301408.0190901915,2082837.6864141542
3673,1781886.598864301,-301408.0190901915,2083294.6179544926
3674,1782342.7406926036,-301408.0190901915,2083750.759782795
3675,1782796.8874589207,-301408.0190901915,2084204.9065491122
3676,1783146.5428537535,-301408.0190901915,2084554.561943945
3677,1783585.0616345184,-301408.0190901915,2084993.08072471
3678,1784119.3226086858,-301408.0190901915,2085527.3416988773
3679,1784649.6558045694,-301408.0190901915,2086057.6748947608
3680,1785172.1334438855,-301408.0190901915,2086580.152534077
3681,1785693.8213711658,-301408.0190901915,2087101.8404613573
3682,1786193.5220528156,-301408.0190901915,2087601.541143007
3683,1786697.150512749,-301742.98108114843,2088440.1315938975
3684,1787199.9892606467,-302467.5692661999,2089667.5585268466
3685,1787665.9193618149,-303206.74840994313,2090872.667771758
3686,1788141.7000815358,-303897.6173062653,2092039.3173878011
3687,1788620.6188675046,-304544.8409760883,2093165.459843593
3688,1789108.9726341127,-305092.0581536556,2094201.0307877683
3689,1789627.8757873718,-305427.4730765625,2095055.3488639342
3690,1790167.9972561211,-305461.9381732733,2095629.9354293945
3691,1790708.9915644892,-305461.9381732733,2096170.9297377625
3692,1791231.8224960319,-305461.9381732733,2096693.7606693052
3693,1791748.377295079,-305461.9381732733,2097210.3154683523
3694,1792259.071599544,-305461.9381732733,2097721.009772817
3695,1792764.6119938802,-305461.9381732733,2098226.5501671536
3696,1793264.6659677566,-305461.9381732733,2098726.60414103
3697,1793762.3508055254,-305461.9381732733,2099224.288978799
3698,1794254.9856426436,-305461.9381732733,2099716.9238159168
3699,1794746.0410556903,-305461.9381732733,2100207.9792289636
3700,1795236.3067567009,-305461.9381732733,2100698.244929974
3701,1795741.5146407061,-305461.9381732733,2101203.4528139792
3702,1796259.2747897028,-305461.9381732733,2101721.212962976
3703,1796784.1215651266,-305461.9381732733,2102246.0597384
3704,1797307.7422087053,-305461.9381732733,2102769.6803819784
3705,1797822.7175836805,-305461.9381732733,2103284.6557569536
3706,1798322.501392913,-305461.9381732733,2103784.439566186
3707,1798762.4956882712,-305974.6111845525,2104737.1068728236
3708,1799220.2169406454,-306793.29636781337,2106013.513308459
3709,1799684.5676177419,-307594.9672811853,2107279.5348989274
3710,1800199.9794125266,-308346.768747482,2108546.7481600083
3711,1800732.6817445178,-309040.766498896,2109773.4482434136
3712,1801259.523581927,-309658.2834481429,2110917.8070300696
3713,1801781.2115092073,-310081.0544614413,2111862.2659706487
3714,1802294.7113695892,-310154.60070149903,2112449.3120710882
3715,1802813.9678150748,-310154.60070149903,2112968.568516574
3716,1803336.445454391,-310154.60070149903,2113491.04615589
3717,1803855.7850274593,-310154.60070149903,2114010.385728958
3718,1804364.9206897484,-310154.60070149903,2114519.5213912474
3719,1804870.5649935629,-310154.60070149903,2115025.165695062
3720,1805368.35374081,-310154.60070149903,2115522.954442309
3721,1805863.7733519494,-310154.60070149903,2116018.3740534484
3722,1806354.828764996,-310154.60070149903,2116509.4294664953
3723,1806846.6738900784,-310154.60070149903,2117001.2745915772
3724,1807312.25069902,-310154.60070149903,2117466.851400519
3725,1807810.371956598,-310154.60070149903,2117964.972658097
3726,1808324.6407471201,-310154.60070149903,2118479.2414486194
3727,1808853.0620086011,-310154.60070149903,2119007.6627101004
3728,1809389.3388266496,-310154.60070149903,2119543.9395281486
3729,1809924.825932662,-310154.60070149903,2120079.426634161
3730,1810463.721269566,-310154.60070149903,2120618.3219710654
3731,1811001.4736022078,-310811.9315946866,2121813.4051968944
3732,1811509.3831326517,-311595.4064667196,2123104.789599371
3733,1812029.5955453387,-312360.28018585534,2124389.875731194
3734,1812532.3511656537,-313083.9716219399,2125616.3227875936
3735,1813040.6971159067,-313756.7894260492,2126797.4865419557
3736,1813545.4685801028,-314361.03952458134,2127906.5081046843
3737,1814072.6637097385,-314769.8851569375,2128842.548866676
3738,1814613.554108628,-314810.9576815922,2129424.51179022
3739,1815171.818172307,-314810.9576815922,2129982.7758538993
3740,1815727.6507541912,-314810.9576815922,2130538.6084357835
3741,1816276.937038936,-314810.9576815922,2131087.8947205283
3742,1816813.567149211,-314810.9576815922,2131624.5248308033
3743,1817341.9052831093,-314810.9576815922,2132152.8629647014
3744,1817866.3156387238,-314810.9576815922,2132677.273320316
3745,1818393.157476133,-314810.9576815922,2133204.1151577253
3746,1818915.9884076756,-314810.9576815922,2133726.9460892677
3747,1819436.11769278,-314810.9576815922,2134247.0753743723
3748,1819959.3850441321,-314810.9576815922,2134770.3427257244
3749,1820497.9270888097,-314810.9576815922,2135308.8847704018
3750,1821038.8174876992,-314810.9576815922,2135849.7751692915
3751,1821563.996773454,-314810.9576815922,2136374.954455046
3752,1822119.392935529,-314810.9576815922,2136930.350617121
3753,1822686.572432455,-314810.9576815922,2137497.530114047
3754,1823275.0325905583,-314810.9576815922,2138085.9902721504
3755,1823838.3674367834,-314829.3111580585,2138667.678594842
3756,1824408.4148353133,-315494.188382857,2139902.6032181703
3757,1824957.5972105796,-316150.281616961,2141107.8788275407
3758,1825488.2836986897,-316770.33320592745,2142258.6169046173
3759,1826036.6971438157,-317324.71901208756,2143361.416155903
3760,1826565.035277714,-317805.2049427388,2144370.2402204527
3761,1827052.1629124768,-318163.7025730442,2145215.865485521
3762,1827564.0833487872,-318216.13808273064,2145780.221431518
3763,1828100.3601668356,-318216.13808273064,2146316.498249566
3764,1828641.001182977,-318216.13808273064,2146857.1392657077
3765,1829174.4724451085,-318216.13808273064,2147390.610527839
3766,1829707.611196909,-318216.13808273064,2147923.7492796397
3767,1830238.8172324114,-318216.13808273064,2148454.955315142
3768,1830745.1473387834,-318216.13808273064,2148961.285421514
3769,1831242.1463739946,-318216.13808273064,2149458.284456725
3770,1831730.1468483761,-318216.13808273064,2149946.284931107
3771,1832215.715840963,-318216.13808273064,2150431.8539236938
3772,1832697.6895655969,-318216.13808273064,2150913.8276483277
3773,1833191.8830448913,-318216.13808273064,2151408.021127622
3774,1833683.7281699737,-318216.13808273064,2151899.8662527045
3775,1834164.2263800143,-318216.13808273064,2152380.364462745
3776,1834620.01491609,-318216.13808273064,2152836.152998821
3777,1835066.3892534224,-318216.13808273064,2153282.527336153
3778,1835503.2454825328,-318473.7463054335,2153976.9917879663
3779,1835934.2619989568,-319335.70088307443,2155269.962882031
3780,1836372.3443599124,-320179.4241229027,2156551.768482815
3781,1836820.5475040646,-321006.6640494523,2157827.211553517
3782,1837315.8839876214,-321787.1131402401,2159102.9971278617
3783,1837780.6710845272,-322514.7869856883,2160295.4580702153
3784,1838234.0281388084,-323155.2253481864,2161389.2534869947
3785,1838716.874703061,-323606.8454066959,2162323.720109757
3786,1839230.707073774,-323669.3461426213,2162900.0532163954
3787,1839770.4752502968,-323669.3461426213,2163439.821392918
3788,1840307.541780381,-323669.3461426213,2163976.8879230022
3789,1840841.4494623218,-323669.3461426213,2164510.7956049433
3790,1841372.925662468,-323669.3461426213,2165042.2718050894
3791,1841895.403301784,-323669.3461426213,2165564.7494444055
3792,1842421.019007348,-323669.3461426213,2166090.3651499692
3793,1842943.496646664,-323669.3461426213,2166612.8427892854
3794,1843466.847125599,-323669.3461426213,2167136.1932682204
3795,1843987.4128305125,-323669.3461426213,2167656.7589731338
3796,1844503.9676295596,-323669.3461426213,2168173.313772181
3797,1845037.8753115004,-323669.3461426213,2168707.2214541216
3798,1845586.6212669574,-323669.3461426213,2169255.9674095786
3799,1846150.309405409,-323669.3461426213,2169819.6555480305
3800,1846747.061539889,-323669.3461426213,2170416.4076825106
3801,1847338.2441263266,-323669.3461426213,2171007.590268948
3802,1847885.8678594169,-323669.3461426213,2171555.2140020384
3803,1848430.0002340327,-324474.36854854703,2172904.36878258
3804,1849002.7492790013,-325248.2876147701,2174251.0368937715
3805,1849612.0744603684,-325984.4387264338,2175596.513186802
3806,1850202.4673347701,-326718.2102608836,2176920.6775956536
3807,1850804.2902517964,-327389.7122782836,2178194.00253008
3808,1851426.541772277,-327974.66785430186,2179401.2096265787
3809,1852067.995764367,-328361.3899416764,2180429.3857060433
3810,1852753.881449423,-328361.3899416764,2181115.2713910993
3811,1853438.9774224432,-328361.3899416764,2181800.3673641197
3812,1854109.5884141736,-328361.3899416764,2182470.97835585
3813,1854770.3280054554,-328361.3899416764,2183131.717947132
3814,1855407.0645072258,-328361.3899416764,2183768.454448902
3815,1856003.3802218966,-328361.3899416764,2184364.770163573
3816,1856599.6128089847,-328361.3899416764,2184961.002750661
3817,1857191.5643255624,-328361.3899416764,2185552.9542672387
3818,1857778.4658414898,-328361.3899416764,2186139.8557831664
3819,1858363.871060928,-328361.3899416764,2186725.2610026044
3820,1858949.5464450102,-328361.3899416764,2187310.9363866867
3821,1859555.7335601295,-328361.3899416764,2187917.123501806
3822,1860233.763688618,-328361.3899416764,2188595.1536302944
3823,1860923.6602795406,-328361.3899416764,2189285.050221217
3824,1861620.5395874118,-328361.3899416764,2189981.929529088
3825,1862306.861692277,-328361.3899416764,2190668.2516339533
3826,1862951.1004583882,-328361.3899416764,2191312.4904000647
3827,1863560.778931982,-328361.3899416764,2191922.1688736584
3828,1864213.5798391136,-328939.50186148164,2193153.081700595
3829,1864829.8877374295,-329654.34988636576,2194484.2376237954
3830,1865468.6400830809,-330343.6751323157,2195812.3152153967
3831,1866066.9716416327,-330970.0811931055,2197037.052834738
3832,1866677.003407453,-331508.2196709879,2198185.223078441
3833,1867310.955135202,-331864.2376640988,2199175.192799301
3834,1867959.121679597,-331864.2376640988,2199823.359343696
3835,1868621.87711476,-331864.2376640988,2200486.1147788586
3836,1869225.9652584156,-331864.2376640988,2201090.202922514
3837,1869814.425416519,-331864.2376640988,2201678.663080618
3838,1870396.526314544,-331864.2376640988,2202260.763978643
3839,1870967.36342511,-331864.2376640988,2202831.601089209
3840,1871533.4830453563,-331864.2376640988,2203397.720709455
3841,1872097.171183808,-331864.2376640988,2203961.4088479066
3842,1872654.3130251202,-331864.2376640988,2204518.550689219
3843,1873203.0589805772,-331864.2376640988,2205067.296644676
3844,1873750.2462938582,-331864.2376640988,2205614.483957957
3845,1874304.5825792532,-331864.2376640988,2206168.820243352
3846,1874871.4919115354,-331864.2376640988,2206735.729575634
3847,1875450.9742907046,-331864.2376640988,2207315.211954803
3848,1876006.8900001715,-331864.2376640988,2207871.1276642703
3849,1876547.8843085396,-331864.2376640988,2208412.121972638
3850,1877088.4421970982,-331864.2376640988,2208952.679861197
3851,1877652.566755359,-332247.76729527145,2209900.3340506307
3852,1878213.5324654765,-333016.844695435,2211230.3771609114
3853,1878782.7901519707,-333769.7653050479,2212552.555457019
3854,1879353.5441349538,-334504.73239606514,2213858.276531019
3855,1879952.2289857322,-335156.32463996427,2215108.5536256963
3856,1880554.0519027584,-335724.70165736426,2216278.7535601226
3857,1881170.7962208837,-336116.49261432467,2217287.2888352084
3858,1881807.2625580102,-336116.49261432467,2217923.7551723346
3859,1882421.6585219235,-336116.49261432467,2218538.1511362484
3860,1883035.264773801,-336116.49261432467,2219151.7573881256
3861,1883642.9274035136,-336116.49261432467,2219759.4200178385
3862,1884241.1758344828,-336116.49261432467,2220357.6684488077
3863,1884826.4979263383,-336116.49261432467,2220942.990540663
3864,1885406.333597734,-336116.49261432467,2221522.826212059
3865,1885981.4517788102,-336116.49261432467,2222097.9443931347
3866,1886552.6421816028,-336116.49261432467,2222669.1347959274
3867,1887122.60645255,-336116.49261432467,2223239.099066875
3868,1887690.9912994255,-336116.49261432467,2223807.4839137504
3869,1888281.0308816007,-336116.49261432467,2224397.5234959256
3870,1888925.7060675211,-336116.49261432467,2225042.198681846
3871,1889573.8726119162,-336116.49261432467,2225690.365226241
3872,1890232.346976569,-336116.49261432467,2226348.8395908936
3873,1890893.4398600773,-336116.49261432467,2227009.932474402
3874,1891523.1105173163,-336116.49261432467,2227639.6031316407
3875,1892146.920679973,-336116.49261432467,2228263.4132942976
3876,1892772.7466865107,-336777.5067529035,2229550.2534394143
3877,1893409.5663158637,-337515.8825853728,2230925.4489012365
3878,1894060.1019963664,-338219.11699738225,2232279.2189937485
3879,1894699.9765643845,-338784.1183578294,2233484.094922214
3880,1895363.5009296876,-339325.15676724684,2234688.6576969344
3881,1896050.5088371104,-339633.2819816698,2235683.79081878
3882,1896752.8745654414,-339633.2819816698,2236386.156547111
3883,1897466.2546984833,-339633.2819816698,2237099.536680153
3884,1898172.9014973245,-339633.2819816698,2237806.1834789943
3885,1898868.6378009333,-339633.2819816698,2238501.919782603
3886,1899549.016283634,-339633.2819816698,2239182.2982653035
3887,1900225.0305682414,-339633.2819816698,2239858.312549911
3888,1900899.132918446,-339633.2819816698,2240532.4149001157
3889,1901564.5900000476,-339633.2819816698,2241197.871981717
3890,1902221.4018130458,-339633.2819816698,2241854.6837947154
3891,1902873.0597159152,-339633.2819816698,2242506.341697585
3892,1903523.9279067486,-339633.2819816698,2243157.209888418
3893,1904186.6833419115,-339633.2819816698,2243819.9653235814
3894,1904860.4323998897,-339633.2819816698,2244493.7143815593
3895,1905544.3853686473,-339633.2819816698,2245177.667350317
3896,1906220.0463610282,-339633.2819816698,2245853.328342698
3897,1906869.0857450417,-339633.2819816698,2246502.3677267116
3898,1907498.4862376368,-339633.2819816698,2247131.7682193066
3899,1908117.5996918697,-339633.2819816698,2247750.8816735395
3900,1908735.1337220308,-339643.8391536944,2248378.972875725
3901,1909353.1041720011,-340367.46199276275,2249720.5661647636
3902,1910012.7007590206,-341021.4860932789,2251034.1868522996
3903,1910693.4325339478,-341668.19575779844,2252361.628291746
3904,1911369.0935263287,-342199.22045452934,2253568.313980858
3905,1912063.167278283,-342582.4429905091,2254645.610268792
3906,1912773.4924726598,-342582.4429905091,2255355.9354631687
3907,1913484.8567618206,-342582.4429905091,2256067.2997523295
3908,1914186.100267785,-342582.4429905091,2256768.543258294
3909,1914880.1740197393,-342582.4429905091,2257462.6170102484
3910,1915566.4961246045,-342582.4429905091,2258148.9391151136
3911,1916246.0017676863,-342582.4429905091,2258828.4447581954
3912,1916921.226340258,-342582.4429905091,2259503.6693307674
3913,1917571.8451483434,-342582.4429905091,2260154.2881388525
3914,1918157.5205324255,-342582.4429905091,2260739.9635229344
3915,1918895.672685119,-342582.4429905091,2261478.115675628
3916,1919603.5456158055,-342582.4429905091,2262185.9886063146
3917,1920317.2582591784,-342582.4429905091,2262899.7012496875
3918,1921018.0653453332,-342582.4429905091,2263600.5083358423
3919,1921656.464398758,-342582.4429905091,2264238.9073892673
3920,1922197.458707126,-342582.4429905091,2264779.901697635
3921,1922733.299105365,-342582.4429905091,2265315.742095874
3922,1923210.2228293484,-342582.4429905091,2265792.6658198573
3923,1923669.4195963158,-342582.4429905091,2266251.862586825
3924,1924139.9632783253,-342582.4429905091,2266722.406268834
3925,1924601.6123089832,-343234.03011614043,2267835.6424251236
3926,1925073.8185426472,-343955.5590269547,2269029.377569602
3927,1925568.11593142,-344563.34678692603,2270131.462718346
3928,1926069.292127663,-345126.22806279873,2271195.5201904615
3929,1926607.9172999235,-345465.283879583,2272073.2011795063
3930,1927149.6805384317,-345486.86404647183,2272636.5445849034
3931,1927713.8050966926,-345486.86404647183,2273200.6691431645
3932,1928282.2938530466,-345486.86404647183,2273769.1578995185
3933,1928846.065119081,-345486.86404647183,2274332.929165553
3934,1929410.958607482,-345486.86404647183,2274897.822653954
3935,1929977.431519955,-345486.86404647183,2275464.2955664266
3936,1930543.9044324278,-345486.86404647183,2276030.7684788997
3937,1931113.162118922,-345486.86404647183,2276600.0261653936
3938,1931678.4088995496,-345486.86404647183,2277165.2729460215
3939,1932305.37791035,-345486.86404647183,2277792.2419568216
3940,1932851.505346951,-345486.86404647183,2278338.3693934227
3941,1933465.4648910551,-345486.86404647183,2278952.328937527
3942,1934040.2297799047,-345486.86404647183,2279527.0938263764
3943,1934609.4874663989,-345486.86404647183,2280096.3515128708
3944,1935203.101534631,-345486.86404647183,2280689.9655811028
3945,1935782.9372060269,-345486.86404647183,2281269.8012524988
3946,1936344.6926281801,-345486.86404647183,2281831.556674652
3947,1936928.4560778597,-345989.2235692112,2282917.679647071
3948,1937492.227343894,-346792.08121026034,2284284.3085541544
3949,1938102.2591097143,-347578.6083630117,2285680.867472726
3950,1938731.5764747267,-348312.57763560873,2287044.1541103353
3951,1939353.0382831716,-348970.81145127886,2288323.8497344507
3952,1939970.1358935235,-349568.8068063627,2289538.942699886
3953,1940590.4546977058,-349953.01815530856,2290543.4728530142
3954,1941218.6290584556,-349962.5992252212,2291181.228283677
3955,1941866.0058908146,-349962.5992252212,2291828.605116036
3956,1942464.690741593,-349962.5992252212,2292427.289966814
3957,1943044.962832798,-349962.5992252212,2293007.5620580195
3958,1943623.5723723485,-349962.5992252212,2293586.1715975697
3959,1944197.5475491623,-349962.5992252212,2294160.1467743833
3960,1944769.5276639906,-349962.5992252212,2294732.126889212
3961,1945335.647284237,-349962.5992252212,2295298.246509458
3962,1945902.2033242926,-349962.5992252212,2295864.802549514
3963,1946468.2398169562,-349962.5992252212,2296430.8390421774
3964,1947040.3030593672,-349962.5992252212,2297002.9022845887
3965,1947632.3584854235,-349962.5992252212,2297594.9577106447
3966,1948304.52811933,-349962.5992252212,2298267.1273445515
3967,1948991.6191543355,-349962.5992252212,2298954.2183795567
3968,1949689.724594052,-349962.5992252212,2299652.323819273
3969,1950373.6775628095,-349962.5992252212,2300336.2767880308
3970,1951042.6260028854,-349962.5992252212,2301005.2252281066
3971,1951720.656131374,-350053.21073119086,2301773.866862565
3972,1952371.9607420168,-350755.33253317204,2303127.2932751887
3973,1953007.2217291938,-351467.9804790251,2304475.202208219
3974,1953656.5312778512,-352153.76965220354,2305810.300930055
3975,1954338.052764814,-352790.24699065706,2307128.2997554713
3976,1955062.4265206712,-353301.1784121535,2308363.6049328246
3977,1955764.023318862,-353653.42292011576,2309417.446238978
3978,1956449.909003918,-353653.42292011576,2310103.331924034
3979,1957131.9500382731,-353653.42292011576,2310785.372958389
3980,1957795.3912759935,-353653.42292011576,2311448.8141961093
3981,1958449.5014425532,-353653.42292011576,2312102.924362669
3982,1959095.7560525455,-353653.42292011576,2312749.1789726615
3983,1959730.2273276867,-353653.42292011576,2313383.6502478025
3984,1960346.971645812,-353653.42292011576,2314000.394565928
3985,1960956.6501194057,-353653.42292011576,2314610.0730395215
3986,1961562.4008147158,-353653.42292011576,2315215.8237348315
3987,1962167.3617979898,-353653.42292011576,2315820.7847181056
3988,1962773.9022053357,-353653.42292011576,2316427.325125451
3989,1963396.0705982337,-353653.42292011576,2317049.4935183497
3990,1964030.458745792,-353653.42292011576,2317683.881665908
3991,1964684.1324925425,-353653.42292011576,2318337.5554126585
3992,1965351.5015085468,-353653.42292011576,2319004.9244286623
3993,1966011.8046800194,-353653.42292011576,2319665.227600135
3994,1966663.4625828888,-353653.42292011576,2320316.8855030043
3995,1967329.2729567168,-353653.42292011576,2320982.6958768326
3996,1967993.9403262825,-353963.72453979985,2321957.6648660824
3997,1968688.8869178554,-354638.9780364118,2323327.864954267
3998,1969350.4162211732,-355256.41820086224,2324606.8344220356
3999,1970043.3677507606,-355830.4010044405,2325873.7687552013
4000,1970748.892327235,-356321.9690567235,2327070.8613839587
4001,1971406.1405600426,-356666.107345836,2328072.2479058784
4002,1972102.6665756872,-356666.107345836,2328768.7739215232
4003,1972777.9742758416,-356666.107345836,2329444.0816216776
4004,1973457.126626697,-356666.107345836,2330123.2339725327
4005,1974122.5005807157,-356666.107345836,2330788.6079265517
4006,1974778.1693894514,-356666.107345836,2331444.276735287
4007,1975421.1820237173,-356666.107345836,2332087.2893695533
4008,1976044.992186374,-356666.107345836,2332711.0995322103
4009,1976613.3770332495,-356666.107345836,2333279.4843790857
4010,1977174.342743367,-356666.107345836,2333840.450089203
4011,1977724.3979582519,-356666.107345836,2334390.505304088
4012,1978272.3749835687,-356666.107345836,2334938.482329405
4013,1978827.5009809998,-356666.107345836,2335493.6083268356
4014,1979399.1278036016,-356666.107345836,2336065.2351494376
4015,1979985.5928997195,-356666.107345836,2336651.7002455555
4016,1980607.4911279737,-356666.107345836,2337273.5984738097
4017,1981217.6060213766,-356666.107345836,2337883.7133672126
4018,1981799.353627175,-356666.107345836,2338465.4609730113
4019,1982361.8987613642,-356666.107345836,2339028.0061072
4020,1982958.6508958442,-357429.0745381849,2340387.725434029
4021,1983588.7579728924,-358115.83477727015,2341704.5927501624
4022,1984182.018748898,-358788.6899641001,2342970.7087129983
4023,1984825.8210952,-359383.3646575486,2344209.1857527485
4024,1985476.4399032854,-359938.1798055061,2345414.6197087914
4025,1986114.8389567102,-360279.4145126462,2346394.2534693563
4026,1986693.8849160702,-360311.72859898186,2347005.613515052
4027,1987266.3014507077,-360311.72859898186,2347578.0300496896
4028,1987831.1949391088,-360311.72859898186,2348142.9235380907
4029,1988363.0244314815,-360311.72859898186,2348674.753030463
4030,1988890.2195611172,-360311.72859898186,2349201.948160099
4031,1989437.4068743982,-360311.72859898186,2349749.13547338
4032,1989990.4339003656,-360311.72859898186,2350302.1624993477
4033,1990543.1076341064,-360311.72859898186,2350854.8362330883
4034,1991095.3449480378,-360311.72859898186,2351407.0735470196
4035,1991650.0345256594,-360311.72859898186,2351961.763124641
4036,1992207.5088773025,-360311.72859898186,2352519.2374762846
4037,1992777.4731482498,-360311.72859898186,2353089.2017472317
4038,1993369.528574306,-360311.72859898186,2353681.2571732877
4039,1993966.1975812034,-360311.72859898186,2354277.9261801853
4040,1994566.1085638271,-360311.72859898186,2354877.837162809
4041,1995157.3742778474,-360311.72859898186,2355469.102876829
4042,1995758.4074828378,-360311.72859898186,2356070.1360818194
4043,1996357.5287534255,-360543.45635164046,2356900.985105066
4044,1996965.6278029473,-361245.40492300305,2358211.0327259502
4045,1997582.018828846,-361941.0897587862,2359523.1085876324
4046,1998190.4711705947,-362580.9695371238,2360771.4407077185
4047,1998809.231332601,-363208.1570957298,2362017.388428331
4048,1999422.401164669,-363740.4368834006,2363162.8380480697
4049,2000035.65412432,-364088.2603147332,2364123.9144390533
4050,2000640.5319800114,-364113.48942014773,2364754.021400159
4051,2001243.1446090736,-364113.48942014773,2365356.6340292213
4052,2001839.0239039352,-364113.48942014773,2365952.513324083
4053,2002432.6379721675,-364113.48942014773,2366546.1273923153
4054,2003018.3133562496,-364113.48942014773,2367131.802776397
4055,2003601.7235137024,-364113.48942014773,2367715.21293385
4056,2004177.6314068146,-364113.48942014773,2368291.1208269624
4057,2004752.7495878907,-364113.48942014773,2368866.2390080383
4058,2005321.2383442447,-364113.48942014773,2369434.7277643923
4059,2005888.5009687534,-364113.48942014773,2370001.990388901
4060,2006456.6364328808,-364113.48942014773,2370570.1258530286
4061,2007037.5943266433,-364113.48942014773,2371151.083746791
4062,2007640.1238281226,-364113.48942014773,2371753.6132482705
4063,2008248.5761698713,-364113.48942014773,2372362.065590019
4064,2008916.3816056848,-364113.48942014773,2373029.8710258324
4065,2009612.8244937467,-364113.48942014773,2373726.3139138944
4066,2010294.782400519,-364113.48942014773,2374408.2718206667
4067,2010975.1608832194,-364235.0523874951,2375210.2132707145
4068,2011640.2646725944,-364929.66022196686,2376569.924894561
4069,2012324.5709335785,-365662.6572028506,2377987.228136429
4070,2012993.9557934639,-366365.84559188836,2379359.8013853524
4071,2013670.4896254633,-366945.41231562715,2380615.9019410904
4072,2014352.4475322354,-367519.2341972268,2381871.681729462
4073,2015032.826014936,-367864.4523040835,2382897.2783190194
4074,2015687.7258935315,-367864.4523040835,2383552.178197615
4075,2016360.6852394738,-367864.4523040835,2384225.137543557
4076,2017027.264543442,-367864.4523040835,2384891.7168475254
4077,2017685.2193607027,-367864.4523040835,2385549.671664786
4078,2018335.4017489788,-367864.4523040835,2386199.8540530624
4079,2018979.64051509,-367864.4523040835,2386844.0928191734
4080,2019616.460144443,-367864.4523040835,2387480.9124485264
4081,2020238.7116649237,-367864.4523040835,2388103.1639690073
4082,2020803.1687335155,-367864.4523040835,2388667.621037599
4083,2021363.801933302,-367864.4523040835,2389228.2542373855
4084,2021919.2812229597,-367864.4523040835,2389783.7335270434
4085,2022475.113804844,-367864.4523040835,2390339.5661089276
4086,2023030.239802275,-367864.4523040835,2390894.6921063587
4087,2023576.7205311027,-367864.4523040835,2391441.172835186
4088,2024132.1998207604,-367864.4523040835,2391996.652124844
4089,2024698.3194410068,-367864.4523040835,2392562.7717450904
4090,2025264.7923534797,-367864.4523040835,2393129.244657563
4091,2025838.7675302934,-368025.73254784406,2393864.5000781375
4092,2026414.7585509883,-368803.9358175249,2395218.6943685133
4093,2026986.3022460074,-369567.5794722423,2396553.8817182495
4094,2027568.4862716151,-370310.773995424,2397879.2602670393
4095,2028163.24334411,-370920.34548107703,2399083.588825187
4096,2028810.1837566597,-371465.33615011274,2400275.5199067723
4097,2029456.7916588786,-371835.8761569943,2401292.667815873
4098,2030102.256556835,-371835.8761569943,2401938.132713829
4099,2030750.8595210393,-371835.8761569943,2402586.7356780334
4100,2031400.2521972794,-371835.8761569943,2403236.1283542737
4101,2032047.6290296384,-371835.8761569943,2403883.5051866327
4102,2032693.3640922387,-371835.8761569943,2404529.240249233
4103,2033340.7409245977,-371835.8761569943,2405176.617081592
4104,2033988.2216664352,-371835.8761569943,2405824.0978234294
4105,2034638.4040547113,-371835.8761569943,2406474.2802117057
4106,2035286.4874715235,-371835.8761569943,2407122.363628518
4107,2035932.3056617065,-371835.8761569943,2407768.181818701
4108,2036580.3890785186,-371835.8761569943,2408416.265235513
4109,2037237.5541837434,-371835.8761569943,2409073.4303407376
4110,2037905.0063273304,-371835.8761569943,2409740.8824843247
4111,2038562.961144591,-371835.8761569943,2410398.8373015854
4112,2039215.0554672696,-371835.8761569943,2411050.931624264
4113,2039845.1625443178,-371835.8761569943,2411681.038701312
4114,2040430.4846361734,-371835.8761569943,2412266.3607931677
4115,2040997.747260682,-371909.0653248998,2412906.812585582
4116,2041565.3631774173,-372635.50911981,2414200.8722972274
4117,2042122.401109251,-373415.57630504493,2415537.977414296
4118,2042672.3731965532,-374208.3592424505,2416880.732439004
4119,2043252.6452877582,-374851.1883260486,2418103.833613807
4120,2043854.0317849752,-375436.76065282297,2419290.7924377983
4121,2044487.7133480804,-375807.0382278571,2420294.7515759375
4122,2045126.1124015052,-375816.4626292428,2420942.575030748
4123,2045788.7639271899,-375816.4626292428,2421605.2265564324
4124,2046457.3590750392,-375816.4626292428,2422273.821704282
4125,2047056.3972180441,-375816.4626292428,2422872.8598472867
4126,2047651.5907103482,-375816.4626292428,2423468.0533395912
4127,2048242.8564243685,-375816.4626292428,2424059.3190536113
4128,2048832.9791341263,-375816.4626292428,2424649.4417633694
4129,2049420.6703620895,-375816.4626292428,2425237.1329913326
4130,2050006.3457461717,-375816.4626292428,2425822.8083754145
4131,2050586.5139278984,-375816.4626292428,2426402.976557141
4132,2051167.90824147,-375816.4626292428,2426984.370870713
4133,2051766.946384475,-375816.4626292428,2427583.409013718
4134,2052421.4098432614,-375816.4626292428,2428237.872472504
4135,2053090.0049911106,-375816.4626292428,2428906.467620353
4136,2053735.8231812937,-375816.4626292428,2429552.2858105367
4137,2054353.0039192282,-375816.4626292428,2430169.466548471
4138,2054951.6887700066,-375816.4626292428,2430768.151399249
4139,2055536.2211498264,-375816.4626292428,2431352.683779069
4140,2056117.179043589,-376298.6722019912,2432415.8512455802
4141,2056705.3066913614,-377034.31212206563,2433739.618813427
4142,2057305.5501843158,-377767.76292208367,2435073.3131063995
4143,2057932.0827753067,-378452.9160618204,2436384.998837127
4144,2058583.740678176,-378996.3393247455,2437580.0800029216
4145,2059241.6954954367,-379353.21184770775,2438594.9073431445
4146,2059905.5731529663,-379353.21184770775,2439258.785000674
4147,2060587.177767512,-379353.21184770775,2439940.3896152196
4148,2061267.6393777952,-379353.21184770775,2440620.851225503
4149,2061938.936172083,-379353.21184770775,2441292.1480197906
4150,2062589.908272395,-379353.21184770775,2441943.1201201025
4151,2063187.450118911,-379353.21184770775,2442540.6619666186
4152,2063779.8380552982,-379353.21184770775,2443133.049903006
4153,2064372.2259916854,-379353.21184770775,2443725.437839393
4154,2064957.1947913144,-379353.21184770775,2444310.4066390223
4155,2065542.9533029792,-379353.21184770775,2444896.165150687
4156,2066126.6128431803,-379353.21184770775,2445479.824690888
4157,2066726.773208552,-379353.21184770775,2446079.9850562597
4158,2067394.225352139,-379353.21184770775,2446747.437199847
4159,2068115.1077495217,-379353.21184770775,2447468.3195972294
4160,2068840.9570199721,-379353.21184770775,2448194.16886768
4161,2069560.9665777364,-379353.21184770775,2448914.1784254443
4162,2070243.6934146488,-379353.21184770775,2449596.9052623566
4163,2070946.4124352064,-379353.21184770775,2450299.624282914
4164,2071677.0623235593,-379861.0510350949,2451538.113358654
4165,2072381.3607681887,-380530.9184729004,2452912.2792410892
4166,2073098.564770036,-381228.71093025437,2454327.27570029
4167,2073814.2101297071,-381833.7513139586,2455647.961443666
4168,2074555.8536408753,-382291.3161360647,2456847.16977694
4169,2075317.4893356885,-382567.3143697169,2457884.8037054054
4170,2076088.2067189144,-382567.3143697169,2458655.5210886314
4171,2076848.3668991344,-382567.3143697169,2459415.6812688513
4172,2077550.2962076562,-382567.3143697169,2460117.610577373
4173,2078223.5257182424,-382567.3143697169,2460790.8400879595
4174,2078880.3375312407,-382567.3143697169,2461447.6519009573
4175,2079478.6690897925,-382567.3143697169,2462045.9834595094
4176,2080072.6364502513,-382567.3143697169,2462639.9508199682
4177,2080662.3227402,-382567.3143697169,2463229.6371099167
4178,2081241.4518271426,-382567.3143697169,2463808.7661968595
4179,2081810.626386054,-382567.3143697169,2464377.940755771
4180,2082368.890449733,-382567.3143697169,2464936.20481945
4181,2082938.5014284537,-382567.3143697169,2465505.815798171
4182,2083521.9115859065,-382567.3143697169,2466089.225955623
4183,2084110.8081638191,-382567.3143697169,2466678.122533536
4184,2084678.4240805544,-382567.3143697169,2467245.738450271
4185,2085220.1873190627,-382567.3143697169,2467787.5016887793
4186,2085765.7952082718,-382567.3143697169,2468333.1095779887
4187,2086343.26174356,-382910.8345359021,2469254.096279462
4188,2086923.0974149557,-383663.144586337,2470586.2420012928
4189,2087506.4244448259,-384429.79732283903,2471936.221767665
4190,2088086.9459187791,-385143.48067719385,2473230.426595973
4191,2088671.0418787894,-385781.3311582224,2474452.373037012
4192,2089276.35615429,-386402.1897600965,2475678.5459143864
4193,2089894.5967689042,-386819.8583561391,2476714.455125043
4194,2090521.461870226,-386837.66826973564,2477359.130139962
4195,2091172.433970538,-386837.66826973564,2478010.1022402737
4196,2091767.627462842,-386837.66826973564,2478605.295732578
4197,2092347.1098420112,-386837.66826973564,2479184.778111747
4198,2092921.0018912423,-386837.66826973564,2479758.670160978
4199,2093479.1828273386,-386837.66826973564,2480316.8510970743
4200,2094027.5962724646,-386837.66826973564,2480865.2645422
4201,2094571.6455194978,-386837.66826973564,2481409.3137892336
4202,2095109.1484693913,-386837.66826973564,2481946.816739127
4203,2095641.8508013824,-386837.66826973564,2482479.519071118
4204,2096170.1889352808,-386837.66826973564,2483007.8572050165
4205,2096708.7309799583,-386837.66826973564,2483546.399249694
4206,2097262.6308455444,-386837.66826973564,2484100.29911528
4207,2097838.5387386563,-386837.66826973564,2484676.207008392
4208,2098383.0244054985,-386837.66826973564,2485220.6926752343
4209,2098901.2209743042,-386837.66826973564,2485738.88924404
4210,2099452.772485678,-386837.66826973564,2486290.440755414
4211,2100014.964327641,-387093.3737529777,2487108.3380806185
4212,2100595.9222214036,-387896.5407538433,2488492.462975247
4213,2101218.173741884,-388577.3918672826,2489795.565609167
4214,2101841.547484732,-389222.44820939144,2491063.995694123
4215,2102484.3107362497,-389800.5815128083,2492284.892249058
4216,2103125.411436113,-390315.0582621544,2493440.4696982675
4217,2103783.3662533737,-390668.57733119855,2494451.943584572
4218,2104438.9519345267,-390668.57733119855,2495107.529265725
4219,2105094.974035489,-390668.57733119855,2495763.5513666873
4220,2105750.996136451,-390668.57733119855,2496419.5734676495
4221,2106392.8865483506,-390668.57733119855,2497061.463879549
4222,2106976.982508361,-390668.57733119855,2497645.5598395593
4223,2107549.7315533296,-390668.57733119855,2498218.308884528
4224,2108112.6299797455,-390668.57733119855,2498781.207310944
4225,2108674.821821708,-390668.57733119855,2499343.3991529066
4226,2109235.3511120165,-390668.57733119855,2499903.928443215
4227,2109793.615175695,-390668.57733119855,2500462.1925068935
4228,2110351.7961117914,-390668.57733119855,2501020.37344299
4229,2110922.196802548,-390668.57733119855,2501590.7741337465
4230,2111505.1705401917,-390668.57733119855,2502173.74787139
4231,2112113.62288194,-390668.57733119855,2502782.2002131385
4232,2112757.8616480515,-390668.57733119855,2503426.43897925
4233,2113404.4695502706,-390668.57733119855,2504073.046881469
4234,2114037.278273757,-390668.57733119855,2504705.8556049555
4235,2114643.3822612935,-390668.57733119855,2505311.959592492
4236,2115218.50044237,-390668.57733119855,2505887.077773568
4237,2115802.2638920494,-391248.9967702753,2507051.2606623247
4238,2116389.9551200126,-391877.72619174595,2508267.6813117587
4239,2116999.986885833,-392425.47441700014,2509425.461302833
4240,2117608.4392275815,-392862.3967284355,2510470.835956017
4241,2118226.7629697784,-393116.2812948428,2511343.044264621
4242,2118893.009763416,-393116.2812948428,2512009.2910582586
4243,2119557.7602605643,-393116.2812948428,2512674.041555407
4244,2120220.079275918,-393116.2812948428,2513336.360570761
4245,2120841.541084363,-393116.2812948428,2513957.822379206
4246,2121432.0170863476,-393116.2812948428,2514548.2983811903
4247,2121998.843291047,-393116.2812948428,2515115.1245858897
4248,2122561.471552819,-393116.2812948428,2515677.7528476617
4249,2123120.4422009513,-393116.2812948428,2516236.723495794
4250,2123671.993712325,-393116.2812948428,2516788.275007168
4251,2124225.103865875,-393116.2812948428,2517341.3851607176
4252,2124775.075953177,-393116.2812948428,2517891.35724802
4253,2125329.4122385723,-393116.2812948428,2518445.693533415
4254,2125887.3230100246,-393116.2812948428,2519003.6043048673
4255,2126438.791393816,-393116.2812948428,2519555.0726886587
4256,2126995.4968153187,-393116.2812948428,2520111.7781101614
4257,2127549.3966809046,-393116.2812948428,2520665.6779757473
4258,2128107.577617001,-393116.2812948428,2521223.8589118435
4259,2128666.1949729063,-393215.9251903399,2521882.120163246
4260,2129221.3209703374,-393960.43075166584,2523181.7517220033
4261,2129775.9274203763,-394724.55313831853,2524500.480558695
4262,2130327.9153515594,-395454.02648944664,2525781.9418410063
4263,2130874.3960803873,-396067.31756105035,2526941.7136414377
4264,2131417.302323158,-396616.5675182838,2528033.8698414415
4265,2131956.717207454,-397017.9912461904,2528974.7084536445
4266,2132492.91089792,-397060.1874888586,2529553.0983867785
4267,2133037.7290750933,-397060.1874888586,2530097.916563952
4268,2133588.844166658,-397060.1874888586,2530649.0316555165
4269,2134139.2526737694,-397060.1874888586,2531199.440162628
4270,2134681.369204504,-397060.1874888586,2531741.5566933625
4271,2135216.4198907074,-397060.1874888586,2532276.607379566
4272,2135751.117284684,-397060.1874888586,2532811.3047735426
4273,2136303.3545986153,-397060.1874888586,2533363.542087474
4274,2136855.7789496076,-397060.1874888586,2533915.966438466
4275,2137397.2096777847,-397060.1874888586,2534457.3971666433
4276,2137937.414274117,-397060.1874888586,2534997.6017629756
4277,2138491.750559512,-397060.1874888586,2535551.9380483706
4278,2139055.5218255464,-397060.1874888586,2536115.709314405
4279,2139620.8517337567,-397060.1874888586,2536681.0392226153
4280,2140181.484933543,-397060.1874888586,2537241.6724224016
4281,2140736.174511165,-397060.1874888586,2537796.3620000235
4282,2141257.7793108625,-397060.1874888586,2538317.966799721
4283,2141777.4721761574,-397269.21607516013,2539046.6882513175
4284,2142314.434796763,-398023.0095380081,2540337.444334771
4285,2142813.6990586035,-398811.8788529636,2541625.577911567
4286,2143377.387197055,-399583.5914996473,2542960.978696702
4287,2143946.125336157,-400235.8759565134,2544182.0012926706
4288,2144503.9529800266,-400830.80905886967,2545334.7620388963
4289,2145044.510868585,-401224.5374240321,2546269.0482926173
4290,2145585.837687284,-401281.65152448957,2546867.489211774
4291,2146146.0344672613,-401281.65152448957,2547427.685991751
4292,2146716.352030435,-401281.65152448957,2547998.003554925
4293,2147284.40436698,-401281.65152448957,2548566.0558914696
4294,2147848.8614355717,-401281.65152448957,2549130.5129600614
4295,2148403.987433003,-401281.65152448957,2549685.6389574925
4296,2148949.5953222117,-401281.65152448957,2550231.2468467015
4297,2149487.7840746627,-401281.65152448957,2550769.4355991525
4298,2150016.8911387012,-401281.65152448957,2551298.542663191
4299,2150538.142646172,-401281.65152448957,2551819.794170662
4300,2151058.271931276,-401281.65152448957,2552339.923455766
4301,2151583.1187067,-401281.65152448957,2552864.7702311897
4302,2152114.594906846,-401281.65152448957,2553396.246431336
4303,2152656.2750177714,-401281.65152448957,2553937.926542261
4304,2153187.8343455,-401281.65152448957,2554469.4858699897
4305,2153698.0922301556,-401281.65152448957,2554979.7437546453
4306,2154238.650118714,-401281.65152448957,2555520.301643204
4307,2154782.346073521,-401320.829819475,2556103.1758929957
4308,2155287.553957526,-402023.5488843574,2557311.1028418834
4309,2155826.096002204,-402705.4303054981,2558531.526307702
4310,2156363.8483348456,-403357.9745815462,2559721.822916392
4311,2156923.6918225964,-403921.05995719763,2560844.7517797938
4312,2157439.5400371905,-404429.02978341223,2561868.569820603
4313,2157965.592162564,-404757.658680522,2562723.250843086
4314,2158517.143673938,-404798.307847406,2563315.4515213436
4315,2159094.1737894164,-404798.307847406,2563892.481636822
4316,2159677.937239096,-404798.307847406,2564476.2450865023
4317,2160253.4087123987,-404798.307847406,2565051.716559805
4318,2160817.09685085,-404798.307847406,2565615.4046982564
4319,2161374.9244947196,-404798.307847406,2566173.232342126
4320,2161919.8465813715,-404798.307847406,2566718.1544287773
4321,2162463.106116369,-404798.307847406,2567261.413963775
4322,2163000.172646453,-404798.307847406,2567798.4804938594
4323,2163532.8749784445,-404798.307847406,2568331.1828258503
4324,2164069.8375990503,-404798.307847406,2568868.145446456
4325,2164619.0199743165,-404798.307847406,2569417.3278217223
4326,2165174.9356837836,-404798.307847406,2569973.24353119
4327,2165751.1760872267,-404798.307847406,2570549.4839346325
4328,2166327.520400148,-404798.307847406,2571125.8282475537
4329,2166953.263279103,-404798.307847406,2571751.5711265095
4330,2167561.3623286253,-404798.307847406,2572359.670176031
4331,2168160.0471794037,-404798.307847406,2572958.3550268095
4332,2168734.7289406704,-404862.3982463727,2573597.127187043
4333,2169347.8987727384,-405456.40052586515,2574804.2992986036
4334,2169924.5755959908,-406087.060767351,2576011.636363342
4335,2170542.9824657706,-406595.35852615954,2577138.34099193
4336,2171237.8459297605,-407032.42951142485,2578270.2754411856
4337,2171872.234077319,-407258.90619021276,2579131.140267532
4338,2172514.810291776,-407258.90619021276,2579773.716481989
4339,2173188.039802362,-407258.90619021276,2580446.945992575
4340,2173857.341534665,-407258.90619021276,2581116.2477248777
4341,2174522.44532404,-407258.90619021276,2581781.351514253
4342,2175181.272980919,-407258.90619021276,2582440.179171132
4343,2175793.4037182033,-407258.90619021276,2583052.309908416
4344,2176389.283013065,-407258.90619021276,2583648.1892032777
4345,2176983.2503735237,-407258.90619021276,2584242.1565637365
4346,2177570.941601487,-407258.90619021276,2584829.8477916997
4347,2178172.7645185133,-407258.90619021276,2585431.670708726
4348,2178668.5374218794,-407258.90619021276,2585927.443612092
4349,2179272.625565535,-407258.90619021276,2586531.5317557477
4350,2179924.7198882136,-407258.90619021276,2587183.6260784264
4351,2180583.1111252834,-407258.90619021276,2587842.017315496
4352,2181231.360797261,-407258.90619021276,2588490.2669874737
4353,2181876.389275408,-407258.90619021276,2589135.2954656207
4354,2182483.0128103364,-407258.90619021276,2589741.9190005492
4355,2183089.5532176825,-407258.90619021276,2590348.4594078953
4356,2183708.3133796887,-407272.96337592765,2590981.276755616
4357,2184334.492678453,-407856.1978362364,2592190.69051469
4358,2184941.0330857993,-408452.8556395754,2593393.888725375
4359,2185540.8401589445,-408985.158223324,2594525.9983822685
4360,2186141.4369441257,-409409.93598831596,2595551.3729324415
4361,2186781.311512144,-409681.1292275076,2596462.440739651
4362,2187423.991636079,-409682.06902176887,2597106.0606578477
4363,2188079.6604448147,-409682.06902176887,2597761.7294665836
4364,2188736.118965586,-409682.06902176887,2598418.187987355
4365,2189382.0202833517,-409682.06902176887,2599064.0893051205
4366,2189990.4726251,-409682.06902176887,2599672.541646869
4367,2190562.4527399284,-409682.06902176887,2600244.5217616973
4368,2191125.7875861535,-409682.06902176887,2600807.8566079224
4369,2191680.4771637754,-409682.06902176887,2601362.546185544
4370,2192226.521472794,-409682.06902176887,2601908.590494563
4371,2192768.2015837193,-409682.06902176887,2602450.270605488
4372,2193306.037043944,-409682.06902176887,2602988.106065713
4373,2193854.4504890703,-409682.06902176887,2603536.519510839
4374,2194416.642331033,-409682.06902176887,2604098.711352802
4375,2194994.8154507745,-409682.06902176887,2604676.8844725434
4376,2195624.1328157866,-409682.06902176887,2605306.2018375555
4377,2196248.379398253,-409682.06902176887,2605930.4484200217
4378,2196861.549230321,-409800.52587953,2606662.0751098506
4379,2197477.067416601,-410732.3422892285,2608209.4097058293
4380,2198089.0942444066,-411626.6602423168,2609715.7544867233
4381,2198683.7681893185,-412517.4493485625,2611201.217537881
4382,2199312.295842295,-413377.99447158247,2612690.2903138776
4383,2199940.0337832356,-414187.1879794168,2614127.2217626525
4384,2200572.842506722,-414916.4656742327,2615489.308180955
4385,2201209.225716266,-415455.4635746257,2616664.6892908914
4386,2201865.247817228,-415560.48591845133,2617425.7337356796
4387,2202524.4079844384,-415560.48591845133,2618084.8939028895
4388,2203173.447368452,-415560.48591845133,2618733.9332869034
4389,2203815.7742001605,-415560.48591845133,2619376.260118612
4390,2204458.7868344267,-415560.48591845133,2620019.2727528783
4391,2205089.247203701,-415560.48591845133,2620649.7331221523
4392,2205712.2884362177,-415560.48591845133,2621272.7743546693
4393,2206310.6199947693,-415560.48591845133,2621871.105913221
4394,2206868.884058448,-415560.48591845133,2622429.3699768996
4395,2207419.7289853687,-415560.48591845133,2622980.2149038203
4396,2207957.9177378197,-415560.48591845133,2623518.4036562713
4397,2208498.039206569,-415560.48591845133,2624058.52512502
4398,2209039.282897685,-415560.48591845133,2624599.7688161368
4399,2209575.5597157334,-415560.48591845133,2625136.045634185
4400,2210081.1001100694,-415560.48591845133,2625641.586028521
4401,2210551.290499852,-415560.48591845133,2626111.776418303
4402,2210998.350639742,-416000.2562392211,2626998.606878963
4403,2211434.4171568165,-417009.41081660177,2628443.8279734184
4404,2211873.1853203294,-418010.1422354071,2629883.3275557365
4405,2212306.113771156,-419012.5045392869,2631318.6183104427
4406,2212751.61526887,-420002.55512441194,2632754.1703932816
4407,2213241.444550071,-420967.5095961419,2634208.954146213
4408,2213782.688241187,-421846.498303906,2635629.186545093
4409,2214335.029464597,-422500.12799875264,2636835.1574633494
4410,2214912.9324196945,-422627.0680009242,2637540.000420619
4411,2215502.099162251,-422627.0680009242,2638129.1671631755
4412,2216092.4920366528,-422627.0680009242,2638719.560037577
4413,2216675.4657742963,-422627.0680009242,2639302.5337752206
4414,2217246.6561770886,-422627.0680009242,2639873.724178013
4415,2217807.621887206,-422627.0680009242,2640434.6898881304
4416,2218359.256526163,-422627.0680009242,2640986.324527087
4417,2218906.5269670263,-422627.0680009242,2641533.5949679506
4418,2219453.3609880805,-422627.0680009242,2642080.428989005
4419,2220000.1950091347,-422627.0680009242,2642627.263010059
4420,2220554.8845867566,-422627.0680009242,2643181.952587681
4421,2221130.3560600593,-422627.0680009242,2643757.4240609836
4422,2221703.4583972543,-422627.0680009242,2644330.5263981787
4423,2222273.422668202,-422627.0680009242,2644900.490669126
4424,2222829.774797478,-422627.0680009242,2645456.8427984025
4425,2223386.3763095024,-422627.0680009242,2646013.4443104267
4426,2224495.7554647457,-422627.0680009242,2647122.82346567
4427,2225559.5807046564,-422627.0680009242,2648186.6487055807
4428,2226687.829821178,-422627.0680009242,2649314.8978221025
4429,2227750.7822214705,-422627.0680009242,2650377.850222395
4430,2228241.4843422906,-423545.78083680675,2651787.265179097
4431,2228683.8477737564,-424464.98914843093,2653148.8369221874
4432,2229183.548455406,-425293.25255998154,2654476.8010153873
4433,2229700.1863820357,-425903.6760735401,2655603.8624555757
4434,2230236.8164923107,-426038.22271364066,2656275.0392059516
4435,2230791.5060699326,-426038.22271364066,2656829.728783573
4436,2231347.338651817,-426038.22271364066,2657385.5613654573
4437,2231895.3988047163,-426038.22271364066,2657933.6215183567
4438,2232441.879533544,-426038.22271364066,2658480.102247185
4439,2232990.7293984797,-426038.22271364066,2659028.9521121206
4440,2233536.3372876886,-426038.22271364066,2659574.5600013295
4441,2234083.5246009696,-426038.22271364066,2660121.7473146105
4442,2234626.784135967,-426038.22271364066,2660665.0068496075
4443,2235166.9887322993,-426038.22271364066,2661205.2114459397
4444,2235706.4036165955,-426038.22271364066,2661744.626330236
4445,2236252.0946333874,-426038.22271364066,2662290.3173470283
4446,2236795.4372959672,-426038.22271364066,2662833.6600096077
4447,2237328.9085580986,-426038.22271364066,2663367.1312717395
4448,2237846.668707095,-426038.22271364066,2663884.891420736
4449,2238339.3035442135,-426038.22271364066,2664377.526257854
4450,2238874.354230417,-426382.43657878676,2665256.790809204
4451,2239436.462944797,-427286.04177724535,2666722.504722042
4452,2239959.647168566,-428190.38927194814,2668150.036440514
4453,2240472.357316912,-429099.4213968202,2669571.7787137325
4454,2240997.204092336,-429982.49387086125,2670979.6979631972
4455,2241545.2642452354,-430827.420993912,2672372.6852391474
4456,2242104.671313177,-431597.41435094597,2673702.085664123
4457,2242692.695051471,-432106.6910398389,2674799.3860913096
4458,2243309.0860773693,-432191.55081368994,2675500.636891059
4459,2243944.679574877,-432191.55081368994,2676136.230388567
4460,2244561.7771852287,-432191.55081368994,2676753.3279989185
4461,2245149.115120965,-432191.55081368994,2677340.665934655
4462,2245731.21601899,-432191.55081368994,2677922.76683268
4463,2246313.0467523714,-432191.55081368994,2678504.597566061
4464,2246892.4460039577,-432191.55081368994,2679083.9968176475
4465,2247467.564185034,-432191.55081368994,2679659.114998724
4466,2248037.092036172,-432191.55081368994,2680228.6428498616
4467,2248605.1443727165,-432191.55081368994,2680796.6951864064
4468,2249175.5450634733,-432191.55081368994,2681367.095877163
4469,2249757.729089081,-432191.55081368994,2681949.2799027706
4470,2250396.813945063,-432191.55081368994,2682588.3647587528
4471,2251055.205182133,-432191.55081368994,2683246.7559958226
4472,2251711.580575322,-432191.55081368994,2683903.1313890116
4473,2252348.6703693187,-432191.55081368994,2684540.2211830085
4474,2252977.6344421045,-432191.55081368994,2685169.1852557943
4475,2253598.3065385134,-432822.08242668817,2686420.3889652016
4476,2254206.5094975135,-433606.30742729857,2687812.8169248123
4477,2254822.131593272,-434389.6122732057,2689211.7438664776
4478,2255472.2308539655,-435145.6712531389,2690617.9021071047
4479,2256167.9671575744,-435837.63541590597,2692005.6025734805
4480,2256833.7775314027,-436450.7299505852,2693284.507481988
4481,2257509.4385237833,-436824.9992378434,2694334.4377616267
4482,2258185.452808391,-436824.9992378434,2695010.452046234
4483,2258864.6051592464,-436824.9992378434,2695689.6043970897
4484,2259535.548661308,-436824.9992378434,2696360.547899151
4485,2260200.2160308734,-436824.9992378434,2697025.2152687167
4486,2260848.2994476855,-436824.9992378434,2697673.298685529
4487,2261442.2668081443,-436824.9992378434,2698267.2660459876
4488,2262031.9530980927,-436824.9992378434,2698856.952335936
4489,2262616.838770139,-436824.9992378434,2699441.8380079824
4490,2263199.8125077826,-436824.9992378434,2700024.811745626
4491,2263782.869373009,-436824.9992378434,2700607.8686108524
4492,2264366.6328226887,-436824.9992378434,2701191.632060532
4493,2265002.579612423,-436824.9992378434,2701827.5788502665
4494,2265681.378671052,-436824.9992378434,2702506.3779088953
4495,2266376.325262625,-436824.9992378434,2703201.324500468
4496,2267062.9798778207,-436824.9992378434,2703887.979115664
4497,2267737.851158166,-436824.9992378434,2704562.850396009
4498,2268417.4399288306,-436824.9992378434,2705242.439166674
4499,2269094.3270530566,-436824.9992378434,2705919.3262909
4500,2269782.1246725153,-436824.9992378434,2706607.1239103586
4501,2270464.768381845,-437010.48074109055,2707475.249122936
4502,2271136.854888169,-437579.5598227716,2708716.414710941
4503,2271829.0167057207,-438054.2462799615,2709883.262985682
4504,2272528.244367804,-438430.21139933873,2710958.4557671426
4505,2273227.9084496964,-438656.7594507923,2711884.6679004887
4506,2273943.990229177,-438656.7594507923,2712600.749679969
4507,2274671.5020512817,-438656.7594507923,2713328.261502074
4508,2275391.948028855,-438656.7594507923,2714048.7074796474
4509,2276105.7645817064,-438656.7594507923,2714762.5240324987
4510,2276812.9309279397,-438656.7594507923,2715469.690378732
4511,2277516.4396605333,-438656.7594507923,2716173.1991113257
4512,2278221.964237008,-438656.7594507923,2716878.7236878
4513,2278905.8340781825,-438656.7594507923,2717562.593528975
4514,2279575.2189380676,-438656.7594507923,2718231.97838886
4515,2280156.6132516395,-438656.7594507923,2718813.372702432
4516,2280742.641927948,-438656.7594507923,2719399.4013787406
4517,2281347.956203449,-438656.7594507923,2720004.7156542414
4518,2282056.6188461715,-438656.7594507923,2720713.378296964
4519,2282778.6234659213,-438656.7594507923,2721435.3829167136
4520,2283510.4994861195,-438656.7594507923,2722167.258936912
4521,2284236.431884153,-438656.7594507923,2722893.191334945
4522,2284945.4478191016,-438656.7594507923,2723602.207269894
4523,2285629.3176602763,-438656.7594507923,2724286.0771110686
4524,2286311.358694631,-439015.50277166214,2725326.861466293
4525,2286989.3888231195,-439757.68190447724,2726747.0707275965
4526,2287729.826984338,-440461.84782420035,2728191.6748085385
4527,2288483.2538303575,-441122.04327000317,2729605.2971003605
4528,2289237.8236806393,-441701.30651410104,2730939.1301947404
4529,2289971.279124909,-442074.0655206037,2732045.3446455128
4530,2290698.790947014,-442093.4769759722,2732792.2679229863
4531,2291430.666967212,-442093.4769759722,2733524.1439431845
4532,2292154.2510110335,-442093.4769759722,2734247.727987006
4533,2292874.2605687976,-442093.4769759722,2734967.73754477
4534,2293584.398726113,-442093.4769759722,2735677.8757020854
4535,2294287.9074587068,-442093.4769759722,2736381.384434679
4536,2294976.9312100103,-442093.4769759722,2737070.4081859826
4537,2295657.3096927106,-442093.4769759722,2737750.786668683
4538,2296329.3961990345,-442093.4769759722,2738422.873175007
4539,2297005.140318998,-442093.4769759722,2739098.6172949704
4540,2297679.242669203,-442093.4769759722,2739772.719645175
4541,2298370.6979023013,-442093.4769759722,2740464.1748782736
4542,2299068.013629982,-442093.4769759722,2741161.490605954
4543,2299784.8851214983,-442093.4769759722,2741878.3620974706
4544,2300498.348382123,-442093.4769759722,2742591.825358095
4545,2301215.2198736393,-442093.4769759722,2743308.6968496116
4546,2301819.3911448773,-442093.4769759722,2743912.8681208496
4547,2302457.7070707195,-442093.4769759722,2744551.1840466917
4548,2303114.165591491,-442326.170344002,2745440.335935493
4549,2303724.1973573114,-443026.5338218844,2746750.731179196
4550,2304347.571100159,-443712.96550895594,2748060.536609115
4551,2304983.954309703,-444351.50340934895,2749335.4577190517
4552,2305633.346985943,-444903.17002306343,2750536.517009007
4553,2306328.646869743,-445248.4187537542,2751577.065623497
4554,2307026.6483999807,-445272.2018258695,2752298.85022585
4555,2308415.003722846,-445272.2018258695,2753687.205548716
4556,2309782.203075908,-445272.2018258695,2755054.4049017774
4557,2311131.7793814326,-445272.2018258695,2756403.981207302
4558,2311800.374529282,-445272.2018258695,2757072.576355152
4559,2312467.057742729,-445272.2018258695,2757739.259568598
4560,2313127.7973340107,-445272.2018258695,2758399.99915988
4561,2313786.1885710806,-445272.2018258695,2759058.39039695
4562,2314443.000384079,-445272.2018258695,2759715.2022099486
4563,2315093.868574912,-445272.2018258695,2760366.070400782
4564,2315736.8812091784,-445272.2018258695,2761009.083035048
4565,2316388.1026922385,-445272.2018258695,2761660.3045181083
4566,2317050.8581274017,-445272.2018258695,2762323.0599532714
4567,2317716.66850123,-445272.2018258695,2762988.870327099
4568,2318356.9794890573,-445272.2018258695,2763629.1813149266
4569,2318963.1666041766,-445272.2018258695,2764235.3684300464
4570,2319552.416474316,-445272.2018258695,2764824.6183001855
4571,2320126.038358903,-445272.2018258695,2765398.2401847728
4572,2320686.6715586893,-445946.0373830692,2766632.7089417586
4573,2321247.637268807,-446697.3397832328,2767944.9770520395
4574,2321808.706888403,-447423.483119605,2769232.190008008
4575,2322377.9645748967,-448115.24872921786,2770493.2133041145
4576,2322962.850246943,-448720.3631446099,2771683.213391553
4577,2323582.400120985,-449066.95437920355,2772649.354500189
4578,2324235.2841557,-449071.0744495283,2773306.3586052284
4579,2324898.808521003,-449071.0744495283,2773969.8829705315
4580,2325516.2594235814,-449071.0744495283,2774587.33387311
4581,2326109.790364231,-449071.0744495283,2775180.8648137595
4582,2326690.7482579937,-449071.0744495283,2775761.822707522
4583,2327266.2197312964,-449071.0744495283,2776337.294180825
4584,2327832.3393515428,-449071.0744495283,2776903.4138010712
4585,2328393.6583538866,-449071.0744495283,2777464.732803415
4586,2328940.492374941,-449071.0744495283,2778011.5668244692
4587,2329484.978041783,-449071.0744495283,2778556.0524913114
4588,2330022.8135020076,-449071.0744495283,2779093.887951536
4589,2330566.8627490406,-449071.0744495283,2779637.937198569
4590,2331102.3498550532,-449071.0744495283,2780173.4243045817
4591,2331638.190253292,-449071.0744495283,2780709.2647028207
4592,2332180.6600762536,-449071.0744495283,2781251.734525782
4593,2332721.5504751434,-449071.0744495283,2781792.624924672
4594,2333320.5886181486,-449071.0744495283,2782391.663067677
4595,2333934.2779976088,-449071.0744495283,2783005.3524471372
4596,2334557.3192301253,-449071.0744495283,2783628.3936796538
4597,2335192.476307824,-449196.2173046332,2784388.693612457
4598,2335815.5175403403,-449655.41199583706,2785470.9295361773
4599,2336367.5054715234,-450391.0767862465,2786758.58225777
4600,2336853.7602666677,-451071.0348076815,2787924.7950743493
4601,2337378.6070420914,-451557.2171081294,2788935.824150221
4602,2337944.643534755,-451654.3807248609,2789599.0242596157
4603,2338537.3847633684,-451654.3807248609,2790191.765488229
4604,2339134.9266098845,-451654.3807248609,2790789.3073347453
4605,2339734.401172699,-451654.3807248609,2791388.7818975598
4606,2340326.789109086,-451654.3807248609,2791981.169833947
4607,2340914.81284738,-451654.3807248609,2792569.193572241
4608,2341498.5762970597,-451654.3807248609,2793152.9570219205
4609,2342081.90332693,-451654.3807248609,2793736.284051791
4610,2342659.0165699916,-451654.3807248609,2794313.3972948524
4611,2343230.99668482,-451654.3807248609,2794885.3774096807
4612,2343794.6848232714,-451654.3807248609,2795449.065548132
4613,2344366.6649380997,-451654.3807248609,2796021.0456629605
4614,2344928.7736524795,-451654.3807248609,2796583.1543773403
4615,2345482.6735180654,-451654.3807248609,2797137.054242926
4616,2346059.3503413177,-451654.3807248609,2797713.7310661785
4617,2346629.7510320744,-451654.3807248609,2798284.1317569353
4618,2347180.076411603,-451824.46881455084,2799004.545226154
4619,2347715.4803900328,-452797.000707757,2800512.48109779
4620,2348229.6660529724,-453681.27225644095,2801910.9383094134
4621,2348756.071470572,-454579.92904510134,2803336.0005156733
4622,2349289.9791525127,-455466.4892943043,2804756.4684468172
4623,2349876.4442486307,-456275.2193653474,2806151.663613978
4624,2350472.7599633015,-457046.30154327856,2807519.06150658
4625,2351089.940701236,-457587.4494071712,2808677.3901084075
4626,2351723.975556568,-457702.56729688565,2809426.542853453
4627,2352372.495393189,-457702.56729688565,2810075.0626900746
4628,2353030.0969182234,-457702.56729688565,2810732.6642151093
4629,2353682.6276607113,-457702.56729688565,2811385.194957597
4630,2354309.9291818426,-457702.56729688565,2812012.496478728
4631,2354898.7426321725,-457702.56729688565,2812601.309929058
4632,2355481.716369816,-457702.56729688565,2813184.283666702
4633,2356062.7573911613,-457702.56729688565,2813765.324688047
4634,2356644.1517047333,-457702.56729688565,2814346.719001619
4635,2357221.264947795,-457702.56729688565,2814923.8322446803
4636,2357800.310907155,-457702.56729688565,2815502.87820404
4637,2358387.212423082,-457702.56729688565,2816089.7797199674
4638,2358979.600359469,-457702.56729688565,2816682.1676563546
4639,2359578.2852102476,-457702.56729688565,2817280.852507133
4640,2360235.450315472,-457702.56729688565,2817938.0176123576
4641,2360887.544638151,-457702.56729688565,2818590.1119350363
4642,2361501.150890028,-457702.56729688565,2819203.718186914
4643,2362110.829363622,-457702.56729688565,2819813.3966605077
4644,2362740.93644067,-457702.56729688565,2820443.503737556
4645,2363387.1079230793,-458239.86483711953,2821626.9727601986
4646,2364007.426727262,-458828.7946059727,2822836.2213332346
4647,2364665.8179643317,-459318.4417595153,2823984.259723847
4648,2365291.2075510602,-459703.3233426921,2824994.5308937524
4649,2365933.0148353768,-459961.03935051436,2825894.054185891
4650,2366581.534671998,-459962.0769241563,2826543.6115961545
4651,2367237.5567729603,-459962.0769241563,2827199.6336971167
4652,2367885.3700251286,-459962.0769241563,2827847.446949285
4653,2368495.8382107583,-459962.0769241563,2828457.9151349147
4654,2369081.077175031,-459962.0769241563,2829043.1540991873
4655,2369661.7856860454,-459962.0769241563,2829623.862610202
4656,2370235.3244430497,-459962.0769241563,2830197.401367206
4657,2370805.288713997,-459962.0769241563,2830767.3656381536
4658,2371374.109980682,-459962.0769241563,2831336.1869048383
4659,2371939.8763087015,-459962.0769241563,2831901.953232858
4660,2372507.13893321,-459962.0769241563,2832469.2158573666
4661,2373085.8316003433,-459962.0769241563,2833047.9085244997
4662,2373678.2195367306,-459962.0769241563,2833640.296460887
4663,2374288.3344301335,-459962.0769241563,2834250.41135429
4664,2374978.147893473,-459962.0769241563,2834940.2248176294
4665,2375685.2311121235,-459962.0769241563,2835647.30803628
4666,2376388.033260264,-459962.0769241563,2836350.1101844204
4667,2377059.4131821347,-459962.0769241563,2837021.490106291
4668,2377761.3424906563,-459962.0769241563,2837723.4194148127
4669,2378458.5750907543,-460419.6227731496,2838878.197863904
4670,2379122.0994560574,-460985.8345140911,2840107.9339701487
4671,2379740.776490481,-461493.4885976771,2841234.265088158
4672,2380404.654148011,-461857.38334437023,2842262.0374923814
4673,2381113.67008296,-462098.4809959092,2843212.151078869
4674,2381778.3374525253,-462098.4809959092,2843876.8184484346
4675,2382468.2340434478,-462098.4809959092,2844566.715039357
4676,2383156.114790489,-462098.4809959092,2845254.5957863983
4677,2383841.5640557357,-462098.4809959092,2845940.045051645
4678,2384518.368052379,-462098.4809959092,2846616.8490482885
4679,2385191.2442707387,-462098.4809959092,2847289.725266648
4680,2385854.6855084593,-462098.4809959092,2847953.1665043687
4681,2386512.723453303,-462098.4809959092,2848611.204449212
4682,2387163.5916441362,-462098.4809959092,2849262.0726400455
4683,2387811.321768722,-462098.4809959092,2849909.8027646313
4684,2388462.1899595554,-462098.4809959092,2850560.6709554647
4685,2389124.1556826825,-462098.4809959092,2851222.636678592
4686,2389805.760297228,-462098.4809959092,2851904.2412931374
4687,2390501.0601810277,-462098.4809959092,2852599.541176937
4688,2391219.1370224934,-462098.4809959092,2853317.6180184027
4689,2391936.3410243406,-462098.4809959092,2854034.82202025
4690,2392645.7933790986,-462098.4809959092,2854744.274375008
4691,2393344.5846213726,-462616.7225187359,2855961.3071401087
4692,2394037.5361509603,-463517.51540087507,2857555.051551835
4693,2394727.682124631,-464471.5228559181,2859199.204980549
4694,2395415.916163899,-465315.35846781667,2860731.274631716
4695,2396100.6588446926,-466211.13543677446,2862311.794281467
4696,2396771.602346754,-467067.43620765075,2863839.038554405
4697,2397467.25552278,-467676.75225518696,2865144.007777967
4698,2398149.6498493617,-467748.67268148286,2865898.3225308447
4699,2398822.609195304,-467748.67268148286,2866571.281876787
4700,2399477.841584231,-467748.67268148286,2867226.5142657137
4701,2400124.01306664,-467748.67268148286,2867872.685748123
4702,2400709.3351584957,-467748.67268148286,2868458.0078399787
4703,2401265.16774038,-467748.67268148286,2869013.840421863
4704,2401812.001761434,-467748.67268148286,2869560.674442917
4705,2402348.631871709,-467748.67268148286,2870097.304553192
4706,2402873.0422273236,-467748.67268148286,2870621.7149088066
4707,2403392.7350926185,-467748.67268148286,2871141.4077741015
4708,2403907.3571753674,-467748.67268148286,2871656.0298568504
4709,2404423.558682188,-467748.67268148286,2872172.231363671
4710,2404949.5276799784,-467748.67268148286,2872698.2003614614
4711,2405474.021163176,-467748.67268148286,2873222.693844659
4712,2405998.8679385995,-467748.67268148286,2873747.5406200825
4713,2406500.148044321,-467748.67268148286,2874248.820725804
4714,2406980.2098345524,-467954.5349230807,2874934.744757633
4715,2407442.981087577,-468933.62469140074,2876376.6057789777
4716,2407902.1778545445,-469867.84138425405,2877770.0192387984
4717,2408358.6729750736,-470836.09432847874,2879194.7673035525
4718,2408823.02365217,-471770.8593244602,2880593.8829766302
4719,2409309.797994706,-472625.75769563735,2881935.555690343
4720,2409809.935096165,-473402.7722468309,2883212.7073429963
4721,2410325.3468909496,-473973.0848094287,2884298.431700378
4722,2410876.545110097,-474091.9400633133,2884968.4851734103
4723,2411463.010206215,-474091.9400633133,2885554.950269528
4724,2412047.979005844,-474091.9400633133,2886139.919069157
4725,2412621.871055075,-474091.9400633133,2886713.811118388
4726,2413180.4884109804,-474091.9400633133,2887272.4284742936
4727,2413731.603502545,-474091.9400633133,2887823.543565858
4728,2414274.0733255064,-474091.9400633133,2888366.0133888195
4729,2414814.631214065,-474091.9400633133,2888906.571277378
4730,2415351.6977441492,-474091.9400633133,2889443.6378074624
4731,2415887.538142388,-474091.9400633133,2889979.4782057013
4732,2416421.7991165556,-474091.9400633133,2890513.7391798687
4733,2416963.479227481,-474091.9400633133,2891055.419290794
4734,2417515.820450891,-474091.9400633133,2891607.760514204
4735,2418078.802004889,-474091.9400633133,2892170.7420682022
4736,2418635.839936723,-474091.9400633133,2892727.780000036
4737,2419177.166755422,-474091.9400633133,2893269.106818735
4738,2419746.7777341427,-474664.98418202,2894411.761916163
4739,2420363.9584720773,-475576.7372835225,2895940.6957556
4740,2420964.638384841,-476467.77963281923,2897432.4180176603
4741,2421542.5413399385,-477421.2332084731,2898963.7745484114
4742,2422125.598205165,-478337.43787431007,2900463.036079475
4743,2422700.3630940146,-479243.13575957826,2901943.4988535927
4744,2423301.8327188143,-480145.5986223076,2903447.431341122
4745,2423918.5770369396,-480774.1626633352,2904692.7397002745
4746,2424566.390289108,-480873.65818366373,2905440.0484727714
4747,2425227.1298803897,-480873.65818366373,2906100.7880640533
4748,2425877.6655608923,-480873.65818366373,2906751.323744556
4749,2426519.5559727917,-480873.65818366373,2907393.2141564554
4750,2427105.6677766833,-480873.65818366373,2907979.325960347
4751,2427689.431226363,-480873.65818366373,2908563.0894100266
4752,2428268.123893496,-480873.65818366373,2909141.7820771597
4753,2428843.595366799,-480873.65818366373,2909717.2535504624
4754,2429416.697703994,-480873.65818366373,2910290.3558876575
4755,2429988.5739093437,-480873.65818366373,2910862.2320930073
4756,2430562.549086157,-480873.65818366373,2911436.207269821
4757,2431150.2403141204,-480873.65818366373,2912023.898497784
4758,2431735.9988257852,-480873.65818366373,2912609.657009449
4759,2432353.17956372,-480873.65818366373,2913226.8377473834
4760,2433014.355574811,-480873.65818366373,2913888.0137584745
4761,2433664.8912553135,-480873.65818366373,2914538.549438977
4762,2434297.6999788,-480873.65818366373,2915171.3581624636
4763,2434963.1570604015,-481620.4528365172,2916583.6098969188
4764,2435639.171345009,-482476.4882038542,2918115.6595488633
4765,2436304.6284266105,-483348.42883896816,2919653.057265579
4766,2436958.6554655875,-484126.19593403337,2921084.851399621
4767,2437615.820570812,-484961.608743574,2922577.429314386
4768,2438233.7078931998,-485691.23069775925,2923924.938590959
4769,2438889.2935743527,-486155.211081641,2925044.5046559935
4770,2439543.757033139,-486225.5572510847,2925769.3142842236
4771,2440223.782223613,-486225.5572510847,2926449.3394746976
4772,2440911.5798430718,-486225.5572510847,2927137.1370941564
4773,2441593.101330035,-486225.5572510847,2927818.6585811195
4774,2442267.536190571,-486225.5572510847,2928493.0934416554
4775,2442934.9883341575,-486225.5572510847,2929160.545585242
4776,2443599.2192839137,-486225.5572510847,2929824.7765349983
4777,2444259.6055829693,-486225.5572510847,2930485.162834054
4778,2444913.2793297195,-486225.5572510847,2931138.836580804
4779,2445570.1742703007,-486225.5572510847,2931795.7315213853
4780,2446226.632791072,-486225.5572510847,2932452.1900421567
4781,2446890.074028793,-486225.5572510847,2933115.6312798774
4782,2447533.9595026774,-486225.5572510847,2933759.516753762
4783,2448216.6032120073,-486225.5572510847,2934442.160463092
4784,2448874.1216094587,-486225.5572510847,2935099.6788605433
4785,2449510.8581112293,-486225.5572510847,2935736.415362314
4786,2450133.9824713287,-486225.5572510847,2936359.5397224133
4787,2450747.2354309796,-486936.9985868151,2937684.234017795
4788,2451349.4116402324,-487829.88044267107,2939179.2920829034
4789,2451948.4497832377,-488678.5909967192,2940627.0407799566
4790,2452567.8957478013,-489518.1838541409,2942086.079601942
4791,2453187.009202034,-490283.61731493735,2943470.6265169717
4792,2453843.0313029964,-490969.651561075,2944812.6828640713
4793,2454523.846205506,-491471.7230321469,2945995.569237653
4794,2455235.646914476,-491547.1932571308,2946782.8401716067
4795,2455970.5778733394,-491547.1932571308,2947517.77113047
4796,2456671.8213793035,-491547.1932571308,2948219.014636434
4797,2457360.0554185715,-491547.1932571308,2948907.248675702
4798,2458047.9361656127,-491547.1932571308,2949595.1294227433
4799,2458745.60518552,-491547.1932571308,2950292.7984426506
4800,2459462.9130968456,-491547.1932571308,2951010.1063539763
4801,2460173.5708015533,-491547.1932571308,2951720.764058684
4802,2460882.3165718582,-491547.1932571308,2952429.509828989
4803,2461584.682300189,-491547.1932571308,2953131.8755573197
4804,2462287.4013207466,-491547.1932571308,2953834.5945778773
4805,2462998.412317681,-491547.1932571308,2954545.605574812
4806,2463718.505003028,-491547.1932571308,2955265.6982601588
4807,2464444.000981252,-491547.1932571308,2955991.194238383
4808,2465147.5928414282,-491547.1932571308,2956694.786098559
4809,2465816.541281504,-491547.1932571308,2957363.734538635
4810,2466469.778608445,-491547.1932571308,2958016.9718655758
4811,2467115.160378819,-491896.2973807509,2959011.45775957
4812,2467757.4040829446,-492728.2755125493,2960485.6795954937
4813,2468396.9253587364,-493578.0250496507,2961974.950408387
4814,2469064.73079455,-494382.067309532,2963446.798104082
4815,2469743.8831454054,-495119.1035554877,2964862.9867008934
4816,2470437.6243870286,-495798.4173112783,2966236.041698307
4817,2471143.4814738343,-496310.7267703739,2967454.2082442082
4818,2471838.698230051,-496407.6324116731,2968246.330641724
4819,2472555.902231898,-496407.6324116731,2968963.5346435714
4820,2473252.7815397694,-496407.6324116731,2969660.4139514426
4821,2473948.081423569,-496407.6324116731,2970355.713835242
4822,2474633.613816398,-496407.6324116731,2971041.2462280714
4823,2475310.854232851,-496407.6324116731,2971718.486644524
4824,2475978.223248855,-496407.6324116731,2972385.8556605284
4825,2476639.752552173,-496407.6324116731,2973047.3849638463
4826,2477295.7746531353,-496407.6324116731,2973703.4070648085
4827,2477951.007042062,-496407.6324116731,2974358.639453735
4828,2478604.680788812,-496407.6324116731,2975012.3132004854
4829,2479273.2759366618,-496407.6324116731,2975680.908348335
4830,2479955.233843434,-496407.6324116731,2976362.8662551073
4831,2480642.678170666,-496407.6324116731,2977050.3105823393
4832,2481326.2778471974,-496407.6324116731,2977733.9102588706
4833,2482004.3079756857,-496407.6324116731,2978411.940387359
4834,2482706.341193686,-496407.6324116731,2979113.973605359
4835,2483402.86720933,-496407.6324116731,2979810.4996210034
4836,2484098.16709313,-496867.65415719955,2980965.8212503293
4837,2484806.0400238163,-497600.5418868036,2982406.58191062
4838,2485431.7829027716,-498374.25375094183,2983806.0366537133
4839,2486067.0438899486,-499070.77536567784,2985137.8192556263
4840,2486737.3015894527,-499682.97175664833,2986420.273346101
4841,2487433.391185288,-500057.97505658644,2987491.366241874
4842,2488105.9972390034,-500097.6297045725,2988203.626943576
4843,2488796.143212674,-500097.6297045725,2988893.7729172464
4844,2489475.378691112,-500097.6297045725,2989573.008395685
4845,2490145.4493535548,-500097.6297045725,2990243.0790581275
4846,2490798.416515852,-500097.6297045725,2990896.0462204246
4847,2491392.7371685375,-500097.6297045725,2991490.3668731097
4848,2491980.86481631,-500097.6297045725,2992078.494520882
4849,2492563.485261727,-500097.6297045725,2992661.1149662994
4850,2493128.0462397975,-500097.6297045725,2993225.67594437
4851,2493680.0341709806,-500097.6297045725,2993777.663875553
4852,2494228.447616107,-500097.6297045725,2994326.077320679
4853,2494785.92196775,-500097.6297045725,2994883.5516723227
4854,2495348.9035217483,-500097.6297045725,2995446.5332263205
4855,2495919.304212505,-500097.6297045725,2996016.9339170773
4856,2496469.3594273897,-500097.6297045725,2996566.989131962
4857,2496994.6426226227,-500097.6297045725,2997092.272327195
4858,2497495.5694361175,-500097.6297045725,2997593.1991406903
4859,2497980.265589086,-500417.073860771,2998397.339449857
4860,2498522.028827594,-501239.3699684119,2999761.398796006
4861,2499114.7700562077,-502016.59091668006,3001131.360972888
4862,2499707.157992595,-502817.16774969734,3002524.325742292
4863,2500302.268357316,-503521.76378715725,3003824.0321444734
4864,2500884.4523829236,-504149.5095393154,3005033.961922239
4865,2501480.4355872637,-504593.6976759832,3006074.133263247
4866,2502097.616325198,-504647.3804753309,3006744.9968005293
4867,2502733.5631149327,-504647.3804753309,3007380.943590264
4868,2503301.947961808,-504647.3804753309,3007949.3284371393
4869,2503860.1288979044,-504647.3804753309,3008507.5093732355
4870,2504409.74769298,-504647.3804753309,3009057.128168311
4871,2504952.6539357505,-504647.3804753309,3009600.0344110816
4872,2505492.0688200467,-504647.3804753309,3010139.449295378
4873,2506032.522799127,-504647.3804753309,3010679.903274458
4874,2506565.9109336757,-504647.3804753309,3011213.291409007
4875,2507095.8908373327,-504647.3804753309,3011743.271312664
4876,2507619.947900721,-504647.3804753309,3012267.328376052
4877,2508151.07080864,-504647.3804753309,3012798.4512839713
4878,2508700.606476133,-504647.3804753309,3013347.9869514643
4879,2509259.5771242655,-504647.3804753309,3013906.9575995966
4880,2509804.4992109174,-504647.3804753309,3014451.8796862485
4881,2510323.04907195,-504647.3804753309,3014970.429547281
4882,2510821.606749337,-504647.3804753309,3015468.9872246683
4883,2511304.4533135896,-504647.3804753309,3015951.8337889207
4884,2511829.3000890133,-504647.3804753309,3016476.6805643444
4885,2512396.9991333312,-505064.2608537249,3017461.2599870563
4886,2512944.1864466122,-505527.184547834,3018471.3709944463
4887,2513502.0140904817,-506251.8316943369,3019753.8457848188
4888,2514077.9219835936,-506932.733095463,3021010.6550790565
4889,2514657.653745511,-507365.345449392,3022022.9991949033
4890,2515273.171931791,-507442.6187803995,3022715.790712191
4891,2515907.1236595404,-507442.6187803995,3023349.74243994
4892,2516501.9638596177,-507442.6187803995,3023944.5826400174
4893,2517069.2264841264,-507442.6187803995,3024511.845264526
4894,2517626.2644159603,-507442.6187803995,3025068.88319636
4895,2518173.4517292413,-507442.6187803995,3025616.070509641
4896,2518717.584103857,-507442.6187803995,3026160.202884257
4897,2519257.7055726065,-507442.6187803995,3026700.324353006
4898,2519795.4579052483,-507442.6187803995,3027238.076685648
4899,2520328.596657049,-507442.6187803995,3027771.2154374486
4900,2520862.5043389895,-507442.6187803995,3028305.123119389
4901,2521403.145355131,-507442.6187803995,3028845.7641355307
4902,2521952.7641502065,-507442.6187803995,3029395.382930606
4903,2522507.1004356015,-507442.6187803995,3029949.719216001
4904,2523043.3772536498,-507442.6187803995,3030485.9960340494
4905,2523556.877114032,-507442.6187803995,3030999.4958944316
4906,2524044.0047487947,-507442.6187803995,3031486.6235291944
4907,2524517.873534113,-508152.9333406816,3032670.806874795
4908,2525029.710842841,-508900.3858454514,3033930.096688292
4909,2525604.829023917,-509618.7251978699,3035223.554221787
4910,2526150.0836209,-510350.1048201349,3036500.188441035
4911,2526698.9334858353,-511028.6109292273,3037727.5444150628
4912,2527250.9214170184,-511615.7427033656,3038866.664120384
4913,2527845.242069704,-511961.4635105535,3039806.7055802573
4914,2528448.727538385,-511983.876837463,3040432.604375848
4915,2529048.2021011994,-511983.876837463,3041032.0789386625
4916,2529628.370282926,-511983.876837463,3041612.2471203892
4917,2530195.1964876256,-511983.876837463,3042179.0733250887
4918,2530757.7416218147,-511983.876837463,3042741.618459278
4919,2531316.442105303,-511983.876837463,3043300.318942766
4920,2531869.552258853,-511983.876837463,3043853.429096316
4921,2532417.5292841694,-511983.876837463,3044401.4061216325
4922,2532954.9283245844,-511983.876837463,3044938.8051620475
4923,2533490.7687228234,-511983.876837463,3045474.6455602865
4924,2534024.676404764,-511983.876837463,3046008.553242227
4925,2534563.2184494417,-511983.876837463,3046547.095286905
4926,2535097.9158434183,-511983.876837463,3047081.7926808815
4927,2535633.7562416573,-511983.876837463,3047617.6330791204
4928,2536168.0172158247,-511983.876837463,3048151.894053288
4929,2536699.493415971,-511983.876837463,3048683.370253434
4930,2537243.1893707775,-511983.876837463,3049227.0662082406
4931,2537837.9464432723,-511983.876837463,3049821.8232807354
4932,2538432.267095958,-511983.876837463,3050416.143933421
4933,2538999.0933006573,-512256.69410358847,3051255.7874042457
4934,2539545.137609676,-512715.7948027288,3052260.9324124046
4935,2540106.0201922106,-513459.0567304562,3053565.0769226667
4936,2540670.1447504717,-514127.5438067952,3054797.6885572667
4937,2541258.1684887656,-514586.846333724,3055845.0148224896
4938,2541892.556636324,-514630.3491365676,3056522.905772892
4939,2542539.164538543,-514630.3491365676,3057169.513675111
4940,2543190.905568995,-514630.3491365676,3057821.2547055627
4941,2543827.288778539,-514630.3491365676,3058457.6379151065
4942,2544406.334737899,-514630.3491365676,3059036.6838744665
4943,2544983.8012731867,-514630.3491365676,3059614.1504097544
4944,2545561.7042282843,-514630.3491365676,3060192.053364852
4945,2546141.1866074535,-514630.3491365676,3060771.535744021
4946,2546716.741208339,-514630.3491365676,3061347.090344907
4947,2547288.368030941,-514630.3491365676,3061918.717167509
4948,2547857.5425898526,-514630.3491365676,3062487.8917264203
4949,2548434.925997558,-514630.3491365676,3063065.2751341257
4950,2549007.238622717,-514630.3491365676,3063637.587759285
4951,2549572.921823154,-514630.3491365676,3064203.270959722
4952,2550153.090004881,-514630.3491365676,3064783.4391414486
4953,2550726.711889468,-514630.3491365676,3065357.061026036
4954,2551280.611755054,-514630.3491365676,3065910.9608916217
4955,2551826.6560640726,-514957.94488290005,3066784.6009469726
4956,2552354.724033327,-515759.9521362924,3068114.6761696194
4957,2552912.115257387,-516471.38742797787,3069383.502685365
4958,2553487.6698582727,-517167.4509779139,3070655.1208361867
4959,2554082.0736385407,-517883.8530444819,3071965.9266830226
4960,2554679.0959376646,-518458.2946877236,3073137.3906253884
4961,2555287.1949871867,-518828.5344454553,3074115.729432642
4962,2555935.3615315817,-518843.6778232181,3074779.0393548
4963,2556602.8136751684,-518843.6778232181,3075446.4914983865
4964,2557274.5468892655,-518843.6778232181,3076118.2247124836
4965,2557936.8659046195,-518843.6778232181,3076780.5437278375
4966,2558535.197463171,-518843.6778232181,3077378.875286389
4967,2559128.2919840114,-518843.6778232181,3077971.9698072295
4968,2559719.910990258,-518843.6778232181,3078563.5888134763
4969,2560307.165798412,-518843.6778232181,3079150.84362163
4970,2560894.8570263754,-518843.6778232181,3079738.5348495934
4971,2561478.9529863857,-518843.6778232181,3080322.6308096037
4972,2562066.644214349,-518843.6778232181,3080910.322037567
4973,2562661.75457907,-518843.6778232181,3081505.432402288
4974,2563316.9869679967,-518843.6778232181,3082160.6647912147
4975,2563989.156601903,-518843.6778232181,3082832.834425121
4976,2564652.244547397,-518843.6778232181,3083495.922370615
4977,2565303.1127382303,-518843.6778232181,3084146.7905614483
4978,2565924.2212544484,-518843.6778232181,3084767.8990776665
4979,2566576.315577127,-518843.6778232181,3085419.993400345
4980,2567206.505781758,-518843.6778232181,3086050.183604976
4981,2567804.4009205005,-519248.57238525973,3087052.9733057604
4982,2568427.442153017,-519848.03071218746,3088275.4728652043
4983,2569142.297800652,-520337.16845499846,3089479.466255651
4984,2569872.157976969,-520719.34961838764,3090591.5075953566
4985,2570578.8047758103,-520920.60729078506,3091499.4120665956
4986,2571246.610211624,-520920.60729078506,3092167.2175024087
4987,2571949.7656519907,-520920.60729078506,3092870.3729427755
4988,2572643.402984136,-520920.60729078506,3093564.0102749206
4989,2573328.935376965,-520920.60729078506,3094249.5426677503
4990,2574001.458303098,-520920.60729078506,3094922.0655938834
4991,2574653.5526257767,-520920.60729078506,3095574.159916562
4992,2575245.940562164,-520920.60729078506,3096166.5478529492
4993,2575831.2626540195,-520920.60729078506,3096751.8699448043
4994,2576413.010259818,-520920.60729078506,3097333.617550603
4995,2576995.630705235,-520920.60729078506,3097916.2379960204
4996,2577582.885513389,-520920.60729078506,3098503.4928041743
4997,2578193.436826601,-520920.60729078506,3099114.0441173865
4998,2578866.8325923528,-520920.60729078506,3099787.439883138
4999,2579550.7855611104,-520920.60729078506,3100471.3928518957
5000,2580227.94284998,-520920.60729078506,3101148.5501407655
5001,2580886.7705068593,-520920.60729078506,3101807.3777976446
5002,2581522.364004367,-520920.60729078506,3102442.971295152
5003,2582146.610586833,-521583.11876423605,3103729.7293510693
5004,2582759.427126675,-522451.85069247155,3105211.2778191464
5005,2583355.410331015,-523352.097208334,3106707.507539349
5006,2583980.0933332904,-524191.07944776636,3108171.1727810567
5007,2584585.4907363737,-525062.2440891903,3109647.734825564
5008,2585218.7358796694,-525885.265105487,3111104.0009851563
5009,2585859.4001597236,-526460.534972853,3112319.9351325766
5010,2586521.282755268,-526538.1167427499,3113059.3994980175
5011,2587205.589016252,-526538.1167427499,3113743.705759002
5012,2587887.630050607,-526538.1167427499,3114425.7467933567
5013,2588577.4435139466,-526538.1167427499,3115115.5602566963
5014,2589254.3306381726,-526538.1167427499,3115792.4473809227
5015,2589871.864668334,-526538.1167427499,3116409.9814110836
5016,2590470.4663915294,-526538.1167427499,3117008.5831342796
5017,2591063.207620143,-526538.1167427499,3117601.3243628927
5018,2591659.0869150045,-526538.1167427499,3118197.2036577547
5019,2592310.744817874,-526538.1167427499,3118848.861560624
5020,2592959.347782078,-526538.1167427499,3119497.464524828
5021,2593618.071529479,-526538.1167427499,3120156.1882722294
5022,2594293.2961020507,-526538.1167427499,3120831.4128448004
5023,2594977.1659432254,-526538.1167427499,3121515.2826859755
5024,2595649.2524495493,-526538.1167427499,3122187.3691922994
5025,2596299.434837825,-526538.1167427499,3122837.5515805753
5026,2596939.8289532354,-526538.1167427499,3123477.945695985
5027,2597596.287474007,-527223.2278746666,3124819.5153486733
5028,2598201.248457281,-528140.5694882903,3126341.817945571
5029,2598824.7261096067,-529077.4700734434,3127902.19618305
5030,2599433.697998747,-529982.1795028528,3129415.8775016
5031,2600050.4423168725,-530876.6208483559,3130927.0631652283
5032,2600705.342195468,-531635.6185735508,3132340.960769019
5033,2601364.5023626783,-532210.4650397102,3133574.9674023883
5034,2602060.238666287,-532269.9954909625,3134330.23415725
5035,2602762.9576868447,-532269.9954909625,3135032.9531778074
5036,2603463.3283531903,-532269.9954909625,3135733.323844153
5037,2604157.4021051447,-532269.9954909625,3136427.3975961073
5038,2604845.282852186,-532269.9954909625,3137115.2783431485
5039,2605528.009689098,-532269.9954909625,3137798.005180061
5040,2606202.8809694434,-532269.9954909625,3138472.876460406
5041,2606874.177763731,-532269.9954909625,3139144.173254694
5042,2607537.7021290343,-532269.9954909625,3139807.697619997
5043,2608202.8059184095,-532269.9954909625,3140472.801409372
5044,2608870.258061996,-532269.9954909625,3141140.253552959
5045,2609554.4811953977,-532269.9954909625,3141824.4766863603
5046,2610252.586635114,-532269.9954909625,3142522.582126077
5047,2610965.260183703,-532269.9954909625,3143235.255674666
5048,2611686.142581086,-532269.9954909625,3143956.138072049
5049,2612382.6685967306,-532269.9954909625,3144652.664087693
5050,2613062.2573673953,-532269.9954909625,3145332.252858358
5051,2613754.0658927206,-532269.9954909625,3146024.0613836832
5052,2614401.0063052704,-532648.7219592106,3147049.728264481
5053,2615107.6531041116,-533301.1377252721,3148408.790829384
5054,2615821.469656963,-534012.642496199,3149834.112153162
5055,2616612.2623514165,-534637.3541887039,3151249.6165401204
5056,2617338.19474945,-535209.7037387535,3152547.898488203
5057,2618077.053486597,-535484.3294237866,3153561.3829103834
5058,2618801.7805346805,-535484.3294237866,3154286.109958467
5059,2619536.358201317,-535484.3294237866,3155020.6876251036
5060,2620250.9436843083,-535484.3294237866,3155735.273108095
5061,2620940.757147648,-535484.3294237866,3156425.0865714345
5062,2621623.047564751,-535484.3294237866,3157107.3769885376
5063,2622299.0618493585,-535484.3294237866,3157783.391273145
5064,2622968.883129053,-535484.3294237866,3158453.2125528394
5065,2623633.114078809,-535484.3294237866,3159117.4435025956
5066,2624286.7878255593,-535484.3294237866,3159771.117249346
5067,2624936.970213835,-535484.3294237866,3160421.2996376217
5068,2625581.998691982,-535484.3294237866,3161066.3281157687
5069,2626238.7273773975,-535484.3294237866,3161723.056801184
5070,2626906.179520984,-535484.3294237866,3162390.508944771
5071,2627583.06664521,-535484.3294237866,3163067.3960689967
5072,2628237.5301039964,-535484.3294237866,3163721.859527783
5073,2628864.4991147965,-535484.3294237866,3164348.828538583
5074,2629469.106805844,-535484.3294237866,3164953.436229631
5075,2630070.846595288,-535484.3294237866,3165555.1760190744
5076,2630674.685356195,-535484.3294237866,3166159.0147799817
5077,2631250.593249307,-535590.7988405416,3166841.3920898484
5078,2631838.616987601,-536159.4254243476,3167998.0424119486
5079,2632453.4493713235,-536645.22452615,3169098.6738974736
5080,2633050.6379256127,-537050.1950609573,3170100.83298657
5081,2633676.8172243773,-537329.4433752659,3171006.260599643
5082,2634321.0559904887,-537329.4433752659,3171650.4993657544
5083,2634990.877270183,-537329.4433752659,3172320.3206454488
5084,2635655.191347522,-537329.4433752659,3172984.634722788
5085,2636304.147603953,-537329.4433752659,3173633.5909792185
5086,2636945.248303816,-537329.4433752659,3174274.691679082
5087,2637535.6411782177,-537329.4433752659,3174865.084553484
5088,2638110.759359294,-537329.4433752659,3175440.20273456
5089,2638681.2431776333,-537329.4433752659,3176010.686552899
5090,2639250.064444318,-537329.4433752659,3176579.5078195836
5091,2639816.454229208,-537329.4433752659,3177145.897604474
5092,2640380.2254952425,-537329.4433752659,3177709.6688705087
5093,2640950.18976619,-537329.4433752659,3178279.633141456
5094,2641519.8007449107,-537329.4433752659,3178849.244120177
5095,2642088.2895012647,-537329.4433752659,3179417.732876531
5096,2642677.4562438214,-537329.4433752659,3180006.8996190876
5097,2643284.869490786,-537329.4433752659,3180614.3128660517
5098,2643887.045700039,-537437.1898644415,3181324.2355644805
5099,2644428.808938547,-538377.523425206,3182806.332363753
5100,2644953.2192941615,-539289.1849764123,3184242.404270574
5101,2645512.189942294,-540195.3278566494,3185707.5177989434
5102,2646051.9581188164,-541127.9711309264,3187179.929249743
5103,2646598.4388476443,-542014.9897982861,3188613.4286459303
5104,2647177.4016794213,-542807.8385813986,3189985.24026082
5105,2647786.7268607887,-543367.7299718371,3191154.456832626
5106,2648431.7553389356,-543463.517700572,3191895.2730395077
5107,2649040.99739272,-543463.517700572,3192504.515093292
5108,2649637.7495272,-543463.517700572,3193101.267227772
5109,2650225.773265494,-543463.517700572,3193689.290966066
5110,2650801.681158606,-543463.517700572,3194265.198859178
5111,2651373.993783765,-543463.517700572,3194837.511484337
5112,2651945.537478784,-543463.517700572,3195409.055179356
5113,2652507.646193164,-543463.517700572,3195971.163893736
5114,2653060.7563467138,-543463.517700572,3196524.274047286
5115,2653610.728434016,-543463.517700572,3197074.246134588
5116,2654156.086940477,-543463.517700572,3197619.604641049
5117,2654710.8596456815,-543463.517700572,3198174.3773462535
5118,2655267.128647375,-543463.517700572,3198730.646347947
5119,2655817.5371544864,-543463.517700572,3199281.0548550584
5120,2656340.8045058385,-543463.517700572,3199804.3222064106
5121,2656880.219390135,-543463.517700572,3200343.737090707
5122,2657412.921722126,-543751.6715224956,3201164.5932446215
5123,2657926.4215825084,-544665.6377625533,3202592.059345062
5124,2658427.265268421,-545639.3264723989,3204066.5917408196
5125,2658934.9046342205,-546612.0894102895,3205546.99404451
5126,2659431.903669432,-547584.8034804156,3207016.7071498474
5127,2659955.087893201,-548542.3859751184,3208497.4738683193
5128,2660495.978292091,-549426.120999773,3209922.099291864
5129,2661062.5343321464,-550066.2797679614,3211128.8141001076
5130,2661616.517325315,-550162.7002549045,3211779.2175802197
5131,2662202.1927093975,-550162.7002549045,3212364.892964302
5132,2662789.4475175515,-550162.7002549045,3212952.147772456
5133,2663367.7037648754,-550162.7002549045,3213530.40401978
5134,2663939.3305874774,-550162.7002549045,3214102.030842382
5135,2664508.5882739713,-550162.7002549045,3214671.288528876
5136,2665074.7078942177,-550162.7002549045,3215237.4081491223
5137,2665637.6063206336,-550162.7002549045,3215800.306575538
5138,2666201.7308788947,-550162.7002549045,3216364.4311337993
5139,2666771.3418576154,-550162.7002549045,3216934.04211252
5140,2667345.7534542386,-550162.7002549045,3217508.453709143
5141,2667933.444682202,-550162.7002549045,3218096.1449371064
5142,2668535.2675992283,-550162.7002549045,3218697.967854133
5143,2669169.655746787,-550162.7002549045,3219332.3560016914
5144,2669826.9039795944,-550162.7002549045,3219989.604234499
5145,2670456.138217024,-550162.7002549045,3220618.8384719286
5146,2671084.5827424177,-550539.6462546734,3221624.228997091
5147,2671689.1904334654,-551505.3618624649,3223194.55229593
5148,2672280.809439712,-552485.1454441767,3224765.954883889
5149,2672873.1973760994,-553465.1689538325,3226338.3663299317
5150,2673479.3844912187,-554427.6727919952,3227907.057283214
5151,2674091.0788086937,-555383.7287492158,3229474.8075579097
5152,2674718.1309470767,-556267.0565780732,3230985.18752515
5153,2675377.6444065133,-556886.067378509,3232263.711785022
5154,2676052.079267049,-556931.0821185053,3232983.1613855544
5155,2676739.523594281,-556931.0821185053,3233670.6057127863
5156,2677416.410718507,-556931.0821185053,3234347.4928370123
5157,2678028.790838539,-556931.0821185053,3234959.8729570443
5158,2678633.0660192557,-556931.0821185053,3235564.148137761
5159,2679229.7350261533,-556931.0821185053,3236160.8171446584
5160,2679824.055678839,-556931.0821185053,3236755.137797344
5161,2680418.3763315245,-556931.0821185053,3237349.4584500296
5162,2681009.558917962,-556931.0821185053,3237940.641036467
5163,2681591.7429435696,-556931.0821185053,3238522.8250620747
5164,2682176.628615616,-556931.0821185053,3239107.710734121
5165,2682784.727665138,-556931.0821185053,3239715.809783643
5166,2683458.040303307,-556931.0821185053,3240389.1224218123
5167,2684144.3624081723,-556931.0821185053,3241075.4445266775
5168,2684811.045621619,-556931.0821185053,3241742.1277401242
5169,2685451.273481864,-556931.0821185053,3242382.355600369
5170,2686072.2988704997,-556931.0821185053,3243003.380989005
5171,2686680.0654096906,-557520.464069387,3244200.5294790776
5172,2687280.7453224543,-558408.7457884919,3245689.491110946
5173,2687886.4960177643,-559290.7916945785,3247177.287712343
5174,2688487.882514981,-560156.8382799022,3248644.7207948836
5175,2689100.345762596,-560982.4991650668,3250082.844927663
5176,2689707.7590095606,-561721.3350504915,3251429.094060052
5177,2690328.7843981963,-562225.5860792478,3252554.370477444
5178,2690971.7970324624,-562226.1172097519,3253197.9142422145
5179,2691632.183331518,-562226.1172097519,3253858.3005412696
5180,2692279.996583686,-562226.1172097519,3254506.1137934383
5181,2692866.8980996134,-562226.1172097519,3255093.0153093655
5182,2693443.928215092,-562226.1172097519,3255670.045424844
5183,2694018.1735565495,-562226.1172097519,3256244.2907663016
5184,2694572.0734221353,-562226.1172097519,3256798.190631887
5185,2695116.8915993087,-562226.1172097519,3257343.008809061
5186,2695655.8700637957,-562226.1172097519,3257881.987273548
5187,2696193.2691042107,-562226.1172097519,3258419.3863139628
5188,2696702.3008570215,-562226.1172097519,3258928.4180667736
5189,2697251.0468124785,-562226.1172097519,3259477.1640222305
5190,2697814.0283664768,-562226.1172097519,3260040.1455762284
5191,2698958.861435752,-562226.1172097519,3261184.9786455035
5192,2700162.5072698044,-562226.1172097519,3262388.6244795565
5193,2701352.8942544125,-562226.1172097519,3263579.0114641646
5194,2702552.508400703,-562226.1172097519,3264778.625610455
5195,2703726.3114325576,-562226.1172097519,3265952.4286423093
5196,2704966.076201304,-562226.1172097519,3267192.193411056
5197,2706118.0582426935,-562226.1172097519,3268344.1754524456
5198,2707305.286379158,-562226.1172097519,3269531.4035889097
5199,2708530.919458841,-562226.1172097519,3270757.036668593
5200,2709781.698632298,-562226.1172097519,3272007.81584205
5201,2711052.012787695,-562226.1172097519,3273278.129997447
5202,2712413.4763375493,-562226.1172097519,3274639.5935473014
5203,2713759.395029434,-562226.1172097519,3275985.512239186
5204,2715083.160220523,-562226.1172097519,3277309.2774302745
5205,2716307.421695091,-562226.1172097519,3278533.538904843
5206,2717452.254764366,-562226.1172097519,3279678.371974118
5207,2718579.7972964346,-562226.1172097519,3280805.9145061867
5208,2719690.75587575,-562226.1172097519,3281916.8730855016
5209,2720789.9934659014,-562226.1172097519,3283016.1106756534
5210,2721875.8059514426,-562226.1172097519,3284101.9231611947
5211,2722955.342304488,-562226.1172097519,3285181.45951424
5212,2724023.864252823,-562226.1172097519,3286249.9814625746
5213,2725112.6277675508,-562226.1172097519,3287338.744977303
5214,2726211.865357702,-562226.1172097519,3288437.9825674538
5215,2727344.811182648,-562226.1172097519,3289570.9283924
5216,2728469.901451026,-562226.1172097519,3290696.018660778
5217,2729544.907350813,-562226.1172097519,3291771.024560565
5218,2730578.1832040725,-562226.1172097519,3292804.3004138246
5219,2731561.000614619,-562226.1172097519,3293787.117824371
5220,2732543.9842803306,-562226.1172097519,3294770.101490082
5221,2733517.3667102377,-562226.1172097519,3295743.4839199893
5222,2734508.9125169697,-562226.1172097519,3296735.0297267213
5223,2735540.4426909923,-562226.1172097519,3297766.559900744
5224,2736656.0979787316,-562226.1172097519,3298882.2151884837
5225,2737840.70759634,-562226.1172097519,3300066.8248060923
5226,2739033.339025682,-562226.1172097519,3301259.456235434
5227,2740232.2881513103,-562226.1172097519,3302458.405361062
5228,2741416.897768919,-562226.1172097519,3303643.0149786705
5229,2742601.0086210314,-562226.1172097519,3304827.1258307835
5230,2743775.6844925047,-562226.1172097519,3306001.8017022563
5231,2744919.436903205,-562226.1172097519,3307145.554112957
5232,2746035.092190944,-562226.1172097519,3308261.2094006957
5233,2747149.1680546114,-562226.1172097519,3309375.2852643635
5234,2748264.823342351,-562226.1172097519,3310490.9405521024
5235,2748826.5787645043,-562226.1172097519,3311052.695974256
5236,2749316.0755353747,-562226.1172097519,3311542.192745127
5237,2749860.561202217,-562226.1172097519,3312086.678411969
5238,2750427.8238267256,-562226.1172097519,3312653.9410364777
5239,2751004.8539422043,-562226.1172097519,3313230.9711519564
5240,2751570.100722832,-562226.1172097519,3313796.2179325838
5241,2752120.7793945875,-562226.1172097519,3314346.8966043396
5242,2752659.4045668477,-562671.3423407814,3315330.746907629
5243,2753210.166366186,-563656.0538052566,3316866.2201714427
5244,2753762.944009405,-564544.2514321795,3318307.1954415846
5245,2754348.6193934875,-565412.3899627571,3319761.0093562445
5246,2754934.731197379,-566243.5064254111,3321178.23762279
5247,2755506.7113122074,-567017.7705636902,3322524.4818758974
5248,2756087.7523335526,-567688.8553393626,3323776.6076729153
5249,2756688.432246316,-568149.1645584677,3324837.5968047837
5250,2757273.754338172,-568182.544405936,3325456.2987441076
5251,2757880.294745518,-568182.544405936,3326062.839151454
5252,2758482.4709547707,-568182.544405936,3326665.0153607065
5253,2759076.8747350387,-568182.544405936,3327259.419140975
5254,2759659.141888229,-568182.544405936,3327841.6862941654
5255,2760235.3822916723,-568182.544405936,3328417.926697608
5256,2760800.7121998826,-568182.544405936,3328983.256605819
5257,2761362.467622036,-568182.544405936,3329545.0120279724
5258,2761918.7366237296,-568182.544405936,3330101.281029666
5259,2762472.6364893154,-568182.544405936,3330655.180895251
5260,2763021.133062024,-568182.544405936,3331203.67746796
5261,2763576.2590594552,-568182.544405936,3331758.8034653915
5262,2764132.1747689224,-568182.544405936,3332314.719174858
5263,2764686.427926735,-568182.544405936,3332868.9723326713
5264,2765217.197542428,-568182.544405936,3333399.7419483643
5265,2765723.091228991,-568182.544405936,3333905.635634927
5266,2766220.090264202,-568643.6592260236,3334863.7494902257
5267,2766708.007611001,-569670.2709715146,3336378.2785825157
5268,2767235.1196130537,-570657.482354904,3337892.601967958
5269,2767805.873596037,-571627.2819459212,3339433.1555419583
5270,2768366.506795823,-572588.7623502172,3340955.26914604
5271,2768886.282788701,-573551.4956372767,3342437.7784259776
5272,2769421.3334749043,-574422.5815470059,3343843.9150219103
5273,2769961.0185238444,-575019.4887116405,3344980.507235485
5274,2770508.2058371254,-575079.0424705386,3345587.248307664
5275,2771082.970725975,-575079.0424705386,3346162.0131965135
5276,2771663.1389077017,-575079.0424705386,3346742.18137824
5277,2772238.6935085873,-575079.0424705386,3347317.735979126
5278,2772809.094199344,-575079.0424705386,3347888.1366698826
5279,2773376.0035316264,-575079.0424705386,3348455.046002165
5280,2773940.1280898876,-575079.0424705386,3349019.170560426
5281,2774500.3248698646,-575079.0424705386,3349579.367340403
5282,2775055.0144474865,-575079.0424705386,3350134.056918025
5283,2775603.7604029435,-575079.0424705386,3350682.802873482
5284,2776151.73742826,-575079.0424705386,3351230.7798987986
5285,2776703.6422318607,-575079.0424705386,3351782.684702399
5286,2777255.1937432345,-575079.0424705386,3352334.236213773
5287,2777806.038670155,-575079.0424705386,3352885.0811406937
5288,2778330.4490257697,-575079.0424705386,3353409.4914963082
5289,2778862.714937952,-575079.0424705386,3353941.7574084904
5290,2779406.8473125678,-575389.0690194288,3354795.9163319967
5291,2779945.8257770548,-576338.5338178446,3356284.359594899
5292,2780506.355067363,-577271.9007859319,3357778.255853295
5293,2781036.33497102,-578212.8900086796,3359249.2249796996
5294,2781603.9508877555,-579124.687326196,3360728.6382139516
5295,2782164.916597873,-580022.2397263596,3362187.1563242325
5296,2782730.9530905364,-580845.3138135046,3363576.266904041
5297,2783298.215715045,-581407.8574479116,3364706.0731629566
5298,2783879.610028617,-581444.8484066934,3365324.4584353105
5299,2784457.866275941,-581444.8484066934,3365902.7146826345
5300,2785047.11614608,-581444.8484066934,3366491.9645527736
5301,2785638.735152327,-581444.8484066934,3367083.5835590204
5302,2786225.636668254,-581444.8484066934,3367670.4850749476
5303,2786809.046825707,-581444.8484066934,3368253.8952324004
5304,2787389.651427243,-581444.8484066934,3368834.4998339363
5305,2787965.2060281285,-581444.8484066934,3369410.054434822
5306,2788537.8719455143,-581444.8484066934,3369982.720352208
5307,2789104.344857987,-581444.8484066934,3370549.1932646804
5308,2789663.7519259285,-581444.8484066934,3371108.600332622
5309,2790232.2406822825,-581444.8484066934,3371677.089088976
5310,2790810.9333494157,-581444.8484066934,3372255.781756109
5311,2791987.8536656224,-581444.8484066934,3373432.702072316
5312,2793214.1933297585,-581444.8484066934,3374659.041736452
5313,2794469.877030596,-581444.8484066934,3375914.7254372896
5314,2795739.5261653317,-581444.8484066934,3377184.374572025
5315,2796958.176528066,-581444.8484066934,3378403.0249347594
5316,2797558.773313247,-582354.0058768315,3379912.7791900784
5317,2798150.828739303,-583276.1423906195,3381426.9711299227
5318,2798757.8055664585,-584174.1153439679,3382931.9209104264
5319,2799415.053799266,-585011.6072350554,3384426.6610343214
5320,2800018.3522308855,-585795.4390466181,3385813.7912775036
5321,2800615.8940774016,-586275.5284922222,3386891.4225696237
5322,2801207.5130836484,-586280.559573934,3387488.0726575824
5323,2801813.2637789585,-586280.559573934,3388093.8233528924
5324,2802406.794719608,-586280.559573934,3388687.354293542
5325,2802991.3270994276,-586280.559573934,3389271.8866733615
5326,2803566.0088606942,-586280.559573934,3389846.568434628
5327,2804142.2492641374,-586280.559573934,3390422.8088380713
5328,2804716.6608607606,-586280.559573934,3390997.2204346946
5329,2805292.215461646,-586280.559573934,3391572.77503558
5330,2805862.616152403,-586280.559573934,3392143.175726337
5331,2806429.4423571024,-586280.559573934,3392710.0019310364
5332,2806995.1255575395,-586280.559573934,3393275.6851314735
5333,2807582.712876024,-586280.559573934,3393863.272449958
5334,2808243.0991750797,-586280.559573934,3394523.6587490137
5335,2808941.204614796,-586280.559573934,3395221.76418873
5336,2809657.3695218596,-586280.559573934,3395937.9290957935
5337,2810383.301919893,-586280.559573934,3396663.861493827
5338,2811095.539048672,-586280.559573934,3397376.098622606
5339,2811791.275352281,-586850.4491221067,3398641.7244743877
5340,2812483.0838776063,-587711.0093961871,3400194.0932737933
5341,2813145.735403291,-588582.8424701238,3401728.577873415
5342,2813830.831376311,-589439.0302651263,3403269.8616414373
5343,2814515.5740571045,-590314.6979927348,3404830.2720498396
5344,2815234.004190797,-591077.8072362208,3406311.8114270177
5345,2815896.4063337334,-591585.8607065621,3407482.2670402955
5346,2816558.8084766697,-591587.9875883918,3408146.7960650614
5347,2817240.766383442,-591587.9875883918,3408828.7539718337
5348,2817917.1339602764,-591587.9875883918,3409505.121548668
5349,2818588.8671743735,-591587.9875883918,3410176.854762765
5350,2819234.6853645565,-591587.9875883918,3410822.672952948
5351,2819831.0010792273,-591587.9875883918,3411418.988667619
5352,2820422.5161759956,-591587.9875883918,3412010.503764387
5353,2821012.555758171,-591587.9875883918,3412600.5433465624
5354,2821602.242048119,-591587.9875883918,3413190.229636511
5355,2822186.005497799,-591587.9875883918,3413773.9930861904
5356,2822759.544254803,-591587.9875883918,3414347.5318431947
5357,2823342.4348648638,-591587.9875883918,3414930.4224532554
5358,2824046.2968896837,-591587.9875883918,3415634.2844780753
5359,2824798.601513336,-591587.9875883918,3416386.5891017276
5360,2825526.4666276677,-591587.9875883918,3417114.4542160593
5361,2826223.345935539,-591587.9875883918,3417811.3335239305
5362,2826898.217215884,-591587.9875883918,3418486.2048042757
5363,2827567.685203352,-592139.7151489978,3419707.40035235
5364,2828242.9929035064,-592962.0519572969,3421205.0448608035
5365,2828891.5127401277,-593862.6645592288,3422754.1772993566
5366,2829541.6951284036,-594711.4789528351,3424253.174081239
5367,2830201.291715423,-595581.1180479894,3425782.4097634126
5368,2830882.8963299687,-596286.6062115093,3427169.502541478
5369,2831569.1145253554,-596721.5901823989,3428290.7047077543
5370,2832272.623257949,-596721.5901823989,3428994.213440348
5371,2832944.356472046,-596721.5901823989,3429665.946654445
5372,2833596.887214534,-596721.5901823989,3430318.477396933
5373,2834231.794909484,-596721.5901823989,3430953.385091883
5374,2834802.9853122765,-596721.5901823989,3431524.5754946754
5375,2835374.5290072956,-596721.5901823989,3432096.1191896945
5376,2835941.7916318043,-596721.5901823989,3432663.381814203
5377,2836502.757341922,-596721.5901823989,3433224.3475243207
5378,2837055.4310756624,-596721.5901823989,3433777.0212580613
5379,2837601.475384681,-596721.5901823989,3434323.06556708
5380,2838146.2935618544,-596721.5901823989,3434867.8837442533
5381,2838700.1934274402,-596721.5901823989,3435421.783609839
5382,2839265.440208068,-596721.5901823989,3435987.030390467
5383,2839843.3431631657,-596721.5901823989,3436564.9333455646
5384,2840411.3954997105,-596721.5901823989,3437132.9856821094
5385,2840970.012855616,-596721.5901823989,3437691.603038015
5386,2841507.7651882577,-596721.5901823989,3438229.3553706566
5387,2842013.409492072,-597628.7481186404,3439642.1576107126
5388,2842531.5229332955,-598598.6248790468,3441130.1478123423
5389,2843040.222175775,-599480.8390590372,3442521.0612348123
5390,2844083.5980303357,-599480.8390590372,3443564.437089373
5391,2845068.867704572,-599480.8390590372,3444549.7067636093
5392,2846091.835737574,-599480.8390590372,3445572.674796611
5393,2847161.230525527,-599480.8390590372,3446642.0695845643
5394,2848289.6458972143,-599480.8390590372,3447770.4849562515
5395,2849458.045636192,-599480.8390590372,3448938.884695229
5396,2850612.272122315,-599480.8390590372,3450093.1111813523
5397,2851739.6483992185,-599480.8390590372,3451220.4874582556
5398,2852849.9003940807,-599480.8390590372,3452330.739453118
5399,2853946.7272843327,-599480.8390590372,3453427.56634337
5400,2855033.4126094924,-599480.8390590372,3454514.2516685296
5401,2856112.948962538,-599480.8390590372,3455593.788021575
5402,2857187.7470433684,-599480.8390590372,3456668.5861024056
5403,2858244.423311165,-599480.8390590372,3457725.262370202
5404,2859290.0851742504,-599480.8390590372,3458770.9242332876
5405,2860354.7832537796,-599480.8390590372,3459835.622312817
5406,2861443.92084263,-599480.8390590372,3460924.759901667
5407,2862565.187242203,-599480.8390590372,3462046.02630124
5408,2863681.5491143954,-599480.8390590372,3463162.3881734326
5409,2864769.647608462,-599480.8390590372,3464250.486667499
5410,2865822.4584436617,-599480.8390590372,3465303.297502699
5411,2866852.409193612,-599480.8390590372,3466333.2482526493
5412,2867868.394509665,-599480.8390590372,3467349.2335687024
5413,2868999.7609105394,-599480.8390590372,3468480.5999695766
5414,2870146.8384245485,-599480.8390590372,3469627.6774835857
5415,2871321.3480408564,-599480.8390590372,3470802.1870998936
5416,2872543.8638361874,-599480.8390590372,3472024.7028952246
5417,2873827.644659986,-599480.8390590372,3473308.483719023
5418,2875156.272814664,-599480.8390590372,3474637.111873701
5419,2876518.775459302,-599480.8390590372,3475999.6145183393
5420,2877867.8529993305,-599480.8390590372,3477348.6920583677
5421,2879179.190616802,-599480.8390590372,3478660.029675839
5422,2880383.709290473,-599480.8390590372,3479864.54834951
5423,2881569.3580028657,-599480.8390590372,3481050.197061903
5424,2882736.884902225,-599480.8390590372,3482217.723961262
5425,2883902.832377512,-599480.8390590372,3483383.671436549
5426,2885059.34487216,-599480.8390590372,3484540.183931197
5427,2886207.2952257874,-599480.8390590372,3485688.1342848246
5428,2887347.3900228473,-599480.8390590372,3486828.2290818845
5429,2888506.1885260204,-599480.8390590372,3487987.0275850575
5430,2889664.114189575,-599480.8390590372,3489144.953248612
5431,2890819.2135153166,-599480.8390590372,3490300.0525743538
5432,2891923.8959621363,-599480.8390590372,3491404.7350211735
5433,2893022.2607126688,-599480.8390590372,3492503.099771706
5434,2894118.2147633024,-599480.8390590372,3493599.0538223395
5435,2895210.303381339,-599480.8390590372,3494691.1424403763
5436,2896292.9570187367,-599480.8390590372,3495773.796077774
5437,2897347.3472780082,-599480.8390590372,3496828.1863370454
5438,2898463.7091502007,-599480.8390590372,3497944.548209238
5439,2899579.36443794,-599480.8390590372,3499060.203496977
5440,2900738.162941113,-599480.8390590372,3500219.0020001503
5441,2901968.5342930113,-599480.8390590372,3501449.3733520485
5442,2903269.6056540166,-599480.8390590372,3502750.4447130538
5443,2904605.2165256436,-599480.8390590372,3504086.0555846808
5444,2905931.3924166313,-599480.8390590372,3505412.2314756685
5445,2907255.1576077202,-599480.8390590372,3506735.9966667574
5446,2908537.5252626124,-599480.8390590372,3508018.3643216495
5447,2909721.428295768,-599480.8390590372,3509202.267354805
5448,2910896.8107516943,-599480.8390590372,3510377.6498107314
5449,2912069.2006146424,-599480.8390590372,3511550.0396736795
5450,2913233.568665858,-599480.8390590372,3512714.407724895
5451,2914398.6433015266,-599480.8390590372,3513879.4823605637
5452,2915559.1874839365,-599480.8390590372,3515040.0265429737
5453,2916738.560063834,-599480.8390590372,3516219.399122871
5454,2917925.7882002983,-599480.8390590372,3517406.6272593355
5455,2919154.580128125,-599480.8390590372,3518635.419187162
5456,2919768.269507585,-599480.8390590372,3519249.1085666222
5457,2920349.663821157,-599480.8390590372,3519830.502880194
5458,2920913.788379418,-599668.4205688514,3520582.2089482695
5459,2921464.1968865297,-600633.9753143353,3522098.172200865
5460,2922009.8879033215,-601656.0102362942,3523665.8981396155
5461,2922568.9416790362,-602612.8136595365,3525181.755338573
5462,2923132.7129450706,-603621.1905152452,3526753.903460316
5463,2923719.1780411885,-604556.4318701767,3528275.6099113654
5464,2924343.777915881,-605439.8748252038,3529783.652741085
5465,2925015.4280023957,-606018.4221443621,3531033.850146758
5466,2925669.538168955,-606040.8527754727,3531710.390944428
5467,2926346.425293181,-606040.8527754727,3532387.278068654
5468,2927018.241634861,-606040.8527754727,3533059.094410334
5469,2927685.6106508654,-606040.8527754727,3533726.463426338
5470,2928319.292213971,-606040.8527754727,3534360.1449894435
5471,2928913.2595744296,-606040.8527754727,3534954.1123499023
5472,2929504.088868641,-606040.8527754727,3535544.9416441135
5473,2930093.7751585892,-606040.8527754727,3536134.627934062
5474,2930679.4505426716,-606040.8527754727,3536720.3033181443
5475,2931265.2090543364,-606040.8527754727,3537306.061829809
5476,2931850.531146192,-606040.8527754727,3537891.3839216647
5477,2932463.70097826,-606040.8527754727,3538504.5537537327
5478,2933134.208060512,-606040.8527754727,3539175.0608359845
5479,2933818.1610292695,-606040.8527754727,3539859.013804742
5480,2934496.960087898,-606040.8527754727,3540537.812863371
5481,2935148.1815709583,-606040.8527754727,3541189.034346431
5482,2935782.21642629,-606040.8527754727,3541823.069201763
5483,2936406.8163009826,-606794.6842212863,3543201.500522269
5484,2937056.5622694492,-607686.3481582184,3544742.9104276677
5485,2937699.325520967,-608499.8269838846,3546199.1525048516
5486,2938333.443503882,-609385.6889245971,3547719.132428479
5487,2938973.3180719,-610108.9488452799,3549082.26691718
5488,2939613.6290597273,-610798.3178153922,3550411.9468751196
5489,2940274.721943236,-611252.6007530219,3551527.322696258
5490,2940962.872854921,-611252.6007530219,3552215.473607943
5491,2941660.5418748283,-611252.6007530219,3552913.14262785
5492,2942345.991140075,-611252.6007530219,3553598.591893097
5493,2943029.071269214,-611252.6007530219,3554281.672022236
5494,2943682.308596155,-611252.6007530219,3554934.909349177
5495,2944284.1315131816,-611252.6007530219,3555536.7322662035
5496,2944881.9435243416,-611252.6007530219,3556134.5442773635
5497,2945476.7005968364,-611252.6007530219,3556729.3013498583
5498,2946070.667957295,-611252.6007530219,3557323.268710317
5499,2946667.0875814445,-611252.6007530219,3557919.6883344664
5500,2947332.1913708197,-611252.6007530219,3558584.7921238416
5501,2948005.150716762,-611252.6007530219,3559257.751469784
5502,2948690.246689782,-611252.6007530219,3559942.847442804
5503,2949390.2640639013,-611252.6007530219,3560642.864816923
5504,2950087.0602441896,-611252.6007530219,3561339.6609972115
5505,2950749.3792595435,-611252.6007530219,3562001.9800125654
5506,2951388.131605195,-611252.6007530219,3562640.732358217
5507,2952011.1728377114,-611823.8716913392,3563835.0445290506
5508,2952628.353575646,-612684.4954651104,3565312.8490407565
5509,2953236.452625168,-613616.7727395387,3566853.2253647065
5510,2953856.7714293506,-614531.3133801186,3568388.084809469
5511,2954495.1704827757,-615414.01764963,3569909.1881324057
5512,2955146.1425830876,-616199.6299714787,3571345.772554566
5513,2955835.602754201,-616653.7649304889,3572489.36768469
5514,2956536.846260165,-616653.7649304889,3573190.611190654
5515,2957249.0002613617,-616653.7649304889,3573902.7651918507
5516,2957940.808786687,-616653.7649304889,3574594.573717176
5517,2958624.2422080524,-616653.7649304889,3575278.0071385414
5518,2959271.182620602,-616653.7649304889,3575924.947551091
5519,2959918.2269426305,-616653.7649304889,3576571.9918731195
5520,2960580.5459579844,-616653.7649304889,3577234.3108884734
5521,2961240.849129457,-616653.7649304889,3577894.614059946
5522,2961898.8039467176,-616653.7649304889,3578552.5688772066
5523,2962555.615759716,-616653.7649304889,3579209.380690205
5524,2963216.0020587714,-616653.7649304889,3579869.7669892604
5525,2963889.75111675,-616653.7649304889,3580543.516047239
5526,2964585.404292776,-616653.7649304889,3581239.169223265
5527,2965298.784425818,-616653.7649304889,3581952.549356307
5528,2966018.877111165,-616653.7649304889,3582672.642041654
5529,2966697.6761697936,-616653.7649304889,3583351.4411002826
5530,2967347.42213826,-616653.7649304889,3584001.187068749
5531,2967980.667281556,-616853.9745183685,3584834.6417999244
5532,2968637.9155143634,-617735.1935397006,3586373.109054064
5533,2969307.3003742485,-618603.5973571689,3587910.8977314173
5534,2969937.4074512967,-619509.2924775704,3589446.699928867
5535,2970604.423175074,-620390.1529990007,3590994.576174075
5536,2971284.8016577745,-621132.7561143618,3592417.5577721363
5537,2971985.255451703,-621609.7469776754,3593595.002429378
5538,2972689.9903161414,-621609.7469776754,3594299.7372938166
5539,2973388.864685998,-621609.7469776754,3594998.611663673
5540,2974047.2559230677,-621609.7469776754,3595657.002900743
5541,2974666.3693773006,-621609.7469776754,3596276.116354976
5542,2975347.18427981,-621609.7469776754,3596956.9312574854
5543,2976023.634984227,-621609.7469776754,3597633.381961902
5544,2976696.5112025863,-621609.7469776754,3598306.2581802616
5545,2977367.018284838,-621609.7469776754,3598976.7652625134
5546,2978031.3323621773,-621609.7469776754,3599641.0793398526
5547,2978696.8725713617,-621609.7469776754,3600306.619549037
5548,2979365.1144269845,-621609.7469776754,3600974.8614046597
5549,2980045.1396174585,-621609.7469776754,3601654.8865951337
5550,2980742.0189253297,-621609.7469776754,3602351.765903005
5551,2981456.874572965,-621609.7469776754,3603066.62155064
5552,2982161.6094374033,-621609.7469776754,3603771.3564150785
5553,2982837.270429784,-621609.7469776754,3604447.017407459
5554,2983497.22030903,-621609.7469776754,3605106.967286705
5555,2984146.61298527,-622009.4725529411,3606156.0855382113
5556,2984786.9239730975,-622963.064280925,3607749.9882540223
5557,2985444.089078322,-623862.3650874646,3609306.4541657865
5558,2986133.1128296256,-624711.6802509199,3610844.7930805455
5559,2986810.7896658876,-625584.4618643711,3612395.251530259
5560,2987517.7897569556,-626425.7322295235,3613943.521986479
5561,2988222.9610412037,-626992.5605398206,3615215.5215810244
5562,2988935.55146221,-627021.4520469967,3615957.0035092067
5563,2989644.2972325147,-627021.4520469967,3616665.749279511
5564,2990339.1606965046,-627021.4520469967,3617360.6127435016
5565,2991028.620867618,-627021.4520469967,3618050.0729146143
5566,2991706.9835064374,-627021.4520469967,3618728.4355534343
5567,2992388.1517011737,-627021.4520469967,3619409.6037481707
5568,2993064.6024055905,-627021.4520469967,3620086.054452587
5569,2993739.826978162,-627021.4520469967,3620761.279025159
5570,2994403.351343465,-627021.4520469967,3621424.803390462
5571,2995061.825708118,-627021.4520469967,3622083.2777551142
5572,2995723.3550114357,-627021.4520469967,3622744.807058432
5573,2996393.17629113,-627021.4520469967,3623414.6283381265
5574,2997080.973910589,-627021.4520469967,3624102.4259575857
5575,2997775.8373745787,-627021.4520469967,3624797.289421575
5576,2998441.29445618,-627021.4520469967,3625462.746503177
5577,2999070.175401383,-627021.4520469967,3626091.62744838
5578,2999674.783092431,-627021.4520469967,3626696.2351394277
5579,3000268.3140330804,-627454.2672513569,3627722.5812844373
5580,3000850.1447664616,-628431.3146128245,3629281.459379286
5581,3001425.262947538,-629302.6532633965,3630727.9162109345
5582,3002004.745326707,-630214.0443876853,3632218.7897143923
5583,3002595.2213286916,-631127.2650840998,3633722.4864127915
5584,3003199.8290197393,-631930.7854109511,3635130.61443069
5585,3003831.4947389634,-632479.0412182976,3636310.535957261
5586,3004487.0804201164,-632484.1331441693,3636971.213564286
5587,3005163.531124533,-632484.1331441693,3637647.6642687023
5588,3005827.7620742894,-632484.1331441693,3638311.895218459
5589,3006418.5913685006,-632484.1331441693,3638902.72451267
5590,3006992.130125505,-632484.1331441693,3639476.263269674
5591,3007554.3219674677,-632484.1331441693,3640038.455111637
5592,3008111.713191528,-632484.1331441693,3640595.846335697
5593,3008663.701122711,-632484.1331441693,3641147.8342668805
5594,3009208.9557196936,-632484.1331441693,3641693.0888638627
5595,3009747.9341841806,-632484.1331441693,3642232.0673283497
5596,3010289.697422689,-632484.1331441693,3642773.830566858
5597,3010838.5472876243,-632484.1331441693,3643322.6804317934
5598,3011389.662379189,-632484.1331441693,3643873.7955233585
5599,3011935.353395981,-632484.1331441693,3644419.48654015
5600,3012452.3446148373,-632484.1331441693,3644936.4777590064
5601,3012934.4222489498,-632484.1331441693,3645418.5553931193
5602,3013386.6362989685,-632900.0925140276,3646286.7288129963
5603,3013825.0719521507,-633986.8578006203,3647811.929752771
5604,3014257.563983168,-635064.1181997664,3649321.682182934
5605,3014687.7076599733,-636034.9552384056,3650722.662898379
5606,3015124.563889084,-637101.4473329725,3652226.0112220566
5607,3015563.4359620754,-638100.061827798,3653663.4977898733
5608,3016034.935611286,-638992.1837985204,3655027.1194098066
5609,3016545.629915751,-639620.4210279627,3656166.0509437136
5610,3017102.667847585,-639664.5455613902,3656767.213408975
5611,3017678.575740697,-639664.5455613902,3657343.121302087
5612,3018254.81614414,-639664.5455613902,3657919.3617055304
5613,3018821.7254764223,-639664.5455613902,3658486.2710378123
5614,3019377.20476608,-639664.5455613902,3659041.75032747
5615,3019927.2599809645,-639664.5455613902,3659591.8055423545
5616,3020472.8678701734,-639664.5455613902,3660137.4134315634
5617,3021012.989338923,-639664.5455613902,3660677.5349003132
5618,3021545.3383786874,-639664.5455613902,3661209.8839400774
5619,3022072.533508323,-639664.5455613902,3661737.079069713
5620,3022598.5025061136,-639664.5455613902,3662263.0480675036
5621,3023127.277059821,-639664.5455613902,3662791.8226212114
5622,3023658.046675514,-639664.5455613902,3663322.5922369044
5623,3024184.0156733044,-639664.5455613902,3663848.561234695
5624,3024708.0727366926,-639664.5455613902,3664372.6182980826
5625,3025240.421776457,-639664.5455613902,3664904.9673378477
5626,3025771.1082645673,-639969.5273861241,3665740.6356506916
5627,3026284.6081249495,-640915.8438260389,3667200.4519509883
5628,3026834.933504478,-641853.8847935064,3668688.8182979845
5629,3027415.2055956833,-642723.7995436983,3670139.0051393816
5630,3027995.7270696363,-643591.3431526149,3671587.070222251
5631,3028601.041345137,-644445.1471758679,3673046.188521005
5632,3029237.86097449,-645286.2429577908,3674524.103932281
5633,3029875.9067356884,-645842.1702078541,3675718.076943543
5634,3030521.3716336447,-645843.1280763219,3676364.4997099666
5635,3031184.4595791386,-645843.1280763219,3677027.5876554605
5636,3031842.414396399,-645843.1280763219,3677685.542472721
5637,3032496.8778551854,-645843.1280763219,3678340.0059315073
5638,3033133.261064729,-645843.1280763219,3678976.389141051
5639,3033721.3887125016,-645843.1280763219,3679564.5167888235
5640,3034311.781586903,-645843.1280763219,3680154.909663225
5641,3034902.2575888876,-645843.1280763219,3680745.3856652095
5642,3035486.4574583764,-645843.1280763219,3681329.5855346983
5643,3036068.2050641747,-645843.1280763219,3681911.3331404966
5644,3036651.9685138543,-645843.1280763219,3682495.096590176
5645,3037250.6533646327,-645843.1280763219,3683093.7814409547
5646,3037917.7729978887,-645843.1280763219,3683760.9010742106
5647,3038587.94756981,-645843.1280763219,3684431.0756461318
5648,3039260.906915752,-645843.1280763219,3685104.034992074
5649,3039930.7281954465,-645843.1280763219,3685773.8562717685
5650,3040553.333008154,-645843.1280763219,3686396.4610844757
5651,3041152.0178589323,-646403.7932752898,3687555.811134222
5652,3041777.84386547,-647304.8606656615,3689082.7045311313
5653,3042382.804848744,-648160.3826968597,3690543.1875456036
5654,3043039.9699539687,-648973.0830770922,3692013.053031061
5655,3043681.9434934505,-649791.9811036739,3693473.9245971246
5656,3044336.843372046,-650523.8076345882,3694860.6510066343
5657,3045005.0852276688,-651026.3118399245,3696031.3970675934
5658,3045696.893752994,-651026.3118399245,3696723.2055929187
5659,3046389.491990355,-651026.3118399245,3697415.8038302795
5660,3047065.5062749623,-651026.3118399245,3698091.818114887
5661,3047725.892574018,-651026.3118399245,3698752.2044139425
5662,3048328.50520308,-651026.3118399245,3699354.8170430046
5663,3048925.25733756,-651026.3118399245,3699951.5691774846
5664,3049516.086631771,-651026.3118399245,3700542.398471696
5665,3050105.4196294933,-651026.3118399245,3701131.731469418
5666,3050691.967853194,-651026.3118399245,3701718.2796931188
5667,3051275.814430456,-651026.3118399245,3702302.126270381
5668,3051857.9153284812,-651026.3118399245,3702884.227168406
5669,3052464.4557358273,-651026.3118399245,3703490.767575752
5670,3053144.4809263013,-651026.3118399245,3704170.792766226
5671,3053829.5768993213,-651026.3118399245,3704855.888739246
5672,3054517.37451878,-651026.3118399245,3705543.6863587047
5673,3055172.2743973755,-651026.3118399245,3706198.5862373
5674,3055792.510073975,-651026.3118399245,3706818.8219139
5675,3056394.3329910017,-651740.3227082777,3708134.655699279
5676,3056982.024218965,-652644.8161032452,3709626.84032221
5677,3057564.644664382,-653539.4595754418,3711104.1042398238
5678,3058151.5461803093,-654505.1897176042,3712656.7358979136
5679,3058751.7896732637,-655459.641061659,3714211.4307349226
5680,3059357.976788383,-656367.8620079787,3715725.838796362
5681,3059992.3649359415,-657000.8161019626,3716993.181037904
5682,3060653.5409470326,-657049.8827678012,3717703.423714834
5683,3061319.78774067,-657049.8827678012,3718369.6705084713
5684,3061909.0376108093,-657049.8827678012,3718958.9203786105
5685,3062473.058259592,-657049.8827678012,3719522.941027393
5686,3063028.10112944,-657049.8827678012,3720077.9838972413
5687,3063576.5145745664,-657049.8827678012,3720626.3973423676
5688,3064118.9843975278,-657049.8827678012,3721168.867165329
5689,3064659.8747964175,-657049.8827678012,3721709.7575642187
5690,3065195.36190243,-657049.8827678012,3722245.2446702314
5691,3065714.618347916,-657049.8827678012,3722764.501115717
5692,3066224.522940345,-657049.8827678012,3723274.4057081463
5693,3066742.199961759,-657049.8827678012,3723792.0827295603
5694,3067274.5490015238,-657049.8827678012,3724324.431769325
5695,3067886.5758293294,-657049.8827678012,3724936.4585971306
5696,3068531.167887667,-657049.8827678012,3725581.0506554684
5697,3069165.202742999,-657049.8827678012,3726215.0855108
5698,3069804.640891208,-657257.1838453142,3727061.824736522
5699,3070411.5345907803,-658140.5925934155,3728552.127184196
5700,3071012.6509233536,-659034.166215291,3730046.817138645
5701,3071610.899354323,-660006.6024042086,3731617.5017585317
5702,3072282.9858606467,-660842.4453671533,3733125.4312278
5703,3072942.582447666,-661663.166056131,3734605.748503797
5704,3073566.392610323,-662427.1478959612,3735993.540506284
5705,3074161.9393948535,-662872.4757862386,3737034.415181092
5706,3074748.051198745,-662872.4757862386,3737620.5269849836
5707,3075339.3169127656,-662872.4757862386,3738211.792699004
5708,3075916.7834480535,-662872.4757862386,3738789.259234292
5709,3076484.046072562,-662872.4757862386,3739356.5218588007
5710,3077042.310136241,-662872.4757862386,3739914.7859224794
5711,3077593.8616476147,-662872.4757862386,3740466.337433853
5712,3078133.276531911,-662872.4757862386,3741005.7523181494
5713,3078665.1060242835,-662872.4757862386,3741537.581810522
5714,3079180.600946651,-662872.4757862386,3742053.0767328893
5715,3079692.8746751877,-662872.4757862386,3742565.350461426
5716,3080204.795111498,-662872.4757862386,3743077.2708977363
5717,3080725.714108638,-662872.4757862386,3743598.1898948764
5718,3081261.554506877,-662872.4757862386,3744134.0302931154
5719,3081815.1010802365,-662872.4757862386,3744687.576866475
5720,3082375.6303705447,-662872.4757862386,3745248.106156783
5721,3082918.5366133153,-662872.4757862386,3745791.012399554
5722,3083444.2562283576,-663313.0607033373,3746757.3169316947
5723,3083953.7244009776,-664341.3031898625,3748295.02759084
5724,3084462.4236434572,-665338.329556594,3749800.7532000514
5725,3084997.827621887,-666280.1956020414,3751278.023223928
5726,3085524.2330394867,-667256.0031354917,3752780.2361749783
5727,3086052.6543009677,-668099.5302492024,3754152.18455017
5728,3086585.356632959,-668929.3268631476,3755514.6834961064
5729,3087138.8200787357,-669433.5366509743,3756572.35672971
5730,3087721.440524153,-669437.4611655984,3757158.901689751
5731,3088303.6245497605,-669437.4611655984,3757741.085715359
5732,3088868.185527831,-669437.4611655984,3758305.646693429
5733,3089423.6648174883,-669437.4611655984,3758861.1259830864
5734,3090512.636151173,-669437.4611655984,3759950.0973167717
5735,3091579.4124202705,-669437.4611655984,3761016.8735858686
5736,3092616.5121423355,-669437.4611655984,3762053.9733079337
5737,3093641.7661838625,-669437.4611655984,3763079.227349461
5738,3094661.7831876776,-669437.4611655984,3764099.2443532757
5739,3095673.7368159685,-669437.4611655984,3765111.197981567
5740,3096676.297027412,-669437.4611655984,3766113.7581930105
5741,3097701.551068939,-669437.4611655984,3767139.012234537
5742,3098756.6479126634,-669437.4611655984,3768194.109078262
5743,3099840.7147189677,-669437.4611655984,3769278.1758845663
5744,3100950.093874211,-669437.4611655984,3770387.555039809
5745,3102106.606368859,-669437.4611655984,3771544.067534457
5746,3103204.098279773,-669437.4611655984,3772641.559445371
5747,3104318.17414344,-669437.4611655984,3773755.6353090387
5748,3105399.2899205573,-669437.4611655984,3774836.751086156
5749,3106492.957962666,-669437.4611655984,3775930.4191282643
5750,3107525.360976307,-669437.4611655984,3776962.8221419053
5751,3108517.6133674923,-669437.4611655984,3777955.074533091
5752,3109535.8846920705,-669437.4611655984,3778973.3458576687
5753,3110626.393886036,-669437.4611655984,3780063.855051634
5754,3111785.192389209,-669437.4611655984,3781222.6535548074
5755,3112964.3987139403,-669437.4611655984,3782401.8598795384
5756,3114112.349067568,-669437.4611655984,3783549.8102331664
5757,3115240.390365133,-669437.4611655984,3784677.8515307317
5758,3116349.062935923,-669437.4611655984,3785786.524101522
5759,3117451.459374218,-669437.4611655984,3786888.920539816
5760,3118537.978444212,-669437.4611655984,3787975.4396098107
5761,3119603.3831081945,-669437.4611655984,3789040.8442737926
5762,3120642.93509395,-669437.4611655984,3790080.396259548
5763,3121669.0619750954,-669437.4611655984,3791106.523140694
5764,3122692.030008097,-669437.4611655984,3792129.491173696
5765,3123724.433021738,-669437.4611655984,3793161.894187337
5766,3124763.818752328,-669437.4611655984,3794201.2799179265
5767,3125794.476086732,-669437.4611655984,3795231.9372523306
5768,3126799.280742909,-669437.4611655984,3796236.7419085074
5769,3127776.8611157434,-669437.4611655984,3797214.322281342
5770,3128713.4180265036,-669437.4611655984,3798150.879192102
5771,3129648.3955131923,-669437.4611655984,3799085.8566787904
5772,3130734.041743568,-669437.4611655984,3800171.5029091667
5773,3131775.00689823,-669437.4611655984,3801212.4680638285
5774,3132784.7160817874,-669437.4611655984,3802222.1772473855
5775,3133839.9791806773,-669437.4611655984,3803277.4403462755
5776,3134366.384598277,-670248.7042197007,3804615.088817978
5777,3134942.292491389,-670835.3583704701,3805777.6508618593
5778,3135532.6853657905,-670877.239214086,3806409.9245798765
5779,3136129.0010804613,-670877.239214086,3807006.2402945473
5780,3136722.615148694,-670877.239214086,3807599.8543627798
5781,3137309.516664621,-670877.239214086,3808186.755878707
5782,3137891.7006902285,-670877.239214086,3808768.9399043145
5783,3138472.7417115737,-670877.239214086,3809349.9809256596
5784,3139049.086024495,-670877.239214086,3809926.325238581
5785,3139619.923135061,-670877.239214086,3810497.162349147
5786,3140185.606335498,-670877.239214086,3811062.845549584
5787,3140747.7150498778,-670877.239214086,3811624.9542639637
5788,3141310.260184067,-670877.239214086,3812187.499398153
5789,3141873.6781578744,-670877.239214086,3812750.9173719604
5790,3142440.5874901568,-670877.239214086,3813317.8267042427
5791,3143030.627072332,-670877.239214086,3813907.866286418
5792,3143634.79834357,-670877.239214086,3814512.037557656
5793,3144211.038747013,-670877.239214086,3815088.277961099
5794,3144768.076678847,-670877.239214086,3815645.315892933
5795,3145318.1318937317,-671815.1934881344,3817133.325381866
5796,3145860.6848442755,-672753.8277784353,3818614.512622711
5797,3146404.380799082,-673642.7691623269,3820047.149961409
5798,3146979.9353999677,-674583.144652819,3821563.0800527865
5799,3147571.9908260237,-675510.6947820224,3823082.685608046
5800,3148197.3804127523,-676267.0752055295,3824464.455618282
5801,3148829.399424203,-676765.2614303562,3825594.6608545594
5802,3149490.5754352943,-676765.2614303562,3826255.8368656505
5803,3150161.1864270247,-676765.2614303562,3826926.447857381
5804,3150828.991862838,-676765.2614303562,3827594.2532931943
5805,3151492.869520368,-676765.2614303562,3828258.1309507242
5806,3152125.324951628,-676765.2614303562,3828890.5863819844
5807,3152714.928113994,-676765.2614303562,3829480.1895443504
5808,3153299.8137860405,-676765.2614303562,3830065.0752163967
5809,3153880.7716798033,-676765.2614303562,3830646.0331101594
5810,3154461.376281339,-676765.2614303562,3831226.6377116954
5811,3155040.7755329255,-676765.2614303562,3831806.0369632817
5812,3155619.8214922855,-676765.2614303562,3832385.0829226417
5813,3156229.416838296,-676765.2614303562,3832994.6782686524
5814,3156906.303962522,-676765.2614303562,3833671.5653928784
5815,3157599.25549211,-676765.2614303562,3834364.516922466
5816,3158283.2084608674,-676765.2614303562,3835048.4698912236
5817,3158956.084679227,-676765.2614303562,3835721.346109583
5818,3159602.256161636,-676765.2614303562,3836367.5175919924
5819,3160279.143285862,-677568.0872378056,3837847.2305236678
5820,3160952.8923438406,-678453.8359343285,3839406.728278169
5821,3161610.057449065,-679405.7674148653,3841015.82486393
5822,3162244.882016433,-680382.9108099131,3842627.792826346
5823,3162884.507201703,-681356.2338238697,3844240.7410255726
5824,3163530.678684112,-682184.8601551591,3845715.5388392713
5825,3164207.129388529,-682764.7083813794,3846971.8377699084
5826,3164901.6395602925,-682776.9142917818,3847678.5538520743
5827,3165595.713312247,-682776.9142917818,3848372.6276040287
5828,3166283.157639479,-682776.9142917818,3849060.0719312606
5829,3166964.2427066322,-682776.9142917818,3849741.156998414
5830,3167638.677567168,-682776.9142917818,3850415.59185895
5831,3168307.709134827,-682776.9142917818,3851084.6234266087
5832,3168970.797080321,-682776.9142917818,3851747.7113721026
5833,3169627.608893319,-682776.9142917818,3852404.523185101
5834,3170216.422343649,-682776.9142917818,3852993.336635431
5835,3170802.5341475406,-682776.9142917818,3853579.4484393224
5836,3171386.29759722,-682776.9142917818,3854163.211889002
5837,3171995.186358778,-682776.9142917818,3854772.1006505596
5838,3172671.2006433853,-682776.9142917818,3855448.114935167
5839,3173357.5227482505,-682776.9142917818,3856134.4370400324
5840,3174035.9892965485,-682776.9142917818,3856812.9035883304
5841,3174692.3646897376,-682776.9142917818,3857469.2789815194
5842,3175318.8972807284,-682776.9142917818,3858095.8115725103
5843,3175932.1502403794,-683596.9453862503,3859529.09562663
5844,3176554.40176086,-684610.0810884371,3861164.482849297
5845,3177173.951634902,-685621.9231373429,3862795.874772245
5846,3177824.923735214,-686542.8252794284,3864367.749014642
5847,3178484.0007748413,-687476.010518846,3865960.0112936874
5848,3179150.247568479,-688322.4244334298,3867472.6720019085
5849,3179820.858560209,-688897.8729002184,3868718.7314604274
5850,3180513.0203777608,-688934.6727673124,3869447.693145073
5851,3181203.6027712408,-688934.6727673124,3870138.275538553
5852,3181874.5462733023,-688934.6727673124,3870809.2190406146
5853,3182537.634218796,-688934.6727673124,3871472.3069861084
5854,3183176.822984257,-688934.6727673124,3872111.495751569
5855,3183772.016476561,-688934.6727673124,3872706.689243873
5856,3184361.619638927,-688934.6727673124,3873296.292406239
5857,3184948.0847350447,-688934.6727673124,3873882.757502357
5858,3185532.180695055,-688934.6727673124,3874466.8534623673
5859,3186114.8011404723,-688934.6727673124,3875049.4739077846
5860,3186532.4548979737,-688934.6727673124,3875467.127665286
5861,3187086.3547635595,-688934.6727673124,3876021.027530872
5862,3187742.813284331,-688934.6727673124,3876677.4860516433
5863,3188407.8339461233,-688934.6727673124,3877342.5067134355
5864,3189068.220245179,-688934.6727673124,3878002.893012491
5865,3189723.0162142958,-688934.6727673124,3878657.688981608
5866,3190369.270824288,-688934.6727673124,3879303.9435916003
5867,3190995.803415279,-688934.6727673124,3879930.476182591
5868,3191667.9730491852,-688934.6727673124,3880602.6458164975
5869,3192294.505640176,-689382.3767209087,3881676.8823610847
5870,3192934.733500421,-689881.4217610213,3882816.155261442
5871,3193567.2720592637,-690258.5925216946,3883825.864580958
5872,3194258.997457006,-690478.7760468082,3884737.7735038144
5873,3194929.9409590675,-690478.7760468082,3885408.717005876
5874,3195611.192281387,-690478.7760468082,3886089.968328195
5875,3196296.288254407,-690478.7760468082,3886775.064301215
5876,3196973.5286708595,-690478.7760468082,3887452.304717668
5877,3197651.2055071215,-690478.7760468082,3888129.98155393
5878,3198297.106824887,-690478.7760468082,3888775.8828716953
5879,3198897.3503178414,-690478.7760468082,3889376.1263646497
5880,3199490.527966264,-690478.7760468082,3889969.3040130725
5881,3200081.440388058,-690478.7760468082,3890560.216434866
5882,3200667.5521919494,-690478.7760468082,3891146.328238758
5883,3201248.1567934854,-690478.7760468082,3891726.9328402937
5884,3201828.324975212,-690478.7760468082,3892307.1010220204
5885,3202430.937604274,-690478.7760468082,3892909.7136510825
5886,3203103.1072381805,-690478.7760468082,3893581.883284989
5887,3203777.209588385,-690478.7760468082,3894255.9856351935
5888,3204453.660292802,-690478.7760468082,3894932.4363396103
5889,3205112.487949681,-690478.7760468082,3895591.2639964893
5890,3205750.014163487,-690478.7760468082,3896228.7902102955
5891,3206371.8292641584,-690478.7760468082,3896850.6053109667
5892,3206981.861029979,-690478.7760468082,3897460.637076787
5893,3207583.6839470053,-690478.7760468082,3898062.4599938137
5894,3208192.572708563,-690478.7760468082,3898671.3487553713
5895,3208821.973201158,-690792.0819914802,3899614.055192638
5896,3209467.084806888,-690979.6335333989,3900446.718340287
5897,3210136.1163745467,-690979.6335333989,3901115.7499079453
5898,3210833.432102227,-690979.6335333989,3901813.065635626
5899,3211534.322315965,-690979.6335333989,3902513.9558493635
5900,3212220.64442083,-690979.6335333989,3903200.277954229
5901,3212899.443479459,-690979.6335333989,3903879.0770128574
5902,3213569.264759153,-690979.6335333989,3904548.8982925517
5903,3214226.5129919606,-690979.6335333989,3905206.1465253597
5904,3214878.6073146393,-690979.6335333989,3905858.2408480383
5905,3215527.2102788435,-690979.6335333989,3906506.843812242
5906,3216171.095752728,-690979.6335333989,3907150.729286127
5907,3216810.61702852,-690979.6335333989,3907790.250561919
5908,3217451.3644361566,-690979.6335333989,3908430.9979695557
5909,3218102.669046799,-690979.6335333989,3909082.3025801983
5910,3218777.5403271443,-690979.6335333989,3909757.1738605434
5911,3219468.1227206243,-690979.6335333989,3910447.756254023
5912,3220154.091533263,-690979.6335333989,3911133.725066662
5913,3220821.8969690767,-690979.6335333989,3911801.530502476
5914,3221472.4326495794,-690979.6335333989,3912452.0661829785
5915,3222114.676353705,-690979.6335333989,3913094.3098871037
5916,3222731.0673796036,-690979.6335333989,3913710.7009130027
5917,3223344.3203392546,-690979.6335333989,3914323.9538726537
5918,3223956.3471670602,-690979.6335333989,3914935.9807004593
5919,3224590.0287301657,-690979.6335333989,3915569.6622635648
5920,3225233.041364432,-690979.6335333989,3916212.674897831
5921,3225903.9848664934,-690979.6335333989,3916883.618399892
5922,3226590.20306188,-690979.6335333989,3917569.836595279
5923,3227274.9457426737,-690979.6335333989,3918254.579276073
5924,3227940.756116502,-690979.6335333989,3918920.3896499006
5925,3228593.6401512166,-690979.6335333989,3919573.2736846153
5926,3229240.144143957,-690979.6335333989,3920219.7776773563
5927,3229873.389287253,-690979.6335333989,3920853.0228206515
5928,3230450.5025303145,-690979.6335333989,3921430.1360637136
5929,3231024.041287319,-690979.6335333989,3922003.6748207174
5930,3231591.3039118275,-690979.6335333989,3922570.937445226
5931,3232155.4284700886,-690979.6335333989,3923135.0620034877
5932,3232717.183892242,-690979.6335333989,3923696.817425641
5933,3233283.656804715,-690979.6335333989,3924263.290338114
5934,3233844.290004501,-690979.6335333989,3924823.9235378997
5935,3234395.841515875,-690979.6335333989,3925375.475049274
5936,3234924.699197165,-690979.6335333989,3925904.3327305643
5937,3235420.472100531,-690979.6335333989,3926400.1056339303
5938,3235887.088004257,-690979.6335333989,3926866.721537656
5939,3236340.445058538,-690979.6335333989,3927320.078591937
5940,3236782.3720701947,-690979.6335333989,3927762.005603594
5941,3237216.8799450933,-690979.6335333989,3928196.5134784924
5942,3237656.8742404515,-690979.6335333989,3928636.50777385
5943,3238111.7899369085,-691186.9578791808,3929298.7478160895
5944,3238589.1500807013,-691572.5300058742,3930161.6800865754
5945,3239106.910229698,-691709.6971304861,3930816.607360184
5946,3239667.979849294,-691709.6971304861,3931377.67697978
5947,3240245.8828043914,-691709.6971304861,3931955.5799348773
5948,3240813.228556483,-691709.6971304861,3932522.9256869694
5949,3241370.702908126,-691709.6971304861,3933080.400038612
5950,3241921.817999691,-691709.6971304861,3933631.515130177
5951,3242466.7400863427,-691709.6971304861,3934176.4372168286
5952,3243008.420197268,-691709.6971304861,3934718.1173277544
5953,3243543.4708834714,-691709.6971304861,3935253.1680139573
5954,3244076.173215463,-691709.6971304861,3935785.870345949
5955,3244601.0199908866,-691709.6971304861,3936310.717121373
5956,3245124.640634465,-691709.6971304861,3936834.3377649514
5957,3245654.973830349,-691709.6971304861,3937364.670960835
5958,3246182.605379794,-691709.6971304861,3937892.30251028
5959,3246707.4521552175,-691709.6971304861,3938417.149285704
5960,3247220.1623035637,-691709.6971304861,3938929.8594340496
5961,3247712.090556229,-691709.6971304861,3939421.787686715
5962,3248242.860171922,-691709.6971304861,3939952.557302408
5963,3248758.708386516,-691709.6971304861,3940468.4055170026
5964,3249265.8282049242,-691779.0776695362,3941044.9058744605
5965,3249770.2463768935,-692427.606584959,3942197.852961852
5966,3250284.0787476064,-693025.0448208844,3943309.1235684906
5967,3250823.140339676,-693467.078868267,3944290.219207943
5968,3251386.475185901,-693762.7011139875,3945149.1762998886
5969,3251989.087814963,-693809.3697465732,3945798.457561536
5970,3252621.8965384495,-693809.3697465732,3946431.2662850227
5971,3253214.2844748367,-693809.3697465732,3947023.65422141
5972,3253792.97714197,-693809.3697465732,3947602.346888543
5973,3254359.8033466693,-693809.3697465732,3948169.1730932426
5974,3254925.4865471064,-693809.3697465732,3948734.8562936797
5975,3255489.507195889,-693809.3697465732,3949298.8769424623
5976,3256055.190396326,-693809.3697465732,3949864.5601428994
5977,3256618.9616623605,-693809.3697465732,3950428.3314089337
5978,3257176.3528864207,-693809.3697465732,3950985.722632994
5979,3257726.324973723,-693809.3697465732,3951535.694720296
5980,3258275.1748386584,-693809.3697465732,3952084.5445852317
5981,3258836.930260812,-693809.3697465732,3952646.300007385
5982,3259411.6120220786,-693809.3697465732,3953220.981768652
5983,3259988.72526514,-693809.3697465732,3953798.0950117134
5984,3260540.630068741,-693809.3697465732,3954349.999815314
5985,3261062.317996021,-693809.3697465732,3954871.687742594
5986,3261618.150577905,-693809.3697465732,3955427.5203244784
5987,3262169.702089279,-693851.509955965,3956021.212045244
5988,3262709.9066856112,-694727.4793016426,3957437.385987254
5989,3263249.5917345514,-695580.1589662771,3958829.7507008286
5990,3263800.3535338896,-696386.4379307524,3960186.791464642
5991,3264372.416776301,-697078.2513179985,3961450.6680942993
5992,3264976.1516277296,-697592.1035616375,3962568.255189367
5993,3265622.323110139,-697770.0286528842,3963392.351763023
5994,3266298.7738145557,-697770.0286528842,3964068.80246744
5995,3266978.7990050297,-697770.0286528842,3964748.827657914
5996,3267599.907521248,-697770.0286528842,3965369.936174132
5997,3268195.4543057783,-697770.0286528842,3965965.4829586623
5998,3268787.5097318343,-697770.0286528842,3966557.5383847184
5999,3269381.1238000668,-697770.0286528842,3967151.152452951
6000,3269967.9421884115,-697770.0286528842,3967737.9708412956
6001,3270554.053992303,-697770.0286528842,3968324.082645187
6002,3271137.900569565,-697770.0286528842,3968907.929222449
6003,3271720.0845951727,-697770.0286528842,3969490.1132480567
6004,3272301.4789087446,-697770.0286528842,3970071.5075616287
6005,3272906.0034722094,-697770.0286528842,3970676.0321250935
6006,3273567.8860677537,-697770.0286528842,3971337.9147206377
6007,3274246.6851263824,-697770.0286528842,3972016.7137792665
6008,3274928.9755434855,-697770.0286528842,3972699.0041963696
6009,3275588.9254227313,-697770.0286528842,3973358.9540756154
6010,3276226.4516365374,-697770.0286528842,3973996.4802894215
6011,3276856.4755860027,-698374.6381542437,3975231.1137402463
6012,3277476.025460045,-699321.0943888373,3976797.1198488823
6013,3278091.211135994,-700253.8838026682,3978345.0949386624
6014,3278726.035703362,-701157.1576599316,3979883.1933632935
6015,3279358.5742622046,-701998.315920605,3981356.8901828094
6016,3280014.6794907497,-702675.3225133974,3982690.002004147
6017,3280696.200977713,-702894.8926028227,3983591.0935805356
6018,3281397.444483677,-702894.8926028227,3984292.3370864997
6019,3282099.041281868,-702894.8926028227,3984993.9338846905
6020,3282772.00062781,-702894.8926028227,3985666.893230633
6021,3283383.5910358066,-702894.8926028227,3986278.4836386293
6022,3283989.3417311166,-702894.8926028227,3986884.2343339394
6023,3284590.374936107,-702894.8926028227,3987485.26753893
6024,3285184.342296566,-702894.8926028227,3988079.2348993886
6025,3285775.6080105864,-702894.8926028227,3988670.500613409
6026,3286362.8628187403,-702894.8926028227,3989257.755421563
6027,3286948.621330405,-702894.8926028227,3989843.513933228
6028,3287537.8712005443,-702894.8926028227,3990432.763803367
6029,3288149.89802835,-702894.8926028227,3991044.7906311727
6030,3288845.551204376,-702894.8926028227,3991740.4438071987
6031,3289548.7066447427,-702894.8926028227,3992443.5992475655
6032,3290263.645419961,-702894.8926028227,3993158.5380227836
6033,3290949.17781279,-702894.8926028227,3993844.070415613
6034,3291615.861026237,-702894.8926028227,3994510.7536290595
6035,3292278.076132112,-703568.061962006,3995846.1380941183
6036,3292906.167365279,-704610.4691529498,3997516.636518229
6037,3293601.030829269,-705620.2274515642,3999221.2582808333
6038,3294354.8940950977,-706595.7658294432,4000950.6599245407
6039,3295065.115379996,-707574.3384996944,4002639.4538796907
6040,3295750.8971555736,-708421.0944736738,4004171.9916292476
6041,3296456.8581518573,-708777.5962593708,4005234.454411228
6042,3297172.9399313377,-708777.5962593708,4005950.5361907086
6043,3297888.315126365,-708777.5962593708,4006665.911385736
6044,3298590.348344365,-708777.5962593708,4007367.944603736
6045,3299280.494318036,-708777.5962593708,4008058.090577407
6046,3299966.380003092,-708777.5962593708,4008743.976262463
6047,3300643.267127318,-708777.5962593708,4009420.8633866888
6048,3301315.3536336417,-708777.5962593708,4010092.9498930126
6049,3301981.93293761,-708777.5962593708,4010759.529196981
6050,3302637.0821989537,-708777.5962593708,4011414.6784583246
6051,3303280.8845452555,-708777.5962593708,4012058.4808046264
6052,3303925.9130234024,-708777.5962593708,4012703.5092827734
6053,3304583.5145484367,-708777.5962593708,4013361.1108078077
6054,3305273.3280117763,-708777.5962593708,4014050.924271147
6055,3305979.9748106175,-708777.5962593708,4014757.5710699884
6056,3306691.7755195876,-708777.5962593708,4015469.3717789585
6057,3307401.2278743456,-708777.5962593708,4016178.8241337165
6058,3308085.180843103,-708777.5962593708,4016862.777102474
6059,3308760.4885432576,-708891.405833089,4017651.894376347
6060,3309468.7978937533,-709852.0907771012,4019320.8886708543
6061,3310184.526381007,-710809.0805664102,4020993.6069474174
6062,3310911.6017833026,-711763.7890897024,4022675.390873005
6063,3311641.565869098,-712712.1746395947,4024353.740508693
6064,3312362.0949742543,-713540.8541817428,4025902.949155997
6065,3313069.614612714,-713889.9075105693,4026959.5221232832
6066,3313770.4216988687,-713889.9075105693,4027660.329209438
6067,3314461.7938043843,-713889.9075105693,4028351.7013149536
6068,3315134.3167305174,-713889.9075105693,4029024.2242410867
6069,3315800.1271043457,-713889.9075105693,4029690.034614915
6070,3316455.7959130816,-713889.9075105693,4030345.703423651
6071,3317094.548258733,-713889.9075105693,4030984.4557693023
6072,3317713.661712966,-713889.9075105693,4031603.5692235352
6073,3318289.569606078,-713889.9075105693,4032179.477116647
6074,3318866.6828491394,-713889.9075105693,4032756.5903597088
6075,3319444.1493844274,-713889.9075105693,4033334.0568949967
6076,3320025.5436979993,-713889.9075105693,4033915.4512085686
6077,3320612.4452139265,-713889.9075105693,4034502.352724496
6078,3321202.921215911,-713889.9075105693,4035092.8287264802
6079,3321804.7441329374,-713889.9075105693,4035694.6516435067
6080,3322435.6409220216,-713889.9075105693,4036325.548432591
6081,3323084.597178452,-713889.9075105693,4036974.5046890215
6082,3323674.6367606274,-713889.9075105693,4037564.5442711967
6083,3324235.602470745,-714229.6834203252,4038465.28589107
6084,3324762.4443081543,-715205.490369572,4039967.934677726
6085,3325338.7886210755,-716160.0038286139,4041498.7924496895
6086,3325930.054335096,-717105.1437272163,4043035.1980623123
6087,3326501.244737888,-717654.3375892367,4044155.5823271247
6088,3327063.7898720773,-718053.737552724,4045117.527424801
6089,3327675.0477697426,-718164.3309327911,4045839.3787025334
6090,3328283.583239074,-718164.3309327911,4046447.914171865
6091,3328889.770354193,-718164.3309327911,4047054.101286984
6092,3329471.5179599915,-718164.3309327911,4047635.848892783
6093,3330045.9295566147,-718164.3309327911,4048210.260489406
6094,3330612.4024690874,-718164.3309327911,4048776.7334018787
6095,3331169.7936931476,-718164.3309327911,4049334.124625939
6096,3331724.836562996,-718164.3309327911,4049889.167495787
6097,3332272.8967158953,-718164.3309327911,4050437.2276486866
6098,3332818.587732687,-718164.3309327911,4050982.918665478
6099,3333364.985333932,-718164.3309327911,4051529.316266723
6100,3333911.736227404,-718164.3309327911,4052076.0671601947
6101,3334469.127451464,-718164.3309327911,4052633.458384255
6102,3335028.970939215,-718164.3309327911,4053193.3018720057
6103,3335583.30722461,-718164.3309327911,4053747.6381574012
6104,3336117.2149065505,-718164.3309327911,4054281.5458393414
6105,3336652.61888498,-718164.3309327911,4054816.949817771
6106,3337201.4687499157,-718164.3309327911,4055365.7996827066
6107,3337810.7108037,-718164.3309327911,4055975.041736491
6108,3338422.0518289483,-718164.3309327911,4056586.382761739
6109,3339039.5858591096,-718302.9484007772,4057342.534259887
6110,3339675.283266096,-718779.214178831,4058454.4974449268
6111,3340313.682319521,-719122.6736830749,4059436.3560025957
6112,3340969.787548066,-719324.3306766079,4060294.118224674
6113,3341635.2446296676,-719324.3306766079,4060959.5753062754
6114,3342297.2103527947,-719324.3306766079,4061621.5410294025
6115,3342963.789656763,-719324.3306766079,4062288.1203333708
6116,3343613.5356252296,-719324.3306766079,4062937.8663018374
6117,3344259.790235222,-719324.3306766079,4063584.1209118296
6118,3344847.8139735158,-719324.3306766079,4064172.1446501235
6119,3345434.2790696337,-719324.3306766079,4064758.6097462415
6120,3346018.0425193133,-719324.3306766079,4065342.373195921
6121,3346602.574899133,-719324.3306766079,4065926.9055757406
6122,3347186.3383488124,-719324.3306766079,4066510.66902542
6123,3347767.3793701576,-719324.3306766079,4067091.7100467654
6124,3348348.6905561467,-719324.3306766079,4067673.0212327545
6125,3348930.0848697186,-719324.3306766079,4068254.4155463264
6126,3349514.2847392075,-719324.3306766079,4068838.6154158153
6127,3350078.845717278,-719324.3306766079,4069403.1763938856
6128,3350608.493110604,-719324.3306766079,4069932.823787212
6129,3351107.3209526353,-719324.3306766079,4070431.651629243
6130,3351583.454964583,-719324.3306766079,4070907.7856411906
6131,3352048.2420614883,-719324.3306766079,4071372.572738096
6132,3352491.0419127634,-719324.3306766079,4071815.372589371
6133,3352965.9497928657,-719898.4767004526,4072864.4264933183
6134,3353500.6471868423,-720415.6008399483,4073916.2480267906
6135,3354039.18923152,-720800.7135056152,4074839.902737135
6136,3354555.82715815,-721092.7057506442,4075648.532908794
6137,3355094.805622637,-721138.0812072117,4076232.8868298484
6138,3355645.9207142014,-721138.0812072117,4076784.001921413
6139,3356194.770579137,-721138.0812072117,4077332.8517863485
6140,3356727.4729111283,-721138.0812072117,4077865.55411834
6141,3357247.6021962324,-721138.0812072117,4078385.683403444
6142,3357758.732920507,-721138.0812072117,4078896.8141277186
6143,3358265.063026879,-721138.0812072117,4079403.1442340906
6144,3358767.9017747766,-721138.0812072117,4079905.982981988
6145,3359261.3263239306,-721138.0812072117,4080399.4075311422
6146,3359753.6078688223,-721138.0812072117,4080891.689076034
6147,3360242.6682198835,-721138.0812072117,4081380.749427095
6148,3360732.4975010846,-721138.0812072117,4081870.578708296
6149,3361229.8498285227,-721138.0812072117,4082367.9310357342
6150,3361740.5441329875,-721138.0812072117,4082878.625340199
6151,3362265.3909084112,-721138.0812072117,4083403.472115623
6152,3362781.5924152317,-721138.0812072117,4083919.6736224433
6153,3363272.211408469,-721138.0812072117,4084410.2926156805
6154,3363739.700151813,-721138.0812072117,4084877.781359025
6155,3364203.261116874,-721138.0812072117,4085341.3423240855
6156,3364658.176813331,-721684.4877593061,4086342.664572637
6157,3365111.1805753857,-722312.9765907691,4087424.157166155
6158,3365570.460469936,-722877.7469480386,4088448.2074179747
6159,3366045.8047698475,-723299.52216867,4089345.3269385174
6160,3366554.9404321364,-723569.8391783413,4090124.779610478
6161,3367092.692764778,-723609.7271365529,4090702.419901331
6162,3367658.0226729885,-723609.7271365529,4091267.7498095413
6163,3368223.2694536163,-723609.7271365529,4091832.996590169
6164,3368772.4518288826,-723609.7271365529,4092382.1789654354
6165,3369314.6514872,-723609.7271365529,4092924.378623753
6166,3369843.4260409074,-723609.7271365529,4093453.15317746
6167,3370357.2584116203,-723609.7271365529,4093966.985548173
6168,3370863.671645575,-723609.7271365529,4094473.398782128
6169,3371365.720681437,-723609.7271365529,4094975.4478179896
6170,3371867.7697172984,-723609.7271365529,4095477.4968538512
6171,3372363.189328438,-723609.7271365529,4095972.916464991
6172,3372863.679722124,-723609.7271365529,4096473.4068586766
6173,3373367.661474284,-723609.7271365529,4096977.3886108366
6174,3373912.5835609357,-723609.7271365529,4097522.3106974885
6175,3374502.1867233017,-723609.7271365529,4098111.9138598545
6176,3375108.020546194,-723609.7271365529,4098717.747682747
6177,3375733.056840696,-723609.7271365529,4099342.7839772487
6178,3376356.0980732124,-723609.7271365529,4099965.825209765
6179,3376902.142382231,-723609.7271365529,4100511.869518784
6180,3377390.496148839,-723609.7271365529,4101000.223285392
6181,3377874.485717354,-724234.9593839773,4102109.445101331
6182,3378365.5411304003,-724879.1898534456,4103244.730983846
6183,3378870.3957221787,-725329.761657974,4104200.1573801525
6184,3379407.3583427845,-725654.2070784731,4105061.5654212576
6185,3379970.6931890096,-725704.3547938007,4105675.04798281
6186,3380557.2414127104,-725704.3547938007,4106261.5962065114
6187,3381146.1379906232,-725704.3547938007,4106850.4927844238
6188,3381722.8148138756,-725704.3547938007,4107427.1696076766
6189,3382287.7083022767,-725704.3547938007,4107992.063096077
6190,3382845.18265392,-725704.3547938007,4108549.5374477208
6191,3383393.928609377,-725704.3547938007,4109098.2834031777
6192,3383930.8912299825,-725704.3547938007,4109635.2460237835
6193,3384456.0705157374,-725704.3547938007,4110160.425309538
6194,3384975.410088806,-725704.3547938007,4110679.7648826065
6195,3385489.5957517456,-725704.3547938007,4111193.9505455466
6196,3386004.2178344945,-725704.3547938007,4111708.572628295
6197,3386530.186832285,-725704.3547938007,4112234.5416260855
6198,3387070.3914286173,-725704.3547938007,4112774.746222418
6199,3387621.589647765,-725704.3547938007,4113325.9444415653
6200,3388174.367290984,-725704.3547938007,4113878.722084785
6201,3388714.1354675065,-725704.3547938007,4114418.490261307
6202,3389238.1094033117,-725704.3547938007,4114942.4641971122
6203,3389756.222844535,-725704.3547938007,4115460.5776383355
6204,3390272.4243513555,-725704.3547938007,4115976.779145156
6205,3390780.417009382,-725704.3547938007,4116484.7718031825
6206,3391293.4804499545,-725704.3547938007,4116997.835243755
6207,3391827.3050043127,-725704.3547938007,4117531.6597981136
6208,3392384.779355956,-725848.9928998254,4118233.772255781
6209,3392972.0341641097,-725848.9928998254,4118821.027063935
6210,3393583.292061775,-725848.9928998254,4119432.2849616003
6211,3394190.7053087396,-725848.9928998254,4120039.698208565
6212,3394793.6712300284,-725848.9928998254,4120642.6641298537
6213,3395392.00278858,-725848.9928998254,4121240.9956884054
6214,3395972.1709703067,-725848.9928998254,4121821.163870132
6215,3396538.290590553,-725848.9928998254,4122387.2834903784
6216,3397089.92522951,-725848.9928998254,4122938.918129335
6217,3397630.37920859,-725848.9928998254,4123479.3721084152
6218,3398164.6401827573,-725848.9928998254,4124013.6330825826
6219,3398690.2558883214,-725848.9928998254,4124539.248788147
6220,3399203.651839225,-725848.9928998254,4125052.6447390504
6221,3399725.693058732,-725848.9928998254,4125574.6859585573
6222,3400277.244570106,-725848.9928998254,4126126.237469931
6223,3400907.351647154,-725848.9928998254,4126756.3445469793
6224,3401594.4426821596,-725848.9928998254,4127443.435581985
6225,3402256.657788035,-725848.9928998254,4128105.6506878603
6226,3402936.329686282,-725848.9928998254,4128785.3225861075
6227,3403480.025641089,-725848.9928998254,4129329.018540914
6228,3404062.646086506,-725848.9928998254,4129911.6389863314
6229,3404647.282375804,-725848.9928998254,4130496.2752756295
6230,3405309.1649713484,-725848.9928998254,4131158.1578711737
6231,3405979.3395432695,-725848.9928998254,4131828.332443095
6232,3406677.881402795,-725848.9928998254,4132526.8743026205
6233,3407375.882933033,-725848.9928998254,4133224.8758328585
6234,3407975.3574958476,-725848.9928998254,4133824.350395673
6235,3408588.1740356893,-725848.9928998254,4134437.1669355147
6236,3409187.2121786945,-725848.9928998254,4135036.20507852
6237,3409772.097850741,-725848.9928998254,4135621.090750566
6238,3410336.222409002,-725848.9928998254,4136185.2153088273
6239,3410885.0722739375,-725848.9928998254,4136734.065173763
6240,3411427.978516708,-725848.9928998254,4137276.9714165335
6241,3411965.73084935,-725848.9928998254,4137814.723749175
6242,3412499.9086959343,-725848.9928998254,4138348.9015957597
6243,3413029.1196694514,-725848.9928998254,4138878.1125692767
6244,3413562.5909315827,-725848.9928998254,4139411.583831408
6245,3414100.8628116166,-725848.9928998254,4139949.855711442
6246,3414646.1174085992,-725848.9928998254,4140495.1103084246
6247,3415204.2983446955,-725848.9928998254,4141053.291244521
6248,3415764.0587048633,-725848.9928998254,4141613.0516046886
6249,3416305.3855235623,-725848.9928998254,4142154.3784233877
6250,3416853.7989686886,-725848.9928998254,4142702.791868514
6251,3417431.6187962033,-726580.6690106689,4144012.2878068723
6252,3417999.234712939,-727523.725435678,4145522.9601486167
6253,3418562.216266937,-728480.2452756424,4147042.4615425793
6254,3419129.1255992195,-729467.9458797773,4148597.071478997
6255,3419720.7446054663,-730320.2517789061,4150040.9963843725
6256,3420341.8531216844,-730994.3478596085,4151336.200981293
6257,3421006.0840714406,-731209.7694829837,4152215.8535544244
6258,3421683.7609077026,-731209.7694829837,4152893.5303906864
6259,3422291.4235374155,-731209.7694829837,4153501.193020399
6260,3422881.4631195907,-731209.7694829837,4154091.2326025744
6261,3423470.71298973,-731209.7694829837,4154680.4824727136
6262,3424058.487345276,-731209.7694829837,4155268.2568282597
6263,3424640.6713708835,-731209.7694829837,4155850.440853867
6264,3425212.2981934855,-731209.7694829837,4156422.067676469
6265,3425783.0521764685,-731209.7694829837,4156992.8216594523
6266,3426348.382084679,-731209.7694829837,4157558.1515676626
6267,3426905.4200165127,-731209.7694829837,4158115.1894994965
6268,3427462.5618578247,-731209.7694829837,4158672.3313408084
6269,3428005.4681005953,-731209.7694829837,4159215.237583579
6270,3428544.4465650823,-731209.7694829837,4159754.216048066
6271,3429094.4186523845,-731209.7694829837,4160304.1881353683
6272,3429646.7598757944,-731209.7694829837,4160856.529358778
6273,3430190.455830601,-731209.7694829837,4161400.225313585
6274,3430716.5079559744,-731209.7694829837,4161926.277438958
6275,3431260.203910781,-732021.131993805,4163281.335904586
6276,3431790.1006868556,-732944.7276432496,4164734.828330105
6277,3432315.7163924198,-733972.3052612322,4166288.021653652
6278,3432847.629012375,-734961.4375353272,4167809.066547702
6279,3433401.528877961,-735555.0196161384,4168956.5484940996
6280,3433996.722370265,-735989.3007394536,4169986.0231097187
6281,3434620.532532922,-736096.5061453375,4170717.0386782596
6282,3435282.415128466,-736096.5061453375,4171378.921273804
6283,3435957.7228286206,-736096.5061453375,4172054.228973958
6284,3436621.953778377,-736096.5061453375,4172718.4599237144
6285,3437286.6211479423,-736096.5061453375,4173383.12729328
6286,3437923.4407772953,-736096.5061453375,4174019.946922633
6287,3438517.0548455277,-736096.5061453375,4174613.5609908653
6288,3439105.6189131094,-736096.5061453375,4175202.125058447
6289,3439691.294297192,-736096.5061453375,4175787.8004425294
6290,3440276.6163890474,-736096.5061453375,4176373.122534385
6291,3440860.816258536,-736096.5061453375,4176957.322403874
6292,3441444.9122185465,-736096.5061453375,4177541.418363884
6293,3442053.364560295,-736096.5061453375,4178149.8707056325
6294,3442689.3113500294,-736096.5061453375,4178785.817495367
6295,3443250.713479956,-736096.5061453375,4179347.2196252937
6296,3443803.823633506,-736096.5061453375,4179900.3297788436
6297,3444340.89016359,-736096.5061453375,4180437.396308928
6298,3444851.148048246,-736096.5061453375,4180947.6541935834
6299,3445321.08905528,-736665.9033239706,4181986.992379251
6300,3445752.5419915137,-737717.9077492129,4183470.4497407265
6301,3446183.1220881287,-738709.2029684451,4184892.325056574
6302,3446623.906095523,-739742.5605468292,4186366.4666423523
6303,3447082.749570264,-740370.3480685108,4187453.0976387747
6304,3447577.3794693677,-740808.6415850591,4188386.0210544267
6305,3448105.8007308487,-740961.9556704678,4189067.7564013163
6306,3448663.711502301,-740961.9556704678,4189625.667172769
6307,3449224.5940848356,-740961.9556704678,4190186.549755303
6308,3449775.002591947,-740961.9556704678,4190736.9582624147
6309,3450324.53825944,-740961.9556704678,4191286.4939299077
6310,3450860.378657679,-740961.9556704678,4191822.3343281467
6311,3451384.0824288405,-740961.9556704678,4192346.0380993085
6312,3451897.5822892226,-740961.9556704678,4192859.53795969
6313,3452405.928239476,-740961.9556704678,4193367.8839099435
6314,3452911.219251064,-740961.9556704678,4193873.174921532
6315,3453412.935776595,-740961.9556704678,4194374.891447063
6316,3453911.4103264,-740961.9556704678,4194873.365996867
6317,3454419.3198568434,-740961.9556704678,4195381.2755273115
6318,3454940.675273793,-740961.9556704678,4195902.63094426
6319,3455464.0257527274,-740961.9556704678,4196425.981423195
6320,3455988.436108342,-740961.9556704678,4196950.39177881
6321,3456482.9828798627,-740961.9556704678,4197444.938550331
6322,3456987.0477596056,-741441.8176835565,4198428.865443162
6323,3457474.6118141776,-742459.2230235082,4199933.834837686
6324,3457963.402000595,-743414.3426450765,4201377.744645671
6325,3458447.0382768833,-744397.1571071158,4202844.1953839995
6326,3458951.4564488526,-745311.4862959996,4204262.942744852
6327,3459451.593550312,-746163.2460480153,4205614.839598327
6328,3460007.426132196,-746909.4793430124,4206916.905475209
6329,3460585.68237952,-747156.784435624,4207742.466815144
6330,3461164.2919190708,-747156.784435624,4208321.076354695
6331,3461735.9187416728,-747156.784435624,4208892.703177297
6332,3462292.9566735066,-747156.784435624,4209449.741109131
6333,3462844.5081848805,-747156.784435624,4210001.292620504
6334,3463392.817720528,-747156.784435624,4210549.602156152
6335,3463934.5809590365,-747156.784435624,4211091.36539466
6336,3464470.8577770847,-747156.784435624,4211627.6422127085
6337,3465003.9965288853,-747156.784435624,4212160.78096451
6338,3465523.336101954,-747156.784435624,4212680.120537578
6339,3466029.3129160996,-747156.784435624,4213186.097351723
6340,3466534.957219914,-747156.784435624,4213691.741655538
6341,3467048.0206604865,-747156.784435624,4214204.80509611
6342,3467578.7902761796,-747156.784435624,4214735.574711803
6343,3468122.9226507954,-747156.784435624,4215279.70708642
6344,3468667.740827969,-747156.784435624,4215824.525263593
6345,3469202.3550943625,-747156.784435624,4216359.139529986
6346,3469737.7590727923,-747156.784435624,4216894.543508416
6347,3470256.3089338248,-747156.784435624,4217413.093369449
6348,3470794.0612664665,-747279.9355884674,4218073.996854934
6349,3471355.81668862,-747872.34903407,4219228.1657226905
6350,3471939.9126486303,-748402.2550388116,4220342.167687442
6351,3472518.1688959543,-748831.4992030464,4221349.668099001
6352,3473079.1346060717,-749133.9707394746,4222213.105345546
6353,3473638.9780938225,-749195.8460531699,4222834.8241469925
6354,3474206.6771381404,-749195.8460531699,4223402.52319131
6355,3474782.9175415835,-749195.8460531699,4223978.763594753
6356,3475351.738808268,-749195.8460531699,4224547.584861438
6357,3475911.9355882453,-749195.8460531699,4225107.781641415
6358,3476464.9626142127,-749195.8460531699,4225660.808667382
6359,3476997.5610367255,-749195.8460531699,4226193.407089896
6360,3477514.884765913,-749195.8460531699,4226710.730819083
6361,3478028.7171366257,-749195.8460531699,4227224.563189795
6362,3478544.56535122,-749195.8460531699,4227740.41140439
6363,3479045.4921647147,-749195.8460531699,4228241.338217884
6364,3479544.756426555,-749195.8460531699,4228740.602479725
6365,3480053.1023768084,-749195.8460531699,4229248.948429978
6366,3480576.3697281606,-749195.8460531699,4229772.21578133
6367,3481113.7687685755,-749195.8460531699,4230309.614821745
6368,3481642.1900300565,-749195.8460531699,4230838.036083226
6369,3482140.2281600516,-749195.8460531699,4231336.074213222
6370,3482630.847153289,-749342.8484733135,4231973.6956266025
6371,3483106.1914532003,-750272.3776101104,4233378.5690633105
6372,3483578.8341066735,-751216.2754681259,4234795.109574799
6373,3484054.968118621,-752257.7797281453,4236312.747846766
6374,3484538.1679751,-753204.4687856977,4237742.636760798
6375,3485045.0176288644,-753817.1569632048,4238862.174592069
6376,3485587.923871635,-754257.7301635587,4239845.654035194
6377,3486156.412627989,-754385.0358772303,4240541.448505219
6378,3486744.103855952,-754385.0358772303,4241129.139733182
6379,3487326.7243013694,-754385.0358772303,4241711.7601785995
6380,3487891.1813699612,-754385.0358772303,4242276.217247192
6381,3488453.290084341,-754385.0358772303,4242838.325961571
6382,3488995.4897426586,-754385.0358772303,4243380.525619889
6383,3489523.9110041396,-754385.0358772303,4243908.94688137
6384,3490040.5489307693,-754385.0358772303,4244425.584807999
6385,3490548.541588796,-754385.0358772303,4244933.577466026
6386,3491048.2422704455,-754385.0358772303,4245433.278147676
6387,3491542.43574974,-754385.0358772303,4245927.47162697
6388,3492033.844455013,-754385.0358772303,4246418.880332244
6389,3492532.4021324003,-754385.0358772303,4246917.438009631
6390,3493049.7258615876,-754385.0358772303,4247434.761738818
6391,3493617.4249059055,-754385.0358772303,4248002.460783136
6392,3494214.8836248387,-754385.0358772303,4248599.919502069
6393,3494835.5557212476,-754385.0358772303,4249220.591598478
6394,3495470.0269963886,-754385.0358772303,4249855.062873619
6395,3496044.002173202,-754385.0358772303,4250429.038050433
6396,3497060.6940737083,-754385.0358772303,4251445.729950938
6397,3498066.3715695036,-754385.0358772303,4252451.407446734
6398,3499071.3424808457,-754385.0358772303,4253456.378358076
6399,3500110.0216269824,-754385.0358772303,4254495.0575042125
6400,3501254.8546962575,-754385.0358772303,4255639.890573488
6401,3501837.392014092,-754390.3015728649,4256227.693586957
6402,3502437.3029967155,-754390.3015728649,4256827.60456958
6403,3503035.198135458,-754390.3015728649,4257425.499708323
6404,3503607.9471804267,-754390.3015728649,4257998.248753292
6405,3504169.3493103534,-754390.3015728649,4258559.650883218
6406,3504722.81275613,-754390.3015728649,4259113.114328995
6407,3505269.646777184,-754390.3015728649,4259659.94835005
6408,3505812.1166001456,-754390.3015728649,4260202.41817301
6409,3506352.5705792257,-754390.3015728649,4260742.87215209
6410,3506892.692047975,-754390.3015728649,4261282.99362084
6411,3507424.2513757036,-754390.3015728649,4261814.552948568
6412,3507953.89876903,-754390.3015728649,4262344.200341895
6413,3508484.58525714,-754390.3015728649,4262874.886830005
6414,3509029.4034343134,-754390.3015728649,4263419.705007179
6415,3509586.8777859565,-754390.3015728649,4263977.179358821
6416,3510145.931561671,-754390.3015728649,4264536.233134536
6417,3510701.4108513286,-754390.3015728649,4265091.7124241935
6418,3511229.3956930004,-754390.3015728649,4265619.697265865
6419,3511741.3161293105,-754390.3015728649,4266131.617702175
6420,3512709.2952663405,-754390.3015728649,4267099.596839205
6421,3513665.5949779977,-754390.3015728649,4268055.896550862
6422,3514174.7306402866,-754930.4336948977,4269105.164335184
6423,3514704.627416361,-755324.8783803023,4270029.505796663
6424,3515275.8178191534,-755607.0704226464,4270882.8882418
6425,3515858.001844761,-755612.0340502355,4271470.0358949965
6426,3516447.2517149,-755612.0340502355,4272059.285765136
6427,3517032.5738067557,-755612.0340502355,4272644.607856991
6428,3517602.1847854764,-755612.0340502355,4273214.2188357115
6429,3518165.5196317015,-755612.0340502355,4273777.553681937
6430,3518714.7020069677,-755612.0340502355,4274326.736057203
6431,3519253.597343872,-755612.0340502355,4274865.631394107
6432,3519789.437742111,-755612.0340502355,4275401.471792346
6433,3520320.4775224477,-755612.0340502355,4275932.511572683
6434,3520841.2926101093,-755612.0340502355,4276453.326660344
6435,3521353.9196308726,-755612.0340502355,4276965.953681108
6436,3521864.260643111,-755612.0340502355,4277476.294693347
6437,3522382.3740843344,-755612.0340502355,4277994.40813457
6438,3522903.625591805,-755612.0340502355,4278515.659642041
6439,3523421.053230471,-755612.0340502355,4279033.0872807065
6440,3523922.6658465234,-755612.0340502355,4279534.699896758
6441,3524408.23483911,-755612.0340502355,4280020.268889345
6442,3524922.1711193016,-755612.0340502355,4280534.205169537
6443,3525424.57344739,-755612.0340502355,4281036.607497625
6444,3525909.7060201676,-755986.9705567674,4281896.676576935
6445,3526383.8241882343,-756644.9005854467,4283028.724773681
6446,3526876.895445162,-757186.4017692666,4284063.297214429
6447,3527364.0230799248,-757612.1880680728,4284976.2111479975
6448,3527863.7237615744,-757893.4223319177,4285757.146093492
6449,3528395.1999617205,-757936.8444442614,4286332.044405982
6450,3528947.9776049396,-757936.8444442614,4286884.822049201
6451,3529494.811625994,-757936.8444442614,4287431.656070255
6452,3530029.862312197,-757936.8444442614,4287966.706756459
6453,3530567.261352612,-757936.8444442614,4288504.105796874
6454,3531098.030968305,-757936.8444442614,4289034.875412567
6455,3531626.015809977,-757936.8444442614,4289562.860254238
6456,3532194.504566331,-757936.8444442614,4290131.349010592
6457,3532770.848879252,-757936.8444442614,4290707.6933235135
6458,3533336.8853719155,-757936.8444442614,4291273.729816177
6459,3533896.6457320834,-757936.8444442614,4291833.490176344
6460,3534450.898889896,-757936.8444442614,4292387.743334157
6461,3535007.6043113987,-757936.8444442614,4292944.44875566
6462,3535547.019195695,-757936.8444442614,4293483.863639956
6463,3536077.3523915787,-757936.8444442614,4294014.19683584
6464,3536594.7800302445,-757936.8444442614,4294531.624474506
6465,3537102.336268462,-757936.8444442614,4295039.180712723
6466,3537594.97110558,-757936.8444442614,4295531.815549841
6467,3538096.5837216326,-757936.8444442614,4296033.428165894
6468,3538564.4257572033,-757982.5670889094,4296546.992846113
6469,3539036.7151184496,-758646.2573740139,4297682.972492464
6470,3539543.3985170485,-759277.720691891,4298821.119208939
6471,3540060.2858264265,-759707.7866672878,4299768.072493714
6472,3540608.345979326,-760027.4030323182,4300635.749011644
6473,3541156.3230046425,-760081.6708158758,4301237.993820518
6474,3541718.8681388316,-760081.6708158758,4301800.538954707
6475,3542282.286112639,-760081.6708158758,4302363.956928515
6476,3542845.620958864,-760081.6708158758,4302927.29177474
6477,3543416.1047772034,-760081.6708158758,4303497.77559308
6478,3543977.860199357,-760081.6708158758,4304059.531015232
6479,3544533.775908824,-760081.6708158758,4304615.4467247
6480,3545083.3947038995,-760081.6708158758,4305165.065519775
6481,3545631.808149026,-760081.6708158758,4305713.4789649015
6482,3546175.067684023,-760081.6708158758,4306256.738499898
6483,3546716.394502722,-760081.6708158758,4306798.0653185975
6484,3547256.1626792448,-760081.6708158758,4307337.8334951205
6485,3547808.940322464,-760081.6708158758,4307890.61113834
6486,3548372.275168689,-760081.6708158758,4308453.945984565
6487,3548959.176684616,-760081.6708158758,4309040.847500492
6488,3549559.85659738,-760081.6708158758,4309641.527413256
6489,3550166.397004726,-760081.6708158758,4310248.067820601
6490,3550774.932474057,-760126.4501833029,4310901.38265736
6491,3551409.757041425,-761105.7342677835,4312515.491309209
6492,3552069.706920671,-762071.2684627387,4314140.975383409
6493,3552683.313172548,-763083.3075534275,4315766.620725975
6494,3553293.781358178,-764027.1360998763,4317320.917458054
6495,3553945.8756808564,-764994.043452097,4318939.9191329535
6496,3554626.6074557835,-765784.1974824353,4320410.804938219
6497,3555311.7865563864,-766132.2532847327,4321444.039841119
6498,3555993.3080433495,-766132.2532847327,4322125.561328082
6499,3556670.1951675755,-766132.2532847327,4322802.448452308
6500,3557333.7195328786,-766132.2532847327,4323465.972817611
6501,3557969.666322613,-766132.2532847327,4324101.919607346
6502,3558609.5408906313,-766132.2532847327,4324741.794175364
6503,3559203.071831281,-766132.2532847327,4325335.325116013
6504,3559793.5478332653,-766132.2532847327,4325925.801117998
6505,3560382.7977034044,-766132.2532847327,4326515.050988137
6506,3560971.257861508,-766132.2532847327,4327103.511146241
6507,3561556.1435335544,-766132.2532847327,4327688.396818287
6508,3562141.382497827,-766132.2532847327,4328273.635782559
6509,3562751.8506834568,-766132.2532847327,4328884.103968189
6510,3563429.444392136,-766132.2532847327,4329561.697676868
6511,3564117.678431404,-766132.2532847327,4330249.931716137
6512,3564794.9188478566,-766132.2532847327,4330927.172132589
6513,3565468.2314860257,-766132.2532847327,4331600.484770758
6514,3566146.261614514,-766132.2532847327,4332278.514899246
6515,3566805.4217817243,-766608.9944602888,4333414.416242013
6516,3567455.957462227,-767555.8036393063,4335011.761101534
6517,3568165.8462367947,-768509.1486552561,4336674.9948920505
6518,3568858.4444741555,-769401.9864558906,4338260.430930046
6519,3569578.5371595025,-770179.5745037695,4339758.111663272
6520,3570297.757005231,-770819.0575451049,4341116.8145503355
6521,3571009.121294392,-771037.9544967338,4342047.075791126
6522,3571712.6300269854,-771037.9544967338,4342750.584523719
6523,3572408.2832030114,-771037.9544967338,4343446.237699745
6524,3573083.5909031658,-771037.9544967338,4344121.5453999
6525,3573754.5344052273,-771037.9544967338,4344792.488901962
6526,3574420.6772893863,-771037.9544967338,4345458.63178612
6527,3575082.99630474,-771037.9544967338,4346120.950801474
6528,3575741.38754181,-771037.9544967338,4346779.342038544
6529,3576396.183510927,-771037.9544967338,4347434.138007661
6530,3577050.979480044,-771037.9544967338,4348088.933976778
6531,3577704.5700992118,-771037.9544967338,4348742.524595946
6532,3578360.2389079477,-771037.9544967338,4349398.193404682
6533,3579031.6188298184,-771037.9544967338,4350069.573326552
6534,3579723.344227561,-771037.9544967338,4350761.298724295
6535,3580433.12909265,-771037.9544967338,4351471.083589384
6536,3581152.432065961,-771037.9544967338,4352190.386562695
6537,3581870.9453272363,-771037.9544967338,4352908.89982397
6538,3582580.7301923255,-771037.9544967338,4353618.68468906
6539,3583276.8197881607,-771037.9544967338,4354314.774284895
6540,3583966.6332515003,-771037.9544967338,4355004.587748234
6541,3584637.576753562,-771832.1554163805,4356469.732169942
6542,3585316.812232,-772587.856060711,4357904.668292711
6543,3585992.4732243805,-773259.9256910643,4359252.3989154445
6544,3586684.635041932,-773755.0829269707,4360439.717968903
6545,3587341.4468549304,-773947.096886836,4361288.543741766
6546,3587940.921417745,-773947.096886836,4361888.018304581
6547,3588528.9451560387,-773947.096886836,4362476.042042875
6548,3589099.7822666047,-773947.096886836,4363046.879153441
6549,3589666.691598887,-773947.096886836,4363613.788485723
6550,3590217.8066904517,-773947.096886836,4364164.903577288
6551,3590748.223013918,-773947.096886836,4364695.319900754
6552,3591269.0381015795,-773947.096886836,4365216.134988416
6553,3591779.295986235,-773947.096886836,4365726.392873071
6554,3592282.2178617157,-773947.096886836,4366229.314748552
6555,3592779.570189154,-773947.096886836,4366726.66707599
6556,3593276.569224365,-773947.096886836,4367223.666111201
6557,3593781.340688561,-773947.096886836,4367728.437575397
6558,3594300.326969403,-773947.096886836,4368247.423856239
6559,3594842.007080328,-773947.096886836,4368789.103967164
6560,3595400.6244362337,-773947.096886836,4369347.721323069
6561,3595952.2590751904,-773947.096886836,4369899.355962027
6562,3596489.762025084,-773947.096886836,4370436.85891192
6563,3597016.1674426836,-773947.096886836,4370963.264329519
6564,3597559.7802699073,-773947.096886836,4371506.877156744
6565,3598100.338158466,-774210.8571639352,4372311.195322401
6566,3598645.5927554485,-774804.1174005823,4373449.710156031
6567,3599209.364021483,-775327.3993851647,4374536.763406647
6568,3599769.997221269,-775661.6530001246,4375431.650221393
6569,3600325.1232187003,-775773.9163183167,4376099.039537017
6570,3600880.9558005845,-775773.9163183167,4376654.872118901
6571,3601453.2684257436,-775773.9163183167,4377227.18474406
6572,3602018.5152063714,-775773.9163183167,4377792.431524688
6573,3602576.77927005,-775773.9163183167,4378350.695588367
6574,3603127.5410693884,-775773.9163183167,4378901.457387705
6575,3603672.795666371,-775773.9163183167,4379446.7119846875
6576,3604205.4979983624,-775773.9163183167,4379979.414316679
6577,3604732.693127998,-775773.9163183167,4380506.609446315
6578,3605251.2429890307,-775773.9163183167,4381025.159307348
6579,3605762.373713305,-775773.9163183167,4381536.290031622
6580,3606271.1560833678,-775773.9163183167,4382045.072401685
6581,3606750.4281615634,-775773.9163183167,4382524.34447988
6582,3607220.3691685977,-775773.9163183167,4382994.285486914
6583,3607751.1387842908,-775773.9163183167,4383525.055102607
6584,3608304.2489378406,-775773.9163183167,4384078.1652561575
6585,3608864.0092980084,-775773.9163183167,4384637.925616325
6586,3609412.069450908,-775773.9163183167,4385185.985769224
6587,3609943.545651054,-776588.3720952554,4386531.917746309
6588,3610492.3955159895,-777574.7933334918,4388067.188849481
6589,3611045.5056695393,-778574.1279562823,4389619.633625822
6590,3611591.1135587483,-779590.1584848092,4391181.272043558
6591,3612110.016712007,-780616.4959077161,4392726.512619724
6592,3612597.934058806,-781434.3676532072,4394032.301712013
6593,3613082.7133393567,-781598.3396251973,4394681.052964554
6594,3613557.2679272327,-781598.3396251973,4395155.60755243
6595,3614022.761608592,-781598.3396251973,4395621.101233789
6596,3614476.908374909,-781598.3396251973,4396075.248000106
6597,3614927.8962930823,-781598.3396251973,4396526.23591828
6598,3615372.691206343,-781598.3396251973,4396971.03083154
6599,3615813.9116335465,-781598.3396251973,4397412.251258744
6600,3616251.2042824663,-781598.3396251973,4397849.543907664
6601,3616687.6240917672,-781598.3396251973,4398285.963716964
6602,3617120.9058348206,-781598.3396251973,4398719.245460018
6603,3617552.2548615756,-781598.3396251973,4399150.594486773
6604,3617986.056152021,-781598.3396251973,4399584.395777218
6605,3618426.133574962,-781598.3396251973,4400024.473200159
6606,3618869.7023563776,-781598.3396251973,4400468.041981575
6607,3619318.341920339,-781598.3396251973,4400916.681545536
6608,3619757.2139933305,-781598.3396251973,4401355.553618528
6609,3620196.7718688794,-781598.3396251973,4401795.111494076
6610,3620629.3470274797,-782156.1943945831,4402785.541422063
6611,3621068.219100471,-783158.144249597,4404226.363350068
6612,3621512.4944663397,-784222.74028746,4405735.2347538
6613,3621959.1181864203,-785302.1019836384,4407261.220170058
6614,3622404.619684134,-786398.9750687634,4408803.5947528975
6615,3622849.331469812,-787496.9815387027,4410346.313008515
6616,3623291.2584814685,-788422.5294182507,4411713.78789972
6617,3623741.5605970845,-788607.2522562147,4412348.812853299
6618,3624193.338227294,-788607.2522562147,4412800.590483509
6619,3624643.9936351366,-788607.2522562147,4413251.245891351
6620,3625088.7054208145,-788607.2522562147,4413695.957677029
6621,3625537.344984776,-788607.2522562147,4414144.597240991
6622,3625989.5590347946,-788607.2522562147,4414596.811291009
6623,3626535.603343813,-788607.2522562147,4415142.855600028
6624,3627048.999294717,-788607.2522562147,4415656.2515509315
6625,3627557.6985371965,-788607.2522562147,4416164.950793412
6626,3628059.311153249,-788607.2522562147,4416666.5634094635
6627,3628502.443514855,-788607.2522562147,4417109.69577107
6628,3628943.6639420586,-788607.2522562147,4417550.916198273
6629,3629392.30350602,-788607.2522562147,4417999.555762235
6630,3629848.8817541315,-788607.2522562147,4418456.134010347
6631,3630305.023582434,-788607.2522562147,4418912.275838649
6632,3630747.823433709,-788607.2522562147,4419355.075689924
6633,3631169.321841911,-788607.2522562147,4419776.574098126
6634,3631575.898849014,-789682.8812558198,4421258.780104834
6635,3632068.5336861326,-790889.3085051831,4422957.842191316
6636,3632562.290745618,-792109.9868655996,4424672.277611217
6637,3633038.8611773746,-793345.3773771074,4426384.238554482
6638,3633503.294982054,-794588.1200394463,4428091.4150215
6639,3634006.5701497607,-795794.9036565741,4429801.473806335
6640,3634529.4010813036,-796722.3649681675,4431251.766049471
6641,3635091.5929232663,-796881.276915593,4431972.869838859
6642,3635672.1975248023,-796881.276915593,4432553.474440395
6643,3636242.2449233322,-796881.276915593,4433123.521838925
6644,3636800.8622792377,-796881.276915593,4433682.13919483
6645,3637352.4137906116,-796881.276915593,4434233.690706205
6646,3637898.1048074034,-796881.276915593,4434779.381722996
6647,3638429.2277153227,-796881.276915593,4435310.504630916
6648,3638899.0855947747,-796881.276915593,4435780.362510367
6649,3639343.3609606433,-796881.276915593,4436224.637876236
6650,3639780.57048198,-796881.276915593,4436661.847397573
6651,3640217.780003317,-796881.276915593,4437099.05691891
6652,3640654.989524654,-796881.276915593,4437536.266440247
6653,3641098.5583060696,-796881.276915593,4437979.835221662
6654,3641563.345402975,-796881.276915593,4438444.622318568
6655,3642048.914395562,-796881.276915593,4438930.1913111545
6656,3642593.046770178,-796881.276915593,4439474.323685771
6657,3643143.808569516,-796881.276915593,4440025.085485109
6658,3643656.8720100885,-796881.276915593,4440538.148925682
6659,3644162.079894094,-797133.7555810573,4441295.835475151
6660,3644687.2591798487,-797900.3625509659,4442587.621730815
6661,3645158.6757014766,-798670.4071265252,4443829.082828002
6662,3645649.0453119655,-799401.5354665401,4445050.580778506
6663,3646163.230974905,-800088.3073855749,4446251.53836048
6664,3646710.418288186,-800569.143644473,4447279.561932659
6665,3647256.815889431,-800576.7757881855,4447833.591677616
6666,3647804.4396225214,-800576.7757881855,4448381.215410707
6667,3648342.981667199,-800576.7757881855,4448919.757455384
6668,3648866.6023107776,-800576.7757881855,4449443.378098963
6669,3649382.367397789,-800576.7757881855,4449959.143185974
6670,3649881.278367403,-800576.7757881855,4450458.054155588
6671,3650342.927398061,-800576.7757881855,4450919.703186247
6672,3650799.069226363,-800576.7757881855,4451375.845014549
6673,3651240.6429457935,-800576.7757881855,4451817.418733979
6674,3651676.273043059,-800576.7757881855,4452253.048831244
6675,3652112.3395601334,-800576.7757881855,4452689.115348319
6676,3652549.195789244,-800576.7757881855,4453125.971577429
6677,3652995.4869989934,-800576.7757881855,4453572.262787179
6678,3653456.3463176154,-800576.7757881855,4454033.122105801
6679,3653934.828683775,-800576.7757881855,4454511.60447196
6680,3654411.3991155317,-800576.7757881855,4454988.174903717
6681,3654920.0983580113,-800576.7757881855,4455496.874146197
6682,3655402.5085024545,-800576.7757881855,4455979.28429064
6683,3655872.698892237,-800890.8991659143,4456763.598058151
6684,3656338.712120988,-801781.5225586244,4458120.234679612
6685,3656792.152302852,-802678.5926700893,4459470.7449729415
6686,3657266.3743803967,-803544.2800232819,4460810.654403679
6687,3657776.278972826,-804328.9893705208,4462105.268343347
6688,3658312.555790874,-804882.1623275119,4463194.718118386
6689,3658884.868416033,-804903.8784616587,4463788.746877692
6690,3659457.1810411923,-804903.8784616587,4464361.059502851
6691,3660018.1467513097,-804903.8784616587,4464922.025212969
6692,3660568.908550648,-804903.8784616587,4465472.787012307
6693,3661102.3798127794,-804903.8784616587,4466006.258274438
6694,3661630.7179466775,-804903.8784616587,4466534.596408336
6695,3662152.4058739576,-804903.8784616587,4467056.284335616
6696,3662664.6796024945,-804903.8784616587,4467568.558064153
6697,3663172.2358407117,-804903.8784616587,4468076.114302371
6698,3663676.654012681,-804903.8784616587,4468580.53247434
6699,3664178.370538212,-804903.8784616587,4469082.24899987
6700,3664533.179843174,-804903.8784616587,4469437.058304832
6701,3664998.673524533,-804903.8784616587,4469902.551986191
6702,3665508.9314091885,-804903.8784616587,4470412.8098708475
6703,3666037.2695430866,-804903.8784616587,4470941.148004745
6704,3666586.451918353,-804903.8784616587,4471490.330380011
6705,3667135.19787381,-804903.8784616587,4472039.076335468
6706,3667630.1810651403,-804905.134537689,4472535.31560283
6707,3668157.729487003,-805919.5613531546,4474077.290840157
6708,3668628.7095888215,-806998.5329966376,4475627.242585459
6709,3669093.849977954,-808104.7105251952,4477198.560503149
6710,3669569.9839899014,-809225.1356046267,4478795.119594528
6711,3670080.241874557,-810321.381134975,4480401.623009532
6712,3670617.308404641,-811139.0707071518,4481756.379111793
6713,3671181.8693827116,-811217.3925001342,4482399.261882845
6714,3671747.1161633395,-811217.3925001342,4482964.508663474
6715,3672305.650391662,-811217.3925001342,4483523.042891797
6716,3672849.3463464687,-811217.3925001342,4484066.738846603
6717,3673385.9764567437,-811217.3925001342,4484603.368956878
6718,3673908.8073882866,-811217.3925001342,4485126.199888421
6719,3674420.2914047875,-811217.3925001342,4485637.683904922
6720,3674920.781798473,-811217.3925001342,4486138.174298607
6721,3675408.7822728544,-811217.3925001342,4486626.174772989
6722,3675893.208261179,-811217.3925001342,4487110.600761313
6723,3676382.26861224,-811217.3925001342,4487599.661112374
6724,3676863.0369869242,-811217.3925001342,4488080.429487059
6725,3677336.82264466,-811217.3925001342,4488554.215144794
6726,3677803.874968195,-811217.3925001342,4489021.2674683295
6727,3678330.2803857946,-811217.3925001342,4489547.672885928
6728,3678857.122223204,-811217.3925001342,4490074.514723338
6729,3679364.6784614213,-811217.3925001342,4490582.0709615555
6730,3679869.5330531998,-811330.4640654053,4491199.997118605
6731,3680353.169329488,-812307.0682391005,4492660.237568589
6732,3680829.3033414357,-813311.7983185321,4494141.101659968
6733,3681330.915957488,-814320.6094563216,4495651.525413809
6734,3681872.242776187,-815325.1899130526,4497197.43268924
6735,3682437.136264588,-816285.8812019026,4498723.017466491
6736,3682983.9702856424,-816992.3312776914,4499976.301563334
6737,3683554.7242686255,-817040.5683687087,4500595.292637334
6738,3684129.052737666,-817040.5683687087,4501169.621106375
6739,3684680.2509568133,-817040.5683687087,4501720.819325522
6740,3685209.0255105207,-817040.5683687087,4502249.593879229
6741,3685742.060352843,-817040.5683687087,4502782.628721552
6742,3686272.0402565,-817040.5683687087,4503312.608625209
6743,3686795.6609000782,-817040.5683687087,4503836.229268787
6744,3687307.5813363884,-817040.5683687087,4504348.149705097
6745,3687813.9114427604,-817040.5683687087,4504854.479811469
6746,3688336.03578985,-817040.5683687087,4505376.604158559
6747,3688859.3031412023,-817040.5683687087,4505899.8715099115
6748,3689389.636337086,-817040.5683687087,4506430.204705795
6749,3689928.614801573,-817040.5683687087,4506969.183170281
6750,3690474.6591105917,-817040.5683687087,4507515.2274793
6751,3691031.260622616,-817040.5683687087,4508071.828991325
6752,3691576.868511825,-817040.5683687087,4508617.436880534
6753,3692117.8628201927,-817040.5683687087,4509158.431188902
6754,3692648.1960160765,-817040.5683687087,4509688.764384786
6755,3693156.978386139,-817956.4819904839,4511113.460376623
6756,3693727.732369122,-818976.3065815012,4512704.038950623
6757,3694253.3480746862,-820036.7389834861,4514290.087058173
6758,3694789.6248927345,-821113.1119404773,4515902.736833212
6759,3695391.447809761,-822148.6939578773,4517540.141767638
6760,3696010.1248441846,-822903.9268283184,4518914.051672503
6761,3696634.724718877,-822948.3630626518,4519583.087781529
6762,3697236.90092813,-822948.3630626518,4520185.263990782
6763,3697820.3110855827,-822948.3630626518,4520768.674148235
6764,3698394.722682206,-822948.3630626518,4521343.085744858
6765,3698953.3400381114,-822948.3630626518,4521901.703100763
6766,3699502.958833187,-822948.3630626518,4522451.321895839
6767,3700034.081741106,-822948.3630626518,4522982.444803758
6768,3700541.2846870967,-822948.3630626518,4523489.647749748
6769,3701038.200594725,-822948.3630626518,4523986.563657377
6770,3701530.399012034,-822948.3630626518,4524478.762074686
6771,3702015.5315848114,-822948.3630626518,4524963.894647463
6772,3702496.819506888,-822948.3630626518,4525445.182569539
6773,3702981.5987874386,-822948.3630626518,4525929.96185009
6774,3703438.530327777,-822948.3630626518,4526386.893390428
6775,3703889.1857356196,-822948.3630626518,4526837.548798271
6776,3704311.910275667,-822948.3630626518,4527260.273338319
6777,3704728.6911935494,-822948.3630626518,4527677.054256201
6778,3705168.6854889076,-823216.4820435873,4528385.167532495
6779,3705589.8306048834,-824268.5726814076,4529858.403286291
6780,3706014.82037156,-825344.4829589474,4531359.303330507
6781,3706451.3233084437,-826432.4604684045,4532883.783776848
6782,3706918.812051788,-827527.9636552773,4534446.775707065
6783,3707435.8032706445,-828599.7658519453,4536035.56912259
6784,3707977.1300893435,-829386.7488086763,4537363.87889802
6785,3708574.5888082767,-829426.9290053134,4538001.51781359
6786,3709165.418102488,-829426.9290053134,4538592.347107802
6787,3709722.809326548,-829426.9290053134,4539149.738331862
6788,3710257.423592942,-829426.9290053134,4539684.3525982555
6789,3710775.8903263914,-829426.9290053134,4540202.819331705
6790,3711224.529890353,-829426.9290053134,4540651.4588956665
6791,3711666.4569020094,-829426.9290053134,4541093.385907323
6792,3712104.8925551916,-829426.9290053134,4541531.821560505
6793,3712542.538496338,-829426.9290053134,4541969.4675016515
6794,3712979.0414332217,-829426.9290053134,4542405.970438535
6795,3713412.6764685013,-829426.9290053134,4542839.6054738145
6796,3713845.1684995187,-829426.9290053134,4543272.097504832
6797,3714286.742218949,-829426.9290053134,4543713.671224263
6798,3714731.8072968535,-829426.9290053134,4544158.736302167
6799,3715173.027724057,-829426.9290053134,4544599.95672937
6800,3715591.471193594,-829426.9290053134,4545018.400198908
6801,3716011.473305307,-829426.9290053134,4545438.40231062
6802,3716453.4003169634,-829666.4786986008,4546119.879015564
6803,3716918.187413869,-830643.227544049,4547561.414957918
6804,3717382.184798739,-831638.4347743116,4549020.61957305
6805,3717850.1099618925,-832648.6533932607,4550498.763355153
6806,3718345.093153223,-833669.3488009392,4552014.441954162
6807,3718879.4372549728,-834639.7998444496,4553519.237099422
6808,3719441.5459693526,-835303.8325429081,4554745.3785122605
6809,3720049.2085990654,-835308.9786752337,4555358.1872743
6810,3720667.885633489,-835308.9786752337,4555976.864308722
6811,3721257.8420880814,-835308.9786752337,4556566.820763315
6812,3721813.321377739,-835308.9786752337,4557122.3000529725
6813,3722353.006426679,-835308.9786752337,4557661.985101912
6814,3722885.272338861,-835308.9786752337,4558194.251014095
6815,3723401.1205534553,-835308.9786752337,4558710.099228689
6816,3723868.692424382,-835308.9786752337,4559177.671099616
6817,3724309.4764317763,-835308.9786752337,4559618.45510701
6818,3724744.6701092324,-835308.9786752337,4560053.648784466
6819,3725178.741564322,-835308.9786752337,4560487.720239555
6820,3725615.5977934324,-835308.9786752337,4560924.576468666
6821,3726060.226451528,-835308.9786752337,4561369.205126761
6822,3726528.0684870984,-835308.9786752337,4561837.047162332
6823,3727018.001677778,-835308.9786752337,4562326.980353012
6824,3727510.989807123,-835308.9786752337,4562819.9684823565
6825,3728010.337196546,-835308.9786752337,4563319.31587178
6826,3728482.54343021,-835582.5098870138,4564065.053317224
6827,3728955.9757957193,-836660.4261414079,4565616.401937127
6828,3729423.111246837,-837673.2039899662,4567096.315236803
6829,3729891.8261220264,-838808.2120411292,4568700.038163155
6830,3730377.727624944,-839859.5137392812,4570237.241364225
6831,3730890.001353481,-840884.5818599042,4571774.583213385
6832,3731428.190105932,-841700.8333007059,4573129.023406638
6833,3731995.4527304405,-841755.0296661126,4573750.482396553
6834,3732562.362062723,-841755.0296661126,4574317.391728835
6835,3733120.1897065924,-841755.0296661126,4574875.219372705
6836,3733665.1117932443,-841755.0296661126,4575420.141459357
6837,3734200.598899257,-841755.0296661126,4575955.628565369
6838,3734722.7232463467,-841755.0296661126,4576477.752912459
6839,3735226.7881260896,-841755.0296661126,4576981.817792202
6840,3735723.704033718,-841755.0296661126,4577478.73369983
6841,3736219.913356893,-841755.0296661126,4577974.9430230055
6842,3736720.403750579,-841755.0296661126,4578475.433416692
6843,3737212.6021678876,-841755.0296661126,4578967.631834
6844,3737704.8837127793,-841755.0296661126,4579459.913378892
6845,3738212.0035311873,-841755.0296661126,4579967.0331973
6846,3738737.2867264203,-841755.0296661126,4580492.316392533
6847,3739286.9055214957,-841755.0296661126,4581041.935187608
6848,3739839.932547463,-841755.0296661126,4581594.962213576
6849,3740369.476031311,-841755.0296661126,4582124.505697424
6850,3740917.4530566274,-841911.3986624187,4582828.851719046
6851,3741478.855186554,-842909.5392289297,4584388.394415484
6852,3742042.9797448153,-843987.716121361,4586030.695866176
6853,3742573.7493605083,-845093.2541611874,4587667.003521696
6854,3743097.099839443,-846164.1575579677,4589261.25739741
6855,3743654.1377712768,-847251.5641918597,4590905.701963136
6856,3744207.6843446363,-848067.579872735,4592275.264217371
6857,3744777.295323357,-848112.0932362619,4592889.388559619
6858,3745346.553009851,-848112.0932362619,4593458.646246113
6859,3745907.4355923855,-848112.0932362619,4594019.528828647
6860,3746449.1988308937,-848112.0932362619,4594561.292067155
6861,3746973.172766699,-848112.0932362619,4595085.2660029605
6862,3747494.42427417,-848112.0932362619,4595606.517510432
6863,3748008.2566448827,-848112.0932362619,4596120.349881144
6864,3748515.8128831,-848112.0932362619,4596627.9061193615
6865,3749017.8619189616,-848112.0932362619,4597129.955155224
6866,3749514.860954173,-848112.0932362619,4597626.954190435
6867,3750005.563074993,-848112.0932362619,4598117.656311255
6868,3750494.2701338273,-848112.0932362619,4598606.363370089
6869,3750987.6946829814,-848112.0932362619,4599099.787919243
6870,3751492.54927476,-848112.0932362619,4599604.642511021
6871,3752014.5904942667,-848112.0932362619,4600126.683730529
6872,3752532.350643263,-848112.0932362619,4600644.443879525
6873,3753023.4891838925,-848112.0932362619,4601135.5824201545
6874,3753510.2635264285,-848112.0932362619,4601622.3567626905
6875,3753970.769552824,-848293.50242093,4602264.271973754
6876,3754432.7718757084,-849104.4609245377,4603537.232800246
6877,3754958.4914907506,-849810.0723947751,4604768.563885526
6878,3755513.970780408,-850478.9388198253,4605992.909600234
6879,3756047.8784623486,-851118.0656389748,4607165.944101323
6880,3756585.6307949903,-851600.0631521827,4608185.693947173
6881,3757135.1664624834,-851616.8598743139,4608752.0263367975
6882,3757673.4383425172,-851616.8598743139,4609290.298216831
6883,3758200.633472153,-851616.8598743139,4609817.493346467
6884,3758711.6810688446,-851616.8598743139,4610328.540943159
6885,3759220.463438907,-851616.8598743139,4610837.323313221
6886,3759717.8157663452,-851616.8598743139,4611334.675640659
6887,3760189.232287973,-851616.8598743139,4611806.092162287
6888,3760636.728847672,-851616.8598743139,4612253.588721986
6889,3761079.8612092785,-851616.8598743139,4612696.721083593
6890,3761518.2968624607,-851616.8598743139,4613135.156736774
6891,3761955.942803607,-851616.8598743139,4613572.802677921
6892,3762392.0093206814,-851616.8598743139,4614008.869194996
6893,3762837.9472382045,-851616.8598743139,4614454.807112519
6894,3763300.3859808985,-851616.8598743139,4614917.245855212
6895,3763780.364643547,-851616.8598743139,4615397.224517861
6896,3764263.5645000264,-851616.8598743139,4615880.42437434
6897,3764724.340691066,-851616.8598743139,4616341.20056538
6898,3765212.694457674,-852553.3302114233,4617766.024669098
6899,3765661.7704414446,-853766.7009982192,4619428.471439663
6900,3766100.642514436,-854975.5730808488,4621076.2155952845
6901,3766536.355739284,-856184.0024627226,4622720.358202007
6902,3766994.8667036938,-857413.6144517348,4624408.481155429
6903,3767478.066560173,-858645.9937790476,4626124.060339221
6904,3767979.783085704,-859536.751065052,4627516.534150756
6905,3768512.817928026,-859715.3489887331,4628228.166916759
6906,3769038.350506007,-859715.3489887331,4628753.69949474
6907,3769556.1106550037,-859715.3489887331,4629271.4596437365
6908,3770056.954340916,-859715.3489887331,4629772.303329649
6909,3770551.58424002,-859715.3489887331,4630266.933228753
6910,3771007.2065209304,-859715.3489887331,4630722.555509663
6911,3771456.635796928,-859715.3489887331,4631171.984785661
6912,3771902.9270066773,-859715.3489887331,4631618.27599541
6913,3772343.7110140715,-859715.3489887331,4632059.060002805
6914,3772782.583087063,-859715.3489887331,4632497.932075796
6915,3773218.7327317204,-859715.3489887331,4632934.081720454
6916,3773659.953158924,-859715.3489887331,4633375.302147657
6917,3774108.239430659,-859715.3489887331,4633823.588419392
6918,3774572.153687946,-859715.3489887331,4634287.502676679
6919,3775055.7899642345,-859715.3489887331,4634771.138952968
6920,3775615.197032176,-859715.3489887331,4635330.546020909
6921,3776138.027963719,-859715.3489887331,4635853.376952452
6922,3776642.092843462,-860093.0339852222,4636735.126828684
6923,3777147.1968179885,-861073.1761450383,4638220.372963027
6924,3777654.753056206,-862023.1161160351,4639677.869172241
6925,3778219.646544607,-862968.6914517826,4641188.33799639
6926,3778780.175834915,-863959.9553374959,4642740.131172411
6927,3779356.083728027,-864902.1407813801,4644258.224509407
6928,3779953.2722823163,-865589.0467171535,4645542.31899947
6929,3780546.449930739,-865625.9652119444,4646172.415142683
6930,3781127.844244311,-865625.9652119444,4646753.809456255
6931,3781688.041024288,-865625.9652119444,4647314.006236233
6932,3782199.608168372,-865625.9652119444,4647825.573380317
6933,3782657.3294207463,-865625.9652119444,4648283.294632691
6934,3783109.1070509558,-865625.9652119444,4648735.0722629
6935,3783558.9727467624,-865625.9652119444,4649184.937958707
6936,3784002.0219807858,-865625.9652119444,4649627.98719273
6937,3784443.242407989,-865625.9652119444,4650069.207619933
6938,3784881.7611887543,-865625.9652119444,4650507.726400699
6939,3785319.053837674,-865625.9652119444,4650945.019049618
6940,3785755.473646975,-865625.9652119444,4651381.43885892
6941,3786199.4788482,-865625.9652119444,4651825.444060144
6942,3786648.1184121612,-865625.9652119444,4652274.083624106
6943,3787101.039046633,-865625.9652119444,4652727.004258578
6944,3787528.023875295,-865625.9652119444,4653153.98908724
6945,3787917.310345192,-865625.9652119444,4653543.275557136
6946,3788283.4665651955,-866108.1936249763,4654391.660190172
6947,3788632.7686678017,-867111.3614135843,4655744.130081386
6948,3789030.7004063018,-868188.9842851951,4657219.684691497
6949,3789748.881157246,-868188.9842851951,4657937.865442441
6950,3790476.4968888294,-868188.9842851951,4658665.481174025
6951,3791296.093290697,-868188.9842851951,4659485.077575892
6952,3791715.6589826006,-869122.8162727304,4660838.475255331
6953,3792162.7191224904,-869301.6461335634,4661464.365256053
6954,3792619.1311154366,-869301.6461335634,4661920.777249
6955,3793075.709363548,-869301.6461335634,4662377.355497112
6956,3793526.2608619123,-869301.6461335634,4662827.906995475
6957,3793976.562977528,-869301.6461335634,4663278.209111092
6958,3794422.5008950513,-869301.6461335634,4663724.147028615
6959,3794867.919265182,-869301.6461335634,4664169.565398745
6960,3795313.7740551224,-869301.6461335634,4664615.420188686
6961,3795756.4699969194,-869301.6461335634,4665058.116130482
6962,3796199.955650752,-869301.6461335634,4665501.601784315
6963,3796641.529370182,-869301.6461335634,4665943.175503746
6964,3797083.7888921695,-869301.6461335634,4666385.435025733
6965,3797530.5165217286,-869301.6461335634,4666832.162655292
6966,3797993.7241945625,-869301.6461335634,4667295.370328126
6967,3798459.9868060616,-869301.6461335634,4667761.632939625
6968,3798896.9261627547,-869301.6461335634,4668198.572296318
6969,3799287.4387644962,-869301.6461335634,4668589.084898059
6970,3799639.11000321,-869833.7860554805,4669472.896058691
6971,3799965.5520205675,-870924.7947239317,4670890.346744499
6972,3800315.9139998537,-871985.0463829155,4672300.960382769
6973,3800664.0107525107,-873073.0775047154,4673737.088257226
6974,3801055.3130662884,-874132.4428710897,4675187.755937378
6975,3801461.1003613556,-875109.8429360793,4676570.943297435
6976,3801876.842184454,-875858.9251084765,4677735.767292931
6977,3802322.6969743944,-875947.4383302283,4678270.135304622
6978,3802775.26431664,-875947.4383302283,4678722.702646868
6979,3803228.621370921,-875947.4383302283,4679176.059701149
6980,3803676.907642656,-875947.4383302283,4679624.345972884
6981,3804129.038565092,-875947.4383302283,4680076.47689532
6982,3804576.8884170176,-875947.4383302283,4680524.326747246
6983,3805020.8104906594,-875947.4383302283,4680968.248820888
6984,3805465.875568564,-875947.4383302283,4681413.3138987925
6985,3805925.0723355315,-875947.4383302283,4681872.510665759
6986,3806384.705522308,-875947.4383302283,4682332.143852537
6987,3806843.9854168585,-875947.4383302283,4682791.423747087
6988,3807302.8288915996,-875947.4383302283,4683250.267221828
6989,3807762.815370603,-875947.4383302283,4683710.253700831
6990,3808238.9493825505,-875947.4383302283,4684186.3877127785
6991,3808736.19780051,-875947.4383302283,4684683.636130738
6992,3809228.8326376285,-875947.4383302283,4685176.270967857
6993,3809683.7483340856,-875947.4383302283,4685631.186664314
6994,3810099.7395399325,-876353.659199107,4686453.39873904
6995,3810490.252141674,-877427.4969737133,4687917.749115387
6996,3810869.7711206004,-878510.6964974512,4689380.467618052
6997,3811245.009029017,-879602.9037092816,4690847.912738298
6998,3811650.089739631,-880779.5613363459,4692429.651075977
6999,3812070.88156338,-881968.8834402101,4694039.76500359
7000,3812520.3108393773,-882859.1781256931,4695379.488965071
7001,3813005.879831964,-882978.9011183784,4695984.780950342
7002,3813489.162816026,-882978.9011183784,4696468.063934404
7003,3813963.634276319,-882978.9011183784,4696942.535394697
7004,3814426.509438822,-882978.9011183784,4697405.4105572
7005,3814885.352913563,-882978.9011183784,4697864.254031941
7006,3815339.49967988,-882978.9011183784,4698318.400798258
7007,3815786.913111997,-882978.9011183784,4698765.814230375
7008,3816230.045473603,-882978.9011183784,4699208.946591982
7009,3816670.8294809973,-882978.9011183784,4699649.730599375
7010,3817110.3873565462,-882978.9011183784,4700089.288474925
7011,3817549.2594295377,-882978.9011183784,4700528.160547916
7012,3817988.9004326696,-882978.9011183784,4700967.801551048
7013,3818440.24164307,-882978.9011183784,4701419.142761448
7014,3818908.1668062233,-882978.9011183784,4701887.067924602
7015,3819394.50472895,-882978.9011183784,4702373.405847329
7016,3819879.367137084,-882978.9011183784,4702858.268255462
7017,3820377.924814471,-882978.9011183784,4703356.825932849
7018,3820912.1857886384,-883387.149203952,4704299.33499259
7019,3821407.9586920044,-884449.1925345277,4705857.151226532
7020,3821919.006288696,-885560.3080695057,4707479.314358202
7021,3822456.0728187803,-886671.7544969467,4709127.827315727
7022,3823042.9743347075,-887811.0698797037,4710854.044214411
7023,3823649.078322244,-888807.3360922566,4712456.414414501
7024,3824285.1082395613,-889630.4619157274,4713915.570155289
7025,3824940.340628488,-889665.1790977451,4714605.519726234
7026,3825581.794620578,-889665.1790977451,4715246.973718323
7027,3826185.6333814855,-889665.1790977451,4715850.812479231
7028,3826771.308765568,-889665.1790977451,4716436.487863313
7029,3827346.7802388705,-889665.1790977451,4717011.959336616
7030,3827916.3912175912,-889665.1790977451,4717581.570315337
7031,3828477.710219935,-889665.1790977451,4718142.88931768
7032,3829028.1187270465,-889665.1790977451,4718693.297824792
7033,3829567.886903569,-889665.1790977451,4719233.066001315
7034,3830100.2359433337,-889665.1790977451,4719765.415041079
7035,3830609.808025432,-889665.1790977451,4720274.987123176
7036,3831049.0126087544,-889665.1790977451,4720714.191706499
7037,3831497.2157529066,-889665.1790977451,4721162.394850652
7038,3831962.792561848,-889665.1790977451,4721627.971659593
7039,3832463.719375343,-889665.1790977451,4722128.898473088
7040,3832990.124792943,-889665.1790977451,4722655.303890688
7041,3833486.334116118,-889665.1790977451,4723151.513213864
7042,3833962.0317082563,-889725.5175366969,4723687.549244953
7043,3834438.5190124307,-890732.8620156219,4725171.381028052
7044,3834914.736151961,-891752.0748760761,4726666.811028037
7045,3835402.7366263424,-892769.4950815834,4728172.231707926
7046,3835920.164265008,-893793.1569634016,4729713.32122841
7047,3836457.563305423,-894839.3648221684,4731296.9281275915
7048,3837013.9154346995,-895639.7668163473,4732653.682251046
7049,3837583.089993611,-895689.8110674135,4733272.9010610245
7050,3838144.8454157645,-895689.8110674135,4733834.656483178
7051,3838693.154951412,-895689.8110674135,4734382.966018826
7052,3839225.8572834036,-895689.8110674135,4734915.668350818
7053,3839740.1260739258,-895689.8110674135,4735429.937141339
7054,3840237.914821173,-895689.8110674135,4735927.725888587
7055,3840729.3235264462,-895689.8110674135,4736419.134593859
7056,3841209.4684442603,-895689.8110674135,4736899.279511673
7057,3841686.392168244,-895689.8110674135,4737376.203235658
7058,3842156.250047696,-895689.8110674135,4737846.061115109
7059,3842591.090432925,-895689.8110674135,4738280.901500339
7060,3843025.245015597,-895689.8110674135,4738715.0560830105
7061,3843470.3100935016,-895689.8110674135,4739160.121160915
7062,3843933.5177663355,-895689.8110674135,4739623.3288337495
7063,3844450.9454050013,-895689.8110674135,4740140.756472414
7064,3844971.0746901054,-895689.8110674135,4740660.885757519
7065,3845472.7912156363,-895689.8110674135,4741162.602283049
7066,3845938.7213168046,-895794.1081924236,4741732.8295092285
7067,3846428.218087675,-896775.8544027696,4743204.072490444
7068,3846903.2090953602,-897824.2353596068,4744727.444454967
7069,3847403.2630692367,-898977.6008648706,4746380.863934107
7070,3847945.026307745,-900011.5779082328,4747956.604215978
7071,3848517.338932904,-901031.0644779683,4749548.403410872
7072,3849095.1587604186,-901870.6956226367,4750965.854383055
7073,3849678.8183006197,-901931.496617587,4751610.314918207
7074,3850253.5831894693,-901931.496617587,4752185.079807056
7075,3850820.056101942,-901931.496617587,4752751.552719529
7076,3851374.745679564,-901931.496617587,4753306.242297151
7077,3851923.491635021,-901931.496617587,4753854.988252608
7078,3852463.61310377,-901931.496617587,4754395.109721357
7079,3852990.808233406,-901931.496617587,4754922.304850993
7080,3853500.276406026,-901931.496617587,4755431.773023613
7081,3853996.485729201,-901931.496617587,4755927.982346788
7082,3854487.8944344744,-901931.496617587,4756419.391052062
7083,3854972.673715025,-901931.496617587,4756904.1703326125
7084,3855451.509373411,-901931.496617587,4757383.005990998
7085,3855913.075276486,-901931.496617587,4757844.571894073
7086,3856376.636241547,-901931.496617587,4758308.132859134
7087,3856853.9963853396,-901931.496617587,4758785.493002927
7088,3857325.4960345505,-901931.496617587,4759256.992652138
7089,3857854.7070080675,-901931.496617587,4759786.203625655
7090,3858360.683822213,-901931.496617587,4760292.1804398
7091,3858847.811456976,-902059.979843696,4760907.791300672
7092,3859332.590737527,-902848.1370520612,4762180.727789588
7093,3859827.573928857,-903650.0962790733,4763477.670207931
7094,3860340.6373694297,-904397.9103417856,4764738.547711215
7095,3860859.187230462,-905078.2880918087,4765937.475322271
7096,3861411.1751616453,-905581.7388093487,4766992.913970994
7097,3861986.646634948,-905581.7388093487,4767568.3854442965
7098,3862548.4020571015,-905581.7388093487,4768130.14086645
7099,3863072.812412716,-905581.7388093487,4768654.5512220645
7100,3863529.307533245,-905581.7388093487,4769111.046342594
7101,3863978.3003894333,-905581.7388093487,4769560.039198782
7102,3864419.0012692446,-905581.7388093487,4770000.740078594
7103,3864856.2939181644,-905581.7388093487,4770438.032727513
7104,3865288.0793647286,-905581.7388093487,4770869.818174077
7105,3865721.444235365,-905581.7388093487,4771303.183044714
7106,3866152.02433198,-905581.7388093487,4771733.7631413285
7107,3866581.3782967497,-905581.7388093487,4772163.117106099
7108,3867010.0256770663,-905581.7388093487,4772591.764486415
7109,3867447.6716182125,-905581.7388093487,4773029.410427561
7110,3867894.295338293,-905581.7388093487,4773476.034147642
7111,3868344.8468366573,-905581.7388093487,4773926.585646006
7112,3868769.1300188806,-905581.7388093487,4774350.86882823
7113,3869169.846531402,-905581.7388093487,4774751.58534075
7114,3869529.3733266834,-905928.4711261116,4775457.844452795
7115,3869881.730367955,-907005.2972572136,4776887.027625169
7116,3870255.742144526,-908010.5641379765,4778266.306282503
7117,3870737.2794493507,-908976.0115474013,4779713.290996752
7118,3871218.484243844,-910017.9346224412,4781236.418866285
7119,3871722.549123587,-910974.8241693713,4782697.373292958
7120,3872242.325116465,-911694.3558165393,4783936.680933004
7121,3872774.591028647,-911736.5847890377,4784511.175817685
7122,3873302.929162545,-911736.5847890377,4785039.513951583
7123,3873819.567089175,-911736.5847890377,4785556.151878213
7124,3874330.6978134494,-911736.5847890377,4786067.282602487
7125,3874839.8334757383,-911736.5847890377,4786576.4182647765
7126,3875345.810289884,-911736.5847890377,4787082.395078922
7127,3875851.35068422,-911736.5847890377,4787587.935473258
7128,3876356.641695808,-911736.5847890377,4788093.226484846
7129,3876857.92180153,-911736.5847890377,4788594.5065905675
7130,3877363.129685535,-911736.5847890377,4789099.714474573
7131,3877865.9684334327,-911736.5847890377,4789602.55322247
7132,3878371.176317438,-911736.5847890377,4790107.761106476
7133,3878888.1675362946,-911736.5847890377,4790624.752325332
7134,3879414.5729538943,-911736.5847890377,4791151.157742932
7135,3879942.9942153753,-911736.5847890377,4791679.5790044125
7136,3880470.189345011,-911736.5847890377,4792206.774134049
7137,3880990.318630115,-911736.5847890377,4792726.903419153
7138,3881502.592358652,-911736.5847890377,4793239.17714769
7139,3882025.859710004,-911796.7624336357,4793822.62214364
7140,3882555.070683521,-912581.9408783935,4795137.011561914
7141,3883052.0697187325,-913305.8994179314,4796357.969136664
7142,3883568.271225553,-914024.8477578333,4797593.118983386
7143,3884156.045581099,-914721.2733258216,4798877.318906921
7144,3884735.5279602683,-915210.598154327,4799946.126114596
7145,3885318.501697912,-915210.598154327,4800529.099852239
7146,3885876.3293417813,-915210.598154327,4801086.927496108
7147,3886422.3736508,-915210.598154327,4801632.971805127
7148,3886951.9171346477,-915210.598154327,4802162.515288975
7149,3887422.5439442396,-915210.598154327,4802633.1420985665
7150,3887866.112725655,-915210.598154327,4803076.710879982
7151,3888304.1950866105,-915210.598154327,4803514.793240937
7152,3888739.9083114583,-915210.598154327,4803950.506465785
7153,3889174.4993139394,-915210.598154327,4804385.097468266
7154,3889604.2065709354,-915210.598154327,4804814.804725262
7155,3890032.064239216,-915210.598154327,4805242.662393543
7156,3890461.064911759,-915210.598154327,4805671.663066086
7157,3890901.848919153,-915210.598154327,4806112.44707348
7158,3891359.5701715276,-915210.598154327,4806570.168325854
7159,3891838.842249723,-915210.598154327,4807049.44040405
7160,3892323.621530274,-915210.598154327,4807534.219684601
7161,3892807.2578065624,-915210.598154327,4808017.85596089
7162,3893225.618148517,-915409.3287716894,4808634.946920207
7163,3893650.3377505494,-916394.5356862989,4810044.873436849
7164,3894133.890899255,-917392.3319505857,4811526.22284984
7165,3894614.742401522,-918394.8758727481,4813009.618274271
7166,3895114.7963753985,-919391.008352477,4814505.804727876
7167,3895629.4184581474,-920403.9058818347,4816033.324339982
7168,3896185.3341676146,-921156.7757109016,4817342.109878516
7169,3896756.60769799,-921273.8802118235,4818030.487909813
7170,3897314.4353418592,-921273.8802118235,4818588.315553683
7171,3897806.633759168,-921273.8802118235,4819080.513970992
7172,3898262.7755874703,-921273.8802118235,4819536.655799294
7173,3898716.1326417513,-921273.8802118235,4819990.012853575
7174,3899162.756361832,-921273.8802118235,4820436.6365736555
7175,3899601.9609451545,-921273.8802118235,4820875.841156978
7176,3900035.325815791,-921273.8802118235,4821309.206027614
7177,3900467.0281347726,-921273.8802118235,4821740.908346596
7178,3900896.901646934,-921273.8802118235,4822170.781858757
7179,3901328.3545831675,-921273.8802118235,4822602.234794991
7180,3901757.7916755197,-921273.8802118235,4823031.671887343
7181,3902200.840909543,-921273.8802118235,4823474.721121366
7182,3902659.684384284,-921273.8802118235,4823933.564596107
7183,3903138.0836228607,-921273.8802118235,4824411.963834684
7184,3903616.5659890203,-921273.8802118235,4824890.446200844
7185,3904066.431684827,-921273.8802118235,4825340.31189665
7186,3904497.780711582,-921273.8802118235,4825771.660923406
7187,3904998.187977685,-921839.1642392689,4826837.352216954
7188,3905540.6578006465,-922560.8451324903,4828101.502933137
7189,3906088.634825963,-923339.5165184219,4829428.151344385
7190,3906642.1813993226,-923999.4769982315,4830641.658397554
7191,3907208.301019569,-924686.050648838,4831894.351668407
7192,3907772.0722856033,-925150.4439821283,4832922.516267732
7193,3908334.6174197923,-925150.4439821283,4833485.06140192
7194,3908894.024487734,-925150.4439821283,4834044.468469862
7195,3909430.9871083396,-925150.4439821283,4834581.431090468
7196,3909891.4100071522,-925150.4439821283,4835041.853989281
7197,3910345.8892838,-925150.4439821283,4835496.333265929
7198,3910794.5288477615,-925150.4439821283,4835944.9728298895
7199,3911239.2406334393,-925150.4439821283,4836389.684615567
7200,3911680.0246408335,-925150.4439821283,4836830.468622962
7201,3912118.4602940157,-925150.4439821283,4837268.904276144
7202,3912554.9632308995,-925150.4439821283,4837705.407213028
7203,3912990.240035938,-925150.4439821283,4838140.684018066
7204,3913425.184330646,-925150.4439821283,4838575.628312774
7205,3913949.927196591,-925150.4439821283,4839100.371178719
7206,3914520.327887348,-925150.4439821283,4839670.771869476
7207,3915095.0927761975,-925150.4439821283,4840245.536758326
7208,3915652.920420067,-925150.4439821283,4840803.364402195
7209,3916220.619464385,-925150.4439821283,4841371.063446513
7210,3916775.3090420067,-925150.4439821283,4841925.753024135
7211,3917336.274752124,-926108.6474245774,4843444.922176702
7212,3917897.157334659,-927110.6647963518,4845007.822131011
7213,3918465.2096712035,-928024.967746785,4846490.177417989
7214,3919042.593078909,-928973.6023838606,4848016.19546277
7215,3919630.616817203,-929948.9925038896,4849579.609321092
7216,3920221.0928191873,-930568.5541055808,4850789.646924768
7217,3920812.711825434,-930590.0057148634,4851402.717540298
7218,3921403.9775394546,-930590.0057148634,4851993.983254318
7219,3921990.4426355725,-930590.0057148634,4852580.448350436
7220,3922565.124396839,-930590.0057148634,4853155.130111703
7221,3923141.8012200915,-930590.0057148634,4853731.806934955
7222,3923709.0638446,-930590.0057148634,4854299.069559463
7223,3924279.5476629394,-930590.0057148634,4854869.5533778025
7224,3924841.739504902,-930590.0057148634,4855431.745219765
7225,3925403.4949270557,-930590.0057148634,4855993.500641919
7226,3925960.2003485584,-930590.0057148634,4856550.206063421
7227,3926507.0343696126,-930590.0057148634,4857097.040084476
7228,3927026.0206504543,-930590.0057148634,4857616.026365317
7229,3927554.3587843524,-930590.0057148634,4858144.364499216
7230,3928094.480253102,-930590.0057148634,4858684.485967965
7231,3928662.8650999772,-930590.0057148634,4859252.87081484
7232,3929226.9896582384,-930590.0057148634,4859816.995373102
7233,3929782.9053677055,-930590.0057148634,4860372.911082569
7234,3930317.956053909,-930590.0057148634,4860907.961768772
7235,3930835.3836925747,-931049.4925513183,4861884.876243893
7236,3931394.4374682894,-931994.3612231634,4863388.7986914525
7237,3931907.9373286716,-933015.9077141773,4864923.845042849
7238,3932423.7855432658,-933983.2596972064,4866407.045240472
7239,3932955.698163221,-934947.7207241766,4867903.418887397
7240,3933488.7330055432,-935590.1140385582,4869078.847044101
7241,3934033.987602526,-935619.3424245127,4869653.330027038
7242,3934557.6913736872,-935619.3424245127,4870177.0337982
7243,3935071.5237444,-935619.3424245127,4870690.8661689125
7244,3935576.7316284054,-935619.3424245127,4871196.074052918
7245,3936074.8528859834,-935619.3424245127,4871694.195310496
7246,3936564.6821671845,-935619.3424245127,4872184.024591697
7247,3937046.3233814877,-935619.3424245127,4872665.665806
7248,3937522.1041012085,-935619.3424245127,4873141.446525721
7249,3937971.450249623,-935619.3424245127,4873590.792674135
7250,3938407.870058924,-935619.3424245127,4874027.212483437
7251,3938844.7262880346,-935619.3424245127,4874464.068712547
7252,3939281.1460973355,-935619.3424245127,4874900.488521848
7253,3939727.0008872757,-935619.3424245127,4875346.3433117885
7254,3940187.8602058976,-935619.3424245127,4875807.20263041
7255,3940671.8497744123,-935619.3424245127,4876291.192198925
7256,3941153.054568906,-935619.3424245127,4876772.396993418
7257,3941604.0424870793,-935619.3424245127,4877223.384911592
7258,3942115.173211354,-935619.3424245127,4877734.515635867
7259,3942594.528417132,-936044.8026984071,4878639.331115539
7260,3943067.877655058,-936802.5630573088,4879870.440712367
7261,3943557.3744259286,-937568.3353388711,4881125.7097648
7262,3944064.930664146,-938321.6007665324,4882386.531430678
7263,3944598.401926277,-938996.4945692016,4883594.896495479
7264,3945153.091503899,-939470.6419413752,4884623.733445275
7265,3945708.5707935565,-939470.6419413752,4885179.212734932
7266,3946214.1111878925,-939470.6419413752,4885684.753129268
7267,3946685.091289711,-939470.6419413752,4886155.733231086
7268,3947147.0936125955,-939470.6419413752,4886617.735553971
7269,3947602.445728862,-939470.6419413752,4887073.087670238
7270,3948501.4705360224,-939470.6419413752,4887972.112477398
7271,3949384.6179748825,-939470.6419413752,4888855.259916258
7272,3950262.3621208654,-939470.6419413752,4889733.004062241
7273,3951162.0935124788,-939470.6419413752,4890632.735453854
7274,3952062.5314885452,-939470.6419413752,4891533.17342992
7275,3952948.796211757,-939470.6419413752,4892419.438153133
7276,3953824.794678503,-939470.6419413752,4893295.436619879
7277,3954712.472570622,-939470.6419413752,4894183.114511997
7278,3955625.46281168,-939470.6419413752,4895096.104753056
7279,3956526.7736273655,-939470.6419413752,4895997.415568741
7280,3957390.1782653285,-939470.6419413752,4896860.820206704
7281,3958183.0491493503,-939470.6419413752,4897653.691090725
7282,3958957.7982203383,-939470.6419413752,4898428.440161713
7283,3959679.096255635,-939470.6419413752,4899149.73819701
7284,3960369.8449042803,-939470.6419413752,4899840.486845655
7285,3961299.419098092,-939470.6419413752,4900770.061039467
7286,3962228.120452285,-939470.6419413752,4901698.76239366
7287,3963236.2502117706,-939470.6419413752,4902706.892153146
7288,3964255.3943759673,-939470.6419413752,4903726.036317343
7289,3965248.5196067714,-939470.6419413752,4904719.161548147
7290,3966168.6588199437,-939470.6419413752,4905639.300761319
7291,3967078.490212858,-939470.6419413752,4906549.132154234
7292,3967974.8965011626,-939470.6419413752,4907445.538442538
7293,3968866.7723362087,-939470.6419413752,4908337.414277584
7294,3969753.7436438743,-939470.6419413752,4909224.385585249
7295,3970645.453223755,-939470.6419413752,4910116.095165131
7296,3971525.4418144715,-939470.6419413752,4910996.083755847
7297,3973279.8494478622,-939470.6419413752,4912750.491389237
7298,3974155.141330155,-939470.6419413752,4913625.783271531
7299,3975023.9492609953,-939470.6419413752,4914494.591202371
7300,3975900.8205673597,-939470.6419413752,4915371.462508735
7301,3976791.8235627874,-939470.6419413752,4916262.465504163
7302,3977698.53767135,-939470.6419413752,4917169.179612725
7303,3978686.924629939,-939470.6419413752,4918157.566571314
7304,3979713.9243507027,-939470.6419413752,4919184.566292078
7305,3980765.862346284,-939470.6419413752,4920236.504287659
7306,3981821.125445174,-939470.6419413752,4921291.767386549
7307,3982882.4984213943,-939470.6419413752,4922353.140362769
7308,3983940.920368428,-939470.6419413752,4923411.562309803
7309,3985045.769070413,-939470.6419413752,4924516.411011788
7310,3986184.9910278544,-939470.6419413752,4925655.6329692295
7311,3987335.2273900067,-939470.6419413752,4926805.869331382
7312,3988512.1477062134,-939470.6419413752,4927982.7896475885
7313,3989669.3667853144,-939470.6419413752,4929140.00872669
7314,3990832.8619969115,-939470.6419413752,4930303.503938287
7315,3991977.48724723,-939470.6419413752,4931448.129188606
7316,3993102.577515608,-939470.6419413752,4932573.219456984
7317,3994212.8295104704,-939470.6419413752,4933683.471451846
7318,3995312.0671006218,-939470.6419413752,4934782.709041997
7319,3996412.8841148447,-939470.6419413752,4935883.52605622
7320,3997472.178901497,-939470.6419413752,4936942.820842872
7321,3998493.567510427,-939470.6419413752,4937964.209451802
7322,3998997.985682396,-939470.6419413752,4938468.627623771
7323,3999453.337798663,-939470.6419413752,4938923.9797400385
7324,3999889.757607964,-939470.6419413752,4939360.399549339
7325,4000335.175978095,-939470.6419413752,4939805.81791947
7326,4000795.5988769075,-939470.6419413752,4940266.240818283
7327,4001302.801822898,-939470.6419413752,4940773.443764273
7328,4001819.3566219453,-939470.6419413752,4941289.99856332
7329,4002327.266152389,-939470.6419413752,4941797.908093764
7330,4002838.3137490805,-939470.6419413752,4942308.955690456
7331,4003360.0016763606,-939470.6419413752,4942830.643617736
7332,4003880.4842536915,-939470.6419413752,4943351.126195067
7333,4004405.3310291152,-939470.6419413752,4943875.97297049
7334,4004934.874512963,-939693.9578204878,4944628.832333451
7335,4005481.7916616,-940058.4796452435,4945540.2713068435
7336,4006028.978974881,-940163.5209041417,4946192.499879023
7337,4006567.250854915,-940163.5209041417,4946730.7717590565
7338,4007095.9214991443,-940163.5209041417,4947259.442403286
7339,4007606.1793838,-940163.5209041417,4947769.700287942
7340,4008092.0808867174,-940163.5209041417,4948255.601790859
7341,4008547.3498754012,-940163.5209041417,4948710.870779543
7342,4008995.6361471363,-940163.5209041417,4949159.157051278
7343,4009439.911513005,-940163.5209041417,4949603.432417147
7344,4009878.347166187,-940163.5209041417,4950041.868070329
7345,4010312.4186212765,-940163.5209041417,4950475.939525418
7346,4010746.136784139,-940163.5209041417,4950909.657688281
7347,4011177.9222307033,-940163.5209041417,4951341.443134845
7348,4011611.9936857927,-940163.5209041417,4951775.514589935
7349,4012056.2690516612,-940163.5209041417,4952219.789955803
7350,4012515.1125264023,-940163.5209041417,4952678.633430544
7351,4012980.689335344,-940163.5209041417,4953144.210239486
7352,4013446.951946843,-940163.5209041417,4953610.472850985
7353,4013936.012297904,-940163.5209041417,4954099.533202046
7354,4014400.7993948096,-940163.5209041417,4954564.320298951
7355,4014873.0056284736,-940163.5209041417,4955036.526532616
7356,4015363.2713294844,-940163.5209041417,4955526.792233626
7357,4015866.026949799,-940163.5209041417,4956029.547853941
7358,4016394.011791471,-940196.6759311125,4956590.687722583
7359,4016961.710835789,-940471.3599975958,4957433.070833385
7360,4017535.332720376,-940527.8699279714,4958063.202648347
7361,4018101.8056328488,-940527.8699279714,4958629.67556082
7362,4018657.2017949237,-940527.8699279714,4959185.071722895
7363,4019183.6072125235,-940527.8699279714,4959711.477140495
7364,4019691.1634507407,-940527.8699279714,4960219.033378712
7365,4020192.526684045,-940527.8699279714,4960720.3966120165
7366,4020683.228804865,-940527.8699279714,4961211.098732837
7367,4021163.997179549,-940527.8699279714,4961691.867107521
7368,4021631.9223427027,-940527.8699279714,4962159.792270674
7369,4022092.3452415154,-940527.8699279714,4962620.215169487
7370,4022543.000649358,-940527.8699279714,4963070.87057733
7371,4022990.850501284,-940527.8699279714,4963518.720429256
7372,4023307.421118193,-940527.8699279714,4963835.291046164
7373,4023724.7215834674,-940527.8699279714,4964252.591511439
7374,4024192.646746621,-940527.8699279714,4964720.516674592
7375,4024669.923762831,-940527.8699279714,4965197.7936908025
7376,4025157.757982047,-940527.8699279714,4965685.627910018
7377,4025667.662574476,-940527.8699279714,4966195.532502447
7378,4026160.650703821,-940527.8699279714,4966688.520631792
7379,4026640.712494052,-940527.8699279714,4967168.582422024
7380,4027131.414614872,-940727.0193213649,4967858.433936237
7381,4027634.2533627697,-941276.3775064164,4968910.6308691865
7382,4028161.095200179,-941743.6619556632,4969904.757155842
7383,4028726.341980807,-942077.0094276227,4970803.351408429
7384,4029299.9638653942,-942162.7393579984,4971462.703223392
7385,4029857.7915092637,-942162.7393579984,4972020.530867262
7386,4030406.641374199,-942162.7393579984,4972569.380732197
7387,4030939.3437061906,-942162.7393579984,4973102.083064189
7388,4031457.5402749963,-942162.7393579984,4973620.279632995
7389,4031967.798159652,-942162.7393579984,4974130.53751765
7390,4032473.006043657,-942162.7393579984,4974635.745401655
7391,4032975.9279191378,-942162.7393579984,4975138.667277136
7392,4033474.4024689426,-942162.7393579984,4975637.141826941
7393,4033967.3905982873,-942162.7393579984,4976130.1299562855
7394,4034448.927903112,-942162.7393579984,4976611.667261111
7395,4034904.196891796,-942162.7393579984,4977066.936249794
7396,4035360.692012325,-942162.7393579984,4977523.4313703235
7397,4035829.760179741,-942162.7393579984,4977992.499537739
7398,4036348.7464605826,-942162.7393579984,4978511.485818581
7399,4036874.715458373,-942162.7393579984,4979037.454816371
7400,4037407.0644981377,-942162.7393579984,4979569.803856136
7401,4037951.1137451706,-942162.7393579984,4980113.853103169
7402,4038473.5913844868,-942162.7393579984,4980636.330742485
7403,4039010.5540050925,-942162.7393579984,4981173.293363091
7404,4039568.818068771,-942162.7393579984,4981731.557426769
7405,4040174.9220563076,-942162.7393579984,4982337.661414306
7406,4040803.8861290934,-942162.7393579984,4982966.625487092
7407,4041427.010489193,-942479.2615754568,4983906.2720646495
7408,4042049.947812231,-942554.4528304521,4984604.400642683
7409,4042665.5699079894,-942554.4528304521,4985220.022738442
7410,4043270.447763681,-942554.4528304521,4985824.900594133
7411,4043865.204836176,-942554.4528304521,4986419.657666628
7412,4044446.68227733,-942554.4528304521,4987001.135107783
7413,4045019.7846145253,-942554.4528304521,4987574.237444977
7414,4045586.6108192247,-942554.4528304521,4988141.063649677
7415,4046151.171797295,-942554.4528304521,4988705.624627748
7416,4046708.646148938,-942554.4528304521,4989263.09897939
7417,4047264.4787308224,-942554.4528304521,4989818.931561274
7418,4047816.9030818148,-942554.4528304521,4990371.355912267
7419,4048366.085457081,-942554.4528304521,4990920.538287533
7420,4048917.636968455,-942554.4528304521,4991472.089798907
7421,4049477.0440363963,-942554.4528304521,4992031.496866848
7422,4050057.6486379323,-942554.4528304521,4992612.101468384
7423,4050650.826286355,-942554.4528304521,4993205.2791168075
7424,4051251.0697793094,-942554.4528304521,4993805.522609762
7425,4051856.4671823927,-942554.4528304521,4994410.920012845
7426,4052442.142566475,-942554.4528304521,4994996.595396928
7427,4053100.1805113186,-942554.4528304521,4995654.633341771
7428,4053766.8637247654,-942554.4528304521,4996321.316555218
7429,4054413.0352071747,-942554.4528304521,4996967.488037627
7430,4055062.427883415,-942554.4528304521,4997616.880713867
7431,4055725.515828909,-942554.4528304521,4998279.968659361
7432,4056398.828467078,-942554.4528304521,4998953.28129753
7433,4057065.8441908555,-942554.4528304521,4999620.297021308
7434,4057727.3734941734,-942554.4528304521,5000281.826324626
7435,4058352.056496449,-942554.4528304521,5000906.509326901
7436,4058937.8150081136,-942554.4528304521,5001492.267838566
7437,4059521.578457793,-942554.4528304521,5002076.031288246
7438,4060098.691700855,-942554.4528304521,5002653.144531307
7439,4060652.5915664406,-942554.4528304521,5003207.044396893
7440,4061192.71303519,-942554.4528304521,5003747.165865642
7441,4061730.112075605,-942554.4528304521,5004284.564906057
7442,4062264.0197575456,-942554.4528304521,5004818.472587998
7443,4062780.221264366,-942554.4528304521,5005334.6740948185
7444,4063292.931412712,-942554.4528304521,5005847.384243164
7445,4063807.553495461,-942554.4528304521,5006362.006325914
7446,4064320.949446365,-942554.4528304521,5006875.402276817
7447,4064825.367618334,-942554.4528304521,5007379.820448786
7448,4065314.511096978,-942554.4528304521,5007868.96392743
7449,4065806.3562220605,-942554.4528304521,5008360.809052513
7450,4066292.257724978,-942554.4528304521,5008846.7105554305
7451,4066781.7544958484,-942554.4528304521,5009336.2073263
7452,4067280.6654654625,-942554.4528304521,5009835.1182959145
7453,4067784.293925396,-942870.7441199763,5010655.038045373
7454,4068286.779381067,-943480.3636219184,5011767.143002985
7455,4068794.7720390935,-943992.8302429183,5012787.602282012
7456,4069305.4663435584,-944196.6637053428,5013502.130048901
7457,4069813.8122938117,-944196.6637053428,5014010.475999154
7458,4070317.0874615186,-944196.6637053428,5014513.7511668615
7459,4070820.3626292255,-944196.6637053428,5015017.026334568
7460,4071316.1355325915,-944196.6637053428,5015512.799237934
7461,4071791.1265402767,-944196.6637053428,5015987.79024562
7462,4072249.970015018,-944196.6637053428,5016446.633720361
7463,4072706.818427773,-944196.6637053428,5016903.482133116
7464,4073162.17054404,-944196.6637053428,5017358.834249383
7465,4073611.2465278106,-944196.6637053428,5017807.910233153
7466,4074057.1844453337,-944196.6637053428,5018253.848150676
7467,4074500.31680694,-944196.6637053428,5018696.980512283
7468,4074943.449168546,-944196.6637053428,5019140.112873889
7469,4075391.299020472,-944196.6637053428,5019587.962725814
7470,4075845.77829712,-944196.6637053428,5020042.442002462
7471,4076290.0536629884,-944196.6637053428,5020486.717368331
7472,4076701.680670742,-944196.6637053428,5020898.344376084
7473,4077079.9735178235,-944196.6637053428,5021276.637223166
7474,4077437.0480494145,-944196.6637053428,5021633.711754757
7475,4077794.4758732324,-944196.6637053428,5021991.139578575
7476,4078254.109060009,-944196.6637053428,5022450.772765351
7477,4078726.6685858993,-944196.6637053428,5022923.332291242
7478,4079220.8620651937,-944355.299475014,5023576.161540207
7479,4079759.487237454,-944655.3755903203,5024414.862827774
7480,4080304.7418344365,-944718.2749357378,5025023.016770175
7481,4080795.797247483,-944718.2749357378,5025514.072183221
7482,4081249.154301764,-944718.2749357378,5025967.429237502
7483,4081697.357445916,-944718.2749357378,5026415.632381654
7484,4082143.9811659968,-944718.2749357378,5026862.256101735
7485,4082589.4826637106,-944718.2749357378,5027307.757599449
7486,4083033.4047373524,-944718.2749357378,5027751.679673091
7487,4083471.8403905346,-944718.2749357378,5028190.115326272
7488,4083909.0499118716,-944718.2749357378,5028627.32484761
7489,4084344.680009137,-944718.2749357378,5029062.954944875
7490,4084779.083974557,-944718.2749357378,5029497.358910295
7491,4085212.0124253836,-944718.2749357378,5029930.287361122
7492,4085647.3931399006,-944718.2749357378,5030365.668075639
7493,4086089.40327914,-944718.2749357378,5030807.678214878
7494,4086551.4056020244,-944718.2749357378,5031269.680537762
7495,4087031.903812065,-944718.2749357378,5031750.178747803
7496,4087504.546465538,-944718.2749357378,5032222.821401276
7497,4087957.0306802006,-944718.2749357378,5032675.305615938
7498,4088411.613866327,-944718.2749357378,5033129.888802065
7499,4088925.7995292665,-944718.2749357378,5033644.074465005
7500,4089480.1358146616,-944718.2749357378,5034198.410750399
7501,4090040.769014448,-944718.2749357378,5034759.043950186
7502,4090630.018884587,-944718.2749357378,5035348.293820325
7503,4091241.3599098353,-944789.692269932,5036031.052179767
7504,4091843.619246671,-944831.0497194083,5036674.668966079
7505,4092428.9413385266,-944831.0497194083,5037259.991057935
7506,4092974.5492277355,-944831.0497194083,5037805.598947144
7507,4093452.699083564,-944831.0497194083,5038283.748802972
7508,4093917.4861804694,-944831.0497194083,5038748.535899878
7509,4094377.909079282,-944831.0497194083,5039208.958798691
7510,4094828.564487125,-944831.0497194083,5039659.614206533
7511,4095274.855696874,-944831.0497194083,5040105.905416283
7512,4095719.131062743,-944831.0497194083,5040550.180782151
7513,4096159.478650328,-944831.0497194083,5040990.528369736
7514,4096601.4056619843,-944831.0497194083,5041432.4553813925
7515,4097050.3985181726,-944831.0497194083,5041881.448237581
7516,4097550.099199822,-944831.0497194083,5042381.14891923
7517,4098041.591032678,-944831.0497194083,5042872.640752086
7518,4098546.4456244563,-944831.0497194083,5043377.495343865
7519,4099070.9391076537,-944831.0497194083,5043901.988827062
7520,4099624.485681013,-944831.0497194083,5044455.535400421
7521,4100195.2396639963,-944831.0497194083,5045026.289383405
7522,4100762.502288505,-944831.0497194083,5045593.552007914
7523,4101329.7649130137,-944831.0497194083,5046160.814632422
7524,4101889.0888533723,-944831.0497194083,5046720.13857278
7525,4102461.0689682006,-945050.2293241594,5047511.29829236
7526,4103038.182211262,-945730.6327111453,5048768.814922407
7527,4103610.1623260905,-946315.1318494246,5049925.294175515
7528,4104173.0607525064,-946554.3111630687,5050727.371915575
7529,4104719.8947735606,-946554.3111630687,5051274.205936629
7530,4105256.0884640263,-946554.3111630687,5051810.399627095
7531,4105783.7200134713,-946554.3111630687,5052338.03117654
7532,4106295.204029972,-946554.3111630687,5052849.515193041
7533,4106791.8497729567,-946554.3111630687,5053346.160936026
7534,4107250.3607373666,-946554.3111630687,5053804.671900435
7535,4107702.4916598024,-946554.3111630687,5054256.802822871
7536,4108145.6240214086,-946554.3111630687,5054699.935184477
7537,4108584.059674591,-946554.3111630687,5055138.37083766
7538,4109018.90005982,-946554.3111630687,5055573.211222889
7539,4109452.9715149095,-946554.3111630687,5056007.282677978
7540,4109888.601612175,-946554.3111630687,5056442.912775244
7541,4110336.4514641007,-946554.3111630687,5056890.7626271695
7542,4110804.3766272543,-946554.3111630687,5057358.687790323
7543,4111332.7978887353,-946554.3111630687,5057887.109051804
7544,4111848.5629757466,-946554.3111630687,5058402.874138815
7545,4112362.0628361288,-946554.3111630687,5058916.373999197
7546,4112868.3929425008,-946554.3111630687,5059422.704105569
7547,4113394.7983601005,-946554.3111630687,5059949.10952317
7548,4113909.8568626586,-946931.6226902911,5060841.47955295
7549,4114433.56063382,-947710.0698660371,5062143.6304998575
7550,4114977.609880853,-948445.4588514344,5063423.068732288
7551,4115533.8788825464,-949064.5849349676,5064598.4638175145
7552,4116091.706526416,-949328.3375616303,5065420.044088046
7553,4116639.330259506,-949328.3375616303,5065967.667821136
7554,4117179.4517282555,-949328.3375616303,5066507.789289886
7555,4117708.9120845203,-949328.3375616303,5067037.2496461505
7556,4118226.672233517,-949328.3375616303,5067555.009795147
7557,4118740.172093899,-949328.3375616303,5068068.50965553
7558,4119243.447261606,-949328.3375616303,5068571.784823236
7559,4119736.0820987243,-949328.3375616303,5069064.419660355
7560,4120222.773313678,-949328.3375616303,5069551.1108753085
7561,4120706.3264623834,-949328.3375616303,5070034.664024014
7562,4121185.598540579,-949328.3375616303,5070513.93610221
7563,4121666.013623037,-949328.3375616303,5070994.351184667
7564,4122146.865125304,-949328.3375616303,5071475.202686935
7565,4122642.991320897,-949328.3375616303,5071971.328882528
7566,4123145.8300687945,-949328.3375616303,5072474.167630425
7567,4123665.876226316,-949328.3375616303,5072994.213787947
7568,4124201.799752138,-949328.3375616303,5073530.137313768
7569,4124740.341796816,-949328.3375616303,5074068.679358446
7570,4125288.3188221324,-949328.3375616303,5074616.656383763
7571,4125836.7322672587,-949328.3375616303,5075165.069828889
7572,4126376.5004437813,-949328.3375616303,5075704.838005411
7573,4126931.190021403,-949503.9445806294,5076435.134602033
7574,4127478.4604622666,-950143.0350884944,5077621.495550761
7575,4128028.785841795,-950680.7636208935,5078709.549462689
7576,4128577.885089479,-950837.1803154884,5079415.065404967
7577,4129121.1446244763,-950837.1803154884,5079958.324939964
7578,4129654.6158866077,-950837.1803154884,5080491.796202096
7579,4130175.4309742693,-950837.1803154884,5081012.611289757
7580,4130685.688858925,-950837.1803154884,5081522.869174413
7581,4131164.524517311,-950837.1803154884,5082001.704832799
7582,4131632.3665528814,-950837.1803154884,5082469.54686837
7583,4132091.999739658,-950837.1803154884,5082929.180055146
7584,4132521.4368320103,-950837.1803154884,5083358.617147499
7585,4132956.713637049,-950837.1803154884,5083793.893952537
7586,4133390.785092138,-950837.1803154884,5084227.965407627
7587,4133828.8674530936,-950837.1803154884,5084666.047768582
7588,4134266.51339424,-950837.1803154884,5085103.693709728
7589,4134798.0727219684,-950837.1803154884,5085635.253037456
7590,4135342.9948086203,-950837.1803154884,5086180.175124109
7591,4135900.032740454,-950837.1803154884,5086737.213055942
7592,4136447.3031813176,-950837.1803154884,5087284.483496806
7593,4136967.868886231,-950837.1803154884,5087805.049201719
7594,4137469.1489919527,-950837.1803154884,5088306.329307441
7595,4137973.650291505,-950837.1803154884,5088810.830606993
7596,4138488.62566648,-950837.1803154884,5089325.8059819685
7597,4139026.4611267047,-950837.1803154884,5089863.641442193
7598,4139556.0046105525,-950837.1803154884,5090393.1849260405
7599,4140124.4933669064,-950837.1803154884,5090961.673682394
7600,4140641.484585763,-950837.1803154884,5091478.664901251
7601,4141131.750286774,-950837.1803154884,5091968.930602262
7602,4141608.3207185306,-950837.1803154884,5092445.501034019
7603,4142057.749994528,-950837.1803154884,5092894.9303100165
7604,4142512.665690985,-950837.1803154884,5093349.8460064735
7605,4142962.0949669825,-950837.1803154884,5093799.2752824705
7606,4143404.35448897,-950837.1803154884,5094241.534804458
7607,4143842.000430116,-950837.1803154884,5094679.180745604
7608,4144276.5083050146,-950837.1803154884,5095113.688620503
7609,4144707.4209119603,-950837.1803154884,5095544.601227448
7610,4145137.5645887656,-950837.1803154884,5095974.744904254
7611,4145565.3391294633,-950837.1803154884,5096402.519444952
7612,4145993.196797744,-950837.1803154884,5096830.377113232
7613,4146428.1410924518,-950837.1803154884,5097265.32140794
7614,4146876.427364187,-950837.1803154884,5097713.607679675
7615,4147320.3494378286,-950837.1803154884,5098157.529753317
7616,4147738.709779783,-950837.1803154884,5098575.890095271
7617,4148106.4454238587,-950837.1803154884,5098943.625739347
7618,4148436.1086350465,-950837.1803154884,5099273.288950535
7619,4148776.6823414667,-950837.1803154884,5099613.862656955
7620,4149122.7632502425,-950837.1803154884,5099959.943565731
7621,4149479.9209094164,-950837.1803154884,5100317.101224905
7622,4149870.786803385,-951081.2244511658,5100952.011254551
7623,4150307.6430324954,-951393.3559509864,5101700.998983482
7624,4150757.862020529,-951503.8390610018,5102261.701081531
7625,4151212.777716986,-951503.8390610018,5102716.616777988
7626,4151663.7656351593,-951503.8390610018,5103167.604696161
7627,4152110.38935524,-951503.8390610018,5103614.228416242
7628,4152557.0130753205,-951503.8390610018,5104060.852136322
7629,4153003.30428507,-951503.8390610018,5104507.143346071
7630,4153443.651872655,-951503.8390610018,5104947.490933657
7631,4153878.5961673628,-951503.8390610018,5105382.435228365
7632,4154313.5404620706,-951503.8390610018,5105817.379523072
7633,4154747.6950447424,-951503.8390610018,5106251.534105744
7634,4155179.0440714974,-951503.8390610018,5106682.883132499
7635,4155609.1877483027,-951503.8390610018,5107113.026809305
7636,4156039.331425108,-951503.8390610018,5107543.170486109
7637,4156476.624074028,-951503.8390610018,5107980.46313503
7638,4156922.1255717417,-951503.8390610018,5108425.964632744
7639,4157353.4745984967,-951503.8390610018,5108857.3136594985
7640,4157751.4063369967,-951503.8390610018,5109255.245397998
7641,4158141.1292267027,-951503.8390610018,5109644.9682877045
7642,4158480.4975831737,-951503.8390610018,5109984.336644175
7643,4158823.876845511,-951503.8390610018,5110327.715906513
7644,4159232.4489145996,-951503.8390610018,5110736.287975602
7645,4159709.372638583,-951940.196064054,5111649.568702637
7646,4160204.70912214,-952454.1677738052,5112658.8768959455
7647,4160737.8478739406,-952862.305676751,5113600.153550692
7648,4161277.5329228807,-953039.4576952014,5114316.990618082
7649,4161814.1630331557,-953039.4576952014,5114853.620728357
7650,4162344.4131014566,-953039.4576952014,5115383.870796658
7651,4162835.904934312,-953039.4576952014,5115875.362629513
7652,4163274.673097825,-953039.4576952014,5116314.130793027
7653,4163713.877681148,-953039.4576952014,5116753.335376349
7654,4164148.718066377,-953039.4576952014,5117188.175761579
7655,4164583.9948714157,-953039.4576952014,5117623.452566617
7656,4165014.9074783614,-953039.4576952014,5118054.365173562
7657,4165443.471731095,-953039.4576952014,5118482.929426297
7658,4165869.417464973,-953039.4576952014,5118908.875160174
7659,4166295.2800712683,-953039.4576952014,5119334.73776647
7660,4166722.2648999305,-953039.4576952014,5119761.722595132
7661,4167160.2641333034,-953039.4576952014,5120199.721828504
7662,4167612.041763513,-953039.4576952014,5120651.499458714
7663,4168088.6121952697,-953039.4576952014,5121128.069890471
7664,4168585.611230481,-953039.4576952014,5121625.068925682
7665,4169060.165818357,-953039.4576952014,5122099.623513558
7666,4169512.7331606024,-953039.4576952014,5122552.190855804
7667,4169968.8749889047,-953039.4576952014,5123008.332684106
7668,4170426.513113696,-953039.4576952014,5123465.970808897
7669,4170911.292394247,-953606.384345056,5124517.676739303
7670,4171421.3008961547,-954263.6351146377,5125684.936010793
7671,4171970.15076109,-954819.9127969601,5126790.06355805
7672,4172521.785400047,-954976.0248505542,5127497.810250601
7673,4173043.826619554,-954976.0248505542,5128019.851470108
7674,4173552.8583723647,-954976.0248505542,5128528.883222919
7675,4174051.852469561,-954976.0248505542,5129027.877320115
7676,4174546.918788474,-954976.0248505542,5129522.943639028
7677,4175037.184489485,-954976.0248505542,5130013.209340039
7678,4175515.6668556444,-954976.0248505542,5130491.691706198
7679,4175961.6047731675,-954976.0248505542,5130937.629623721
7680,4176390.252153484,-954976.0248505542,5131366.277004038
7681,4176817.2369821463,-954976.0248505542,5131793.2618327
7682,4177241.956584179,-954976.0248505542,5132217.981434733
7683,4177663.538119964,-954976.0248505542,5132639.562970518
7684,4178087.0315901516,-954976.0248505542,5133063.056440705
7685,4178519.960040978,-954976.0248505542,5133495.984891532
7686,4178973.317095259,-954976.0248505542,5133949.341945813
7687,4179441.2422584128,-954976.0248505542,5134417.267108967
7688,4179900.792317607,-954976.0248505542,5134876.817168161
7689,4180327.0082161287,-954976.0248505542,5135303.0330666825
7690,4180739.1547712744,-954976.0248505542,5135715.179621829
7691,4181156.372108966,-954976.0248505542,5136132.39695952
7692,4181572.363314813,-955058.4839680906,5136630.847282903
7693,4182008.783124114,-955798.8617907196,5137807.644914834
7694,4182469.2060229266,-956438.5412660571,5138907.747288983
7695,4182968.1169925407,-957033.6981910199,5140001.81518356
7696,4183468.170966417,-957202.0035748272,5140670.174541244
7697,4183959.2263794634,-957202.0035748272,5141161.229954291
7698,4184441.304013576,-957202.0035748272,5141643.307588403
7699,4184912.2841153946,-957202.0035748272,5142114.287690222
7700,4185374.286438279,-957202.0035748272,5142576.290013107
7701,4185828.516332179,-957202.0035748272,5143030.519907006
7702,4186279.9406701615,-957202.0035748272,5143481.944244988
7703,4186727.0008100513,-957202.0035748272,5143929.004384879
7704,4187172.1490155384,-957202.0035748272,5144374.152590366
7705,4187616.50750899,-957202.0035748272,5144818.511083817
7706,4188058.8709404557,-957202.0035748272,5145260.874515283
7707,4188499.65494785,-957202.0035748272,5145701.658522677
7708,4188913.734219294,-957202.0035748272,5146115.737794122
7709,4189320.643736728,-957202.0035748272,5146522.647311555
7710,4189743.0149845486,-957202.0035748272,5146945.018559376
7711,4190200.736236923,-957202.0035748272,5147402.73981175
7712,4190666.6663380913,-957202.0035748272,5147868.6699129185
7713,4191153.357553045,-957202.0035748272,5148355.361127872
7714,4191699.4018620634,-957202.0035748272,5148901.40543689
7715,4192282.375599707,-957202.0035748272,5149484.379174534
7716,4192880.2707384494,-957202.0035748272,5150082.274313277
7717,4193475.81752298,-957756.9117990149,5151232.729321995
7718,4194076.4974357435,-958419.934039867,5152496.4314756105
7719,4194682.2481310535,-958980.4644075694,5153662.712538623
7720,4195284.424340307,-959190.1510121446,5154474.575352452
7721,4195874.463922482,-959190.1510121446,5155064.614934627
7722,4196457.437660126,-959190.1510121446,5155647.588672271
7723,4197032.555841202,-959190.1510121446,5156222.706853347
7724,4197601.813527696,-959190.1510121446,5156791.964539841
7725,4198170.30228405,-959190.1510121446,5157360.453296195
7726,4198741.492686843,-959190.1510121446,5157931.643698988
7727,4199297.408396309,-959190.1510121446,5158487.559408454
7728,4199847.027191385,-959190.1510121446,5159037.17820353
7729,4200395.440636511,-959190.1510121446,5159585.591648656
7730,4200940.612105911,-959190.1510121446,5160130.763118056
7731,4201485.866702893,-959190.1510121446,5160676.017715038
7732,4202039.766568479,-959190.1510121446,5161229.917580624
7733,4202608.587835164,-959190.1510121446,5161798.738847309
7734,4203203.261780076,-959190.1510121446,5162393.412792221
7735,4203826.635522923,-959190.1510121446,5163016.786535068
7736,4204466.593218524,-959190.1510121446,5163656.744230669
7737,4205056.279508472,-959190.1510121446,5164246.430520617
7738,4205636.884110008,-959190.1510121446,5164827.035122153
7739,4206228.939536065,-959190.1510121446,5165419.09054821
7740,4206825.255250736,-959190.1510121446,5166015.406262881
7741,4207431.442365855,-959190.1510121446,5166621.593378
7742,4208041.474131675,-959190.1510121446,5167231.62514382
7743,4208640.94869449,-959190.1510121446,5167831.099706635
7744,4209236.827989351,-959190.1510121446,5168426.979001496
7745,4209819.365307185,-959190.1510121446,5169009.51631933
7746,4210395.273200297,-959190.1510121446,5169585.424212442
7747,4210965.237471244,-959190.1510121446,5170155.388483389
7748,4211525.870671031,-959190.1510121446,5170716.021683176
7749,4212080.913540879,-959190.1510121446,5171271.064553024
7750,4212627.040977481,-959190.1510121446,5171817.191989626
7751,4213160.512239613,-959190.1510121446,5172350.663251758
7752,4213685.359015036,-959190.1510121446,5172875.510027181
7753,4214203.03603645,-959190.1510121446,5173393.187048595
7754,4214712.608118549,-959190.1510121446,5173902.759130694
7755,4215201.751597193,-959190.1510121446,5174391.902609338
7756,4215673.084991238,-959190.1510121446,5174863.236003383
7757,4216124.862621447,-959190.1510121446,5175315.013633592
7758,4216591.561652755,-959190.1510121446,5175781.7126649
7759,4217073.09895758,-959190.1510121446,5176263.249969725
7760,4217613.303553912,-959190.1510121446,5176803.454566057
7761,4218109.512877087,-959190.1510121446,5177299.663889232
7762,4218588.348535473,-959190.1510121446,5177778.499547618
7763,4219072.338103988,-959190.1510121446,5178262.489116133
7764,4219561.834874859,-959190.1510121446,5178751.985887004
7765,4220060.745844473,-959190.1510121446,5179250.896856618
7766,4220590.72574813,-959190.1510121446,5179780.876760275
7767,4221154.060594355,-959190.1510121446,5180344.2116065
7768,4221686.056341893,-959336.0558615263,5181022.112203419
7769,4222173.890561109,-959454.3293179309,5181628.2198790405
7770,4222651.250704902,-959454.3293179309,5182105.580022833
7771,4223121.108584354,-959454.3293179309,5182575.437902285
7772,4223579.183128955,-959454.3293179309,5183033.512446886
7773,4224032.893475463,-959454.3293179309,5183487.222793394
7774,4224481.179747198,-959454.3293179309,5183935.509065129
7775,4224928.239887088,-959454.3293179309,5184382.569205019
7776,4225369.813606517,-959454.3293179309,5184824.1429244485
7777,4225811.823745756,-959454.3293179309,5185266.1530636875
7778,4226249.116394676,-959454.3293179309,5185703.445712607
7779,4226680.818713658,-959454.3293179309,5186135.148031589
7780,4227098.03605135,-959454.3293179309,5186552.365369281
7781,4227523.1920731915,-959454.3293179309,5186977.521391123
7782,4227956.910236054,-959454.3293179309,5187411.239553985
7783,4228400.479017469,-959454.3293179309,5187854.8083354
7784,4228808.614666749,-959454.3293179309,5188262.94398468
7785,4229178.781792619,-959454.3293179309,5188633.11111055
7786,4229542.589658411,-959454.3293179309,5188996.918976342
7787,4229902.116453692,-959454.3293179309,5189356.445771623
7788,4230265.134607448,-959454.3293179309,5189719.463925379
7789,4230674.143096346,-959454.3293179309,5190128.4724142775
7790,4231151.7526228875,-959853.6586706412,5191005.411293529
7791,4231652.679436383,-960126.0015742865,5191778.681010669
7792,4232135.089580826,-960216.3752034701,5192351.464784296
7793,4232592.727705618,-960216.3752034701,5192809.102909088
7794,4233047.560274493,-960216.3752034701,5193263.935477963
7795,4233500.564036547,-960216.3752034701,5193716.939240017
7796,4233949.640020318,-960216.3752034701,5194166.015223788
7797,4234398.27958428,-960216.3752034701,5194614.65478775
7798,4234842.991369958,-960216.3752034701,5195059.366573428
7799,4235283.692249769,-960216.3752034701,5195500.067453239
7800,4235722.564322761,-960216.3752034701,5195938.939526231
7801,4236162.55861812,-960216.3752034701,5196378.93382159
7802,4236599.85126704,-960216.3752034701,5196816.22647051
7803,4237036.624368568,-960216.3752034701,5197252.999572038
7804,4237470.77895124,-960216.3752034701,5197687.15415471
7805,4237913.911312846,-960216.3752034701,5198130.286516315
7806,4238365.335650829,-960216.3752034701,5198581.710854298
7807,4238819.565544728,-960216.3752034701,5199035.940748198
7808,4239256.421773839,-960216.3752034701,5199472.796977309
7809,4239679.832116444,-960216.3752034701,5199896.207319913
7810,4240109.269208796,-960216.3752034701,5200325.644412266
7811,4240533.55239102,-960268.1682376644,5200801.720628684
7812,4240970.0553279035,-960997.0900739363,5201967.14540184
7813,4241408.054561276,-961644.9416426275,5203052.996203903
7814,4241859.915319068,-962272.9146154143,5204132.829934482
7815,4242317.55344386,-962804.1469742871,5205121.700418147
7816,4242779.555766745,-963041.4063471073,5205820.962113852
7817,4243242.243892186,-963041.4063471073,5206283.650239293
7818,4243702.6667909995,-963041.4063471073,5206744.073138107
7819,4244157.935779683,-963041.4063471073,5207199.34212679
7820,4244611.646126191,-963041.4063471073,5207653.052473298
7821,4245064.649888245,-963041.4063471073,5208106.0562353525
7822,4245512.9361599805,-963041.4063471073,5208554.342507088
7823,4245958.874077504,-963041.4063471073,5209000.280424611
7824,4246404.022282991,-963041.4063471073,5209445.428630098
7825,4246848.734068668,-963041.4063471073,5209890.140415776
7826,4247291.866430274,-963041.4063471073,5210333.272777381
7827,4247732.297145442,-963041.4063471073,5210773.703492549
7828,4248178.920865523,-963041.4063471073,5211220.32721263
7829,4248635.415986052,-963041.4063471073,5211676.822333159
7830,4249108.411931751,-963041.4063471073,5212149.818278858
7831,4249601.919608488,-963041.4063471073,5212643.325955595
7832,4250088.2575312145,-963041.4063471073,5213129.663878322
7833,4250538.912939057,-963041.4063471073,5213580.319286164
7834,4250963.632541089,-963041.4063471073,5214005.038888196
7835,4251407.6377423145,-963041.4063471073,5214449.044089422
7836,4251827.639854028,-963041.4063471073,5214869.046201135
7837,4252288.062752841,-963041.4063471073,5215329.469099948
7838,4252766.898411227,-963213.4754803166,5215980.373891544
7839,4253277.592715693,-963501.4581556421,5216779.050871335
7840,4253783.133110029,-963572.977737966,5217356.110847995
7841,4254280.485437467,-963572.977737966,5217853.463175433
7842,4254769.192496302,-963572.977737966,5218342.170234268
7843,4255251.166220935,-963572.977737966,5218824.143958901
7844,4255728.089944919,-963572.977737966,5219301.067682885
7845,4256220.724782037,-963572.977737966,5219793.702520003
7846,4256694.157147545,-963572.977737966,5220267.134885511
7847,4257171.953711147,-963572.977737966,5220744.931449113
7848,4257643.723525002,-963572.977737966,5221216.701262968
7849,4258114.017824263,-963572.977737966,5221686.995562229
7850,4258576.020147148,-963572.977737966,5222148.997885114
7851,4259029.023909202,-963572.977737966,5222602.001647168
7852,4259482.380963483,-963572.977737966,5223055.358701449
7853,4259947.084932806,-963572.977737966,5223520.062670772
7854,4260424.00865679,-963572.977737966,5223996.986394756
7855,4260925.621272842,-963572.977737966,5224498.599010808
7856,4261433.613930869,-963572.977737966,5225006.591668835
7857,4261930.529838498,-963572.977737966,5225503.507576464
7858,4262411.817760575,-963572.977737966,5225984.795498541
7859,4262845.18263121,-963572.977737966,5226418.160369176
7860,4263274.973015789,-963572.977737966,5226847.950753755
7861,4263715.6738956,-964067.0116277497,5227782.68552335
7862,4264186.300705193,-964753.3958688073,5228939.696574
7863,4264691.59171678,-965336.3983963145,5230027.990113094
7864,4265199.937667034,-965582.0378649298,5230781.975531964
7865,4265698.93176423,-965582.0378649298,5231280.96962916
7866,4266192.792733193,-965582.0378649298,5231774.830598123
7867,4266679.13065592,-965582.0378649298,5232261.16852085
7868,4267156.84409194,-965582.0378649298,5232738.88195687
7869,4267626.701971391,-965582.0378649298,5233208.739836321
7870,4268090.616228678,-965582.0378649298,5233672.654093608
7871,4268550.249415455,-965582.0378649298,5234132.287280385
7872,4269003.25317751,-965582.0378649298,5234585.29104244
7873,4269456.256939564,-965582.0378649298,5235038.294804494
7874,4269911.60905583,-965582.0378649298,5235493.64692076
7875,4270368.893888395,-965582.0378649298,5235950.931753325
7876,4270826.532013187,-965582.0378649298,5236408.569878117
7877,4271295.246888377,-965582.0378649298,5236877.284753307
7878,4271782.021230913,-965582.0378649298,5237364.059095843
7879,4272278.937138542,-965582.0378649298,5237860.975003472
7880,4272764.069711319,-965582.0378649298,5238346.107576249
7881,4273215.410921719,-965582.0378649298,5238797.448786649
7882,4273649.918796618,-965582.0378649298,5239231.9566615475
7883,4274082.410827635,-965582.0378649298,5239664.448692565
7884,4274512.990924249,-966118.5260702661,5240631.516994515
7885,4274954.12822387,-966948.5209526329,5241902.649176503
7886,4275422.84309906,-967707.1899983209,5243130.033097381
7887,4275919.405714462,-968375.8857695146,5244295.291483976
7888,4276418.753103885,-968645.683769218,5245064.436873103
7889,4276906.670450684,-968645.683769218,5245552.354219901
7890,4277392.2394432705,-968645.683769218,5246037.923212488
7891,4277868.373455218,-968645.683769218,5246514.057224436
7892,4278335.425778753,-968645.683769218,5246981.109547971
7893,4278797.864521447,-968645.683769218,5247443.548290664
7894,4279255.149354012,-968645.683769218,5247900.833123229
7895,4279708.85970052,-968645.683769218,5248354.543469737
7896,4280157.935684291,-968645.683769218,5248803.619453508
7897,4280605.43224399,-968645.683769218,5249251.1160132075
7898,4281049.271190049,-968645.683769218,5249694.954959267
7899,4281493.546555918,-968645.683769218,5250139.230325135
7900,4281937.821921786,-968645.683769218,5250583.505691004
7901,4282397.891528373,-968645.683769218,5251043.57529759
7902,4282864.154139872,-968645.683769218,5251509.837909089
7903,4283323.434034422,-968645.683769218,5251969.11780364
7904,4283748.506928681,-968645.683769218,5252394.190697899
7905,4284143.0304362895,-968645.683769218,5252788.714205507
7906,4284520.969991145,-968645.683769218,5253166.653760362
7907,4284998.247007355,-968645.683769218,5253643.930776573
7908,4285466.089042926,-968679.6022842417,5254145.691327168
7909,4285945.797540931,-969417.8554943178,5255363.653035249
7910,4286467.049048402,-970091.5230400182,5256558.57208842
7911,4287049.23307401,-970622.344580492,5257671.577654502
7912,4287638.4829441495,-970761.2738256665,5258399.756769816
7913,4288205.038984206,-970761.2738256665,5258966.312809872
7914,4288732.587406068,-970761.2738256665,5259493.861231735
7915,4289201.219153675,-970761.2738256665,5259962.492979342
7916,4289656.238759611,-970761.2738256665,5260417.512585278
7917,4290103.652191727,-970761.2738256665,5260864.926017394
7918,4290547.491137787,-970761.2738256665,5261308.764963454
7919,4290990.187079583,-970761.2738256665,5261751.46090525
7920,4291430.971086977,-970761.2738256665,5262192.244912644
7921,4291872.461678824,-970761.2738256665,5262633.735504491
7922,4292310.460912197,-970761.2738256665,5263071.734737864
7923,4292748.106853344,-970761.2738256665,5263509.38067901
7924,4293188.890860737,-970761.2738256665,5263950.164686404
7925,4293637.09400489,-970761.2738256665,5264398.367830557
7926,4294098.306615738,-970761.2738256665,5264859.580441405
7927,4294563.800297097,-970761.2738256665,5265325.074122764
7928,4295005.810436336,-970761.2738256665,5265767.084262003
7929,4295433.231684808,-970761.2738256665,5266194.505510475
7930,4295939.208498953,-970761.2738256665,5266700.48232462
7931,4296449.902803418,-970761.2738256665,5267211.176629085
7932,4296964.961305976,-970761.2738256665,5267726.235131643
7933,4297485.880303116,-970761.2738256665,5268247.154128782
7934,4298062.120706558,-970761.2738256665,5268823.394532225
7935,4298663.153911549,-970826.7543414766,5269489.908253025
7936,4299253.629913533,-970871.5700114287,5270125.199924962
7937,4299830.4106462635,-970871.5700114287,5270701.980657692
7938,4300405.528827339,-970871.5700114287,5271277.098838768
7939,4300968.780545982,-970871.5700114287,5271840.35055741
7940,4301514.035142964,-970871.5700114287,5272385.605154392
7941,4302048.649409357,-970871.5700114287,5272920.219420786
7942,4302511.7739546085,-970871.5700114287,5273383.343966037
7943,4302963.5515848175,-970871.5700114287,5273835.121596246
7944,4303414.103083182,-970871.5700114287,5274285.673094611
7945,4303856.799024979,-970871.5700114287,5274728.369036407
7946,4304294.798258351,-970871.5700114287,5275166.36826978
7947,4304732.880619307,-970871.5700114287,5275604.450630736
7948,4305172.189112108,-970871.5700114287,5276043.759123537
7949,4305618.127029631,-970871.5700114287,5276489.69704106
7950,4306072.356923531,-970871.5700114287,5276943.926934959
7951,4306550.83928969,-970871.5700114287,5277422.409301119
7952,4306995.114655559,-970871.5700114287,5277866.6846669875
7953,4307431.97088467,-970871.5700114287,5278303.540896098
7954,4307868.037401744,-970871.5700114287,5278739.607413173
7955,4308315.804126088,-970871.5700114287,5279187.374137516
7956,4308785.308713313,-970871.5700114287,5279656.878724742
7957,4309288.14746121,-970871.5700114287,5280159.717472639
7958,4309852.604529802,-971233.7626515087,5281086.36718131
7959,4310407.64739965,-971597.9618036039,5282005.609203254
7960,4310950.553642421,-971769.4925659702,5282720.046208391
7961,4311481.240130532,-971769.4925659702,5283250.732696502
7962,4312001.369415636,-971769.4925659702,5283770.861981606
7963,4312463.018446294,-971769.4925659702,5284232.511012264
7964,4312906.150807899,-971769.4925659702,5284675.643373869
7965,4313348.846749696,-971769.4925659702,5285118.339315666
7966,4313784.996394353,-971769.4925659702,5285554.488960323
7967,4314217.841717597,-971769.4925659702,5285987.334283567
7968,4314654.2615268985,-971769.4925659702,5286423.754092868
7969,4315087.106850143,-971769.4925659702,5286856.5994161125
7970,4315517.33365453,-971769.4925659702,5287286.8262205
7971,4315948.246261476,-971769.4925659702,5287717.738827446
7972,4316381.257839885,-971769.4925659702,5288150.750405855
7973,4316819.693493066,-971769.4925659702,5288589.186059036
7974,4317267.896637219,-971769.4925659702,5289037.389203189
7975,4317719.237847619,-971769.4925659702,5289488.730413589
7976,4318156.883788765,-971769.4925659702,5289926.376354735
7977,4318573.747834231,-971769.4925659702,5290343.240400201
7978,4318968.188214256,-971769.4925659702,5290737.680780226
7979,4319329.62694394,-971769.4925659702,5291099.11950991
7980,4319707.130078985,-971794.038055326,5291501.168134311
7981,4320106.28794933,-972580.4659160031,5292686.753865333
7982,4320520.284093192,-973365.100117551,5293885.384210743
7983,4320962.294232431,-974029.2378938964,5294991.532126327
7984,4321417.209928888,-974304.9992184791,5295722.209147367
7985,4321871.793115014,-974304.9992184791,5296176.792333493
7986,4322325.5865891045,-974304.9992184791,5296630.585807583
7987,4322777.71751154,-974304.9992184791,5297082.716730019
7988,4323225.214071239,-974304.9992184791,5297530.213289718
7989,4323675.765569604,-974304.9992184791,5297980.764788083
7990,4324124.051841339,-974304.9992184791,5298429.051059818
7991,4324570.67556142,-974304.9992184791,5298875.6747798985
7992,4325015.3873470975,-974304.9992184791,5299320.386565576
7993,4325456.524646718,-974304.9992184791,5299761.523865197
7994,4325896.0825222675,-974304.9992184791,5300201.081740746
7995,4326333.728463414,-974304.9992184791,5300638.727681893
7996,4326776.09189488,-974304.9992184791,5301081.091113359
7997,4327234.60285929,-974304.9992184791,5301539.602077769
7998,4327709.947159202,-974304.9992184791,5302014.946377681
7999,4328209.647840852,-974304.9992184791,5302514.647059331
8000,4328708.912102693,-974304.9992184791,5303013.911321172
8001,4329190.885827326,-974304.9992184791,5303495.885045805
8002,4329677.3276595315,-974304.9992184791,5303982.32687801
8003,4330138.54027038,-974304.9992184791,5304443.539488859
8004,4330575.479627073,-974304.9992184791,5304880.478845552
8005,4331029.958903721,-974304.9992184791,5305334.958122199
8006,4331515.527896307,-974304.9992184791,5305820.527114786
8007,4332027.801624844,-974535.5795377665,5306563.38116261
8008,4332533.009508849,-974615.4147339468,5307148.424242796
8009,4333028.429119988,-974615.4147339468,5307643.843853936
8010,4333516.346466787,-974615.4147339468,5308131.7612007335
8011,4333995.618544983,-974615.4147339468,5308611.033278929
8012,4334465.808934766,-974615.4147339468,5309081.223668713
8013,4334930.596031671,-974615.4147339468,5309546.010765618
8014,4335388.6705762725,-974615.4147339468,5310004.085310219
8015,4335837.746560044,-974615.4147339468,5310453.161293991
8016,4336282.811637948,-974615.4147339468,5310898.2263718955
8017,4336725.943999554,-974615.4147339468,5311341.358733501
8018,4337166.291587139,-974615.4147339468,5311781.706321085
8019,4337603.147816249,-974615.4147339468,5312218.562550196
8020,4338041.583469431,-974615.4147339468,5312656.998203378
8021,4338491.366037655,-974615.4147339468,5313106.780771602
8022,4338954.927002715,-974615.4147339468,5313570.341736661
8023,4339446.335707988,-974615.4147339468,5314061.750441935
8024,4339951.876102324,-974615.4147339468,5314567.290836271
8025,4340527.680085957,-974615.4147339468,5315143.094819903
8026,4341097.727484487,-974615.4147339468,5315713.142218433
8027,4341661.935170331,-974615.4147339468,5316277.349904278
8028,4342233.125573124,-974615.4147339468,5316848.540307071
8029,4342806.664330129,-974615.4147339468,5317422.079064075
8030,4343375.049177004,-974615.4147339468,5317990.46391095
8031,4343941.958509286,-974660.9861729224,5318602.944682209
8032,4344467.241704519,-974744.2362111537,5319211.477915673
8033,4344960.666253673,-974744.2362111537,5319704.902464827
8034,4345447.793888436,-974744.2362111537,5320192.030099589
8035,4345923.844772801,-974744.2362111537,5320668.0809839545
8036,4346392.55964799,-974744.2362111537,5321136.795859144
8037,4346853.855386422,-974744.2362111537,5321598.091597576
8038,4347310.350506951,-974744.2362111537,5322054.586718105
8039,4347760.216202758,-974744.2362111537,5322504.452413912
8040,4348206.154120281,-974744.2362111537,5322950.390331435
8041,4348648.850062078,-974744.2362111537,5323393.086273232
8042,4349087.28571526,-974744.2362111537,5323831.521926413
8043,4349525.721368441,-974744.2362111537,5324269.957579595
8044,4349841.606182792,-974744.2362111537,5324585.842393946
8045,4350263.977430613,-974744.2362111537,5325008.213641766
8046,4350725.62646127,-974515.5802803106,5325241.206741581
8047,4351208.743190167,-974134.4073014142,5325343.15049158
8048,4351712.018357874,-974134.4073014142,5325846.425659288
8049,4352219.221303864,-974134.4073014142,5326353.628605278
8050,4352722.849763798,-974134.4073014142,5326857.257065211
8051,4353225.688511695,-974134.4073014142,5327360.095813109
8052,4353734.387754175,-974134.4073014142,5327868.795055589
8053,4354241.154280356,-974134.4073014142,5328375.56158177
8054,4354752.991589083,-974518.6755125799,5329271.667101664
8055,4355266.823959797,-974867.3087485052,5330134.132708302
8056,4355773.590485978,-974920.5458222432,5330694.136308221
8057,4356266.661742905,-974920.5458222432,5331187.207565148
8058,4356751.877443265,-974920.5458222432,5331672.423265508
8059,4357230.359809425,-974920.5458222432,5332150.905631668
8060,4357707.200405826,-974920.5458222432,5332627.746228069
8061,4358293.748629526,-974920.5458222432,5333214.294451769
8062,4358842.931004792,-974920.5458222432,5333763.476827036
8063,4359360.25473398,-974920.5458222432,5334280.800556223
8064,4359810.369812534,-974920.5458222432,5334730.915634777
8065,4360259.009376496,-974920.5458222432,5335179.555198739
8066,4360707.295648231,-974920.5458222432,5335627.841470474
8067,4361153.150438172,-974920.5458222432,5336073.696260415
8068,4361601.873129716,-974920.5458222432,5336522.418951959
8069,4362058.804670054,-974622.8508313793,5336681.655501434
8070,4362530.574483909,-974151.0810175247,5336681.655501434
8071,4363023.999033063,-973780.9377183706,5336804.936751434
8072,4363510.3369557895,-973780.9377183706,5337291.27467416
8073,4363977.389279325,-973780.9377183706,5337758.3269976955
8074,4364446.810738967,-973780.9377183706,5338227.748457338
8075,4364900.167793248,-973780.9377183706,5338681.105511619
8076,4365382.5779376915,-973780.9377183706,5339163.515656062
8077,4365872.843638702,-974439.5133949682,5340312.357033671
8078,4366357.269627026,-975133.9666838491,5341491.236310875
8079,4366864.742737661,-975741.0286238058,5342605.7713614665
8080,4367377.806178234,-975911.4319317873,5343289.238110021
8081,4367878.379699502,-975911.4319317873,5343789.811631289
8082,4368373.362890832,-975911.4319317873,5344284.794822619
8083,4368862.506369476,-975911.4319317873,5344773.938301263
8084,4369341.695320088,-975911.4319317873,5345253.127251876
8085,4369817.392912227,-975911.4319317873,5345728.824844014
8086,4370289.162726081,-975911.4319317873,5346200.594657868
8087,4370753.1601109505,-975911.4319317873,5346664.592042738
8088,4371209.65523148,-975911.4319317873,5347121.087163267
8089,4371661.432861689,-975911.4319317873,5347572.864793476
8090,4372114.78991597,-975911.4319317873,5348026.221847757
8091,4372566.567546179,-975911.4319317873,5348477.999477966
8092,4373018.781596198,-975911.4319317873,5348930.213527985
8093,4373477.625070939,-975827.9703830755,5349305.595454015
8094,4373954.985214732,-975350.6102392828,5349305.595454015
8095,4374447.62005185,-974903.9316521646,5349351.551704014
8096,4374935.184106422,-974795.9425975925,5349731.126704014
8097,4375394.38087339,-974795.9425975925,5350190.323470982
8098,4375844.163441613,-974795.9425975925,5350640.106039206
8099,4376282.162674986,-974795.9425975925,5351078.105272578
8100,4376711.953059564,-974795.9425975925,5351507.895657157
8101,4377151.510935114,-974795.9425975925,5351947.453532706
8102,4377628.434659097,-974795.9425975925,5352424.37725669
8103,4378132.49953884,-974795.9425975925,5352928.442136432
8104,4378636.127998773,-974795.9425975925,5353432.070596365
8105,4379133.812836542,-974795.9425975925,5353929.755434134
8106,4379625.2215418145,-974795.9425975925,5354421.164139407
8107,4380109.6475301385,-974795.9425975925,5354905.590127731
8108,4380586.217961895,-974795.9425975925,5355382.1605594875
8109,4381056.408351678,-974440.713193045,5355497.121544723
8110,4381521.195448584,-973975.9260961392,5355497.121544723
8111,4381980.475343134,-973516.646201589,5355497.121544723
8112,4382435.744331818,-973061.3772129052,5355497.121544723
8113,4382891.449740311,-972605.671804412,5355497.121544723
8114,4383353.535190779,-972143.5863539448,5355497.121544723
8115,4383816.65973603,-971680.4618086936,5355497.121544723
8116,4384278.225639105,-971218.8959056184,5355497.121544723
8117,4384744.488250604,-970752.6332941194,5355497.121544723
8118,4385218.959710897,-970278.1618338263,5355497.121544723
8119,4385691.16594456,-969858.5118501625,5355549.677794723
8120,4386139.805508522,-969839.528536201,5355979.334044723
8121,4386550.746713718,-969839.528536201,5356390.275249919
8122,4386941.695735269,-969839.528536201,5356781.224271471
8123,4387326.015332098,-969839.528536201,5357165.5438683
8124,4387706.739660975,-969839.528536201,5357546.268197175
8125,4388099.600616928,-969839.528536201,5357939.129153129
8126,4388530.949643684,-969839.528536201,5358370.478179885
8127,4388990.582830461,-969839.528536201,5358830.111366661
8128,4389460.773220244,-969839.528536201,5359300.301756445
8129,4389935.327808119,-969839.528536201,5359774.85634432
8130,4390405.5181979025,-969839.528536201,5360245.046734104
8131,4390870.658587035,-969839.528536201,5360710.187123235
8132,4391330.291773812,-969839.528536201,5361169.820310013
8133,4391791.151092434,-969839.528536201,5361630.679628635
8134,4392248.352797416,-969839.528536201,5362087.8813336175
8135,4392703.6217861,-969839.528536201,5362543.150322301
8136,4393157.061967963,-969839.528536201,5362996.590504164
8137,4393608.403178363,-969839.528536201,5363447.931714565
8138,4394061.323812835,-969810.3533057695,5363871.677118604
8139,4394510.399796606,-969361.2773219986,5363871.677118605
8140,4394962.613846625,-968909.0632719799,5363871.677118605
8141,4395428.543947794,-968443.1331708117,5363871.677118605
8142,4395903.888247705,-967967.7888709,5363871.677118605
8143,4396376.884193405,-967554.0429252003,5363930.927118605
8144,4396823.944333294,-967554.0429252003,5364377.987258495
8145,4397237.2338927025,-967554.0429252003,5364791.276817903
8146,4397627.393202217,-967554.0429252003,5365181.436127418
8147,4398006.205596691,-967554.0429252003,5365560.248521891
8148,4398386.846797984,-967554.0429252003,5365940.8897231845
8149,4398780.144173747,-967554.0429252003,5366334.187098947
8150,4399211.493200502,-967554.0429252003,5366765.536125703
8151,4399670.440584722,-967554.0429252003,5367224.483509922
8152,4400138.719040102,-967565.164470386,5367703.883510488
8153,4400608.140499745,-967565.164470386,5368173.30497013
8154,4401073.717308686,-967565.164470386,5368638.881779072
8155,4401534.223335082,-967565.164470386,5369099.3878054675
8156,4401991.944587456,-967565.164470386,5369557.109057842
8157,4402450.788062197,-967565.164470386,5370015.952532583
8158,4402905.703758654,-967565.164470386,5370470.86822904
8159,4403356.255257019,-967565.164470386,5370921.419727405
8160,4403804.977948563,-967565.164470386,5371370.142418949
8161,4404251.705578122,-967565.164470386,5371816.870048508
8162,4404699.119010239,-967565.164470386,5372264.283480625
8163,4405144.620507953,-967565.164470386,5372709.7849783385
8164,4405594.48620376,-967565.164470386,5373159.650674146
8165,4406052.893258692,-967565.164470386,5373618.0577290775
8166,4406531.043114521,-967149.6534736389,5373680.69658816
8167,4407029.954084135,-966712.880004025,5373742.83408816
8168,4407528.511761522,-966712.880004025,5374241.391765547
8169,4407990.077664597,-966712.880004025,5374702.957668622
8170,4408434.353030466,-966712.880004025,5375147.233034491
8171,4408864.496707271,-966712.880004025,5375577.376711296
8172,4409300.916516572,-966712.880004025,5376013.796520597
8173,4409804.461848923,-966712.880004025,5376517.341852948
8174,4410369.355337325,-966712.880004025,5377082.23534135
8175,4410938.529896236,-966712.880004025,5377651.409900261
8176,4411503.423384638,-966712.880004025,5378216.303388663
8177,4412010.543203046,-966712.880004025,5378723.423207071
8178,4412503.614459973,-966712.880004025,5379216.494463998
8179,4412988.393740524,-966712.880004025,5379701.273744549
8180,4413460.599974187,-966712.880004025,5380173.479978212
8181,4413928.442009758,-966712.880004025,5380641.322013783
8182,4414386.163262133,-966712.880004025,5381099.043266158
8183,4414836.278340687,-966712.880004025,5381549.158344712
8184,4415283.774900386,-966712.880004025,5381996.654904411
8185,4415731.978044539,-966712.880004025,5382444.858048564
8186,4416175.546825954,-966712.880004025,5382888.426829979
8187,4416617.556965193,-966712.880004025,5383330.436969218
8188,4417062.622043097,-966267.8149261205,5383330.436969218
8189,4417515.10625776,-965815.3307114579,5383330.436969218
8190,4417986.876071614,-965343.5608976033,5383330.436969218
8191,4418478.721196696,-964900.9720225208,5383379.693219217
8192,4418972.582165659,-964874.3235535574,5383846.905719217
8193,4419466.006714813,-964874.3235535574,5384340.330268371
8194,4419925.6399015905,-964874.3235535574,5384799.963455148
8195,4420378.290371419,-964874.3235535574,5385252.613924976
8196,4420812.798246318,-964874.3235535574,5385687.121799875
8197,4421258.653036258,-964874.3235535574,5386132.976589816
8198,4421730.859269922,-964874.3235535574,5386605.182823479
8199,4422230.913243798,-964874.3235535574,5387105.236797355
8200,4422741.607548263,-964874.3235535574,5387615.93110182
8201,4423242.534361758,-964874.3235535574,5388116.857915316
8202,4423735.25232646,-964874.3235535574,5388609.575880017
8203,4424218.015763129,-964874.3235535574,5389092.339316687
8204,4424691.011708829,-964874.3235535574,5389565.335262386
8205,4425160.079876245,-964874.3235535574,5390034.4034298025
8206,4425623.994133532,-964874.3235535574,5390498.31768709
8207,4426082.401188464,-964874.3235535574,5390956.724742021
8208,4426538.106596957,-964874.3235535574,5391412.4301505145
8209,4426999.755627614,-964874.3235535574,5391874.079181172
8210,4427460.178526428,-964874.3235535574,5392334.502079985
8211,4427917.546486575,-964874.3235535574,5392791.870040133
8212,4428370.11382882,-964554.9919568436,5392925.105785664
8213,4428829.747015597,-964095.3587700669,5392925.105785664
8214,4429306.670739581,-963618.4350460834,5392925.105785664
8215,4429805.935001422,-963174.0895342429,5392980.024535664
8216,4430310.353173391,-963174.0895342429,5393484.442707634
8217,4430814.77134536,-963174.0895342429,5393988.860879603
8218,4431317.610093257,-963174.0895342429,5394491.6996275
8219,4431821.238553191,-963174.0895342429,5394995.328087433
8220,4432284.446226025,-963174.0895342429,5395458.535760268
8221,4432749.586615157,-963174.0895342429,5395923.6761494
8222,4433299.12228265,-963174.0895342429,5396473.211816893
8223,4433880.516596222,-963289.090689099,5397169.607285322
8224,4434455.198357489,-963328.3541688028,5397783.552526291
8225,4435017.307071869,-963328.3541688028,5398345.661240672
8226,4435572.4330693,-963328.3541688028,5398900.787238102
8227,4436119.267090354,-963328.3541688028,5399447.621259157
8228,4436654.317776557,-963328.3541688028,5399982.67194536
8229,4437187.8929481665,-963328.3541688028,5400516.247116969
8230,4437699.46009225,-963328.3541688028,5401027.814261053
8231,4438156.391632589,-963328.3541688028,5401484.745801391
8232,4438607.3795507625,-963328.3541688028,5401935.733719565
8233,4439056.80882676,-963328.3541688028,5402385.162995563
8234,4439503.86896665,-963328.3541688028,5402832.223135453
8235,4439950.92910654,-963328.3541688028,5403279.283275343
8236,4440396.867024063,-963328.3541688028,5403725.221192866
8237,4440852.572432556,-962928.6843074923,5403781.2567400485
8238,4441327.127020432,-962454.1297196165,5403781.2567400485
8239,4441815.127494813,-962067.7542452351,5403882.8817400485
8240,4442300.6964874,-962067.7542452351,5404368.450732635
8241,4442769.328235007,-962067.7542452351,5404837.0824802425
8242,4443283.077478137,-962067.7542452351,5405350.8317233715
8243,4443805.638245036,-962067.7542452351,5405873.3924902715
8244,4444327.326172316,-962509.8844034572,5406837.210575773
8245,4444872.580769299,-963197.3237488747,5408069.904518173
8246,4445464.532285877,-963894.0818264541,5409358.614112331
8247,4446035.639561086,-964526.6376005808,5410562.277161667
8248,4446650.035524999,-964712.885399226,5411362.920924225
8249,4447237.290333153,-964712.885399226,5411950.175732379
8250,4447805.779089507,-964712.885399226,5412518.664488733
8251,4448332.537799333,-964712.885399226,5413045.423198559
8252,4448814.8648161935,-964712.885399226,5413527.75021542
8253,4449288.650473929,-964712.885399226,5414001.535873155
8254,4449761.209999819,-964712.885399226,5414474.095399045
8255,4450230.6314594615,-964712.885399226,5414943.516858688
8256,4450693.756004713,-964712.885399226,5415406.641403939
8257,4451153.825611299,-964712.885399226,5415866.711010525
8258,4451613.105505849,-964712.885399226,5416325.990905075
8259,4452070.390338414,-964712.885399226,5416783.27573764
8260,4452529.233813155,-964712.885399226,5417242.119212382
8261,4453000.213914974,-964392.462722934,5417392.6766379075
8262,4453486.115417891,-963906.5612200163,5417392.6766379075
8263,4453993.235236299,-963485.9726516084,5417479.2078879075
8264,4454491.709786104,-963485.9726516084,5417977.682437712
8265,4454981.539067306,-963485.9726516084,5418467.511718914
8266,4455542.172267092,-963485.9726516084,5419028.144918701
8267,4456079.924599734,-963485.9726516084,5419565.897251342
8268,4456615.328578164,-963498.3950337365,5420113.723611901
8269,4457190.529886823,-964160.7381944834,5421351.2680813065
8270,4457796.63387436,-964813.8777836794,5422610.511658039
8271,4458409.8868340105,-965364.4377840296,5423774.32461804
8272,4459020.791439449,-965389.0377329087,5424409.829172358
8273,4459615.901804171,-965389.0377329087,5425004.939537079
8274,4460199.311961624,-965389.0377329087,5425588.349694532
8275,4460756.7863132665,-965389.0377329087,5426145.824046175
8276,4461244.620532483,-965389.0377329087,5426633.658265391
8277,4461712.545695636,-965389.0377329087,5427101.583428545
8278,4462179.161599362,-965389.0377329087,5427568.199332271
8279,4462636.882851737,-965389.0377329087,5428025.920584645
8280,4463085.5224156985,-965389.0377329087,5428474.560148607
8281,4463533.018975398,-965389.0377329087,5428922.056708306
8282,4463979.746604957,-965389.0377329087,5429368.784337865
8283,4464424.105098408,-965389.0377329087,5429813.142831316
8284,4464860.878199936,-965389.0377329087,5430249.915932844
8285,4465309.954183707,-965092.4938328986,5430402.448016605
8286,4465770.023790293,-964632.4242263124,5430402.448016606
8287,4466230.4466891065,-964276.9617270409,5430507.408416147
8288,4466664.518144196,-964276.9617270409,5430941.479871237
8289,4467109.229929874,-964276.9617270409,5431386.191656915
8290,4467570.795832949,-964276.9617270409,5431847.75755999
8291,4468035.499802272,-964276.9617270409,5432312.461529313
8292,4468568.534644594,-964276.9617270409,5432845.496371635
8293,4469102.795618761,-964276.9617270409,5433379.757345802
8294,4469632.775522418,-964666.3545896204,5434299.130112039
8295,4470161.882586457,-965012.0355409513,5435173.918127408
8296,4470699.281626872,-965048.7497003302,5435748.031327202
8297,4471230.051242565,-965048.7497003302,5436278.800942895
8298,4471756.4566601645,-965048.7497003302,5436805.206360495
8299,4472273.780389352,-965048.7497003302,5437322.530089682
8300,4472787.176340255,-965048.7497003302,5437835.926040585
8301,4473299.366941209,-965048.7497003302,5438348.116641539
8302,4473805.697047581,-965048.7497003302,5438854.446747911
8303,4474308.099375669,-965048.7497003302,5439356.849075999
8304,4474808.589769355,-965048.7497003302,5439857.339469685
8305,4475310.202385408,-965048.7497003302,5440358.952085738
8306,4475808.760062795,-965048.7497003302,5440857.509763125
8307,4476306.881320373,-965048.7497003302,5441355.631020703
8308,4476806.582002023,-964940.0845324837,5441746.666534507
8309,4477315.800791895,-964430.865742612,5441746.666534507
8310,4477828.074520431,-963918.5920140753,5441746.666534507
8311,4478338.768824897,-963465.7606389192,5441804.529463816
8312,4478837.679794511,-963465.7606389192,5442303.44043343
8313,4479329.524919593,-963465.7606389192,5442795.285558512
8314,4479810.3764218595,-963465.7606389192,5443276.137060778
8315,4480293.929570565,-963465.7606389192,5443759.690209484
8316,4480788.123049859,-963465.7606389192,5444253.883688778
8317,4481300.396778395,-963465.7606389192,5444766.157417314
8318,4481830.29355447,-963465.7606389192,5445296.054193389
8319,4482368.482306921,-963465.7606389192,5445834.242945841
8320,4482901.953569053,-963465.7606389192,5446367.7142079715
8321,4483424.0779161425,-963465.7606389192,5446889.838555062
8322,4484449.996978331,-963465.7606389192,5447915.75761725
8323,4485468.268302909,-963465.7606389192,5448934.028941829
8324,4486473.072959086,-963465.7606389192,5449938.833598005
8325,4487476.298191191,-963465.7606389192,5450942.05883011
8326,4488472.540706347,-963465.7606389192,5451938.301345266
8327,4489463.379928626,-963465.7606389192,5452929.140567545
8328,4490447.943018409,-963465.7606389192,5453913.703657329
8329,4490937.8762090895,-963465.7606389192,5454403.636848008
8330,4491426.583267924,-963465.7606389192,5454892.343906844
8331,4491914.500614723,-963129.1221787714,5455043.622793495
8332,4492404.766315734,-962638.8564777608,5455043.622793495
8333,4492904.82028961,-962138.8025038844,5455043.622793495
8334,4493423.016858416,-961620.6059350785,5455043.622793494
8335,4493970.287299279,-961128.1242970804,5455098.41159636
8336,4494523.750745055,-961089.8747833917,5455613.625528447
8337,4495070.5847661095,-961089.8747833917,5456160.459549502
8338,4495631.903768454,-961089.8747833917,5456721.778551846
8339,4496207.02194953,-961089.8747833917,5457296.896732922
8340,4496781.3504185695,-961089.8747833917,5457871.225201962
8341,4497326.605015552,-961089.8747833917,5458416.479798944
8342,4497911.137395372,-961089.8747833917,5459001.012178764
8343,4498509.032534114,-961089.8747833917,5459598.907317506
8344,4499108.153804702,-961108.9755773513,5460217.129382053
8345,4499696.717872283,-961108.9755773513,5460805.693449635
8346,4500276.11712387,-961108.9755773513,5461385.092701222
8347,4500844.501970746,-961108.9755773513,5461953.477548097
8348,4501402.766034424,-961108.9755773513,5462511.741611776
8349,4501964.168164351,-961108.9755773513,5463073.143741703
8350,4502525.1338744685,-961108.9755773513,5463634.10945182
8351,4503081.735386493,-961108.9755773513,5464190.710963844
8352,4503632.580313413,-961108.9755773513,5464741.555890765
8353,4504177.398490586,-961108.9755773513,5465286.374067938
8354,4504683.375304732,-961108.9755773513,5465792.350882083
8355,4505182.639566572,-961052.6860279319,5466235.325594504
8356,4505681.467408604,-960553.8581859006,5466235.325594504
8357,4506185.095868537,-960050.229725967,5466235.325594504
8358,4506704.435441606,-959530.8901528987,5466235.325594504
8359,4507240.6291320715,-959057.6115889606,5466298.240721032
8360,4507771.315620182,-959057.6115889606,5466828.927209143
8361,4508282.009924647,-959057.6115889606,5467339.621513608
8362,4508770.280563673,-959057.6115889606,5467827.8921526335
8363,4509275.9248674875,-959057.6115889606,5468333.536456448
8364,4509772.840775116,-959057.6115889606,5468830.452364077
8365,4510252.112853312,-959057.6115889606,5469309.724442272
8366,4510778.518270912,-959057.6115889606,5469836.129859872
8367,4511325.788711775,-959057.6115889606,5470383.400300736
8368,4511874.638576711,-959057.6115889606,5470932.250165671
8369,4512407.3409087015,-959057.6115889606,5471464.952497662
8370,4512922.752703486,-959057.6115889606,5471980.3642924465
8371,4513406.388979774,-959057.6115889606,5472464.0005687345
8372,4513881.7332796855,-959057.6115889606,5472939.344868646
8373,4514352.796509087,-959057.6115889606,5473410.408098048
8374,4514816.710766374,-959057.6115889606,5473874.322355335
8375,4515274.785310975,-959057.6115889606,5474332.396899936
8376,4515726.999360994,-959057.6115889606,5474784.610949955
8377,4516174.412793111,-959057.6115889606,5475232.024382072
8378,4516619.124578789,-959057.6115889606,5475676.736167749
8379,4517063.046652431,-958958.7323674435,5476021.7790198745
8380,4517507.322018299,-958514.4570015749,5476021.7790198745
8381,4517961.11549239,-958060.6635274844,5476021.779019874
8382,4518431.409791651,-957590.3692282232,5476021.7790198745
8383,4518921.342982331,-957221.3720505569,5476142.715032889
8384,4519406.80806544,-957221.3720505569,5476628.180115997
8385,4519866.358124633,-957221.3720505569,5477087.730175191
8386,4520310.986782729,-957221.3720505569,5477532.358833286
8387,4520745.827167958,-957221.3720505569,5477967.199218515
8388,4521240.020647252,-957221.3720505569,5478461.392697809
8389,4521771.496847398,-957851.5014331416,5479622.998280539
8390,4522319.473872715,-958524.8751182539,5480844.348990968
8391,4522828.692662586,-959167.609797602,5481996.302460188
8392,4523337.828324876,-959350.9221609477,5482688.7504858235
8393,4523837.882298752,-959350.9221609477,5483188.804459699
8394,4524330.51713587,-959350.9221609477,5483681.439296817
8395,4524813.363700123,-959350.9221609477,5484164.28586107
8396,4525283.221579574,-959350.9221609477,5484634.143740522
8397,4525750.273903109,-959350.9221609477,5485101.196064057
8398,4526207.912027901,-959350.9221609477,5485558.834188849
8399,4526662.391304549,-959350.9221609477,5486013.3134654965
8400,4527111.820580547,-959350.9221609477,5486462.742741494
8401,4527557.675370487,-959350.9221609477,5486908.597531435
8402,4528003.6132880105,-959350.9221609477,5487354.535448958
8403,4528445.976719476,-959350.9221609477,5487796.898880424
8404,4528891.124924963,-959350.9221609477,5488242.047085911
8405,4529348.846177338,-959350.9221609477,5488699.768338285
8406,4529819.140476599,-958880.6278616865,5488699.768338285
8407,4530331.06091291,-958421.2321824208,5488752.293095331
8408,4530899.549669264,-958367.5664127431,5489267.116082007
8409,4531450.311468602,-958367.5664127431,5489817.877881345
8410,4532013.646314827,-958367.5664127431,5490381.21272757
8411,4532584.83671762,-958367.5664127431,5490952.403130363
8412,4533159.60160647,-958367.5664127431,5491527.168019213
8413,4533738.64756583,-958367.5664127431,5492106.213978573
8414,4534325.549081757,-958367.5664127431,5492693.1154945
8415,4534920.659446478,-958367.5664127431,5493288.225859221
8416,4535554.257882001,-958367.5664127431,5493921.824294744
8417,4536165.952199476,-958367.5664127431,5494533.518612219
8418,4536770.559890524,-958367.5664127431,5495138.126303267
8419,4537366.439185385,-958367.5664127431,5495734.005598128
8420,4537942.783498306,-958367.5664127431,5496310.349911049
8421,4538484.900029041,-958367.5664127431,5496852.466441784
8422,4538944.533215818,-958367.5664127431,5497312.099628561
8423,4539396.227718445,-958367.5664127431,5497763.794131188
8424,4539840.939504122,-958367.5664127431,5498208.505916866
8425,4540285.297997573,-958367.5664127431,5498652.864410317
8426,4540727.99393937,-958367.5664127431,5499095.560352113
8427,4541170.357370836,-958367.5664127431,5499537.923783579
8428,4541611.494670456,-958023.2430107286,5499634.737681185
8429,4542062.046168821,-957572.6915123644,5499634.737681186
8430,4542525.170714072,-957109.5669671132,5499634.737681185
8431,4543017.015839154,-956677.5064618754,5499694.522301029
8432,4543520.644299087,-956677.5064618754,5500198.150760963
8433,4544028.99024934,-956677.5064618754,5500706.496711216
8434,4544530.602865393,-956677.5064618754,5501208.109327269
8435,4545020.868566404,-956677.5064618754,5501698.37502828
8436,4545509.222333012,-956677.5064618754,5502186.728794888
8437,4545989.63741547,-956677.5064618754,5502667.143877345
8438,4546474.41669602,-956677.5064618754,5503151.923157896
8439,4546971.415731232,-956677.5064618754,5503648.922193107
8440,4547469.8902810365,-956677.5064618754,5504147.396742912
8441,4547961.382113893,-956677.5064618754,5504638.888575768
8442,4548446.161394443,-956677.5064618754,5505123.667856319
8443,4548924.207340794,-956677.5064618754,5505601.713802669
8444,4549394.065220245,-956677.5064618754,5506071.571682121
8445,4549858.415897341,-956677.5064618754,5506535.922359217
8446,4550315.700729907,-956677.5064618754,5506993.207191782
8447,4550767.395232533,-956677.5064618754,5507444.901694409
8448,4551214.80866465,-956677.5064618754,5507892.315126525
8449,4551661.86880454,-956677.5064618754,5508339.375266415
8450,4552106.580590217,-956677.5064618754,5508784.087052093
8451,4552549.380441492,-956677.5064618754,5509226.886903368
8452,4552991.63996348,-956663.5820610367,5509655.222024516
8453,4553450.91985803,-956204.3021664865,5509655.222024516
8454,4553918.845021184,-955736.377003333,5509655.222024516
8455,4554387.9131886,-955315.0468775574,5509702.960066157
8456,4554840.127238619,-955310.2147029304,5510150.341941549
8457,4555262.8517786665,-955310.2147029304,5510573.066481597
8458,4555674.229403672,-955310.2147029304,5510984.444106602
8459,4556058.008671213,-955310.2147029304,5511368.223374143
8460,4556464.585678316,-955310.2147029304,5511774.800381246
8461,4556871.599105229,-955310.2147029304,5512181.813808159
8462,4557320.238669191,-955310.2147029304,5512630.453372121
8463,4557777.959921565,-955310.2147029304,5513088.174624495
8464,4558247.817801016,-955310.2147029304,5513558.032503947
8465,4558721.603458752,-955310.2147029304,5514031.818161682
8466,4559193.45640019,-955310.2147029304,5514503.67110312
8467,4559662.171275379,-955310.2147029304,5514972.385978309
8468,4560125.3789482135,-955310.2147029304,5515435.593651144
8469,4560589.293205501,-955310.2147029304,5515899.507908431
8470,4561047.367750102,-955310.2147029304,5516357.582453032
8471,4561504.652582667,-955310.2147029304,5516814.867285597
8472,4561959.131859315,-955310.2147029304,5517269.346562245
8473,4562409.246937869,-955310.2147029304,5517719.461640799
8474,4562863.393704186,-955310.2147029304,5518173.6084071165
8475,4563320.678536751,-955310.2147029304,5518630.893239682
8476,4563775.947525435,-955310.2147029304,5519086.162228365
8477,4564238.718778459,-954849.6346166084,5519088.353395068
8478,4564713.273366335,-954375.0800287325,5519088.353395067
8479,4565189.407378282,-953981.2596907247,5519170.667069007
8480,4565648.60414525,-953981.2596907247,5519629.863835975
8481,4566076.815105758,-953981.2596907247,5520058.074796482
8482,4566473.957132222,-953981.2596907247,5520455.216822946
8483,4566852.686399112,-953981.2596907247,5520833.946089837
8484,4567233.764020215,-954190.4446808274,5521424.208701042
8485,4567625.835264132,-954914.8999955262,5522540.735259659
8486,4568049.432643798,-955685.7219836478,5523735.154627446
8487,4568498.861919796,-956266.7315789945,5524765.593498791
8488,4568965.228440774,-956342.6602598882,5525307.888700662
8489,4569436.644962402,-956342.6602598882,5525779.305222291
8490,4569907.271771994,-956342.6602598882,5526249.932031883
8491,4570371.539321508,-956342.6602598882,5526714.199581397
8492,4570831.172508285,-956342.6602598882,5527173.832768174
8493,4571291.512279515,-956342.6602598882,5527634.172539404
8494,4571745.991556163,-956342.6602598882,5528088.651816051
8495,4572198.995318217,-956342.6602598882,5528541.655578106
8496,4572649.983236391,-956342.6602598882,5528992.64349628
8497,4573098.186380544,-956342.6602598882,5529440.846640432
8498,4573545.246520434,-956342.6602598882,5529887.906780322
8499,4573989.958306111,-956342.6602598882,5530332.618566
8500,4574435.459803825,-956342.6602598882,5530778.120063714
8501,4574891.082084736,-956342.6602598882,5531233.742344624
8502,4575359.796959925,-955933.9891827751,5531293.7861427
8503,4575853.55401941,-955543.4999239398,5531397.05394335
8504,4576354.917252715,-955543.4999239398,5531898.417176655
8505,4576843.62431155,-955543.4999239398,5532387.124235489
8506,4577337.381371034,-955543.4999239398,5532880.881294974
8507,4577814.221967435,-955543.4999239398,5533357.721891375
8508,4578274.291574022,-955938.302654812,5534212.594228834
8509,4578769.357892935,-956680.9330862361,5535450.290979171
8510,4579261.119890435,-957404.2225657476,5536665.342456182
8511,4579762.399996156,-958092.7253919853,5537855.125388141
8512,4580265.59203628,-958305.1089615162,5538570.700997796
8513,4580757.000741553,-958305.1089615162,5539062.109703069
8514,4581241.780022103,-958305.1089615162,5539546.888983619
8515,4581719.493458123,-958305.1089615162,5540024.602419639
8516,4582189.351337574,-958305.1089615162,5540494.4602990905
8517,4582654.13843448,-958305.1089615162,5540959.247395996
8518,4583111.423267045,-958305.1089615162,5541416.532228561
8519,4583563.554189481,-958305.1089615162,5541868.663150997
8520,4584013.773177514,-958305.1089615162,5542318.88213903
8521,4584459.274675228,-958305.1089615162,5542764.383636744
8522,4584901.201686884,-958305.1089615162,5543206.3106484
8523,4585341.195982243,-958305.1089615162,5543646.304943759
8524,4585782.416409447,-958305.1089615162,5544087.525370963
8525,4586251.131284636,-958305.1089615162,5544556.2402461525
8526,4586819.952551321,-957773.4029194642,5544593.355470785
8527,4587404.484931141,-957235.8450722671,5544640.330003409
8528,4587950.175947933,-957062.7769474238,5545012.952895357
8529,4588492.728898478,-957062.7769474238,5545555.505845902
8530,4589051.346254383,-957062.7769474238,5546114.123201807
8531,4589606.472251814,-957062.7769474238,5546669.249199238
8532,4590182.026852699,-957062.7769474238,5547244.803800123
8533,4590761.072812059,-957062.7769474238,5547823.849759483
8534,4591358.178238765,-957062.7769474238,5548420.955186189
8535,4591950.919467379,-957062.7769474238,5549013.696414803
8536,4592532.750200761,-957062.7769474238,5549595.527148184
8537,4593100.012825269,-957062.7769474238,5550162.789772693
8538,4593654.265983081,-957062.7769474238,5550717.042930505
8539,4594205.464202229,-956582.2636505618,5550787.727852791
8540,4594741.38772805,-956046.34012474,5550787.727852791
8541,4595260.29088131,-955527.436971481,5550787.727852791
8542,4595769.073251372,-955018.6546014185,5550787.727852791
8543,4596273.491423341,-954514.2364294492,5550787.727852791
8544,4596767.352392305,-954020.3754604857,5550787.727852791
8545,4597256.412743365,-953531.3151094245,5550787.72785279
8546,4597744.766509973,-953042.9613428166,5550787.72785279
8547,4598232.60072919,-952555.1271236007,5550787.727852791
8548,4598723.30285001,-952064.4250027807,5550787.727852791
8549,4599221.777399815,-951565.9504529762,5550787.727852791
8550,4599735.963062754,-951051.7647900367,5550787.727852791
8551,4600269.538234363,-950573.1998864589,5550842.738120822
8552,4600815.5825433815,-950564.4131065062,5551379.995649887
8553,4601365.9079229105,-950564.4131065062,5551930.321029417
8554,4601918.581656652,-950564.4131065062,5552482.994763158
8555,4602475.619588485,-950564.4131065062,5553040.032694992
8556,4603027.960811894,-950564.4131065062,5553592.373918401
8557,4603586.931460027,-950564.4131065062,5554151.344566533
8558,4604145.195523705,-950564.4131065062,5554709.608630212
8559,4604706.51452605,-950564.4131065062,5555270.927632555
8560,4605261.557395898,-950564.4131065062,5555825.9705024045
8561,4605809.970841024,-950564.4131065062,5556374.383947531
8562,4606356.015150042,-950564.4131065062,5556920.428256549
8563,4606898.921392813,-950564.4131065062,5557463.33449932
8564,4607452.8212584,-950564.4131065062,5558017.234364906
8565,4608023.575241383,-950564.4131065062,5558587.98834789
8566,4608606.902271253,-950564.4131065062,5559171.315377759
8567,4609185.511810804,-950564.4131065062,5559749.9249173105
8568,4609757.491925633,-950564.4131065062,5560321.905032139
8569,4610331.030682637,-950564.4131065062,5560895.443789143
8570,4610903.779727606,-950564.4131065062,5561468.192834113
8571,4611474.970130399,-950169.1065940802,5561644.076724479
8572,4612051.750863129,-949592.3258613496,5561644.076724479
8573,4612638.652379056,-949005.4243454223,5561644.076724479
8574,4613239.33229182,-948404.7444326584,5561644.076724479
8575,4613852.938543698,-947835.833826369,5561688.7723700665
8576,4614471.262285895,-947603.564546109,5562074.826832004
8577,4615082.852693891,-947603.564546109,5562686.41724
8578,4615732.162242549,-947603.564546109,5563335.726788658
8579,4616419.606569781,-947603.564546109,5564023.17111589
8580,4617107.487316823,-947603.564546109,5564711.051862932
8581,4617776.4357568985,-947603.564546109,5565380.000303008
8582,4618440.666706655,-947603.564546109,5566044.231252764
8583,4619104.107944376,-947603.564546109,5566707.672490485
8584,4619768.858441524,-947603.564546109,5567372.422987633
8585,4620433.089391281,-947577.6025214726,5568010.6919127535
8586,4621085.266841542,-946925.4250712113,5568010.6919127535
8587,4621671.73193766,-946338.9599750933,5568010.6919127535
8588,4622230.349293565,-945780.3426191878,5568010.6919127535
8589,4622778.326318882,-945232.365593871,5568010.6919127535
8590,4623322.022273689,-944688.6696390645,5568010.6919127535
8591,4623865.364936269,-944145.3269764845,5568010.6919127535
8592,4624401.995046544,-943608.6968662095,5568010.6919127535
8593,4624935.466308676,-943075.225604078,5568010.6919127535
8594,4625467.462056214,-942543.22985654,5568010.6919127535
8595,4625999.37467617,-942011.3172365846,5568010.691912754
8596,4626529.354579827,-941481.3373329276,5568010.691912754
8597,4627069.912468386,-940940.7794443689,5568010.691912754
8598,4627619.531263461,-940391.1606492933,5568010.691912754
8599,4628168.817548206,-939931.7889463998,5568100.606494606
8600,4628703.514942183,-939931.7889463998,5568635.303888583
8601,4629236.549784506,-939931.7889463998,5569168.338730905
8602,4629765.656848544,-939931.7889463998,5569697.445794944
8603,4630299.128110676,-939931.7889463998,5570230.917057076
8604,4630843.613777518,-939931.7889463998,5570775.402723918
8605,4631389.658086536,-940536.3866406368,5571926.044727174
8606,4631936.575235173,-941200.2631444625,5573136.8383796355
8607,4632492.054524831,-941744.295031052,5574236.349555883
8608,4633048.656036855,-941775.5042561744,5574824.16029303
8609,4633608.063104796,-941775.5042561744,5575383.567360971
8610,4634159.6146161705,-941775.5042561744,5575935.1188723445
8611,4634705.658925189,-941775.5042561744,5576481.163181363
8612,4635244.9906819025,-941775.5042561744,5577020.494938077
8613,4635782.493631796,-941775.5042561744,5577557.997887971
8614,4636318.770449844,-941775.5042561744,5578094.274706019
8615,4636851.5559094185,-941775.5042561744,5578627.060165593
8616,4637381.972232885,-941775.5042561744,5579157.47648906
8617,4637906.029296272,-941775.5042561744,5579681.533552447
8618,4638408.514751944,-941775.5042561744,5580184.019008119
8619,4638905.077367346,-941775.5042561744,5580680.581623521
8620,4639373.709114953,-941444.9534035556,5580818.662518509
8621,4639840.408146261,-940978.2543722471,5580818.662518509
8622,4640317.331870245,-940501.3306482637,5580818.662518509
8623,4640797.830080286,-940069.4754411232,5580867.305521409
8624,4641275.876026636,-940046.5835098508,5581322.459536487
8625,4641743.281642398,-940046.5835098508,5581789.865152249
8626,4642183.2759377565,-940046.5835098508,5582229.859447608
8627,4642636.632992038,-940046.5835098508,5582683.216501888
8628,4643174.821744489,-940046.5835098508,5583221.40525434
8629,4643702.100001707,-940046.5835098508,5583748.683511557
8630,4644167.676810648,-940046.5835098508,5584214.2603205
8631,4644638.407529719,-940046.5835098508,5584684.99103957
8632,4645101.53207497,-940046.5835098508,5585148.1155848205
8633,4645565.8827520665,-940046.5835098508,5585612.466261918
8634,4646028.654005091,-940046.5835098508,5586075.237514941
8635,4646487.061060023,-940046.5835098508,5586533.644569874
8636,4646939.191982458,-940046.5835098508,5586985.775492309
8637,4647394.897390951,-940046.5835098508,5587441.480900802
8638,4647844.679959175,-940046.5835098508,5587891.2634690255
8639,4648291.407588734,-940046.5835098508,5588337.991098585
8640,4648736.119374412,-940046.5835098508,5588782.702884262
8641,4649182.410584162,-940046.5835098508,5589228.994094012
8642,4649625.979365577,-940046.5835098508,5589672.562875427
8643,4650068.6753073735,-940046.5835098508,5590115.258817224
8644,4650510.249026803,-939923.8463377833,5590434.095364586
8645,4650958.535298538,-939475.5600660483,5590434.095364586
8646,4651413.450994995,-939020.644369591,5590434.095364586
8647,4651871.608667179,-938614.4410229609,5590486.04969014
8648,4652330.45214192,-938568.3135075368,5590898.7656494565
8649,4652783.455903974,-938568.3135075368,5591351.769411511
8650,4653242.735798525,-938568.3135075368,5591811.049306061
8651,4653798.90089074,-938568.3135075368,5592367.214398276
8652,4654361.882444738,-938568.3135075368,5592930.195952275
8653,4654937.437045624,-938568.3135075368,5593505.75055316
8654,4655523.112429705,-938568.3135075368,5594091.425937242
8655,4656114.2950161435,-938568.3135075368,5594682.60852368
8656,4656718.466287382,-938568.3135075368,5595286.779794918
8657,4657333.651963331,-938568.3135075368,5595901.965470867
8658,4657949.170149611,-938568.3135075368,5596517.483657148
8659,4658527.426396935,-938568.3135075368,5597095.739904472
8660,4659019.354649601,-938568.3135075368,5597587.668157137
8661,4659473.064996108,-938568.3135075368,5598041.378503645
8662,4659921.787687653,-938568.3135075368,5598490.101195189
8663,4660368.078897403,-938452.237207834,5598820.316105236
8664,4660809.652616832,-938010.663488404,5598820.316105236
8665,4661250.789916453,-937569.5261887832,5598820.316105236
8666,4662127.661222817,-937569.5261887832,5599697.187411601
8667,4662999.087672513,-937569.5261887832,5600568.613861296
8668,4663875.958978877,-937569.5261887832,5601445.485167661
8669,4664774.817530872,-937569.5261887832,5602344.343719656
8670,4665239.168207969,-937105.1755116868,5602344.343719656
8671,4665724.737200555,-936663.4453489122,5602388.182549467
8672,4666208.290349261,-936542.2921054757,5602750.582454736
8673,4666687.998847266,-936542.2921054757,5603230.290952741
8674,4667154.614750992,-936542.2921054757,5603696.906856467
8675,4667596.541762648,-936542.2921054757,5604138.833868124
8676,4668024.752723156,-936542.2921054757,5604567.044828631
8677,4668498.185088664,-936542.2921054757,5605040.47719414
8678,4668987.681859535,-936542.2921054757,5605529.973965011
8679,4669487.029248958,-936542.2921054757,5606029.321354434
8680,4669988.745774489,-936542.2921054757,5606531.037879964
8681,4670481.817031416,-936274.7736287314,5606756.590660147
8682,4670968.154954143,-935788.4357060045,5606756.590660147
8683,4671447.780324565,-935308.8103355826,5606756.590660147
8684,4671921.462072822,-934835.1285873255,5606756.590660147
8685,4672392.005754831,-934364.5849053161,5606756.590660147
8686,4672855.920012118,-933900.670648029,5606756.590660147
8687,4673314.32706705,-933442.2635930973,5606756.590660147
8688,4673766.104697259,-932990.4859628879,5606756.590660147
8689,4674217.092615433,-932539.4980447143,5606756.590660147
8690,4674668.080533607,-932088.5101265408,5606756.590660147
8691,4675112.3558994755,-931644.2347606722,5606756.590660147
8692,4675558.210689416,-931198.3799707319,5606756.590660148
8693,4676013.126385873,-930743.4642742747,5606756.590660147
8694,4676482.111425706,-930274.4792344414,5606756.590660147
8695,4676977.094617036,-929834.5410047194,5606811.635621755
8696,4677483.861143217,-929827.8243136609,5607311.6854568785
8697,4677994.555447683,-929827.8243136609,5607822.379761344
8698,4678496.604483545,-929827.8243136609,5608324.428797206
8699,4678991.234382648,-929827.8243136609,5608819.058696309
8700,4679486.570866205,-929827.8243136609,5609314.395179866
8701,4679984.359613452,-929827.8243136609,5609812.183927113
8702,4680482.148360699,-929827.8243136609,5610309.9726743605
8703,4680983.760976752,-929954.6614461988,5610938.422422951
8704,4681481.88223433,-930018.0943092775,5611499.976543608
8705,4681972.147935341,-930018.0943092775,5611990.242244619
8706,4682454.994499594,-930018.0943092775,5612473.088808872
8707,4682929.902379696,-930018.0943092775,5612947.996688974
8708,4683396.164991195,-930018.0943092775,5613414.259300473
8709,4683856.587890008,-930018.0943092775,5613874.682199286
8710,4684311.940006275,-930018.0943092775,5614330.034315553
8711,4684762.158994308,-930018.0943092775,5614780.253303586
8712,4685209.572426424,-930018.0943092775,5615227.666735702
8713,4685654.284212102,-930018.0943092775,5615672.37852138
8714,4686097.3334461255,-930018.0943092775,5616115.427755403
8715,4686539.3435853645,-930018.0943092775,5616557.437894642
8716,4686984.055371042,-930018.0943092775,5617002.14968032
8717,4687440.197199345,-930018.0943092775,5617458.2915086225
8718,4687908.475654725,-929587.6674689454,5617496.1431236705
8719,4688402.669134019,-929144.1296929838,5617546.798827003
8720,4688905.507881916,-929083.1036386518,5617988.611520568
8721,4689405.561855792,-929083.1036386518,5618488.665494444
8722,4689902.810273752,-929083.1036386518,5618985.913912403
8723,4690392.3070446225,-929083.1036386518,5619475.410683274
8724,4690889.306079834,-929083.1036386518,5619972.409718486
8725,4691390.918695887,-929083.1036386518,5620474.022334538
8726,4691893.674316201,-929083.1036386518,5620976.777954853
8727,4692393.374997851,-929083.1036386518,5621476.478636503
8728,4692888.711481408,-929083.1036386518,5621971.81512006
8729,4693375.049404135,-929083.1036386518,5622458.153042787
8730,4693853.885062521,-929083.1036386518,5622936.988701173
8731,4694322.163517902,-929083.1036386518,5623405.267156553
8732,4694786.867487225,-929083.1036386518,5623869.9711258765
8733,4695250.428452285,-929083.1036386518,5624333.532090937
8734,4695705.344148742,-929083.1036386518,5624788.447787394
8735,4696157.558198761,-929083.1036386518,5625240.661837413
8736,4696602.186856857,-929083.1036386518,5625685.290495508
8737,4697042.617572024,-928894.4074027684,5625937.024974793
8738,4697482.694994966,-928454.3299798274,5625937.024974793
8739,4697923.479002359,-928013.5459724333,5625937.024974792
8740,4698363.473297718,-927573.551677075,5625937.024974793
8741,4698812.0297340965,-927124.9952406961,5625937.024974792
8742,4699276.380411193,-926660.6445635997,5625937.024974792
8743,4699763.508045956,-926277.5027201903,5626041.010766146
8744,4700243.21654396,-926277.5027201903,5626520.719264151
8745,4700732.796442414,-926277.5027201903,5627010.299162604
8746,4701226.220991568,-926277.5027201903,5627503.723711758
8747,4701704.703357727,-926277.5027201903,5627982.2060779175
8748,4702175.6834595455,-926695.3808190909,5628871.064278636
8749,4702630.703065481,-927377.3483436734,5630008.051409154
8750,4703083.97699218,-928091.798626124,5631175.775618304
8751,4703556.972937879,-928723.370211274,5632280.3431491535
8752,4704037.388020337,-928974.5859195739,5633011.9739399105
8753,4704513.168740057,-928974.5859195739,5633487.754659631
8754,4704985.021681495,-928974.5859195739,5633959.607601069
8755,4705450.515362854,-928974.5859195739,5634425.101282428
8756,4705907.010483383,-928974.5859195739,5634881.596402957
8757,4706358.788113592,-928974.5859195739,5635333.374033166
8758,4706805.952162961,-928974.5859195739,5635780.538082534
8759,4707251.453660674,-928974.5859195739,5636226.039580248
