,cumulative_pv,cumulative_load,cumulative_grid_import,cumulative_grid_export,net_grid
0,18.599999999999998,1779.1796530423683,1760.5796530423684,0.0,-1760.5796530423684
1,37.199999999999996,3550.3790581432295,3513.1790581432297,0.0,-3513.1790581432297
2,55.8,5312.1019188135515,5256.301918813552,0.0,-5256.301918813552
3,74.39999999999999,7073.492269152977,6999.092269152979,0.0,-6999.092269152979
4,92.99999999999999,8842.945995016635,8749.945995016635,0.0,-8749.945995016635
5,111.59999999999998,10646.897667710764,10535.297667710764,0.0,-10535.297667710764
6,130.2,12476.036997970274,12345.836997970273,0.0,-12345.836997970273
7,255.45,14333.439706355952,14077.989706355951,0.0,-14077.989706355951
8,2611.7249999999995,16112.286849067425,14077.989706355951,0.0,-14077.989706355951
9,8353.425,17879.994895693875,14077.989706355951,0.0,-14077.989706355951
10,15060.075,19585.19100011186,14077.989706355951,0.0,-14077.989706355951
11,21820.8,21271.18463292059,14077.989706355951,0.0,-14077.989706355951
12,29321.4,23045.45975858224,14077.989706355951,0.0,-14077.989706355951
13,37134.75,24816.24352576948,14077.989706355951,41.550870684842266,-14036.43883567111
14,45265.95,26581.125234583316,14077.989706355951,6402.606003976271,-7675.3837023796805
15,53077.2,28398.044810182393,14077.989706355951,12391.673270482457,-1686.316435873494
16,57747.6,30246.386612051152,14077.989706355951,15208.468310718961,1130.4786043630102
17,58393.799999999996,32108.36133748665,14077.989706355951,15208.468310718961,1130.4786043630102
18,58416.6,33976.570631626455,14077.989706355951,15208.468310718961,1130.4786043630102
19,58435.2,35818.59473720819,14077.989706355951,15208.468310718961,1130.4786043630102
20,58453.799999999996,37628.86410618934,14077.989706355951,15208.468310718961,1130.4786043630102
21,58472.399999999994,39456.25775721165,14077.989706355951,15208.468310718961,1130.4786043630102
22,58490.99999999999,41274.17486380341,14077.989706355951,15208.468310718961,1130.4786043630102
23,58509.59999999999,43084.44423278457,14077.989706355951,15208.468310718961,1130.4786043630102
24,58528.19999999999,44887.06586415511,14077.989706355951,15208.468310718961,1130.4786043630102
25,58546.79999999999,46687.941816288454,14077.989706355951,15208.468310718961,1130.4786043630102
26,58565.39999999999,48482.50007213477,14077.989706355951,15208.468310718961,1130.4786043630102
27,58583.999999999985,50262.760383752546,14077.989706355951,15208.468310718961,1130.4786043630102
28,58602.599999999984,52043.020695370324,14077.989706355951,15208.468310718961,1130.4786043630102
29,58621.19999999998,53851.54438511427,14077.989706355951,15208.468310718961,1130.4786043630102
30,58639.79999999998,55709.279603830844,14898.57225738558,15208.468310718961,309.89605333338113
31,58762.87499999998,57565.269143310215,16631.48679686495,15208.468310718961,-1423.0184861459875
32,60829.49999999998,59359.82739915653,16631.48679686495,15208.468310718961,-1423.0184861459875
33,65773.34999999998,61038.09016677193,16631.48679686495,15208.468310718961,-1423.0184861459875
34,71760.74999999997,62611.27966982416,16631.48679686495,15208.468310718961,-1423.0184861459875
35,78524.69999999997,64151.3012673695,16631.48679686495,15208.468310718961,-1423.0184861459875
36,85172.39999999997,65637.53931889239,16631.48679686495,15208.468310718961,-1423.0184861459875
37,91916.84999999996,67133.58642517672,16631.48679686495,15208.468310718961,-1423.0184861459875
38,98491.87499999996,68771.36606000552,16631.48679686495,17331.467084275915,699.9802874109664
39,104210.99999999996,70554.78521976681,16631.48679686495,21261.909766619887,4630.422969754938
40,107464.64999999995,72388.82907740703,16631.48679686495,22676.25275108492,6044.765954219973
41,107950.19999999995,74235.42520003859,16631.48679686495,22676.25275108492,6044.765954219973
42,107972.99999999996,76083.43449157645,16631.48679686495,22676.25275108492,6044.765954219973
43,107991.59999999996,77914.31950107317,16631.48679686495,22676.25275108492,6044.765954219973
44,108010.19999999997,79733.98228690214,16631.48679686495,22676.25275108492,6044.765954219973
45,108028.79999999997,81569.02367553506,16631.48679686495,22676.25275108492,6044.765954219973
46,108047.39999999998,83399.90868503178,16631.48679686495,22676.25275108492,6044.765954219973
47,108065.99999999999,85217.82579162355,16631.48679686495,22676.25275108492,6044.765954219973
48,108084.59999999999,87026.34948136749,16631.48679686495,22676.25275108492,6044.765954219973
49,108103.2,88830.30115406161,16631.48679686495,22676.25275108492,6044.765954219973
50,108121.8,90626.60508914513,16631.48679686495,22676.25275108492,6044.765954219973
51,108140.40000000001,92422.90902422865,16631.48679686495,22676.25275108492,6044.765954219973
52,108159.00000000001,94225.11501768557,16631.48679686495,22676.25275108492,6044.765954219973
53,108177.60000000002,96049.34982056437,16631.48679686495,22676.25275108492,6044.765954219973
54,108196.20000000003,97894.20026395872,17666.35527098945,22676.25275108492,5009.897480095471
55,108265.95000000003,99749.85729310718,19452.262300137925,22676.25275108492,3223.990450946996
56,109756.65000000002,101522.05422920073,19733.759236231475,22676.25275108492,2942.493514853446
57,113856.90000000002,103135.72686503956,19733.759236231475,22676.25275108492,2942.493514853446
58,118902.15000000002,104658.62418054375,19733.759236231475,22676.25275108492,2942.493514853446
59,124192.20000000003,106123.24906055839,19733.759236231475,22676.25275108492,2942.493514853446
60,129900.82500000003,107577.06735481891,19733.759236231475,22676.25275108492,2942.493514853446
61,135581.40000000002,109091.98442238159,19733.759236231475,22676.25275108492,2942.493514853446
62,141262.2,110748.30150815785,19733.759236231475,22676.25275108492,2942.493514853446
63,146467.95,112546.01861214767,19733.759236231475,22676.25275108492,2942.493514853446
64,149707.42500000002,114371.99909426367,19733.759236231475,23381.32721465274,3647.567978421266
65,150231.225,116240.20838840347,19733.759236231475,23381.32721465274,3647.567978421266
66,150254.025,118107.42015155058,19733.759236231475,23381.32721465274,3647.567978421266
67,150272.625,119939.71832995361,19733.759236231475,23381.32721465274,3647.567978421266
68,150291.225,121756.63790555269,19733.759236231475,23381.32721465274,3647.567978421266
69,150309.825,123574.97065005808,19733.759236231475,23381.32721465274,3647.567978421266
70,150328.42500000002,125396.04660479336,19733.759236231475,23381.32721465274,3647.567978421266
71,150347.02500000002,127220.28140767216,19733.759236231475,23381.32721465274,3647.567978421266
72,150365.62500000003,129043.10304164464,19733.759236231475,23381.32721465274,3647.567978421266
73,150384.22500000003,130858.27693800651,19733.759236231475,23381.32721465274,3647.567978421266
74,150402.82500000004,132660.89856937705,19733.759236231475,23381.32721465274,3647.567978421266
75,150421.42500000005,134461.77452151038,19733.759236231475,23381.32721465274,3647.567978421266
76,150440.02500000005,136265.3936838736,19733.759236231475,23381.32721465274,3647.567978421266
77,150458.62500000006,138102.51326207462,19733.759236231475,23381.32721465274,3647.567978421266
78,150477.22500000006,140022.76042299965,20877.43705615607,23381.32721465274,2503.8901584966698
79,150612.90000000005,142035.52858349655,22754.53021665296,23381.32721465274,626.7969979997833
80,153357.60000000006,144080.051480594,22754.53021665296,23381.32721465274,626.7969979997833
81,160221.00000000006,146012.85090651037,22754.53021665296,23381.32721465274,626.7969979997833
82,168086.17500000005,147821.7071065852,22754.53021665296,23381.32721465274,626.7969979997833
83,175430.25000000006,149574.0365504077,22754.53021665296,23381.32721465274,626.7969979997833
84,182511.75000000006,151305.75035371465,22754.53021665296,23381.32721465274,626.7969979997833
85,189812.47500000006,153064.31436624145,22754.53021665296,25170.156107104478,2415.62589045152
86,197379.00000000006,154954.5524698031,22754.53021665296,30841.179845648072,8086.649628995114
87,204633.67500000005,156989.68195005276,22754.53021665296,36055.46220750369,13300.931990850731
88,208992.97500000003,159038.77686420004,22754.53021665296,38360.404135461664,15605.873918808706
89,209659.42500000005,161078.3952339168,22754.53021665296,38360.404135461664,15605.873918808706
90,209682.30000000005,163083.84816713395,22754.53021665296,38360.404135461664,15605.873918808706
91,209700.90000000005,165066.93978059836,22754.53021665296,38360.404135461664,15605.873918808706
92,209719.50000000006,167023.5136951738,22754.53021665296,38360.404135461664,15605.873918808706
93,209738.10000000006,168967.1197068443,22754.53021665296,38360.404135461664,15605.873918808706
94,209756.70000000007,170877.97345092153,22754.53021665296,38360.404135461664,15605.873918808706
95,209775.30000000008,172761.89385819618,22754.53021665296,38360.404135461664,15605.873918808706
96,209793.90000000008,174644.4010965645,22754.53021665296,38360.404135461664,15605.873918808706
97,209812.5000000001,176530.06718307637,22754.53021665296,38360.404135461664,15605.873918808706
98,209831.1000000001,178406.3398527404,22754.53021665296,38360.404135461664,15605.873918808706
99,209849.7000000001,180270.0602574131,22754.53021665296,38360.404135461664,15605.873918808706
100,209868.3000000001,182119.39959027455,22754.53021665296,38360.404135461664,15605.873918808706
101,209886.9000000001,184041.0599201059,23081.49222554638,38360.404135461664,15278.911909915285
102,209905.50000000012,186020.9926854268,25042.824990867273,38360.404135461664,13317.57914459439
103,209978.10000000012,188082.63986456543,27031.87217000589,38360.404135461664,11328.531965455775
104,211124.25000000012,190112.53230710345,27915.614612543926,38360.404135461664,10444.789522917737
105,214065.37500000012,192059.62967724836,27915.614612543926,38360.404135461664,10444.789522917737
106,217902.1500000001,193907.63896878622,27915.614612543926,38360.404135461664,10444.789522917737
107,221838.9000000001,195681.9140944479,27915.614612543926,38360.404135461664,10444.789522917737
108,225612.9000000001,197446.79580326172,27915.614612543926,38360.404135461664,10444.789522917737
109,228653.7000000001,199239.60837987083,27915.614612543926,38360.404135461664,10444.789522917737
110,231446.9250000001,201139.2399002803,27915.614612543926,38360.404135461664,10444.789522917737
111,233838.5250000001,203172.62370129276,27915.614612543926,38360.404135461664,10444.789522917737
112,235354.9500000001,205229.69886338155,27915.614612543926,38360.404135461664,10444.789522917737
113,235663.2750000001,207267.57155386108,27915.614612543926,38360.404135461664,10444.789522917737
114,235686.3000000001,209277.51337654536,27915.614612543926,38360.404135461664,10444.789522917737
115,235704.9000000001,211255.70046262906,27915.614612543926,38360.404135461664,10444.789522917737
116,235723.50000000012,213201.05215353676,27915.614612543926,38360.404135461664,10444.789522917737
117,235742.10000000012,215127.94952107972,29353.755068917613,38360.404135461664,9006.64906654405
118,235760.70000000013,217021.6789831158,31228.884530953692,38360.404135461664,7131.519604507972
119,235779.30000000013,218896.20597354262,33084.81152138052,38360.404135461664,5275.5926140811425
120,235797.90000000014,220744.54777541137,34914.55332324928,38360.404135461664,3445.850812212382
121,235816.50000000015,222609.59822140765,36761.00376924557,38360.404135461664,1599.4003662160903
122,235835.10000000015,224452.7029855648,38585.50853340272,38360.404135461664,-225.10439794105332
123,235853.70000000016,226249.00692064833,40363.212468486236,38360.404135461664,-2002.8083330245718
124,235872.30000000016,228065.9264962474,42161.53204408531,38360.404135461664,-3801.1279086236464
125,235890.90000000017,229936.21397995533,44013.21952779321,38360.404135461664,-5652.815392331548
126,235909.50000000017,231879.81999162582,45938.2255394637,38360.404135461664,-7577.821404002039
127,236018.7000000002,233892.9206624536,47842.126210291484,38360.404135461664,-9481.72207482982
128,238198.35000000018,235880.91680329872,47842.126210291484,38360.404135461664,-9481.72207482982
129,243944.7000000002,237777.8051134783,47842.126210291484,38360.404135461664,-9481.72207482982
130,250823.0250000002,239569.2045211811,47842.126210291484,38360.404135461664,-9481.72207482982
131,258174.0750000002,241304.07717263154,47842.126210291484,38360.404135461664,-9481.72207482982
132,265808.7000000002,243027.72760041425,47842.126210291484,38360.404135461664,-9481.72207482982
133,273305.2500000002,244751.37802819695,47842.126210291484,38399.75220417504,-9442.374006116443
134,280973.55000000016,246577.35851031294,47842.126210291484,44236.80856416431,-3605.3176461271723
135,288365.7000000002,248549.64353802323,47842.126210291484,49651.41037855929,1809.2841682678045
136,293199.0000000002,250545.28741647897,47842.126210291484,52483.80334220882,4641.677131917335
137,294024.30000000016,252529.7921988497,47842.126210291484,52483.80334220882,4641.677131917335
138,294047.3250000002,254484.95294451882,47842.126210291484,52483.80334220882,4641.677131917335
139,294065.92500000016,256442.94002800056,47842.126210291484,52483.80334220882,4641.677131917335
140,294084.52500000014,258356.8694926386,47842.126210291484,52483.80334220882,4641.677131917335
141,294103.1250000001,260233.14216230263,47842.126210291484,52483.80334220882,4641.677131917335
142,294121.7250000001,261998.02387111646,47842.126210291484,52483.80334220882,4641.677131917335
143,294140.32500000007,263741.9574290838,47842.126210291484,52483.80334220882,4641.677131917335
144,294158.92500000005,265464.27781554294,47842.126210291484,52483.80334220882,4641.677131917335
145,294177.525,267195.659108519,47842.126210291484,52483.80334220882,4641.677131917335
146,294196.125,268999.6107812131,47842.126210291484,52483.80334220882,4641.677131917335
147,294214.725,270801.81677467003,47842.126210291484,52483.80334220882,4641.677131917335
148,294233.32499999995,272601.27955789707,47842.126210291484,52483.80334220882,4641.677131917335
149,294251.92499999993,274436.65345686086,47842.126210291484,52483.80334220882,4641.677131917335
150,294270.5249999999,276344.3483527946,48825.01848657687,52483.80334220882,3658.7848556319514
151,294411.29999999993,278355.7033443852,50695.59847816745,52483.80334220882,1788.2048640413705
152,296920.79999999993,280348.60401261103,50695.59847816745,52483.80334220882,1788.2048640413705
153,303005.8499999999,282239.1746265036,50695.59847816745,52483.80334220882,1788.2048640413705
154,310245.5999999999,284071.4728049066,50695.59847816745,52483.80334220882,1788.2048640413705
155,317714.8499999999,285917.7364172073,50695.59847816745,52483.80334220882,1788.2048640413705
156,325247.0999999999,287788.02390091517,50695.59847816745,52483.80334220882,1788.2048640413705
157,332730.29999999993,289686.657890332,50695.59847816745,53082.22519836798,2386.626720200533
158,340252.57499999995,291608.31822016335,50695.59847816745,58677.57671064189,7981.978232474445
159,347255.17499999993,293577.11188939924,50695.59847816745,63706.11988351128,13010.521405343832
160,351776.99999999994,295567.85124047427,50695.59847816745,66231.94237454153,15536.343896374077
161,352552.49999999994,297550.9428539387,50695.59847816745,66231.94237454153,15536.343896374077
162,352575.67499999993,299500.86656189617,50695.59847816745,66231.94237454153,15536.343896374077
163,352594.2749999999,301418.2873850086,50695.59847816745,66231.94237454153,15536.343896374077
164,352612.8749999999,303294.2275443417,50695.59847816745,66231.94237454153,15536.343896374077
165,352631.47499999986,305139.07798773603,50695.59847816745,66231.94237454153,15536.343896374077
166,352650.07499999984,306963.64530094573,50695.59847816745,66231.94237454153,15536.343896374077
167,352668.6749999998,308770.7558217834,50695.59847816745,66231.94237454153,15536.343896374077
168,352687.2749999998,310572.9618152403,50695.59847816745,66231.94237454153,15536.343896374077
169,352705.87499999977,312379.7398257471,50695.59847816745,66231.94237454153,15536.343896374077
170,352724.47499999974,314184.10713635484,50695.59847816745,66231.94237454153,15536.343896374077
171,352743.0749999997,315984.98308848817,50695.59847816745,66231.94237454153,15536.343896374077
172,352761.6749999997,317801.57015375636,50695.59847816745,66231.94237454153,15536.343896374077
173,352780.2749999997,319646.4205971507,50695.59847816745,66231.94237454153,15536.343896374077
174,352798.87499999965,321538.40437994956,51911.96496904377,66231.94237454153,14319.977405497753
175,352848.29999999964,323505.7848802791,53829.92046937334,66231.94237454153,12402.021905168185
176,353918.32499999966,325470.00653246517,54724.11712155939,66231.94237454153,11507.825252982133
177,357120.5249999997,327412.2825028121,54724.11712155939,66231.94237454153,11507.825252982133
178,361353.2999999997,329302.8531167047,54724.11712155939,66231.94237454153,11507.825252982133
179,366103.4249999997,331133.7381262014,54724.11712155939,66231.94237454153,11507.825252982133
180,372284.3249999997,332901.44617282785,54724.11712155939,66231.94237454153,11507.825252982133
181,378539.1749999997,334816.7888063722,54724.11712155939,66231.94237454153,11507.825252982133
182,384574.4999999997,336895.560267552,54724.11712155939,66231.94237454153,11507.825252982133
183,390620.8499999997,339010.65848238213,54724.11712155939,66231.94237454153,11507.825252982133
184,394690.57499999966,341122.26533873787,54724.11712155939,66231.94237454153,11507.825252982133
185,395473.2749999997,343136.77917847194,54724.11712155939,66231.94237454153,11507.825252982133
186,395496.5999999997,345071.3242836255,54724.11712155939,66231.94237454153,11507.825252982133
187,395515.19999999966,346969.5426351287,54724.11712155939,66231.94237454153,11507.825252982133
188,395533.79999999964,348825.5321746081,54724.11712155939,66231.94237454153,11507.825252982133
189,395552.3999999996,350650.0994878178,54724.11712155939,66231.94237454153,11507.825252982133
190,395570.9999999996,352457.21000865544,54724.11712155939,66231.94237454153,11507.825252982133
191,395589.59999999957,354262.9073605868,54724.11712155939,66231.94237454153,11507.825252982133
192,395608.19999999955,356059.2112956703,54724.11712155939,66231.94237454153,11507.825252982133
193,395626.7999999995,357848.8650241359,54724.11712155939,66231.94237454153,11507.825252982133
194,395645.3999999995,359624.22080837295,54724.11712155939,66231.94237454153,11507.825252982133
195,395663.9999999995,361390.5156860931,54724.11712155939,66231.94237454153,11507.825252982133
196,395682.59999999945,363151.9060364325,54724.11712155939,66231.94237454153,11507.825252982133
197,395701.19999999943,364936.6552375174,54887.42457366863,66231.94237454153,11344.517800872898
198,395719.7999999994,366770.283457244,56702.452793395234,66231.94237454153,9529.489581146292
199,395897.69999999943,368601.1684667407,58355.437802891945,66231.94237454153,7876.504571649581
200,399581.1749999994,370386.3333057392,58355.437802891945,66231.94237454153,7876.504571649581
201,409231.2749999994,372152.62818345934,58355.437802891945,66231.94237454153,7876.504571649581
202,419886.74999999936,373917.1773819423,58355.437802891945,66231.94237454153,7876.504571649581
203,430190.99999999936,375691.4525076039,58355.437802891945,67011.60129212831,8656.163489236365
204,440170.42499999935,377503.1350454914,58355.437802891945,75174.08059634612,16818.64279345417
205,450395.3249999994,379294.2019428633,58355.437802891945,83602.65054107948,25247.212738187533
206,461304.5999999994,381110.7890081315,58355.437802891945,92690.07531791656,34334.63751502462
207,472339.7999999994,382938.18265915377,58355.437802891945,101892.61850899953,43537.18070610758
208,479675.9999999994,384782.7005922172,58355.437802891945,107379.03741804133,49023.59961514939
209,480913.4249999994,386630.7098837551,58355.437802891945,107379.03741804133,49023.59961514939
210,480936.8999999994,388475.5603271494,58355.437802891945,107379.03741804133,49023.59961514939
211,480955.49999999936,390304.6996574089,58355.437802891945,107379.03741804133,49023.59961514939
212,480974.09999999934,392124.3624432379,58355.437802891945,107379.03741804133,49023.59961514939
213,480992.6999999993,393832.7173957994,58355.437802891945,107379.03741804133,49023.59961514939
214,481011.2999999993,395537.5809898865,58355.437802891945,107379.03741804133,49023.59961514939
215,481029.89999999927,397305.28903651296,58355.437802891945,107379.03741804133,49023.59961514939
216,481048.49999999924,399082.39049998723,58355.437802891945,107379.03741804133,49023.59961514939
217,481067.0999999992,400842.36768142035,58355.437802891945,107379.03741804133,49023.59961514939
218,481085.6999999992,402600.5991836163,58355.437802891945,107379.03741804133,49023.59961514939
219,481104.2999999992,404341.70640377107,58355.437802891945,107379.03741804133,49023.59961514939
220,481122.89999999915,406084.22679283214,58355.437802891945,107379.03741804133,49023.59961514939
221,481141.4999999991,407859.5825770692,58355.437802891945,107379.03741804133,49023.59961514939
222,481160.0999999991,409655.8865121527,58355.437802891945,107379.03741804133,49023.59961514939
223,481317.5999999991,411483.28016317496,59702.62520766126,107379.03741804133,47676.41221038008
224,484613.7749999991,413455.2326805543,59702.62520766126,107379.03741804133,47676.41221038008
225,493256.5499999991,415708.57206545456,59702.62520766126,107379.03741804133,47676.41221038008
226,502920.2249999991,418054.7649602575,59702.62520766126,107379.03741804133,47676.41221038008
227,512369.4749999991,420446.3455152278,59702.62520766126,107379.03741804133,47676.41221038008
228,521661.1499999991,422768.43141104083,59702.62520766126,110086.00646937391,50383.38126171265
229,531148.7999999991,424955.7674952582,59702.62520766126,117381.05722726183,57678.43201960057
230,541149.8249999991,427152.49699632335,59702.62520766126,125180.08956830193,65477.464360640675
231,551166.2249999992,429376.1598341911,59702.62520766126,132967.56357253945,73264.9383648782
232,557682.9749999992,431523.0127856218,59702.62520766126,137332.19746321396,77629.5722555527
233,558812.0999999992,433669.5332267216,59702.62520766126,137332.19746321396,77629.5722555527
234,558836.2499999992,435693.4404833035,59702.62520766126,137332.19746321396,77629.5722555527
235,558854.8499999992,437525.32302379294,59702.62520766126,137332.19746321396,77629.5722555527
236,558873.4499999991,439331.0203757243,59702.62520766126,137332.19746321396,77629.5722555527
237,558892.0499999991,441136.3852173247,59702.62520766126,137332.19746321396,77629.5722555527
238,558910.6499999991,442926.3714561212,59702.62520766126,137332.19746321396,77629.5722555527
239,558929.2499999991,444702.0597506892,59702.62520766126,137332.19746321396,77629.5722555527
240,558947.849999999,446482.320062307,59702.62520766126,137332.19746321396,77629.5722555527
241,558966.449999999,448247.20177112083,59702.62520766126,137332.19746321396,77629.5722555527
242,558985.049999999,450027.7945930695,59702.62520766126,137332.19746321396,77629.5722555527
243,559003.649999999,451819.1940007723,59702.62520766126,137332.19746321396,77629.5722555527
244,559022.249999999,453068.435313949,59702.62520766126,137332.19746321396,77629.5722555527
245,559040.8499999989,454773.2989080361,59702.62520766126,137332.19746321396,77629.5722555527
246,559059.4499999989,456655.8061464044,59702.62520766126,137332.19746321396,77629.5722555527
247,559159.3499999989,458632.5800635818,61579.49912483864,137332.19746321396,75752.69833837531
248,561236.8499999989,460598.54739500507,61579.49912483864,137332.19746321396,75752.69833837531
249,566857.1999999989,462449.6324071037,61579.49912483864,137332.19746321396,75752.69833837531
250,573533.9249999989,464226.733870578,61579.49912483864,137332.19746321396,75752.69833837531
251,580297.8749999988,465966.51104940916,61579.49912483864,137332.19746321396,75752.69833837531
252,587143.1999999988,467690.1614771919,61579.49912483864,137332.19746321396,75752.69833837531
253,594108.7499999988,469416.9707531181,61579.49912483864,137332.19746321396,75752.69833837531
254,601240.9499999988,471238.3792181843,61579.49912483864,140358.9331504778,78779.43402563914
255,608009.9249999988,473221.4708316487,61579.49912483864,145139.55337911865,83560.05425428
256,612626.4749999988,475245.7937261442,61579.49912483864,147726.51732672838,86147.01820188973
257,613508.4749999988,477252.65982826764,61579.49912483864,147726.51732672838,86147.01820188973
258,613532.1749999988,479220.0403285972,61579.49912483864,147726.51732672838,86147.01820188973
259,613550.7749999987,481168.8833779793,61579.49912483864,147726.51732672838,86147.01820188973
260,613569.3749999987,483079.7371220565,61579.49912483864,147726.51732672838,86147.01820188973
261,613587.9749999987,484976.20979432244,61579.49912483864,147726.51732672838,86147.01820188973
262,613606.5749999987,486846.16476769943,61579.49912483864,147726.51732672838,86147.01820188973
263,613625.1749999986,488701.8217968479,61579.49912483864,147726.51732672838,86147.01820188973
264,613643.7749999986,490526.3891100576,61579.49912483864,147726.51732672838,86147.01820188973
265,613662.3749999986,492311.55394905614,61579.49912483864,147726.51732672838,86147.01820188973
266,613680.9749999986,494113.7599425131,61579.49912483864,147726.51732672838,86147.01820188973
267,613699.5749999986,495915.96593597,61579.49912483864,147726.51732672838,86147.01820188973
268,613718.1749999985,497740.5332491797,61579.49912483864,147726.51732672838,86147.01820188973
269,613736.7749999985,499604.25365385244,61579.49912483864,147726.51732672838,86147.01820188973
270,613755.3749999985,501525.9139836838,63007.39580474659,147726.51732672838,84719.12152198178
271,613879.0499999985,503516.6533347588,64874.46015582161,147726.51732672838,82852.05717090677
272,616154.8499999986,505501.4906274604,64874.46015582161,147726.51732672838,82852.05717090677
273,621539.0249999986,507429.80116390967,64874.46015582161,147726.51732672838,82852.05717090677
274,627938.0249999986,509266.5882317798,64874.46015582161,147726.51732672838,82852.05717090677
275,634901.4749999986,511155.41316643514,64874.46015582161,147726.51732672838,82852.05717090677
276,642098.3249999986,513034.8446842427,64874.46015582161,147726.51732672838,82852.05717090677
277,649350.7499999986,514978.8663338268,64874.46015582161,147726.51732672838,82852.05717090677
278,656659.9499999986,516958.79909914767,64874.46015582161,150695.28978232047,85820.82962649886
279,663437.4749999986,518976.4717870253,64874.46015582161,155449.87893654814,90575.41878072653
280,668062.3499999986,520972.115665481,64874.46015582161,158073.84690019765,93199.38674437604
281,669035.4749999986,522940.9093347169,64874.46015582161,158073.84690019765,93199.38674437604
282,669041.3999999986,524868.8042332525,64874.46015582161,158073.84690019765,93199.38674437604
283,669041.3999999986,526773.3402810427,64874.46015582161,158073.84690019765,93199.38674437604
284,669041.3999999986,528670.2285912223,64874.46015582161,158073.84690019765,93199.38674437604
285,669041.3999999986,530541.5967335056,64874.46015582161,158073.84690019765,93199.38674437604
286,669041.3999999986,532400.7451211285,64874.46015582161,158073.84690019765,93199.38674437604
287,669041.3999999986,534247.3412437601,64874.46015582161,158073.84690019765,93199.38674437604
288,669041.3999999986,536070.1628777325,64874.46015582161,158073.84690019765,93199.38674437604
289,669041.3999999986,537885.3367740944,64874.46015582161,158073.84690019765,93199.38674437604
290,669041.3999999986,539697.3518223127,64874.46015582161,158073.84690019765,93199.38674437604
291,669041.3999999986,541506.2080223876,64874.46015582161,158073.84690019765,93199.38674437604
292,669041.3999999986,543329.02965636,64874.46015582161,158073.84690019765,93199.38674437604
293,669041.3999999986,545181.527837365,64874.46015582161,158073.84690019765,93199.38674437604
294,669041.3999999986,547115.7404321877,66314.93568912194,158073.84690019765,91758.91121107571
295,669202.0499999986,549139.6476887696,68178.19294570383,158073.84690019765,89895.65395449381
296,672362.5499999986,551133.5458879882,68178.19294570383,158073.84690019765,89895.65395449381
297,680231.6249999986,553006.3271991778,68178.19294570383,158073.84690019765,89895.65395449381
298,688979.3999999986,554783.761172983,68178.19294570383,158073.84690019765,89895.65395449381
299,696044.8430134093,556510.5704489092,68178.19294570383,158073.84690019765,89895.65395449381
300,702838.7829774248,558231.477666462,68178.19294570383,158073.84690019765,89895.65395449381
301,710197.0865473949,559978.9025829037,68178.19294570383,161861.441628855,93683.24868315118
302,717257.96368529,561819.1810092482,68178.19294570383,167076.77718251082,98898.58423680699
303,723987.7903111338,563838.2668660322,68178.19294570383,171782.25479367602,103604.06184797219
304,728174.7703408157,565877.885235749,68178.19294570383,173924.35329574638,105746.16035004254
305,728904.1795671313,567900.0468130937,68178.19294570383,173924.35329574638,105746.16035004254
306,728926.8276832772,569892.5318434059,68178.19294570383,173924.35329574638,105746.16035004254
307,728943.7068800044,571855.3403266857,68178.19294570383,173924.35329574638,105746.16035004254
308,728960.5192801964,573765.7784328493,68178.19294570383,173924.35329574638,105746.16035004254
309,728978.429168895,575676.6321769266,68178.19294570383,173924.35329574638,105746.16035004254
310,728995.0149989551,577560.5525842012,68178.19294570383,173924.35329574638,105746.16035004254
311,729011.5841918177,579416.5421236806,68178.19294570383,173924.35329574638,105746.16035004254
312,729030.7357617732,581241.1094368902,68178.19294570383,173924.35329574638,105746.16035004254
313,729048.7469504824,583063.5985605319,68178.19294570383,173924.35329574638,105746.16035004254
314,729067.8671757429,584867.550233226,68178.19294570383,173924.35329574638,105746.16035004254
315,729086.6473170366,586665.2673372158,68178.19294570383,173924.35329574638,105746.16035004254
316,729105.146565957,588461.5712722994,68178.19294570383,173924.35329574638,105746.16035004254
317,729123.0025193004,590296.9451712632,68178.19294570383,173924.35329574638,105746.16035004254
318,729141.5267222394,592201.4812190534,69823.1068347976,173924.35329574638,104101.24646094878
319,729279.9607552128,594211.0905314068,71694.28211417767,173924.35329574638,102230.07118156871
320,731678.1422409697,596221.0323540911,71694.28211417767,173924.35329574638,102230.07118156871
321,737459.4136238778,598185.2540062771,71694.28211417767,173924.35329574638,102230.07118156871
322,744779.9977207422,600061.5266759411,71694.28211417767,173924.35329574638,102230.07118156871
323,752267.7525338557,601810.3647612892,71694.28211417767,173924.35329574638,102230.07118156871
324,760156.8470345351,603661.4497733879,71694.28211417767,173924.35329574638,102230.07118156871
325,767728.6376530393,605414.7767482031,71694.28211417767,174816.6857667389,103122.40365256123
326,775225.91078732,607352.4807015002,71694.28211417767,180370.99178982776,108676.7096756501
327,782193.8473935042,609377.8011269884,71694.28211417767,185308.34481262902,113614.06269845135
328,786744.2902180701,611393.7281356287,71694.28211417767,187837.59747065982,116143.31535648216
329,787498.9210342471,613366.013163339,71694.28211417767,187837.59747065982,116143.31535648216
330,787522.3509515015,615300.2257581616,71694.28211417767,187837.59747065982,116143.31535648216
331,787540.343409757,617195.368389104,71694.28211417767,187837.59747065982,116143.31535648216
332,787558.7407824871,619059.0887937767,71694.28211417767,187837.59747065982,116143.31535648216
333,787576.7497416104,620905.6849164083,71694.28211417767,187837.59747065982,116143.31535648216
334,787595.8247138335,622744.2176635156,71694.28211417767,187837.59747065982,116143.31535648216
335,787614.2855037601,624564.2960872581,71694.28211417767,187837.59747065982,116143.31535648216
336,787632.9723848797,626387.1177212306,71694.28211417767,187837.59747065982,116143.31535648216
337,787650.986214167,628208.5261862968,71694.28211417767,187837.59747065982,116143.31535648216
338,787670.4596415746,630013.8910278972,71694.28211417767,187837.59747065982,116143.31535648216
339,787689.5713886261,631814.351342117,71694.28211417767,187837.59747065982,116143.31535648216
340,787708.9888566574,633634.4297658595,71694.28211417767,187837.59747065982,116143.31535648216
341,787728.3232355292,635488.6736261017,71694.28211417767,187837.59747065982,116143.31535648216
342,787747.1053294898,637396.3685220354,72963.66906942138,187837.59747065982,114873.92840123845
343,787860.9121961362,639395.1712486347,74848.66492937418,187837.59747065982,112988.93254128564
344,789941.4376621636,641370.6151244885,74848.66492937418,187837.59747065982,112988.93254128564
345,795556.396813037,643262.2663969564,74848.66492937418,187837.59747065982,112988.93254128564
346,802284.0414491715,645067.9637488878,74848.66492937418,187837.59747065982,112988.93254128564
347,809857.2379607087,646851.382908649,74848.66492937418,187837.59747065982,112988.93254128564
348,817699.7116328878,648635.1345787413,74848.66492937418,187837.59747065982,112988.93254128564
349,825432.7488700361,650471.9216466114,74848.66492937418,187959.3981664367,113110.73323706252
350,833309.0671099853,652398.4865038234,74848.66492937418,193903.8883912791,119055.22346190491
351,840417.2617568221,654375.2604210008,74848.66492937418,199030.04596304384,124181.38103366966
352,845168.8296991742,656342.6409213303,74848.66492937418,201808.97024717156,126960.30531779738
353,845979.702078741,658270.535819866,74848.66492937418,201808.97024717156,126960.30531779738
354,846003.6186360809,660184.465284504,74848.66492937418,201808.97024717156,126960.30531779738
355,846021.5110813783,662062.4836334052,74848.66492937418,201808.97024717156,126960.30531779738
356,846040.5077166825,663902.4295494189,74848.66492937418,201808.97024717156,126960.30531779738
357,846059.5927768729,665641.7910903364,74848.66492937418,201808.97024717156,126960.30531779738
358,846078.3067524604,667354.634932365,74848.66492937418,201808.97024717156,126960.30531779738
359,846097.4107514152,669032.5651896496,74848.66492937418,201808.97024717156,126960.30531779738
360,846115.1559578917,670756.6312553459,74848.66492937418,201808.97024717156,126960.30531779738
361,846134.1477908666,672458.6685116204,74848.66492937418,201808.97024717156,126960.30531779738
362,846152.0240477932,674179.2432188423,74848.66492937418,201808.97024717156,126960.30531779738
363,846170.5112136867,675888.9282127274,74848.66492937418,201808.97024717156,126960.30531779738
364,846188.556411403,677600.3588858497,74848.66492937418,201808.97024717156,126960.30531779738
365,846207.892531691,679332.0726891566,74848.66492937418,201808.97024717156,126960.30531779738
366,846226.4467203062,681098.3675668768,74848.66492937418,201808.97024717156,126960.30531779738
367,846368.1124821707,682753.2714837467,76361.90308437962,201808.97024717156,125447.06716279194
368,848903.8160235004,684334.1918519923,76361.90308437962,201808.97024717156,125447.06716279194
369,855258.3446354528,686023.6768432754,76361.90308437962,201808.97024717156,125447.06716279194
370,862773.5438392039,687623.3840452166,76361.90308437962,201808.97024717156,125447.06716279194
371,869948.1276392277,689083.1043978506,76361.90308437962,201808.97024717156,125447.06716279194
372,877417.4908447124,690529.1918269178,76361.90308437962,201808.97024717156,125447.06716279194
373,884617.891702974,692158.5755758915,76361.90308437962,204314.08983847775,127952.18675409813
374,891968.758314598,693853.9626255481,76361.90308437962,209964.30624255046,133602.40315817084
375,898868.1181819346,695635.968616403,76361.90308437962,215076.3969611373,138714.49387675768
376,903405.3578208113,697430.5268722493,76361.90308437962,217813.815186273,141451.91210189337
377,904162.9757472974,699237.9699034179,76361.90308437962,217813.815186273,141451.91210189337
378,904185.4989833763,701035.6870074077,76361.90308437962,217813.815186273,141451.91210189337
379,904203.9201186545,702817.6929982626,76361.90308437962,217813.815186273,141451.91210189337
380,904221.7108182341,704588.8924033635,76361.90308437962,217813.815186273,141451.91210189337
381,904239.853100904,706347.4564158903,76361.90308437962,217813.815186273,141451.91210189337
382,904257.9822903809,708094.881332332,76361.90308437962,217813.815186273,141451.91210189337
383,904276.9474163284,709824.8494564018,76361.90308437962,217813.815186273,141451.91210189337
384,904295.1770499846,711548.4998841844,76361.90308437962,217813.815186273,141451.91210189337
385,904313.3768533041,713269.0745914064,76361.90308437962,217813.815186273,141451.91210189337
386,904331.1154630262,714980.5052645287,76361.90308437962,217813.815186273,141451.91210189337
387,904349.9192526874,716683.9556897094,76361.90308437962,217813.815186273,141451.91210189337
388,904368.5242356706,718404.8629072622,76361.90308437962,217813.815186273,141451.91210189337
389,904386.2899861479,720145.9701274169,76361.90308437962,217813.815186273,141451.91210189337
390,904404.4782685714,721915.4238532806,76361.90308437962,217813.815186273,141451.91210189337
391,904477.0759231261,723705.0775817462,77857.62171048397,217813.815186273,139956.193475789
392,905966.2036461007,725462.3115529494,78125.72795871262,217813.815186273,139688.08722756035
393,910137.0335239258,727219.5455241526,78125.72795871262,217813.815186273,139688.08722756035
394,915297.4243772092,728971.5424576442,78125.72795871262,217813.815186273,139688.08722756035
395,920658.1122618503,730726.6151116967,78125.72795871262,217813.815186273,139688.08722756035
396,926558.1488827385,732486.5922931298,78125.72795871262,217813.815186273,139688.08722756035
397,931977.8577577122,734265.1069255103,78125.72795871262,217813.815186273,139688.08722756035
398,937384.0409715696,736058.2520124504,78125.72795871262,217813.815186273,139688.08722756035
399,942665.364296937,737919.1460793104,78125.72795871262,217813.815186273,139688.08722756035
400,945868.1474955328,739770.2310914091,78125.72795871262,217813.815186273,139688.08722756035
401,946383.6225510008,741626.2206308885,78125.72795871262,217813.815186273,139688.08722756035
402,946407.2828847265,743469.3253950456,78125.72795871262,217813.815186273,139688.08722756035
403,946425.432656154,745311.0169902964,78125.72795871262,217813.815186273,139688.08722756035
404,946444.3302264797,747124.4452074211,78125.72795871262,217813.815186273,139688.08722756035
405,946463.5202597721,748929.8100490215,78125.72795871262,217813.815186273,139688.08722756035
406,946482.2229332817,750716.3049293436,78125.72795871262,217813.815186273,139688.08722756035
407,946500.8780833575,752496.5652409614,78125.72795871262,217813.815186273,139688.08722756035
408,946520.401115239,754280.3169110536,78125.72795871262,217813.815186273,139688.08722756035
409,946539.8667952324,756059.1640537651,78125.72795871262,217813.815186273,139688.08722756035
410,946558.5752210561,757828.6177796288,78125.72795871262,217813.815186273,139688.08722756035
411,946577.8869246545,759591.7538092055,78125.72795871262,217813.815186273,139688.08722756035
412,946595.907919876,761365.6964245363,78125.72795871262,217813.815186273,139688.08722756035
413,946614.0966205918,763179.124641661,78125.72795871262,217813.815186273,139688.08722756035
414,946633.0692861555,765075.5973139269,79640.0897592755,217813.815186273,138173.72542699747
415,946760.4108181637,767054.1169103415,81491.26782368199,217813.815186273,136322.547362591
416,948907.1733561988,769038.9542030431,81491.26782368199,217813.815186273,136322.547362591
417,953992.0914939998,770938.5857234526,81491.26782368199,217813.815186273,136322.547362591
418,959903.022077651,772736.3028274424,81491.26782368199,217813.815186273,136322.547362591
419,966520.8173053586,774469.7623099865,81491.26782368199,217813.815186273,136322.547362591
420,973134.2312228916,776157.5016220325,81491.26782368199,217813.815186273,136322.547362591
421,979553.6495615053,777871.7586329674,81491.26782368199,217813.815186273,136322.547362591
422,986040.8774535405,779653.7646238223,81491.26782368199,218131.44174853084,136640.17392484884
423,991650.2300211607,781627.7953307697,81491.26782368199,221761.50045130888,140270.2326276269
424,994948.2378834768,783653.4482665888,81491.26782368199,223028.59221991108,141537.3243962291
425,995457.0405262103,785675.6098439336,81491.26782368199,223028.59221991108,141537.3243962291
426,995479.6909453637,787671.2537223893,81491.26782368199,223028.59221991108,141537.3243962291
427,995498.0120912021,789635.4753745754,81491.26782368199,223028.59221991108,141537.3243962291
428,995516.8819834555,791562.0402317874,81491.26782368199,223028.59221991108,141537.3243962291
429,995535.7961822065,793468.3219588147,81491.26782368199,223028.59221991108,141537.3243962291
430,995555.0735338775,795330.6291945812,81491.26782368199,223028.59221991108,141537.3243962291
431,995573.1716784764,797194.3495992539,81491.26782368199,223028.59221991108,141537.3243962291
432,995591.905606287,799034.6280255984,81491.26782368199,223028.59221991108,141537.3243962291
433,995611.0051167535,800869.6694142313,81491.26782368199,223028.59221991108,141537.3243962291
434,995628.756219769,802695.9824066783,81491.26782368199,223028.59221991108,141537.3243962291
435,995648.2760837191,804512.5694719465,81491.26782368199,223028.59221991108,141537.3243962291
436,995666.8201805152,806337.1367851561,81491.26782368199,223028.59221991108,141537.3243962291
437,995685.010162751,808195.952662448,81502.99699743885,223028.59221991108,141525.5952224722
438,995704.3234616324,810133.3241054142,83421.05514152363,223028.59221991108,139607.53707838745
439,995775.8013000803,812168.121075333,85384.37427299445,223028.59221991108,137644.21794691664
440,997274.3669736864,814182.3024047362,85899.98992879147,223028.59221991108,137128.6022911196
441,1001200.4983223053,816082.2664354766,85899.98992879147,223028.59221991108,137128.6022911196
442,1006128.9380994778,817869.1769537124,85899.98992879147,223028.59221991108,137128.6022911196
443,1011363.2793588773,819566.642192937,85899.98992879147,223028.59221991108,137128.6022911196
444,1016826.6710373744,821263.7749218307,85899.98992879147,223028.59221991108,137128.6022911196
445,1022426.9492813406,823003.1364627483,85899.98992879147,223028.59221991108,137128.6022911196
446,1028006.9439194893,824818.3103591101,85899.98992879147,223028.59221991108,137128.6022911196
447,1033321.4477617057,826826.5065025572,85899.98992879147,223028.59221991108,137128.6022911196
448,1036534.9359706994,828880.5059440852,85899.98992879147,223028.59221991108,137128.6022911196
449,1037036.8198738688,830915.302914004,85899.98992879147,223028.59221991108,137128.6022911196
450,1037058.9228184829,832917.2644887468,85899.98992879147,223028.59221991108,137128.6022911196
451,1037076.7247685884,834897.1972540676,85899.98992879147,223028.59221991108,137128.6022911196
452,1037095.132786507,836760.5020208267,85899.98992879147,223028.59221991108,137128.6022911196
453,1037112.8972159747,838587.895671849,85899.98992879147,223028.59221991108,137128.6022911196
454,1037132.2163238717,840406.2284163544,85899.98992879147,223028.59221991108,137128.6022911196
455,1037149.9376910675,842202.199841107,85899.98992879147,223028.59221991108,137128.6022911196
456,1037167.7824974756,843996.7580969533,85899.98992879147,223028.59221991108,137128.6022911196
457,1037186.5280985378,845832.1319959171,85899.98992879147,223028.59221991108,137128.6022911196
458,1037204.264951167,847656.6993091267,85899.98992879147,223028.59221991108,137128.6022911196
459,1037222.8009634807,849466.9686781078,85899.98992879147,223028.59221991108,137128.6022911196
460,1037241.4802825013,851278.9837263261,85899.98992879147,223028.59221991108,137128.6022911196
461,1037259.6832492303,853128.7386971012,87410.70417863145,223028.59221991108,135617.88804127963
462,1037278.4521990949,855055.3035543133,89318.50008597886,223028.59221991108,133710.09213393222
463,1037395.748830921,857066.9910562347,91212.8909560742,223028.59221991108,131815.70126383688
464,1039433.4804793517,859042.4349320885,91212.8909560742,223028.59221991108,131815.70126383688
465,1044510.8112421003,860887.2853754829,91212.8909560742,223028.59221991108,131815.70126383688
466,1050249.9421832906,862683.5893105664,91212.8909560742,223028.59221991108,131815.70126383688
467,1057041.3775763721,864506.4109445389,91212.8909560742,223028.59221991108,131815.70126383688
468,1064005.4097632365,866252.4226920743,91212.8909560742,223028.59221991108,131815.70126383688
469,1070948.9466163672,868089.2097599445,91212.8909560742,223028.59221991108,131815.70126383688
470,1077246.8056332406,870050.2725639871,91212.8909560742,223532.86951148885,132319.97855541465
471,1083158.081863913,872082.2431960932,91212.8909560742,227406.91195216042,136194.0209960862
472,1086305.433270363,874131.0055999096,91212.8909560742,228500.23779689913,137287.34684082493
473,1086793.3734710678,876150.0914566935,91212.8909560742,228500.23779689913,137287.34684082493
474,1086815.6717203527,878137.7550872077,91212.8909560742,228500.23779689913,137287.34684082493
475,1086835.1177697747,880100.5635704874,91212.8909560742,228500.23779689913,137287.34684082493
476,1086854.1602580398,882033.3629964038,91212.8909560742,228500.23779689913,137287.34684082493
477,1086872.8613565776,883948.7056299482,91212.8909560742,228500.23779689913,137287.34684082493
478,1086891.6691571656,885834.0392061291,91212.8909560742,228500.23779689913,137287.34684082493
479,1086910.1196132817,887692.8550834211,91212.8909560742,228500.23779689913,137287.34684082493
480,1086928.8424424932,889534.546678672,91212.8909560742,228500.23779689913,137287.34684082493
481,1086946.8075248857,891362.2728400251,91212.8909560742,228500.23779689913,137287.34684082493
482,1086964.7010311307,893185.0944739976,91212.8909560742,228500.23779689913,137287.34684082493
483,1086983.0069273107,895001.6815392658,91212.8909560742,228500.23779689913,137287.34684082493
484,1087000.847673573,896827.6620213818,91212.8909560742,228500.23779689913,137287.34684082493
485,1087018.6928055712,898697.2844844279,91273.7732758121,228500.23779689913,137226.46452108704
486,1087036.9420343267,900626.5925518698,93184.8321144986,228500.23779689913,135315.40568240054
487,1087166.5473807894,902642.5195605102,95071.15377667626,228500.23779689913,133429.0840202229
488,1089502.2838561765,904630.5157013553,95071.15377667626,228500.23779689913,133429.0840202229
489,1094867.4386188549,906501.8838436386,95071.15377667626,228500.23779689913,133429.0840202229
490,1101553.8469725002,908246.4824222678,95071.15377667626,228500.23779689913,133429.0840202229
491,1108179.7817126086,909947.1065096359,95071.15377667626,228500.23779689913,133429.0840202229
492,1115404.9710715604,911620.5478774534,95071.15377667626,228500.23779689913,133429.0840202229
493,1122979.3251285811,913380.8575692174,95071.15377667626,228500.23779689913,133429.0840202229
494,1130388.2252460264,915271.0956727791,95071.15377667626,232647.6453305484,137576.49155387213
495,1137215.4749419373,917237.0630042024,95071.15377667626,237503.66453714116,142432.51076046488
496,1141988.6416914754,919278.0945428255,95071.15377667626,240230.5365901615,145159.38281348522
497,1142976.5080533368,921298.9260788466,95071.15377667626,240230.5365901615,145159.38281348522
498,1142982.2639473903,923283.4308612173,95071.15377667626,240230.5365901615,145159.38281348522
499,1142982.2639473903,925253.9702096904,95071.15377667626,240230.5365901615,145159.38281348522
500,1142982.2639473903,927205.6395968851,95071.15377667626,240230.5365901615,145159.38281348522
501,1142982.2639473903,929119.5690615231,95071.15377667626,240230.5365901615,145159.38281348522
502,1142982.2639473903,931023.7725989823,95071.15377667626,240230.5365901615,145159.38281348522
503,1142982.2639473903,932901.7909478835,95071.15377667626,240230.5365901615,145159.38281348522
504,1142982.2639473903,934765.0957146425,95071.15377667626,240230.5365901615,145159.38281348522
505,1142982.2639473903,936616.1807267412,95071.15377667626,240230.5365901615,145159.38281348522
506,1142982.2639473903,938464.1900182791,95071.15377667626,240230.5365901615,145159.38281348522
507,1142982.2639473903,940297.8182380057,95071.15377667626,240230.5365901615,145159.38281348522
508,1142982.2639473903,942147.1575708672,95071.15377667626,240230.5365901615,145159.38281348522
509,1142982.2639473903,944040.8870329033,95071.15377667626,240230.5365901615,145159.38281348522
510,1142982.2639473903,945999.206626716,97029.47337048891,240230.5365901615,143201.0632196726
511,1143136.3986735549,948034.3361069656,98910.468124574,240230.5365901615,141320.0684655875
512,1146239.6859215093,950076.7808144949,98910.468124574,240230.5365901615,141320.0684655875
513,1154356.2185289722,952038.259256451,98910.468124574,240230.5365901615,141320.0684655875
514,1163276.0947746467,953908.2142298281,98910.468124574,240230.5365901615,141320.0684655875
515,1170188.595239014,955732.4490327069,98910.468124574,240230.5365901615,141320.0684655875
516,1177431.3273534195,957679.5464028518,98910.468124574,240230.5365901615,141320.0684655875
517,1184589.2755856472,959678.3491294511,98910.468124574,243589.46526529564,144678.99714072165
518,1191717.6698834149,961725.6983643612,98910.468124574,248665.24717025855,149754.77904568455
519,1198641.6795172403,963777.952126652,98910.468124574,253531.7398838984,154621.27175932442
520,1202760.679639662,965823.8881926558,98910.468124574,255599.54078242162,156689.0726578476
521,1203503.191116876,967833.83001534,98910.468124574,255599.54078242162,156689.0726578476
522,1203524.779674527,969816.9216288044,98910.468124574,255599.54078242162,156689.0726578476
523,1203541.4846646658,971773.163033049,98910.468124574,255599.54078242162,156689.0726578476
524,1203559.174632066,973684.0167771262,98910.468124574,255599.54078242162,156689.0726578476
525,1203576.2218207673,975579.4919183995,98910.468124574,255599.54078242162,156689.0726578476
526,1203593.9174942365,977455.7645880635,98910.468124574,255599.54078242162,156689.0726578476
527,1203610.5205922767,979306.8496001621,98910.468124574,255599.54078242162,156689.0726578476
528,1203628.9679718956,981154.4432537864,98910.468124574,255599.54078242162,156689.0726578476
529,1203648.4376717214,982988.4871114267,98910.468124574,255599.54078242162,156689.0726578476
530,1203667.1268994242,984820.7852898297,98910.468124574,255599.54078242162,156689.0726578476
531,1203685.584555377,986632.4678277172,98910.468124574,255599.54078242162,156689.0726578476
532,1203704.3120031047,988453.8762927834,98910.468124574,255599.54078242162,156689.0726578476
533,1203723.0532228148,990295.5678880343,98910.468124574,255599.54078242162,156689.0726578476
534,1203742.0840876396,992187.5516708331,100582.86167919138,255599.54078242162,155016.67910323024
535,1203872.7077680435,994085.7700223363,102350.45635029062,255599.54078242162,153249.084432131
536,1206718.1702632243,995992.0517493637,102350.45635029062,255599.54078242162,153249.084432131
537,1213705.004929461,997883.7030218316,102350.45635029062,255599.54078242162,153249.084432131
538,1221474.0115586943,999772.5279564869,102350.45635029062,255599.54078242162,153249.084432131
539,1228737.0212533493,1001656.4483637615,102350.45635029062,255599.54078242162,153249.084432131
540,1235502.3218662408,1003545.2732984169,102350.45635029062,255599.54078242162,153249.084432131
541,1242697.117135905,1005435.5114019786,102350.45635029062,256723.06566935714,154372.6093190665
542,1250250.4165687545,1007325.7495055402,102350.45635029062,262380.8638407502,160030.40749045956
543,1257208.8861972056,1009225.7135362807,102350.45635029062,267434.1062805663,165083.6499302757
544,1261442.9556684836,1011131.6627529772,102350.45635029062,269756.963377253,167406.50702696235
545,1262083.6450168851,1013040.7708178172,102350.45635029062,269756.963377253,167406.50702696235
546,1262107.6544596013,1014952.954603218,102350.45635029062,269756.963377253,167406.50702696235
547,1262126.6953457368,1016860.6494991517,102350.45635029062,269756.963377253,167406.50702696235
548,1262145.3807490694,1018755.7921300941,102350.45635029062,269756.963377253,167406.50702696235
549,1262164.3635956293,1020644.6170647495,102350.45635029062,269756.963377253,167406.50702696235
550,1262183.8352882452,1022491.213187381,102350.45635029062,269756.963377253,167406.50702696235
551,1262202.7850240641,1024322.0981968777,102350.45635029062,269756.963377253,167406.50702696235
552,1262221.604909662,1026146.6655100874,102350.45635029062,269756.963377253,167406.50702696235
553,1262239.4629978396,1027975.8048403469,102350.45635029062,269756.963377253,167406.50702696235
554,1262257.289436499,1029773.5219443367,102350.45635029062,269756.963377253,167406.50702696235
555,1262276.2632390833,1031571.5715586575,102350.45635029062,269756.963377253,167406.50702696235
556,1262294.0685782752,1033363.3034766911,102350.45635029062,269756.963377253,167406.50702696235
557,1262313.2672379855,1035178.477373053,102350.45635029062,269756.963377253,167406.50702696235
558,1262332.250848528,1037057.9088908605,103660.28884892716,269756.963377253,166096.67452832582
559,1262483.1570918232,1038957.54041127,105409.01412604153,269756.963377253,164347.94925121145
560,1265737.8895458432,1040806.8797441315,105409.01412604153,269756.963377253,164347.94925121145
561,1274767.2114281831,1042574.9203010888,105409.01412604153,269756.963377253,164347.94925121145
562,1284311.3077132036,1044306.6341043958,105409.01412604153,269756.963377253,164347.94925121145
563,1293815.7453488852,1046024.0499634742,105409.01412604153,269756.963377253,164347.94925121145
564,1302746.157685526,1047727.5003886549,105409.01412604153,274882.86094263935,169473.84681659783
565,1312204.0739995276,1049435.4397033027,105409.01412604153,282627.5747840983,177218.56065805678
566,1321822.586042745,1051184.6102989817,105409.01412604153,290491.653073742,185082.63894770047
567,1331922.491532617,1052977.4228755909,105409.01412604153,298793.48282911006,193384.46870306853
568,1338299.5954564447,1054811.0510953174,105409.01412604153,303331.6953753164,197922.6812492749
569,1339481.0240714292,1056679.2603894572,105409.01412604153,303331.6953753164,197922.6812492749
570,1339504.0708026164,1058558.6919072648,105409.01412604153,303331.6953753164,197922.6812492749
571,1339522.7223266794,1060420.6666327002,105409.01412604153,303331.6953753164,197922.6812492749
572,1339542.2392412003,1062269.008434569,105409.01412604153,303331.6953753164,197922.6812492749
573,1339560.0465028107,1064118.763405344,105409.01412604153,303331.6953753164,197922.6812492749
574,1339578.7466717795,1065943.3307185536,105409.01412604153,303331.6953753164,197922.6812492749
575,1339598.2195744957,1067753.6000875349,105409.01412604153,303331.6953753164,197922.6812492749
576,1339616.198735199,1069552.730360431,105409.01412604153,303331.6953753164,197922.6812492749
577,1339634.2720001373,1071342.3840888964,105409.01412604153,303331.6953753164,197922.6812492749
578,1339652.4897588785,1073125.8032486578,105409.01412604153,303331.6953753164,197922.6812492749
579,1339672.012005236,1074892.098126378,105409.01412604153,303331.6953753164,197922.6812492749
580,1339690.97828584,1076665.043210716,105409.01412604153,303331.6953753164,197922.6812492749
581,1339709.3629012464,1078477.0582589344,105409.01412604153,303331.6953753164,197922.6812492749
582,1339728.4039085594,1080348.7589115486,105743.42488231418,303331.6953753164,197588.27049300226
583,1339856.5896513695,1082309.8217155912,107576.30194354663,303331.6953753164,195755.3934317698
584,1341901.4162625743,1084356.090291926,107577.74390867645,303331.6953753164,195753.95146664
585,1346681.9609618618,1086376.921827947,107577.74390867645,303331.6953753164,195753.95146664
586,1352507.338771905,1088393.1813469182,107577.74390867645,303331.6953753164,195753.95146664
587,1359108.9200593904,1090346.5964133502,107577.74390867645,303331.6953753164,195753.95146664
588,1365610.213446051,1092284.3003666473,107577.74390867645,303331.6953753164,195753.95146664
589,1372200.1869732572,1094232.8109056985,107577.74390867645,303331.6953753164,195753.95146664
590,1379064.8627509284,1096219.0613673064,107577.74390867645,303331.6953753164,195753.95146664
591,1385023.72006063,1098236.401544853,107577.74390867645,306141.98225921113,198564.2383505347
592,1388294.1549487803,1100236.6174403587,107577.74390867645,307406.93809396116,199829.19418528472
593,1388793.183927667,1102229.102470671,107577.74390867645,307406.93809396116,199829.19418528472
594,1388815.7028925186,1104201.0549880504,107577.74390867645,307406.93809396116,199829.19418528472
595,1388834.7671081566,1106137.0132621103,107577.74390867645,307406.93809396116,199829.19418528472
596,1388853.1680685317,1108054.1015748917,107577.74390867645,307406.93809396116,199829.19418528472
597,1388872.3803139823,1109968.0310395297,107577.74390867645,307406.93809396116,199829.19418528472
598,1388891.1088055149,1111851.9514468045,107577.74390867645,307406.93809396116,199829.19418528472
599,1388908.896937518,1113720.1607409443,107577.74390867645,307406.93809396116,199829.19418528472
600,1388927.3385017922,1115583.881145617,107577.74390867645,307406.93809396116,199829.19418528472
601,1388945.517038946,1117434.6336473848,107577.74390867645,307406.93809396116,199829.19418528472
602,1388963.2918973698,1119284.3886181598,107577.74390867645,307406.93809396116,199829.19418528472
603,1388982.5702809896,1121116.6867965627,107577.74390867645,307406.93809396116,199829.19418528472
604,1389001.7522768667,1122952.0606955267,107577.74390867645,307406.93809396116,199829.19418528472
605,1389021.281751739,1124825.1745170471,107647.4552836251,307406.93809396116,199759.48281033605
606,1389040.805496256,1126759.7196222006,109562.47664426171,307406.93809396116,197844.46144969945
607,1389219.6916262987,1128784.042516696,111407.91340871456,307406.93809396116,195999.02468524658
608,1393031.9583685363,1130828.2329034626,111407.91340871456,307406.93809396116,195999.02468524658
609,1402324.1934957516,1132878.7409865162,111407.91340871456,307406.93809396116,195999.02468524658
610,1412690.5245155487,1134901.3182017745,111407.91340871456,307406.93809396116,195999.02468524658
611,1422848.6218342776,1136870.4443813413,111407.91340871456,307406.93809396116,195999.02468524658
612,1432848.312752087,1138826.6857855858,111407.91340871456,314554.5835925686,203146.670183854
613,1443433.3148143475,1140759.1527011713,111407.91340871456,323201.85558134905,211793.94217263447
614,1454753.4915874617,1142734.1809391116,111407.91340871456,332541.7409586282,221133.8275499136
615,1465268.693846427,1144746.9490996085,111407.91340871456,341038.91189920186,229630.99849048728
616,1472754.6108459,1146758.304091199,111407.91340871456,346508.2107491895,235100.2973404749
617,1473931.9643891912,1148752.2022904176,111407.91340871456,346508.2107491895,235100.2973404749
618,1473955.186432087,1150694.4782607646,111407.91340871456,346508.2107491895,235100.2973404749
619,1473974.538167259,1152612.9797424525,111407.91340871456,346508.2107491895,235100.2973404749
620,1473992.8559224277,1154498.9783392951,111407.91340871456,346508.2107491895,235100.2973404749
621,1474011.4819428776,1156343.4962723586,111407.91340871456,346508.2107491895,235100.2973404749
622,1474030.6095374813,1158174.0487715243,111407.91340871456,346508.2107491895,235100.2973404749
623,1474049.0171070565,1159975.2572339885,111407.91340871456,346508.2107491895,235100.2973404749
624,1474067.6610072898,1161763.4977935478,111407.91340871456,346508.2107491895,235100.2973404749
625,1474086.6286211708,1163542.3449362593,111407.91340871456,346508.2107491895,235100.2973404749
626,1474105.7800586736,1165313.1287034466,111407.91340871456,346508.2107491895,235100.2973404749
627,1474124.3044437363,1167071.3602056424,111407.91340871456,346508.2107491895,235100.2973404749
628,1474143.5407337684,1168840.8139315061,111407.91340871456,346508.2107491895,235100.2973404749
629,1474162.6409207673,1170647.9244523437,111407.91340871456,346508.2107491895,235100.2973404749
630,1474180.434119686,1172516.1337464836,111976.95938987366,346508.2107491895,234531.25135931582
631,1474314.8159816638,1174502.3842080915,113828.82798950377,346508.2107491895,232679.38275968572
632,1476751.3223536848,1176526.2914646734,113828.82798950377,346508.2107491895,232679.38275968572
633,1482859.0473290724,1178520.5221742229,113828.82798950377,346508.2107491895,232679.38275968572
634,1490026.6173755312,1180461.3849756634,113828.82798950377,346508.2107491895,232679.38275968572
635,1497642.639233193,1182317.0420048118,113828.82798950377,346508.2107491895,232679.38275968572
636,1505186.365410618,1184143.022486928,113828.82798950377,346508.2107491895,232679.38275968572
637,1512462.9161436171,1185978.8120238055,113828.82798950377,346769.5946840822,232940.76669457843
638,1519870.5661262793,1187809.6970333022,113828.82798950377,352341.096499353,238512.26850984924
639,1526897.271529003,1189740.7507799813,113828.82798950377,357431.4849975028,243602.65700799905
640,1531251.2230516172,1191722.4292245393,113828.82798950377,359798.4949176641,245969.66692816032
641,1531995.1051865793,1193691.2228937752,113828.82798950377,359798.4949176641,245969.66692816032
642,1532018.3072017082,1195634.8289054458,113828.82798950377,359798.4949176641,245969.66692816032
643,1532036.6789536036,1197551.9172182272,113828.82798950377,359798.4949176641,245969.66692816032
644,1532054.353780349,1199431.3487360347,113828.82798950377,359798.4949176641,245969.66692816032
645,1532073.6388204081,1201331.312766775,113828.82798950377,359798.4949176641,245969.66692816032
646,1532091.4660220423,1203210.7442845826,113828.82798950377,359798.4949176641,245969.66692816032
647,1532110.2469592753,1205055.594727977,113828.82798950377,359798.4949176641,245969.66692816032
648,1532128.3063490167,1206882.9883789993,113828.82798950377,359798.4949176641,245969.66692816032
649,1532146.6654271279,1208713.873388496,113828.82798950377,359798.4949176641,245969.66692816032
650,1532165.2366398803,1210529.0472848578,113828.82798950377,359798.4949176641,245969.66692816032
651,1532184.0565937555,1212325.0187096104,113828.82798950377,359798.4949176641,245969.66692816032
652,1532202.412773125,1214141.9382852095,113828.82798950377,359798.4949176641,245969.66692816032
653,1532220.943087697,1215992.6907869773,113828.82798950377,359798.4949176641,245969.66692816032
654,1532240.003383642,1217922.3313647502,115319.314263555,359798.4949176641,244479.1806541091
655,1532369.3923329972,1219922.5472602558,117190.14120970534,359798.4949176641,242608.35370795877
656,1535222.564753737,1221929.4133623792,117190.14120970534,359798.4949176641,242608.35370795877
657,1541816.351192,1223851.4062025414,117190.14120970534,359798.4949176641,242608.35370795877
658,1549478.9747363427,1225702.9068525536,117190.14120970534,359798.4949176641,242608.35370795877
659,1556470.5864245247,1227470.9474095108,117190.14120970534,359798.4949176641,242608.35370795877
660,1563429.9286744695,1229242.1468146117,117190.14120970534,359798.4949176641,242608.35370795877
661,1570798.9829510169,1231033.5462223145,117190.14120970534,360754.0258088004,243563.8845990951
662,1578364.329236942,1232889.5357617938,117190.14120970534,366458.11939735146,249267.97818764613
663,1585682.00464573,1234842.6183178949,117190.14120970534,371817.4490921435,254627.30788243818
664,1589878.9557271276,1236836.5165171134,117190.14120970534,374015.2388164279,256825.09760672256
665,1590555.1303816761,1238822.7669787214,117190.14120970534,374015.2388164279,256825.09760672256
666,1590579.1182853077,1240782.4997414404,117190.14120970534,374015.2388164279,256825.09760672256
667,1590597.2295271403,1242718.7905258313,117190.14120970534,374015.2388164279,256825.09760672256
668,1590615.0888425393,1244620.167725478,117190.14120970534,374015.2388164279,256825.09760672256
669,1590633.0431605382,1246501.3449225228,117190.14120970534,374015.2388164279,256825.09760672256
670,1590651.170641913,1248352.4299346213,117190.14120970534,374015.2388164279,256825.09760672256
671,1590669.1395092674,1250190.9626817286,117190.14120970534,374015.2388164279,256825.09760672256
672,1590686.972980249,1252012.3711467949,117190.14120970534,374015.2388164279,256825.09760672256
673,1590706.1418889384,1253817.7359883953,117190.14120970534,374015.2388164279,256825.09760672256
674,1590723.9154044285,1255635.6530949872,117190.14120970534,374015.2388164279,256825.09760672256
675,1590743.1521085342,1257450.826991349,117190.14120970534,374015.2388164279,256825.09760672256
676,1590760.918150523,1259271.9029460843,117190.14120970534,374015.2388164279,256825.09760672256
677,1590778.6220815384,1261132.4645026135,117190.14120970534,374015.2388164279,256825.09760672256
678,1590797.5884298584,1263057.6161909192,118776.8829924971,374015.2388164279,255238.35582393076
679,1590902.4560126509,1265062.7366138054,120677.13583259104,374015.2388164279,253338.10298383684
680,1593066.6699512694,1267050.4002443196,120677.13583259104,374015.2388164279,253338.10298383684
681,1598681.8204414202,1269116.619440508,120677.13583259104,374015.2388164279,253338.10298383684
682,1605504.4033535828,1271162.5555065118,120677.13583259104,374015.2388164279,253338.10298383684
683,1612497.3689033764,1273114.2248937066,120677.13583259104,374015.2388164279,253338.10298383684
684,1619487.0977310957,1275113.0276203058,120677.13583259104,374015.2388164279,253338.10298383684
685,1626473.4329484426,1277048.9858943657,120677.13583259104,374015.2388164279,253338.10298383684
686,1633311.2800503296,1279003.814129704,120677.13583259104,376121.66125182743,255444.5254192364
687,1639958.8481985969,1281016.9148005317,120677.13583259104,380750.8655713722,260073.72973878117
688,1644554.2857793116,1283007.6541516066,120677.13583259104,383350.3006431173,262673.16481052624
689,1645409.9784060891,1285009.6157263494,120677.13583259104,383350.3006431173,262673.16481052624
690,1645432.8224208022,1286976.6637163481,120677.13583259104,383350.3006431173,262673.16481052624
691,1645450.7094754814,1288934.65079983,120677.13583259104,383350.3006431173,262673.16481052624
692,1645469.2595646153,1290866.03705684,120677.13583259104,383350.3006431173,262673.16481052624
693,1645488.0569141142,1292758.020839639,120677.13583259104,383350.3006431173,262673.16481052624
694,1645507.204292491,1294631.1346611595,120677.13583259104,383350.3006431173,262673.16481052624
695,1645525.0727530962,1296483.9653524954,120677.13583259104,383350.3006431173,262673.16481052624
696,1645544.2877051947,1298320.7524203656,120677.13583259104,383350.3006431173,262673.16481052624
697,1645563.7526552486,1300157.8719985667,120677.13583259104,383350.3006431173,262673.16481052624
698,1645581.6538480844,1301994.9915767678,120677.13583259104,383350.3006431173,262673.16481052624
699,1645600.6832615882,1303811.5786420358,120677.13583259104,383350.3006431173,262673.16481052624
700,1645620.098574838,1305640.7179722954,120677.13583259104,383350.3006431173,262673.16481052624
701,1645638.105668341,1307494.9618325375,120677.13583259104,383350.3006431173,262673.16481052624
702,1645655.8993513985,1309386.9456153365,122239.5526198534,383350.3006431173,261110.74802326388
703,1645730.2498873123,1311280.6750773727,124058.93154597563,383350.3006431173,259291.36909714167
704,1646835.1123982593,1313094.1032944974,124767.49725215328,383350.3006431173,258582.803390964
705,1649677.3144067554,1314804.203926296,124767.49725215328,383350.3006431173,258582.803390964
706,1653577.471863399,1316476.232125207,124767.49725215328,383350.3006431173,258582.803390964
707,1657662.7162863037,1318080.5113441981,124767.49725215328,383350.3006431173,258582.803390964
708,1661413.745800798,1319619.1197728373,124767.49725215328,383350.3006431173,258582.803390964
709,1664394.148784774,1321171.6936353738,124767.49725215328,383350.3006431173,258582.803390964
710,1667112.574765314,1322810.886439109,124767.49725215328,383350.3006431173,258582.803390964
711,1669514.590867578,1324552.4092971773,124767.49725215328,383350.3006431173,258582.803390964
712,1670972.9213287162,1326386.0375169038,124767.49725215328,383350.3006431173,258582.803390964
713,1671276.15605608,1328246.599073433,124767.49725215328,383350.3006431173,258582.803390964
714,1671299.4575236004,1330116.5540468101,124767.49725215328,383350.3006431173,258582.803390964
715,1671318.790163805,1331973.9567551957,124767.49725215328,383350.3006431173,258582.803390964
716,1671337.926954618,1333817.394029684,124767.49725215328,383350.3006431173,258582.803390964
717,1671355.8790698943,1335665.4033212217,124767.49725215328,383350.3006431173,258582.803390964
718,1671374.1288729403,1337488.2249551942,125736.11501479025,383350.3006431173,257614.18562832702
719,1671392.2610627403,1339303.398851556,127533.15672135208,383350.3006431173,255817.1439217652
720,1671410.1972807935,1341115.0813894435,129326.90304118642,383350.3006431173,254023.39760193086
721,1671428.2477337366,1342931.6684547116,131125.4396535113,383350.3006431173,252224.86098960598
722,1671447.2458929296,1344745.0966718362,132919.86971144303,383350.3006431173,250430.43093167426
723,1671465.8346984957,1346552.2071926738,134708.3914267146,383350.3006431173,248641.90921640268
724,1671484.9083201385,1348370.1242992657,136507.23491166352,383350.3006431173,246843.06573145377
725,1671502.7697439557,1350205.4981982296,138324.74738681014,383350.3006431173,245025.55325630715
726,1671521.4375992694,1352072.294323463,140172.87565672986,383350.3006431173,243177.42498638743
727,1671660.5067098585,1353932.8558799922,141894.36810266992,383350.3006431173,241455.93254044736
728,1674170.5809706543,1355710.2898537973,141894.36810266992,383350.3006431173,241455.93254044736
729,1680200.2297406867,1357394.8703176996,141894.36810266992,383350.3006431173,241455.93254044736
730,1687511.2497952918,1358963.155293371,141894.36810266992,383350.3006431173,241455.93254044736
731,1695054.467303578,1360503.1768909164,141894.36810266992,383350.3006431173,241455.93254044736
732,1702468.1026371913,1362041.4528092246,141894.36810266992,383350.3006431173,241455.93254044736
733,1709792.6061277925,1363609.737784896,141894.36810266992,385398.42401747836,243504.05591480844
734,1717043.4144047222,1365240.867213107,141894.36810266992,391012.8397083025,249118.4716056326
735,1724204.3400998183,1367012.0666182078,141894.36810266992,396397.302840403,254502.93473773307
736,1728915.5167578505,1368872.628174737,141894.36810266992,399242.65478401125,257348.28668134133
737,1729702.7552850626,1370747.4876754947,141894.36810266992,399242.65478401125,257348.28668134133
738,1729724.9312607301,1372587.4335915083,141894.36810266992,399242.65478401125,257348.28668134133
739,1729742.795160087,1374413.4140736244,141894.36810266992,399242.65478401125,257348.28668134133
740,1729762.0283778026,1376239.3945557405,141894.36810266992,399242.65478401125,257348.28668134133
741,1729781.3922541314,1378051.409603959,141894.36810266992,399242.65478401125,257348.28668134133
742,1729799.2906821857,1379844.5546908989,141894.36810266992,399242.65478401125,257348.28668134133
743,1729817.39946741,1381629.7195298974,141894.36810266992,399242.65478401125,257348.28668134133
744,1729817.39946741,1383469.4991907456,141894.36810266992,399242.65478401125,257348.28668134133
745,1729817.39946741,1385287.250042172,141894.36810266992,399242.65478401125,257348.28668134133
746,1729817.39946741,1387101.9251730375,141894.36810266992,399242.65478401125,257348.28668134133
747,1729817.39946741,1388924.414296679,141894.36810266992,399242.65478401125,257348.28668134133
748,1729817.39946741,1390748.4828443923,141894.36810266992,399242.65478401125,257348.28668134133
749,1729817.39946741,1392599.2353461601,141894.36810266992,399242.65478401125,257348.28668134133
750,1729817.39946741,1394497.1211873323,141894.36810266992,399242.65478401125,257348.28668134133
751,1729964.2494674101,1396401.3247247916,141894.36810266992,399242.65478401125,257348.28668134133
752,1732464.14946741,1398248.9183784158,141894.36810266992,399242.65478401125,257348.28668134133
753,1738233.14946741,1400066.669229842,141894.36810266992,399242.65478401125,257348.28668134133
754,1745071.04946741,1401856.1567031422,141894.36810266992,399242.65478401125,257348.28668134133
755,1751923.49946741,1403603.249109253,141894.36810266992,399242.65478401125,257348.28668134133
756,1758509.84946741,1405314.181016879,141894.36810266992,399242.65478401125,257348.28668134133
757,1765362.07446741,1407025.1129245048,141894.36810266992,399242.65478401125,257348.28668134133
758,1772032.72446741,1408776.9436028309,141894.36810266992,399512.1767768493,257617.8086741794
759,1778308.79946741,1410547.5611148525,141894.36810266992,404012.3711069328,262118.0030042629
760,1783161.52446741,1412357.4979735028,141894.36810266992,407049.89609038783,265155.5279877179
761,1784708.39946741,1414195.6982102792,141894.36810266992,407049.89609038783,265155.5279877179
762,1784739.44946741,1416030.7395989122,141894.36810266992,407049.89609038783,265155.5279877179
763,1784739.44946741,1417842.2558816343,141894.36810266992,407049.89609038783,265155.5279877179
764,1784739.44946741,1419650.6133162128,141894.36810266992,407049.89609038783,265155.5279877179
765,1784739.44946741,1421469.9435917109,141894.36810266992,407049.89609038783,265155.5279877179
766,1784739.44946741,1423297.1709875676,141894.36810266992,407049.89609038783,265155.5279877179
767,1784739.44946741,1425111.8461184332,141894.36810266992,407049.89609038783,265155.5279877179
768,1784739.44946741,1426904.4924398768,141894.36810266992,407049.89609038783,265155.5279877179
769,1784739.44946741,1428679.848224114,141894.36810266992,407049.89609038783,265155.5279877179
770,1784739.44946741,1430434.754623001,141894.36810266992,407049.89609038783,265155.5279877179
771,1784739.44946741,1432170.8741881922,141894.36810266992,407049.89609038783,265155.5279877179
772,1784739.44946741,1433921.1254424467,141894.36810266992,407049.89609038783,265155.5279877179
773,1784739.44946741,1435726.3240288817,141894.36810266992,407049.89609038783,265155.5279877179
774,1784739.44946741,1437592.7876437844,141894.36810266992,407049.89609038783,265155.5279877179
775,1784853.6744674102,1439544.1245206483,141894.36810266992,407049.89609038783,265155.5279877179
776,1786473.2244674102,1441574.0169631862,141894.36810266992,407049.89609038783,265155.5279877179
777,1790566.3494674102,1443654.2015932724,141894.36810266992,407049.89609038783,265155.5279877179
778,1795640.0244674103,1445754.7524811258,141894.36810266992,407049.89609038783,265155.5279877179
779,1801478.2494674104,1447847.4893762032,141894.36810266992,407049.89609038783,265155.5279877179
780,1807452.2244674105,1449952.778536272,141894.36810266992,407049.89609038783,265155.5279877179
781,1813357.2744674105,1452040.7771591342,141894.36810266992,407049.89609038783,265155.5279877179
782,1818845.1744674104,1454094.1947075832,141894.36810266992,407049.89609038783,265155.5279877179
783,1823641.4994674104,1456163.323369167,141894.36810266992,407049.89609038783,265155.5279877179
784,1827247.2744674103,1458218.3203416876,141894.36810266992,407049.89609038783,265155.5279877179
785,1828402.1244674104,1460251.3716323692,141894.36810266992,407049.89609038783,265155.5279877179
786,1828439.3994674103,1462230.9718873592,141894.36810266992,407049.89609038783,265155.5279877179
787,1828439.3994674103,1464154.045386097,141894.36810266992,407049.89609038783,265155.5279877179
788,1828439.3994674103,1466055.0900754128,141894.36810266992,407049.89609038783,265155.5279877179
789,1828439.3994674103,1467975.0047260069,141894.36810266992,407049.89609038783,265155.5279877179
790,1828439.3994674103,1469883.9465356814,141894.36810266992,407049.89609038783,265155.5279877179
791,1828439.3994674103,1471766.1212637187,141894.36810266992,407049.89609038783,265155.5279877179
792,1828439.3994674103,1473620.03261363,141894.36810266992,407049.89609038783,265155.5279877179
793,1828439.3994674103,1475469.205691326,141894.36810266992,407049.89609038783,265155.5279877179
794,1828439.3994674103,1477307.4059281023,141894.36810266992,407049.89609038783,265155.5279877179
795,1828439.3994674103,1479129.8950517438,141894.36810266992,407049.89609038783,265155.5279877179
796,1828439.3994674103,1480944.5701826094,141894.36810266992,407049.89609038783,265155.5279877179
797,1828439.3994674103,1482834.6420310056,141894.36810266992,407049.89609038783,265155.5279877179
798,1828439.3994674103,1484801.6900210043,141894.36810266992,407049.89609038783,265155.5279877179
799,1828534.4244674102,1486855.1075694533,141894.36810266992,407049.89609038783,265155.5279877179
800,1830417.1494674103,1488952.582736746,141894.36810266992,407049.89609038783,265155.5279877179
801,1835143.9494674103,1491070.424161806,141894.36810266992,407049.89609038783,265155.5279877179
802,1840794.2244674102,1493189.845010938,141894.36810266992,407049.89609038783,265155.5279877179
803,1846403.7744674103,1495270.029641024,141894.36810266992,407049.89609038783,265155.5279877179
804,1852860.9744674102,1497343.8965748232,141894.36810266992,407049.89609038783,265155.5279877179
805,1859484.4494674103,1499417.7635086223,141894.36810266992,407049.89609038783,265155.5279877179
806,1865952.8244674103,1501504.1827074126,141894.36810266992,407049.89609038783,265155.5279877179
807,1872276.8244674103,1503592.1813302748,141894.36810266992,407049.89609038783,265155.5279877179
808,1877426.7744674103,1505667.6276881455,141894.36810266992,407049.89609038783,265155.5279877179
809,1879106.9244674102,1507694.36128254,141894.36810266992,407049.89609038783,265155.5279877179
810,1879148.1744674102,1509670.8026893865,141894.36810266992,407049.89609038783,265155.5279877179
811,1879148.1744674102,1511618.980718107,141894.36810266992,407049.89609038783,265155.5279877179
812,1879148.1744674102,1513546.709361477,141894.36810266992,407049.89609038783,265155.5279877179
813,1879148.1744674102,1515433.6223617299,141894.36810266992,407049.89609038783,265155.5279877179
814,1879148.1744674102,1517336.2464751175,141894.36810266992,407049.89609038783,265155.5279877179
815,1879148.1744674102,1519226.3183235137,141894.36810266992,407049.89609038783,265155.5279877179
816,1879148.1744674102,1521091.2025143446,141894.36810266992,407049.89609038783,265155.5279877179
817,1879148.1744674102,1522932.5615992646,141894.36810266992,407049.89609038783,265155.5279877179
818,1879148.1744674102,1524764.444139754,141894.36810266992,407049.89609038783,265155.5279877179
819,1879148.1744674102,1526577.5398465476,141894.36810266992,407049.89609038783,265155.5279877179
820,1879148.1744674102,1527955.3795301984,141894.36810266992,407049.89609038783,265155.5279877179
821,1879148.1744674102,1529546.9402290327,141894.36810266992,407049.89609038783,265155.5279877179
822,1879148.1744674102,1531490.3799855376,141894.36810266992,407049.89609038783,265155.5279877179
823,1879313.4744674102,1533517.1135799321,141894.36810266992,407049.89609038783,265155.5279877179
824,1881755.3994674103,1535614.5887472248,141894.36810266992,407049.89609038783,265155.5279877179
825,1887170.0994674102,1537719.8779072936,141894.36810266992,407049.89609038783,265155.5279877179
826,1893282.0744674103,1539823.5876432906,141894.36810266992,407049.89609038783,265155.5279877179
827,1899353.1744674104,1541939.8496442789,141894.36810266992,407049.89609038783,265155.5279877179
828,1906026.7494674104,1543999.584889015,141894.36810266992,407049.89609038783,265155.5279877179
829,1912605.5244674103,1546029.477331553,141894.36810266992,407049.89609038783,265155.5279877179
830,1919071.4994674104,1548054.6315018756,141894.36810266992,407049.89609038783,265155.5279877179
831,1925467.1244674104,1550057.8399903593,141894.36810266992,407049.89609038783,265155.5279877179
832,1930855.7244674105,1552078.2558884667,141894.36810266992,407049.89609038783,265155.5279877179
833,1932637.8744674104,1554068.8289843763,141894.36810266992,407049.89609038783,265155.5279877179
834,1932694.8744674104,1556010.6893168096,141894.36810266992,407049.89609038783,265155.5279877179
835,1932694.8744674104,1557914.892854269,141894.36810266992,407049.89609038783,265155.5279877179
836,1932694.8744674104,1559786.0947413868,141894.36810266992,407049.89609038783,265155.5279877179
837,1932694.8744674104,1561632.192098522,141894.36810266992,407049.89609038783,265155.5279877179
838,1932694.8744674104,1563464.0746390114,141894.36810266992,407049.89609038783,265155.5279877179
839,1932694.8744674104,1565277.1703458051,141894.36810266992,407049.89609038783,265155.5279877179
840,1932694.8744674104,1567068.2372431771,141894.36810266992,407049.89609038783,265155.5279877179
841,1932694.8744674104,1568848.3312996295,141894.36810266992,407049.89609038783,265155.5279877179
842,1932694.8744674104,1570612.714242947,141894.36810266992,407049.89609038783,265155.5279877179
843,1932694.8744674104,1572370.7794899775,141894.36810266992,407049.89609038783,265155.5279877179
844,1932694.8744674104,1574124.1064647927,141894.36810266992,407049.89609038783,265155.5279877179
845,1932694.8744674104,1575930.8844752994,141894.36810266992,407049.89609038783,265155.5279877179
846,1932694.8744674104,1577847.64027775,141894.36810266992,407049.89609038783,265155.5279877179
847,1932966.2994674104,1579861.8216071534,141894.36810266992,407049.89609038783,265155.5279877179
848,1936471.4244674104,1581916.818579674,141894.36810266992,407049.89609038783,265155.5279877179
849,1943645.1744674104,1583985.9472412579,141894.36810266992,407049.89609038783,265155.5279877179
850,1951545.7494674104,1586011.1014115806,141894.36810266992,407049.89609038783,265155.5279877179
851,1959644.2494674104,1587949.886023453,141894.36810266992,407049.89609038783,265155.5279877179
852,1968072.4494674103,1589794.4039565164,141894.36810266992,407049.89609038783,265155.5279877179
853,1976116.6494674103,1591714.3186071105,141894.36810266992,408966.0627550953,267071.69465242536
854,1984098.3744674104,1593547.7805716717,141894.36810266992,415109.0626326394,273214.6945299695
855,1991938.3494674105,1595513.2491375986,141894.36810266992,420978.3059088178,279083.93780614785
856,1998477.5994674105,1597557.2732691998,141894.36810266992,425468.2686193219,283573.90051665204
857,2000773.5744674106,1599604.4562489444,141894.36810266992,425711.79748168256,283817.42937901267
858,2000824.3494674105,1601601.347041141,141894.36810266992,425711.79748168256,283817.42937901267
859,2000824.3494674105,1603595.078985194,141894.36810266992,425711.79748168256,283817.42937901267
860,2000824.3494674105,1605547.9952861296,141894.36810266992,425711.79748168256,283817.42937901267
861,2000824.3494674105,1607475.7239294997,141894.36810266992,425711.79748168256,283817.42937901267
862,2000824.3494674105,1609379.927466959,141894.36810266992,425711.79748168256,283817.42937901267
863,2000824.3494674105,1611252.7087781485,141894.36810266992,425711.79748168256,283817.42937901267
864,2000824.3494674105,1613108.1995521316,141894.36810266992,425711.79748168256,283817.42937901267
865,2000824.3494674105,1614968.42859833,141894.36810266992,425711.79748168256,283817.42937901267
866,2000824.3494674105,1616809.78768325,141894.36810266992,425711.79748168256,283817.42937901267
867,2000824.3494674105,1618643.249647811,141894.36810266992,425711.79748168256,283817.42937901267
868,2000824.3494674105,1620470.4770436678,141894.36810266992,425711.79748168256,283817.42937901267
869,2000824.3494674105,1622366.7834607684,141894.36810266992,425711.79748168256,283817.42937901267
870,2000824.3494674105,1624379.3853661,141894.36810266992,425711.79748168256,283817.42937901267
871,2001151.9494674106,1626437.5411867641,141894.36810266992,425711.79748168256,283817.42937901267
872,2005518.8994674105,1628472.1719015175,141894.36810266992,425711.79748168256,283817.42937901267
873,2014317.7494674106,1630421.9293543096,141894.36810266992,425711.79748168256,283817.42937901267
874,2023886.5494674107,1632421.9789946496,141894.36810266992,425711.79748168256,283817.42937901267
875,2033288.7744674108,1634426.6837796222,141894.36810266992,425711.79748168256,283817.42937901267
876,2042389.1244674108,1636379.6000805579,141894.36810266992,427622.98957252403,285728.62146985414
877,2051444.549467411,1638345.0686464848,141894.36810266992,434707.68284870236,292813.31474603247
878,2060613.7494674108,1640254.0104561592,141894.36810266992,441962.67788113304,300068.3097784631
879,2069908.5744674108,1642197.4502126642,141894.36810266992,449308.79996673326,307414.4318640634
880,2077483.799467411,1644227.3426552021,141894.36810266992,454848.86936630047,312954.5012636306
881,2079778.799467411,1646244.6828327489,141894.36810266992,455121.266030859,313226.89792818914
882,2079818.174467411,1648222.7036636672,141894.36810266992,455121.266030859,313226.89792818914
883,2079818.174467411,1650156.7500033244,141894.36810266992,455121.266030859,313226.89792818914
884,2079818.174467411,1652062.5329648554,141894.36810266992,455121.266030859,313226.89792818914
885,2079818.174467411,1653944.7076928928,141894.36810266992,455121.266030859,313226.89792818914
886,2079818.174467411,1655806.516163163,141894.36810266992,455121.266030859,313226.89792818914
887,2079818.174467411,1657654.109816787,141894.36810266992,455121.266030859,313226.89792818914
888,2079818.174467411,1659501.7034704112,141894.36810266992,455121.266030859,313226.89792818914
889,2079818.174467411,1661322.6131699812,141894.36810266992,455121.266030859,313226.89792818914
890,2079818.174467411,1663137.2883008467,141894.36810266992,455121.266030859,313226.89792818914
891,2079818.174467411,1664936.2523185774,141894.36810266992,455121.266030859,313226.89792818914
892,2079818.174467411,1666739.8714809406,141894.36810266992,455121.266030859,313226.89792818914
893,2079818.174467411,1668595.3622549237,141894.36810266992,455121.266030859,313226.89792818914
894,2079818.174467411,1670488.5929514633,141894.36810266992,455121.266030859,313226.89792818914
895,2080094.024467411,1672403.7693298422,141894.36810266992,455121.266030859,313226.89792818914
896,2083105.049467411,1674259.2601038252,141894.36810266992,455121.266030859,313226.89792818914
897,2088821.9994674108,1676086.487499682,141894.36810266992,455121.266030859,313226.89792818914
898,2095548.3744674108,1677896.4243583323,141894.36810266992,455121.266030859,313226.89792818914
899,2102784.824467411,1679670.2007184976,141894.36810266992,455121.266030859,313226.89792818914
900,2109929.8494674107,1681393.684891115,141894.36810266992,455121.266030859,313226.89792818914
901,2117095.574467411,1683186.3312125586,141894.36810266992,455121.266030859,313226.89792818914
902,2123875.7244674107,1684960.1075727239,141894.36810266992,457631.4420771684,315737.07397449843
903,2129970.5244674105,1686743.3604773197,141894.36810266992,461937.7260146778,320043.35791200784
904,2134540.4244674104,1688540.7450709785,141894.36810266992,464704.9782631241,322810.6101604542
905,2135983.4244674104,1690380.5247318267,141894.36810266992,464704.9782631241,322810.6101604542
906,2136019.9494674103,1692213.9866963879,141894.36810266992,464704.9782631241,322810.6101604542
907,2136019.9494674103,1694039.634668173,141894.36810266992,464704.9782631241,322810.6101604542
908,2136019.9494674103,1695865.2826399582,141894.36810266992,464704.9782631241,322810.6101604542
909,2136019.9494674103,1697664.2466576889,141894.36810266992,464704.9782631241,322810.6101604542
910,2136019.9494674103,1699453.734130989,141894.36810266992,464704.9782631241,322810.6101604542
911,2136019.9494674103,1701232.2487633696,141894.36810266992,464704.9782631241,322810.6101604542
912,2136019.9494674103,1703004.4456994631,141894.36810266992,464704.9782631241,322810.6101604542
913,2136019.9494674103,1704768.8286427807,141894.36810266992,464704.9782631241,322810.6101604542
914,2136019.9494674103,1706523.7350416677,141894.36810266992,464704.9782631241,322810.6101604542
915,2136019.9494674103,1708275.5657199938,141894.36810266992,464704.9782631241,322810.6101604542
916,2136019.9494674103,1710030.4721188808,141894.36810266992,464704.9782631241,322810.6101604542
917,2136019.9494674103,1711823.1184403244,141894.36810266992,464704.9782631241,322810.6101604542
918,2136019.9494674103,1713648.7664121096,141894.36810266992,464704.9782631241,322810.6101604542
919,2136182.0244674105,1715472.834959823,141894.36810266992,464704.9782631241,322810.6101604542
920,2138326.3494674107,1717238.7973272123,141894.36810266992,464704.9782631241,322810.6101604542
921,2143028.924467411,1718951.30865891,141894.36810266992,464704.9782631241,322810.6101604542
922,2148603.374467411,1720593.1615452922,141894.36810266992,464704.9782631241,322810.6101604542
923,2154530.3244674113,1722206.6679259655,141894.36810266992,464704.9782631241,322810.6101604542
924,2160667.1994674113,1723905.0475686002,141894.36810266992,464704.9782631241,322810.6101604542
925,2166820.0494674114,1725614.4000521544,141894.36810266992,464704.9782631241,322810.6101604542
926,2172728.3994674115,1727364.651306409,141894.36810266992,464704.9782631241,322810.6101604542
927,2178248.3994674115,1729150.9799315655,141894.36810266992,464982.2777087894,323087.9096061195
928,2182931.3244674113,1730971.8896311354,141894.36810266992,467839.0298513248,325944.6617486549
929,2184564.6744674114,1732824.2215569748,141894.36810266992,467839.0298513248,325944.6617486549
930,2184618.6744674114,1734668.7394900382,141894.36810266992,467839.0298513248,325944.6617486549
931,2184618.6744674114,1736503.7808786712,141894.36810266992,467839.0298513248,325944.6617486549
932,2184618.6744674114,1738326.2700023127,141894.36810266992,467839.0298513248,325944.6617486549
933,2184618.6744674114,1740131.4685887478,141894.36810266992,467839.0298513248,325944.6617486549
934,2184618.6744674114,1741928.8531824066,141894.36810266992,467839.0298513248,325944.6617486549
935,2184618.6744674114,1743719.9200797786,141894.36810266992,467839.0298513248,325944.6617486549
936,2184618.6744674114,1745506.2487049352,141894.36810266992,467839.0298513248,325944.6617486549
937,2184618.6744674114,1747287.9221854592,141894.36810266992,467839.0298513248,325944.6617486549
938,2184618.6744674114,1749055.4639769201,141894.36810266992,467839.0298513248,325944.6617486549
939,2184618.6744674114,1750818.2674961658,141894.36810266992,467839.0298513248,325944.6617486549
940,2184618.6744674114,1752596.7821285464,141894.36810266992,467839.0298513248,325944.6617486549
941,2184618.6744674114,1754427.1683725468,141894.36810266992,467839.0298513248,325944.6617486549
942,2184618.6744674114,1756336.1101822213,141894.36810266992,467839.0298513248,325944.6617486549
943,2184778.5744674113,1758347.132663481,141894.36810266992,467839.0298513248,325944.6617486549
944,2187124.499467411,1760375.4456819473,141894.36810266992,467839.0298513248,325944.6617486549
945,2192202.224467411,1762425.7875098353,141894.36810266992,467839.0298513248,325944.6617486549
946,2198155.499467411,1764463.4939451495,141894.36810266992,467839.0298513248,325944.6617486549
947,2204667.599467411,1766567.2036811465,141894.36810266992,467839.0298513248,325944.6617486549
948,2211812.849467411,1768669.3339930717,141894.36810266992,467839.0298513248,325944.6617486549
949,2218217.624467411,1770777.782001284,141894.36810266992,467839.0298513248,325944.6617486549
950,2224263.224467411,1772859.5460554417,141894.36810266992,467839.0298513248,325944.6617486549
951,2229942.4494674113,1774945.965254232,141894.36810266992,468029.85847924434,326135.49037657445
952,2234543.249467411,1777000.9622267527,141894.36810266992,470570.3983488289,328676.03024615895
953,2236245.0744674113,1779011.9847080123,141894.36810266992,470570.3983488289,328676.03024615895
954,2236326.599467411,1780971.1355776521,141894.36810266992,470570.3983488289,328676.03024615895
955,2236326.599467411,1782909.9201895245,141894.36810266992,470570.3983488289,328676.03024615895
956,2236326.599467411,1784809.3854547685,141894.36810266992,470570.3983488289,328676.03024615895
957,2236326.599467411,1786680.5873418865,141894.36810266992,470570.3983488289,328676.03024615895
958,2236326.599467411,1788545.4715327173,141894.36810266992,470570.3983488289,328676.03024615895
959,2236326.599467411,1790372.698928574,141894.36810266992,470570.3983488289,328676.03024615895
960,2236326.599467411,1792171.6629463048,141894.36810266992,470570.3983488289,328676.03024615895
961,2236326.599467411,1793962.7298436768,141894.36810266992,470570.3983488289,328676.03024615895
962,2236326.599467411,1795747.4790447617,141894.36810266992,470570.3983488289,328676.03024615895
963,2236326.599467411,1797522.834828999,141894.36810266992,470570.3983488289,328676.03024615895
964,2236326.599467411,1799299.7700373076,141894.36810266992,470570.3983488289,328676.03024615895
965,2236326.599467411,1801152.101963147,141894.36810266992,470570.3983488289,328676.03024615895
966,2236326.599467411,1803086.1483028042,141894.36810266992,470570.3983488289,328676.03024615895
967,2236497.899467411,1805119.1995934858,141894.36810266992,470570.3983488289,328676.03024615895
968,2238969.449467411,1807194.6459513565,141894.36810266992,470570.3983488289,328676.03024615895
969,2244737.324467411,1809174.2462063464,141894.36810266992,470570.3983488289,328676.03024615895
970,2251295.8494674107,1811111.4513941472,141894.36810266992,470570.3983488289,328676.03024615895
971,2258363.9994674106,1813015.6549316065,141894.36810266992,470570.3983488289,328676.03024615895
972,2265601.4244674104,1814974.8058012463,141894.36810266992,470570.3983488289,328676.03024615895
973,2272788.2994674104,1816775.2661154661,141894.36810266992,470570.3983488289,328676.03024615895
974,2279876.0244674105,1818522.358521577,141894.36810266992,471471.9219652698,329577.5538625999
975,2286771.3744674106,1820388.8221364797,141894.36810266992,476495.54519247246,334601.1770898026
976,2291767.2480526664,1822384.1335046045,141894.36810266992,479490.8442517086,337596.47614903864
977,2293479.7143938993,1824377.8654486574,141894.36810266992,479490.8442517086,337596.47614903864
978,2293528.2478558645,1826337.0163182972,141894.36810266992,479490.8442517086,337596.47614903864
979,2293528.2478558645,1828258.5103929632,141894.36810266992,479490.8442517086,337596.47614903864
980,2293528.2478558645,1830168.9484991268,141894.36810266992,479490.8442517086,337596.47614903864
981,2293528.2478558645,1832038.570962173,141894.36810266992,479490.8442517086,337596.47614903864
982,2293528.2478558645,1833887.744039869,141894.36810266992,479490.8442517086,337596.47614903864
983,2293528.2478558645,1835719.6265803583,141894.36810266992,479490.8442517086,337596.47614903864
984,2293528.2478558645,1837538.9568558563,141894.36810266992,479490.8442517086,337596.47614903864
985,2293528.2478558645,1839326.8649050847,141894.36810266992,479490.8442517086,337596.47614903864
986,2293528.2478558645,1841111.6141061697,141894.36810266992,479490.8442517086,337596.47614903864
987,2293528.2478558645,1842926.2892370352,141894.36810266992,479490.8442517086,337596.47614903864
988,2293528.2478558645,1844748.7783606767,141894.36810266992,479490.8442517086,337596.47614903864
989,2293528.2478558645,1846613.6625515076,141894.36810266992,479490.8442517086,337596.47614903864
990,2293528.2478558645,1848557.1023080125,141894.36810266992,479490.8442517086,337596.47614903864
991,2293705.3531800853,1850555.572524281,141894.36810266992,479490.8442517086,337596.47614903864
992,2296268.324915451,1852508.4888252167,141894.36810266992,479490.8442517086,337596.47614903864
993,2301977.9459375096,1854321.5845320104,141894.36810266992,479490.8442517086,337596.47614903864
994,2308735.0981289065,1856029.3575914928,141894.36810266992,479490.8442517086,337596.47614903864
995,2315731.272234067,1857650.761092525,141894.36810266992,479490.8442517086,337596.47614903864
996,2322857.491299894,1859279.978586333,141894.36810266992,479490.8442517086,337596.47614903864
997,2330010.0259312876,1860967.3853880481,141894.36810266992,479490.8442517086,337596.47614903864
998,2336843.2002637647,1862705.0012497285,141894.36810266992,481328.15561461216,339433.7875119422
999,2343682.646523589,1864546.3603346485,141894.36810266992,486320.9796316216,344426.6115289517
1000,2348703.7441086527,1866521.2223174232,141894.36810266992,489361.9520760162,347467.5839733463
1001,2350400.8563656854,1868525.9271023958,141894.36810266992,489361.9520760162,347467.5839733463
1002,2350448.283704149,1870477.2639792596,141894.36810266992,489361.9520760162,347467.5839733463
1003,2350448.283704149,1872389.281509495,141894.36810266992,489361.9520760162,347467.5839733463
1004,2350448.283704149,1874274.615085676,141894.36810266992,489361.9520760162,347467.5839733463
1005,2350448.283704149,1876139.499276507,141894.36810266992,489361.9520760162,347467.5839733463
1006,2350448.283704149,1877999.7283227053,141894.36810266992,489361.9520760162,347467.5839733463
1007,2350448.283704149,1879831.6108631946,141894.36810266992,489361.9520760162,347467.5839733463
1008,2350448.283704149,1881635.2300255578,141894.36810266992,489361.9520760162,347467.5839733463
1009,2350448.283704149,1883432.6146192166,141894.36810266992,489361.9520760162,347467.5839733463
1010,2350448.283704149,1885223.6815165887,141894.36810266992,489361.9520760162,347467.5839733463
1011,2350448.283704149,1887005.3549971126,141894.36810266992,489361.9520760162,347467.5839733463
1012,2350448.283704149,1888796.4218944847,141894.36810266992,489361.9520760162,347467.5839733463
1013,2350448.283704149,1890661.3060853155,141894.36810266992,489361.9520760162,347467.5839733463
1014,2350448.283704149,1892625.1952271706,141894.36810266992,489361.9520760162,347467.5839733463
1015,2350766.7140888823,1894662.9016624847,141894.36810266992,489361.9520760162,347467.5839733463
1016,2355341.3306037346,1896700.608097799,141894.36810266992,489361.9520760162,347467.5839733463
1017,2364457.4953067964,1898634.654437456,141894.36810266992,489361.9520760162,347467.5839733463
1018,2373834.5326428474,1900516.8291654934,141894.36810266992,489361.9520760162,347467.5839733463
1019,2383167.922924395,1902493.2705723399,141894.36810266992,489361.9520760162,347467.5839733463
1020,2392239.3627763907,1904350.3407703948,141894.36810266992,492174.1527956865,350279.78469301655
1021,2401599.5615188316,1906109.985441497,141894.36810266992,499769.44370913034,357875.07560646045
1022,2410965.036680303,1907902.6317629407,141894.36810266992,507337.00939126324,365442.6412885933
1023,2420242.2832592903,1909855.5480638763,141894.36810266992,514656.0765114201,372761.7084087501
1024,2427516.757796967,1911844.541735714,141894.36810266992,519936.2942193643,378041.92611669435
1025,2429869.8778046286,1913833.5354075518,141894.36810266992,520295.1573972933,378400.7892946234
1026,2429909.357457341,1915786.4517084875,141894.36810266992,520295.1573972933,378400.7892946234
1027,2429909.357457341,1917698.469238723,141894.36810266992,520295.1573972933,378400.7892946234
1028,2429909.357457341,1919577.4851186168,141894.36810266992,520295.1573972933,378400.7892946234
1029,2429909.357457341,1921440.7898853759,141894.36810266992,520295.1573972933,378400.7892946234
1030,2429909.357457341,1923305.6740762067,141894.36810266992,520295.1573972933,378400.7892946234
1031,2429909.357457341,1925158.0060020462,141894.36810266992,520295.1573972933,378400.7892946234
1032,2429909.357457341,1927004.1033591814,141894.36810266992,520295.1573972933,378400.7892946234
1033,2429909.357457341,1928850.2007163167,141894.36810266992,520295.1573972933,378400.7892946234
1034,2429909.357457341,1930680.586960317,141894.36810266992,520295.1573972933,378400.7892946234
1035,2429909.357457341,1932509.3937802457,141894.36810266992,520295.1573972933,378400.7892946234
1036,2429909.357457341,1934353.9117133091,141894.36810266992,520295.1573972933,378400.7892946234
1037,2429909.357457341,1936270.6675157598,141894.36810266992,520295.1573972933,378400.7892946234
1038,2429909.357457341,1938269.1377320283,141894.36810266992,520295.1573972933,378400.7892946234
1039,2430027.774443565,1940300.609598638,141894.36810266992,520295.1573972933,378400.7892946234
1040,2431607.4654659545,1942275.4715814127,141894.36810266992,520295.1573972933,378400.7892946234
1041,2435739.495201458,1944080.6701678478,141894.36810266992,520295.1573972933,378400.7892946234
1042,2441009.75505782,1945796.3403476889,141894.36810266992,520295.1573972933,378400.7892946234
1043,2447026.2298053503,1947430.2961137125,141894.36810266992,520295.1573972933,378400.7892946234
1044,2453183.5163172153,1949061.0930315924,141894.36810266992,520295.1573972933,378400.7892946234
1045,2458876.623354328,1950746.9204092356,141894.36810266992,520295.1573972933,378400.7892946234
1046,2464137.8319332823,1952501.8268081227,141894.36810266992,520295.1573972933,378400.7892946234
1047,2469101.1304820315,1954363.6352783928,141894.36810266992,520295.1573972933,378400.7892946234
1048,2472758.4412244456,1956391.9482968592,141894.36810266992,520295.1573972933,378400.7892946234
1049,2473927.699279832,1958429.6547321733,141894.36810266992,520295.1573972933,378400.7892946234
1050,2473964.4638330457,1960454.808902496,141894.36810266992,520295.1573972933,378400.7892946234
1051,2473964.4638330457,1962443.8025743337,141894.36810266992,520295.1573972933,378400.7892946234
1052,2473964.4638330457,1964402.9534439736,141894.36810266992,520295.1573972933,378400.7892946234
1053,2473964.4638330457,1966311.895253648,141894.36810266992,520295.1573972933,378400.7892946234
1054,2473964.4638330457,1968170.5448757745,141894.36810266992,520295.1573972933,378400.7892946234
1055,2473964.4638330457,1970007.1656884793,141894.36810266992,520295.1573972933,378400.7892946234
1056,2473964.4638330457,1971828.0753880492,141894.36810266992,520295.1573972933,378400.7892946234
1057,2473964.4638330457,1973636.4328226277,141894.36810266992,520295.1573972933,378400.7892946234
1058,2473964.4638330457,1975438.4725609191,141894.36810266992,520295.1573972933,378400.7892946234
1059,2473964.4638330457,1977227.9600342193,141894.36810266992,520295.1573972933,378400.7892946234
1060,2473964.4638330457,1979026.92405195,141894.36810266992,520295.1573972933,378400.7892946234
1061,2473964.4638330457,1980877.6765537178,141894.36810266992,520295.1573972933,378400.7892946234
1062,2473964.4638330457,1982766.1689780422,141894.36810266992,520295.1573972933,378400.7892946234
1063,2474233.4300388154,1984635.7914410883,141894.36810266992,520295.1573972933,378400.7892946234
1064,2477666.5127183567,1986491.2822150714,141894.36810266992,520295.1573972933,378400.7892946234
1065,2484582.088907822,1988337.3795722066,141894.36810266992,520295.1573972933,378400.7892946234
1066,2492794.3828538214,1990166.1863921352,141894.36810266992,520295.1573972933,378400.7892946234
1067,2500506.1546231643,1991982.3578194897,141894.36810266992,520295.1573972933,378400.7892946234
1068,2509046.852736398,1993759.2930277984,141894.36810266992,520295.1573972933,378400.7892946234
1069,2517360.477317484,1995545.621652955,141894.36810266992,520295.1573972933,378400.7892946234
1070,2525080.145752268,1997380.663041588,141894.36810266992,526017.4935596016,384123.12545693165
1071,2533244.9299808643,1999247.1266564906,141894.36810266992,532310.5510154007,390416.1829127307
1072,2539636.4290410522,2001138.7779289586,141894.36810266992,536805.1356452259,394910.7675425559
1073,2542008.111934829,2003044.5608904897,141894.36810266992,537265.7724195768,395371.4043169068
1074,2542057.0432216157,2004947.1850038774,141894.36810266992,537265.7724195768,395371.4043169068
1075,2542057.0432216157,2006819.966315067,141894.36810266992,537265.7724195768,395371.4043169068
1076,2542057.0432216157,2008680.1953612652,141894.36810266992,537265.7724195768,395371.4043169068
1077,2542057.0432216157,2010526.2927184005,141894.36810266992,537265.7724195768,395371.4043169068
1078,2542057.0432216157,2012359.7546829616,141894.36810266992,537265.7724195768,395371.4043169068
1079,2542057.0432216157,2014188.5615028902,141894.36810266992,537265.7724195768,395371.4043169068
1080,2542057.0432216157,2015965.496711199,141894.36810266992,537265.7724195768,395371.4043169068
1081,2542057.0432216157,2017802.1175239037,141894.36810266992,537265.7724195768,395371.4043169068
1082,2542057.0432216157,2019626.186071617,141894.36810266992,537265.7724195768,395371.4043169068
1083,2542057.0432216157,2021447.095771187,141894.36810266992,537265.7724195768,395371.4043169068
1084,2542057.0432216157,2023261.7709020525,141894.36810266992,537265.7724195768,395371.4043169068
1085,2542057.0432216157,2025121.9999482508,141894.36810266992,537265.7724195768,395371.4043169068
1086,2542057.0432216157,2027023.0446375667,141894.36810266992,537265.7724195768,395371.4043169068
1087,2542215.078188797,2028936.6415918737,141894.36810266992,537265.7724195768,395371.4043169068
1088,2544375.119885546,2030762.2895636589,141894.36810266992,537265.7724195768,395371.4043169068
1089,2549205.092992446,2032433.985252239,141894.36810266992,537265.7724195768,395371.4043169068
1090,2555035.2024193034,2033935.9344168967,141894.36810266992,537265.7724195768,395371.4043169068
1091,2561122.7644224386,2035392.3296662217,141894.36810266992,537265.7724195768,395371.4043169068
1092,2567221.0957948654,2036768.5899258007,141894.36810266992,537265.7724195768,395371.4043169068
1093,2573441.8761304053,2038217.1711823496,141894.36810266992,537265.7724195768,395371.4043169068
1094,2579618.516585556,2039733.3351636531,141894.36810266992,537265.7724195768,395371.4043169068
1095,2585011.507580316,2041423.817685929,141894.36810266992,539031.719165563,397137.35106289305
1096,2589854.368358767,2043288.7018767598,141894.36810266992,542004.4325952881,400110.0644926182
1097,2591431.3142328984,2045219.5893682735,141894.36810266992,542004.4325952881,400110.0644926182
1098,2591484.4739050516,2047141.0834429394,141894.36810266992,542004.4325952881,400110.0644926182
1099,2591484.4739050516,2049029.5758672638,141894.36810266992,542004.4325952881,400110.0644926182
1100,2591484.4739050516,2050913.330019373,141894.36810266992,542004.4325952881,400110.0644926182
1101,2591484.4739050516,2052792.345899267,141894.36810266992,542004.4325952881,400110.0644926182
1102,2591484.4739050516,2054658.8095141696,141894.36810266992,542004.4325952881,400110.0644926182
1103,2591484.4739050516,2056504.9068713048,141894.36810266992,542004.4325952881,400110.0644926182
1104,2591484.4739050516,2058346.2659562249,141894.36810266992,542004.4325952881,400110.0644926182
1105,2591484.4739050516,2060186.045617073,141894.36810266992,542004.4325952881,400110.0644926182
1106,2591484.4739050516,2061967.719097597,141894.36810266992,542004.4325952881,400110.0644926182
1107,2591484.4739050516,2063760.3654190407,141894.36810266992,542004.4325952881,400110.0644926182
1108,2591484.4739050516,2065576.536846395,141894.36810266992,542004.4325952881,400110.0644926182
1109,2591484.4739050516,2067471.263839424,141894.36810266992,542004.4325952881,400110.0644926182
1110,2591484.4739050516,2069463.4163594053,141894.36810266992,542004.4325952881,400110.0644926182
1111,2591645.492619142,2071513.7581872933,141894.36810266992,542004.4325952881,400110.0644926182
1112,2593854.022114609,2073534.1740854008,141894.36810266992,542004.4325952881,400110.0644926182
1113,2598599.028762434,2075444.6121915644,141894.36810266992,542004.4325952881,400110.0644926182
1114,2604406.1081285076,2077212.1539830253,141894.36810266992,542004.4325952881,400110.0644926182
1115,2610301.056020111,2078924.665314723,141894.36810266992,542004.4325952881,400110.0644926182
1116,2616666.8032177654,2080654.4671836274,141894.36810266992,542004.4325952881,400110.0644926182
1117,2622917.350241552,2082476.956307269,141894.36810266992,542004.4325952881,400110.0644926182
1118,2628677.7953395667,2084417.3203432132,141894.36810266992,542004.4325952881,400110.0644926182
1119,2634466.988079981,2086415.7905594816,141894.36810266992,542004.4325952881,400110.0644926182
1120,2639246.1823914563,2088469.2081079306,141894.36810266992,543268.4822192452,401374.1141165752
1121,2640890.6302256887,2090528.9433526667,141894.36810266992,543268.4822192452,401374.1141165752
1122,2640945.696295132,2092557.256371133,141894.36810266992,543268.4822192452,401374.1141165752
1123,2640945.696295132,2094541.5948983382,141894.36810266992,543268.4822192452,401374.1141165752
1124,2640945.696295132,2096478.800086139,141894.36810266992,543268.4822192452,401374.1141165752
1125,2640945.696295132,2098381.4241995267,141894.36810266992,543268.4822192452,401374.1141165752
1126,2640945.696295132,2100279.310040699,141894.36810266992,543268.4822192452,401374.1141165752
1127,2640945.696295132,2102150.5119278166,141894.36810266992,543268.4822192452,401374.1141165752
1128,2640945.696295132,2104004.423277728,141894.36810266992,543268.4822192452,401374.1141165752
1129,2640945.696295132,2105852.016931352,141894.36810266992,543268.4822192452,401374.1141165752
1130,2640945.696295132,2107691.7965922,141894.36810266992,543268.4822192452,401374.1141165752
1131,2640945.696295132,2109523.6791326897,141894.36810266992,543268.4822192452,401374.1141165752
1132,2640945.696295132,2111365.0382176097,141894.36810266992,543268.4822192452,401374.1141165752
1133,2640945.696295132,2113259.7652106383,141894.36810266992,543268.4822192452,401374.1141165752
1134,2640945.696295132,2115240.9448897,141894.36810266992,543268.4822192452,401374.1141165752
1135,2641059.027629113,2117313.2323994273,141894.36810266992,543268.4822192452,401374.1141165752
1136,2642606.488642968,2119438.970944846,141894.36810266992,543268.4822192452,401374.1141165752
1137,2646758.778393902,2121589.8140202477,141894.36810266992,543268.4822192452,401374.1141165752
1138,2651863.2390301307,2123743.8159437925,141894.36810266992,543268.4822192452,401374.1141165752
1139,2657719.1334955283,2125878.947906059,141894.36810266992,543268.4822192452,401374.1141165752
1140,2663736.3766579446,2128010.9210201823,141894.36810266992,543268.4822192452,401374.1141165752
1141,2669736.8848471055,2130116.210180251,141894.36810266992,543268.4822192452,401374.1141165752
1142,2675184.6227796273,2132215.1816440327,141894.36810266992,543268.4822192452,401374.1141165752
1143,2679962.694333906,2134314.1531078145,141894.36810266992,543268.4822192452,401374.1141165752
1144,2683455.057941959,2136406.890002892,141894.36810266992,543268.4822192452,401374.1141165752
1145,2684560.252822527,2138421.071332295,141894.36810266992,543268.4822192452,401374.1141165752
1146,2684595.9941180903,2140425.7761172676,141894.36810266992,543268.4822192452,401374.1141165752
1147,2684595.9941180903,2142395.9829554097,141894.36810266992,543268.4822192452,401374.1141165752
1148,2684595.9941180903,2144326.870446923,141894.36810266992,543268.4822192452,401374.1141165752
1149,2684595.9941180903,2146234.232832526,141894.36810266992,543268.4822192452,401374.1141165752
1150,2684595.9941180903,2148121.1458327784,141894.36810266992,543268.4822192452,401374.1141165752
1151,2684595.9941180903,2149990.7682958245,141894.36810266992,543268.4822192452,401374.1141165752
1152,2684595.9941180903,2151855.6524866554,141894.36810266992,543268.4822192452,401374.1141165752
1153,2684595.9941180903,2153697.0115715754,141894.36810266992,543268.4822192452,401374.1141165752
1154,2684595.9941180903,2155516.3418470733,141894.36810266992,543268.4822192452,401374.1141165752
1155,2684595.9941180903,2157283.883638534,141894.36810266992,543268.4822192452,401374.1141165752
1156,2684595.9941180903,2159054.501150556,141894.36810266992,543268.4822192452,401374.1141165752
1157,2684595.9941180903,2160927.2824617457,141894.36810266992,543268.4822192452,401374.1141165752
1158,2684595.9941180903,2162870.722218251,141894.36810266992,543268.4822192452,401374.1141165752
1159,2684754.368734674,2164905.352933004,141894.36810266992,543268.4822192452,401374.1141165752
1160,2686863.606244159,2166990.1927077225,141894.36810266992,543268.4822192452,401374.1141165752
1161,2691332.6261460073,2169112.772404998,141894.36810266992,543268.4822192452,401374.1141165752
1162,2697103.7549064006,2171221.2204132103,141894.36810266992,543268.4822192452,401374.1141165752
1163,2702898.6913682767,2173332.8272695662,141894.36810266992,543268.4822192452,401374.1141165752
1164,2708795.9015152412,2175430.302436859,141894.36810266992,543268.4822192452,401374.1141165752
1165,2715229.577247714,2177512.0664910167,141894.36810266992,543268.4822192452,401374.1141165752
1166,2721190.2481855894,2179579.6157285287,141894.36810266992,543268.4822192452,401374.1141165752
1167,2726765.8889280255,2181634.6127010495,141894.36810266992,543268.4822192452,401374.1141165752
1168,2731562.7742298404,2183684.9545289376,141894.36810266992,543268.4822192452,401374.1141165752
1169,2733251.3029963127,2185699.1358583407,141894.36810266992,543268.4822192452,401374.1141165752
1170,2733303.2528256276,2187669.342696483,141894.36810266992,543268.4822192452,401374.1141165752
1171,2733303.2528256276,2189620.6795733464,141894.36810266992,543268.4822192452,401374.1141165752
1172,2733303.2528256276,2191526.4625348775,141894.36810266992,543268.4822192452,401374.1141165752
1173,2733303.2528256276,2193403.9821182825,141894.36810266992,543268.4822192452,401374.1141165752
1174,2733303.2528256276,2195272.025157257,141894.36810266992,543268.4822192452,401374.1141165752
1175,2733303.2528256276,2197130.6747793835,141894.36810266992,543268.4822192452,401374.1141165752
1176,2733303.2528256276,2198976.7721365187,141894.36810266992,543268.4822192452,401374.1141165752
1177,2733303.2528256276,2200814.972373295,141894.36810266992,543268.4822192452,401374.1141165752
1178,2733303.2528256276,2202657.9108822867,141894.36810266992,543268.4822192452,401374.1141165752
1179,2733303.2528256276,2204464.6888927934,141894.36810266992,543268.4822192452,401374.1141165752
1180,2733303.2528256276,2206268.3080551564,141894.36810266992,543268.4822192452,401374.1141165752
1181,2733303.2528256276,2208136.351094131,141894.36810266992,543268.4822192452,401374.1141165752
1182,2733303.2528256276,2210081.3702747077,141894.36810266992,543268.4822192452,401374.1141165752
1183,2733458.138973439,2212120.6561340936,141894.36810266992,543268.4822192452,401374.1141165752
1184,2735700.3371815407,2214203.9164847406,141894.36810266992,543268.4822192452,401374.1141165752
1185,2740995.2630277593,2216273.045146324,141894.36810266992,543268.4822192452,401374.1141165752
1186,2746886.7680482673,2218280.9087794404,141894.36810266992,543268.4822192452,401374.1141165752
1187,2753173.4816014348,2220302.9041016195,141894.36810266992,543268.4822192452,401374.1141165752
1188,2760121.392382666,2222219.65990407,141894.36810266992,543268.4822192452,401374.1141165752
1189,2766577.4607968465,2224057.8601408466,141894.36810266992,543268.4822192452,401374.1141165752
1190,2772481.351958594,2225955.7459820188,141894.36810266992,543268.4822192452,401374.1141165752
1191,2778419.3516965974,2227974.665583637,141894.36810266992,543268.4822192452,401374.1141165752
1192,2783091.57542705,2229998.240329888,141894.36810266992,543268.4822192452,401374.1141165752
1193,2784777.8207659833,2232024.973924283,141894.36810266992,543268.4822192452,401374.1141165752
1194,2784861.16719846,2234035.996405543,141894.36810266992,543268.4822192452,401374.1141165752
1195,2784861.16719846,2235995.147275183,141894.36810266992,543268.4822192452,401374.1141165752
1196,2784861.16719846,2237918.2207739204,141894.36810266992,543268.4822192452,401374.1141165752
1197,2784861.16719846,2239844.3699932187,141894.36810266992,543268.4822192452,401374.1141165752
1198,2784861.16719846,2241743.835258463,141894.36810266992,543268.4822192452,401374.1141165752
1199,2784861.16719846,2243652.7770681377,141894.36810266992,543268.4822192452,401374.1141165752
1200,2784861.16719846,2245530.2966515427,141894.36810266992,543268.4822192452,401374.1141165752
1201,2784861.16719846,2247395.1808423735,141894.36810266992,543268.4822192452,401374.1141165752
1202,2784861.16719846,2249222.4082382303,141894.36810266992,543268.4822192452,401374.1141165752
1203,2784861.16719846,2251046.476785944,141894.36810266992,543268.4822192452,401374.1141165752
1204,2784861.16719846,2252873.7041818006,141894.36810266992,543268.4822192452,401374.1141165752
1205,2784861.16719846,2254763.776030197,141894.36810266992,543268.4822192452,401374.1141165752
1206,2784861.16719846,2256749.693981474,141894.36810266992,543268.4822192452,401374.1141165752
1207,2785145.9320677444,2258763.875310877,141894.36810266992,543268.4822192452,401374.1141165752
1208,2788656.6929653976,2260785.870633056,141894.36810266992,543268.4822192452,401374.1141165752
1209,2795946.7380686477,2262686.9153223718,141894.36810266992,543268.4822192452,401374.1141165752
1210,2804032.1153544416,2264463.8505306807,141894.36810266992,543268.4822192452,401374.1141165752
1211,2811924.3348427387,2266168.547869602,141894.36810266992,543268.4822192452,401374.1141165752
1212,2820212.634205923,2267851.216399102,141894.36810266992,543268.4822192452,401374.1141165752
1213,2827939.7592676803,2269584.17711615,141894.36810266992,543268.4822192452,401374.1141165752
1214,2836226.0965320366,2271357.9534763154,141894.36810266992,545385.5637348001,403491.19563213014
1215,2844363.2626248566,2273233.8936356483,141894.36810266992,551641.5265103923,409747.15840772237
1216,2850725.0538336067,2275259.047805971,141894.36810266992,555972.900390925,414078.53228825505
1217,2853033.9280195176,2277320.3624747787,141894.36810266992,556215.1967501333,414320.82864746335
1218,2853083.1449016375,2279345.5166451014,141894.36810266992,556215.1967501333,414320.82864746335
1219,2853083.1449016375,2281323.5374760195,141894.36810266992,556215.1967501333,414320.82864746335
1220,2853083.1449016375,2283273.2949288115,141894.36810266992,556215.1967501333,414320.82864746335
1221,2853083.1449016375,2285175.919042199,141894.36810266992,556215.1967501333,414320.82864746335
1222,2853083.1449016375,2287103.6476855692,141894.36810266992,556215.1967501333,414320.82864746335
1223,2853083.1449016375,2289001.5335267414,141894.36810266992,556215.1967501333,414320.82864746335
1224,2853083.1449016375,2290882.128830707,141894.36810266992,556215.1967501333,414320.82864746335
1225,2853083.1449016375,2292753.330717825,141894.36810266992,556215.1967501333,414320.82864746335
1226,2853083.1449016375,2294622.953180871,141894.36810266992,556215.1967501333,414320.82864746335
1227,2853083.1449016375,2296450.1805767277,141894.36810266992,556215.1967501333,414320.82864746335
1228,2853083.1449016375,2298244.406322243,141894.36810266992,556215.1967501333,414320.82864746335
1229,2853083.1449016375,2300132.898746568,141894.36810266992,556215.1967501333,414320.82864746335
1230,2853083.1449016375,2302081.076775288,141894.36810266992,556215.1967501333,414320.82864746335
1231,2853245.1525999345,2303983.7008886756,141894.36810266992,556215.1967501333,414320.82864746335
1232,2855600.4578701253,2305779.5060582627,141894.36810266992,556215.1967501333,414320.82864746335
1233,2860810.7256607483,2307504.569654952,141894.36810266992,556215.1967501333,414320.82864746335
1234,2866669.8628126755,2309245.344364776,141894.36810266992,556215.1967501333,414320.82864746335
1235,2872923.1131726406,2311039.5701102912,141894.36810266992,556215.1967501333,414320.82864746335
1236,2879759.5719472975,2312877.7703470676,141894.36810266992,556215.1967501333,414320.82864746335
1237,2885887.24474215,2314810.237262653,141894.36810266992,556215.1967501333,414320.82864746335
1238,2892005.9454275714,2316744.2836023103,141894.36810266992,556215.1967501333,414320.82864746335
1239,2897954.075466669,2318659.4599806895,141894.36810266992,556856.5511711598,414962.1830684899
1240,2902384.6855440284,2320573.0569349965,141894.36810266992,559368.3011363173,417473.93303364736
1241,2904005.1843353366,2322483.49504116,141894.36810266992,559368.3011363173,417473.93303364736
1242,2904088.91383181,2324386.1191545473,141894.36810266992,559368.3011363173,417473.93303364736
1243,2904088.91383181,2326266.714458513,141894.36810266992,559368.3011363173,417473.93303364736
1244,2904088.91383181,2328133.1780734155,141894.36810266992,559368.3011363173,417473.93303364736
1245,2904088.91383181,2329987.089423327,141894.36810266992,559368.3011363173,417473.93303364736
1246,2904088.91383181,2331834.683076951,141894.36810266992,559368.3011363173,417473.93303364736
1247,2904088.91383181,2333657.1722005927,141894.36810266992,559368.3011363173,417473.93303364736
1248,2904088.91383181,2335467.109059243,141894.36810266992,559368.3011363173,417473.93303364736
1249,2904088.91383181,2337261.3348047584,141894.36810266992,559368.3011363173,417473.93303364736
1250,2904088.91383181,2339053.9811262023,141894.36810266992,559368.3011363173,417473.93303364736
1251,2904088.91383181,2340826.178062296,141894.36810266992,559368.3011363173,417473.93303364736
1252,2904088.91383181,2342604.6926946766,141894.36810266992,559368.3011363173,417473.93303364736
1253,2904088.91383181,2344402.0772883357,141894.36810266992,559368.3011363173,417473.93303364736
1254,2904088.91383181,2346248.174645471,141894.36810266992,559368.3011363173,417473.93303364736
1255,2904208.8172364132,2348109.983115741,141894.36810266992,559368.3011363173,417473.93303364736
1256,2905773.8894323744,2349996.8961159936,141894.36810266992,559368.3011363173,417473.93303364736
1257,2909752.721944509,2351874.4156993986,141894.36810266992,559368.3011363173,417473.93303364736
1258,2914904.7909130207,2353731.4858974535,141894.36810266992,559368.3011363173,417473.93303364736
1259,2920539.2956590448,2355543.0021801754,141894.36810266992,559368.3011363173,417473.93303364736
1260,2926465.315958858,2357354.5184628973,141894.36810266992,559368.3011363173,417473.93303364736
1261,2932237.0389069207,2359153.482480628,141894.36810266992,559368.3011363173,417473.93303364736
1262,2937941.2166089076,2360924.0999926496,141894.36810266992,559368.3011363173,417473.93303364736
1263,2942512.6582769165,2362702.61462503,141894.36810266992,559368.3011363173,417473.93303364736
1264,2946249.812663748,2364533.0008690306,141894.36810266992,559368.3011363173,417473.93303364736
1265,2947368.3455779287,2366372.7805298786,141894.36810266992,559368.3011363173,417473.93303364736
1266,2947406.6304391045,2368215.71903887,141894.36810266992,559368.3011363173,417473.93303364736
1267,2947406.6304391045,2370038.2081625117,141894.36810266992,559368.3011363173,417473.93303364736
1268,2947406.6304391045,2371851.3038693056,141894.36810266992,559368.3011363173,417473.93303364736
1269,2947406.6304391045,2373654.9230316686,141894.36810266992,559368.3011363173,417473.93303364736
1270,2947406.6304391045,2375452.3076253277,141894.36810266992,559368.3011363173,417473.93303364736
1271,2947406.6304391045,2377246.533370843,141894.36810266992,559368.3011363173,417473.93303364736
1272,2947406.6304391045,2379026.6274272953,141894.36810266992,559368.3011363173,417473.93303364736
1273,2947406.6304391045,2380805.142059676,141894.36810266992,559368.3011363173,417473.93303364736
1274,2947406.6304391045,2382608.761222039,141894.36810266992,559368.3011363173,417473.93303364736
1275,2947406.6304391045,2384401.4075434827,141894.36810266992,559368.3011363173,417473.93303364736
1276,2947406.6304391045,2386203.447281774,141894.36810266992,559368.3011363173,417473.93303364736
1277,2947406.6304391045,2388062.0969039006,141894.36810266992,559368.3011363173,417473.93303364736
1278,2947406.6304391045,2390003.9572363338,141894.36810266992,559368.3011363173,417473.93303364736
1279,2947504.4757604636,2392000.8480285304,141894.36810266992,559368.3011363173,417473.93303364736
1280,2949475.2202748423,2394084.1083791773,141894.36810266992,559368.3011363173,417473.93303364736
1281,2953966.2625386887,2396154.816464833,141894.36810266992,559368.3011363173,417473.93303364736
1282,2959473.8906709533,2398235.001094919,141894.36810266992,559368.3011363173,417473.93303364736
1283,2964893.17902196,2400260.155265242,141894.36810266992,559368.3011363173,417473.93303364736
1284,2971408.6642525773,2402187.883908612,141894.36810266992,559368.3011363173,417473.93303364736
1285,2977800.039867297,2404103.0602869913,141894.36810266992,559368.3011363173,417473.93303364736
1286,2984200.849510491,2406043.4243229358,141894.36810266992,559368.3011363173,417473.93303364736
1287,2990624.126102015,2408033.9974188455,141894.36810266992,559368.3011363173,417473.93303364736
1288,2995984.100669209,2410096.891511725,141894.36810266992,559368.3011363173,417473.93303364736
1289,2997604.7602664777,2412140.915643326,141894.36810266992,559368.3011363173,417473.93303364736
1290,2997644.02353298,2414148.7792764422,141894.36810266992,559368.3011363173,417473.93303364736
1291,2997644.02353298,2416129.958955504,141894.36810266992,559368.3011363173,417473.93303364736
1292,2997644.02353298,2418053.0324542415,141894.36810266992,559368.3011363173,417473.93303364736
1293,2997644.02353298,2419943.1043026377,141894.36810266992,559368.3011363173,417473.93303364736
1294,2997644.02353298,2421823.6996066035,141894.36810266992,559368.3011363173,417473.93303364736
1295,2997644.02353298,2423657.1615711646,141894.36810266992,559368.3011363173,417473.93303364736
1296,2997644.02353298,2425479.650694806,141894.36810266992,559368.3011363173,417473.93303364736
1297,2997644.02353298,2427270.717592178,141894.36810266992,559368.3011363173,417473.93303364736
1298,2997644.02353298,2429079.0750267566,141894.36810266992,559368.3011363173,417473.93303364736
1299,2997644.02353298,2430882.6941891196,141894.36810266992,559368.3011363173,417473.93303364736
1300,2997644.02353298,2432698.8656164743,141894.36810266992,559368.3011363173,417473.93303364736
1301,2997644.02353298,2434573.2263517356,141894.36810266992,559368.3011363173,417473.93303364736
1302,2997644.02353298,2436548.0883345106,141894.36810266992,559368.3011363173,417473.93303364736
1303,2997791.7494738973,2438584.215345753,141894.36810266992,559368.3011363173,417473.93303364736
1304,3000296.0772076272,2440618.846060506,141894.36810266992,559368.3011363173,417473.93303364736
1305,3005795.782081089,2442634.606813981,141894.36810266992,559368.3011363173,417473.93303364736
1306,3012382.536786546,2444596.9165317644,141894.36810266992,559368.3011363173,417473.93303364736
1307,3019440.962319177,2446504.278917367,141894.36810266992,559368.3011363173,417473.93303364736
1308,3025766.8668586956,2448340.899730072,141894.36810266992,559368.3011363173,417473.93303364736
1309,3032298.1241458184,2450188.4933836963,141894.36810266992,559368.3011363173,417473.93303364736
1310,3038996.321485726,2452023.534772329,141894.36810266992,559368.3011363173,417473.93303364736
1311,3045406.7590499846,2453946.6082710666,141894.36810266992,560220.7176179657,418326.3495152957
1312,3050412.2600199953,2455959.210176398,141894.36810266992,563208.35352475,421313.98542208003
1313,3051966.4969656817,2457978.1297780164,141894.36810266992,563208.35352475,421313.98542208003
1314,3051997.992774425,2459989.1522592762,141894.36810266992,563208.35352475,421313.98542208003
1315,3051997.992774425,2461979.725355186,141894.36810266992,563208.35352475,421313.98542208003
1316,3051997.992774425,2463927.9033839065,141894.36810266992,563208.35352475,421313.98542208003
1317,3051997.992774425,2465844.659186357,141894.36810266992,563208.35352475,421313.98542208003
1318,3051997.992774425,2467742.5450275294,141894.36810266992,563208.35352475,421313.98542208003
1319,3051997.992774425,2469616.9057627907,141894.36810266992,563208.35352475,421313.98542208003
1320,3051997.992774425,2471464.499416415,141894.36810266992,563208.35352475,421313.98542208003
1321,3051997.992774425,2473305.858501335,141894.36810266992,563208.35352475,421313.98542208003
1322,3051997.992774425,2475134.665321264,141894.36810266992,563208.35352475,421313.98542208003
1323,3051997.992774425,2476958.7338689775,141894.36810266992,563208.35352475,421313.98542208003
1324,3051997.992774425,2478782.802416691,141894.36810266992,563208.35352475,421313.98542208003
1325,3051997.992774425,2480657.1631519524,141894.36810266992,563208.35352475,421313.98542208003
1326,3051997.992774425,2482613.2383010318,141894.36810266992,563208.35352475,421313.98542208003
1327,3052107.1958961044,2484594.4179800935,141894.36810266992,563208.35352475,421313.98542208003
1328,3053786.958103632,2486542.596008814,141894.36810266992,563208.35352475,421313.98542208003
1329,3057813.3225124013,2488420.115592219,141894.36810266992,563208.35352475,421313.98542208003
1330,3062967.5206796876,2490214.3413377344,141894.36810266992,563208.35352475,421313.98542208003
1331,3068933.720609883,2491920.534973145,141894.36810266992,563208.35352475,421313.98542208003
1332,3075191.3358579664,2493593.8100857968,141894.36810266992,563208.35352475,421313.98542208003
1333,3081202.811536263,2495287.451456216,141894.36810266992,563208.35352475,421313.98542208003
1334,3086557.7303286493,2497034.543862327,141894.36810266992,563208.35352475,421313.98542208003
1335,3091463.012997504,2498869.5852509597,141894.36810266992,563208.35352475,421313.98542208003
1336,3095013.235622279,2500824.080975967,141894.36810266992,563208.35352475,421313.98542208003
1337,3096114.9751322493,2502803.681230957,141894.36810266992,563208.35352475,421313.98542208003
1338,3096152.0213212245,2504765.9909487404,141894.36810266992,563208.35352475,421313.98542208003
1339,3096152.0213212245,2506695.2990161823,141894.36810266992,563208.35352475,421313.98542208003
1340,3096152.0213212245,2508583.791440507,141894.36810266992,563208.35352475,421313.98542208003
1341,3096152.0213212245,2510454.9933276246,141894.36810266992,563208.35352475,421313.98542208003
1342,3096152.0213212245,2512315.2223738227,141894.36810266992,563208.35352475,421313.98542208003
1343,3096152.0213212245,2514156.5814587427,141894.36810266992,563208.35352475,421313.98542208003
1344,3096152.0213212245,2515966.518317393,141894.36810266992,563208.35352475,421313.98542208003
1345,3096152.0213212245,2517774.8757519717,141894.36810266992,563208.35352475,421313.98542208003
1346,3096152.0213212245,2519572.260345631,141894.36810266992,563208.35352475,421313.98542208003
1347,3096152.0213212245,2521352.354402083,141894.36810266992,563208.35352475,421313.98542208003
1348,3096152.0213212245,2523141.841875383,141894.36810266992,563208.35352475,421313.98542208003
1349,3096152.0213212245,2524994.173801223,141894.36810266992,563208.35352475,421313.98542208003
1350,3096152.0213212245,2526948.66952623,141894.36810266992,563208.35352475,421313.98542208003
1351,3096267.3625686485,2528950.298590642,141894.36810266992,563208.35352475,421313.98542208003
1352,3097966.6160198967,2530973.873336893,141894.36810266992,563208.35352475,421313.98542208003
1353,3102012.1982072457,2532926.7896378287,141894.36810266992,563208.35352475,421313.98542208003
1354,3106951.8227024777,2534865.574249701,141894.36810266992,563208.35352475,421313.98542208003
1355,3112849.5131672057,2536612.666655812,141894.36810266992,563208.35352475,421313.98542208003
1356,3118831.0244592577,2538284.362344392,141894.36810266992,563208.35352475,421313.98542208003
1357,3124698.970307181,2540097.458051186,141894.36810266992,563208.35352475,421313.98542208003
1358,3130237.862995825,2542040.8978076912,141894.36810266992,563208.35352475,421313.98542208003
1359,3134840.062261039,2544014.180366394,141894.36810266992,563208.35352475,421313.98542208003
1360,3138409.4355006823,2546017.3888548776,141894.36810266992,563208.35352475,421313.98542208003
1361,3139574.4958336437,2548034.7290324243,141894.36810266992,563208.35352475,421313.98542208003
1362,3139610.790604981,2550034.7786727645,141894.36810266992,563208.35352475,421313.98542208003
1363,3139610.790604981,2552001.826662763,141894.36810266992,563208.35352475,421313.98542208003
1364,3139610.790604981,2553932.7141542765,141894.36810266992,563208.35352475,421313.98542208003
1365,3139610.790604981,2555832.179419521,141894.36810266992,563208.35352475,421313.98542208003
1366,3139610.790604981,2557708.1195788537,141894.36810266992,563208.35352475,421313.98542208003
1367,3139610.790604981,2559569.928049124,141894.36810266992,563208.35352475,421313.98542208003
1368,3139610.790604981,2561420.6805508914,141894.36810266992,563208.35352475,421313.98542208003
1369,3139610.790604981,2563246.3285226766,141894.36810266992,563208.35352475,421313.98542208003
1370,3139610.790604981,2564935.314748463,141894.36810266992,563208.35352475,421313.98542208003
1371,3139610.790604981,2566602.272164828,141894.36810266992,563208.35352475,421313.98542208003
1372,3139610.790604981,2568289.678966543,141894.36810266992,563208.35352475,421313.98542208003
1373,3139610.790604981,2570116.9063624,141894.36810266992,563208.35352475,421313.98542208003
1374,3139610.790604981,2572096.50661739,141894.36810266992,563208.35352475,421313.98542208003
1375,3139927.5718739517,2574065.1340314606,141894.36810266992,563208.35352475,421313.98542208003
1376,3144438.1435954156,2575989.78695427,141894.36810266992,563208.35352475,421313.98542208003
1377,3153340.0677119535,2577747.8522013007,141894.36810266992,563208.35352475,421313.98542208003
1378,3162590.8191876356,2579406.9124973067,141894.36810266992,563208.35352475,421313.98542208003
1379,3172147.056890107,2580993.7349239257,141894.36810266992,563208.35352475,421313.98542208003
1380,3181525.577427747,2582539.741707427,141894.36810266992,563208.35352475,421313.98542208003
1381,3190314.629141687,2584139.116399037,141894.36810266992,565953.5957109724,424059.2276083025
1382,3199077.7132217726,2585817.0466563217,141894.36810266992,573033.4863758786,431139.1182732086
1383,3207944.366104312,2587601.7958574067,141894.36810266992,580110.1268994383,438215.7587967684
1384,3215848.261192277,2589529.524500777,141894.36810266992,586081.0301861387,444186.66208346875
1385,3218038.052163429,2591523.25644483,141894.36810266992,586271.8260553429,444377.45795267296
1386,3218079.258568296,2593498.118427605,141894.36810266992,586271.8260553429,444377.45795267296
1387,3218079.258568296,2595449.4553044685,141894.36810266992,586271.8260553429,444377.45795267296
1388,3218079.258568296,2597359.893410632,141894.36810266992,586271.8260553429,444377.45795267296
1389,3218079.258568296,2599253.124107172,141894.36810266992,586271.8260553429,444377.45795267296
1390,3218079.258568296,2601130.643690577,141894.36810266992,586271.8260553429,444377.45795267296
1391,3218079.258568296,2602979.816768273,141894.36810266992,586271.8260553429,444377.45795267296
1392,3218079.258568296,2604816.4375809776,141894.36810266992,586271.8260553429,444377.45795267296
1393,3218079.258568296,2606643.6649768343,141894.36810266992,586271.8260553429,444377.45795267296
1394,3218079.258568296,2608445.7047151257,141894.36810266992,586271.8260553429,444377.45795267296
1395,3218079.258568296,2610228.9576197215,141894.36810266992,586271.8260553429,444377.45795267296
1396,3218079.258568296,2612010.6311002458,141894.36810266992,586271.8260553429,444377.45795267296
1397,3218079.258568296,2613847.2519129505,141894.36810266992,586271.8260553429,444377.45795267296
1398,3218079.258568296,2615737.3237613467,141894.36810266992,586271.8260553429,444377.45795267296
1399,3218198.8875273233,2617613.2639206797,141894.36810266992,586271.8260553429,444377.45795267296
1400,3219821.9568170263,2619344.6452136557,141894.36810266992,586271.8260553429,444377.45795267296
1401,3223761.8931395775,2620903.2042621486,141894.36810266992,586271.8260553429,444377.45795267296
1402,3229058.7184078577,2622301.4933311497,141894.36810266992,586271.8260553429,444377.45795267296
1403,3234714.994590814,2623680.9124388723,141894.36810266992,586271.8260553429,444377.45795267296
1404,3240530.3971710494,2625033.6475925404,141894.36810266992,586271.8260553429,444377.45795267296
1405,3246530.8918821053,2626403.673283415,141894.36810266992,586271.8260553429,444377.45795267296
1406,3251754.0094827306,2627864.806804955,141894.36810266992,586271.8260553429,444377.45795267296
1407,3256725.212730242,2629472.078616924,141894.36810266992,586271.8260553429,444377.45795267296
1408,3260437.542121292,2631256.827818009,141894.36810266992,586271.8260553429,444377.45795267296
1409,3261643.3066118187,2633123.2914329115,141894.36810266992,586271.8260553429,444377.45795267296
1410,3261680.8693197886,2635024.3361222274,141894.36810266992,586271.8260553429,444377.45795267296
1411,3261680.8693197886,2636928.539659687,141894.36810266992,586271.8260553429,444377.45795267296
1412,3261680.8693197886,2638806.059243092,141894.36810266992,586271.8260553429,444377.45795267296
1413,3261680.8693197886,2640685.075122986,141894.36810266992,586271.8260553429,444377.45795267296
1414,3261680.8693197886,2642534.248200682,141894.36810266992,586271.8260553429,444377.45795267296
1415,3261680.8693197886,2644402.2912396565,141894.36810266992,586271.8260553429,444377.45795267296
1416,3261680.8693197886,2646264.0997099266,141894.36810266992,586271.8260553429,444377.45795267296
1417,3261680.8693197886,2648095.982250416,141894.36810266992,586271.8260553429,444377.45795267296
1418,3261680.8693197886,2649912.153677771,141894.36810266992,586271.8260553429,444377.45795267296
1419,3261680.8693197886,2651722.090536421,141894.36810266992,586271.8260553429,444377.45795267296
1420,3261680.8693197886,2653489.632327882,141894.36810266992,586271.8260553429,444377.45795267296
1421,3261680.8693197886,2655294.830914317,141894.36810266992,586271.8260553429,444377.45795267296
1422,3261680.8693197886,2657177.0056423545,141894.36810266992,586271.8260553429,444377.45795267296
1423,3262002.510654285,2659062.3392185355,141894.36810266992,586271.8260553429,444377.45795267296
1424,3266479.6945960806,2660848.667843692,141894.36810266992,586271.8260553429,444377.45795267296
1425,3274934.606024427,2662614.6302110814,141894.36810266992,586271.8260553429,444377.45795267296
1426,3284910.7257566,2664366.4608894074,141894.36810266992,586271.8260553429,444377.45795267296
1427,3294668.2525268816,2666148.1343699316,141894.36810266992,586271.8260553429,444377.45795267296
1428,3303655.459924623,2668025.6539533366,141894.36810266992,589576.6918839775,447682.32378130755
1429,3312555.476832675,2669940.8303317158,141894.36810266992,596556.269255756,454661.9011530861
1430,3321782.8452539393,2671860.74498231,141894.36810266992,603858.4598685316,461964.0917658616
1431,3331167.3518144423,2673760.2102475544,141894.36810266992,611338.2380058959,469443.8699032259
1432,3338374.9261901635,2675651.861520022,141894.36810266992,616648.8979512545,474754.52984858456
1433,3340702.647375037,2677548.1679371228,141894.36810266992,617075.0495611327,475180.6814584627
1434,3340742.1891819676,2679441.3986336626,141894.36810266992,617075.0495611327,475180.6814584627
1435,3340742.1891819676,2681315.759368924,141894.36810266992,617075.0495611327,475180.6814584627
1436,3340742.1891819676,2683174.4089910504,141894.36810266992,617075.0495611327,475180.6814584627
1437,3340742.1891819676,2685015.7680759705,141894.36810266992,617075.0495611327,475180.6814584627
1438,3340742.1891819676,2686849.2300405316,141894.36810266992,617075.0495611327,475180.6814584627
1439,3340742.1891819676,2688668.5603160295,141894.36810266992,617075.0495611327,475180.6814584627
1440,3340742.1891819676,2690481.6560228234,141894.36810266992,617075.0495611327,475180.6814584627
1441,3340742.1891819676,2692286.8546092585,141894.36810266992,617075.0495611327,475180.6814584627
1442,3340742.1891819676,2694079.5009307023,141894.36810266992,617075.0495611327,475180.6814584627
1443,3340742.1891819676,2695870.567828074,141894.36810266992,617075.0495611327,475180.6814584627
1444,3340742.1891819676,2697667.952421733,141894.36810266992,617075.0495611327,475180.6814584627
1445,3340742.1891819676,2699520.284347573,141894.36810266992,617075.0495611327,475180.6814584627
1446,3340744.7391819675,2701463.724104078,141894.36810266992,617075.0495611327,475180.6814584627
1447,3341673.3141819676,2703474.746585338,141894.36810266992,617075.0495611327,475180.6814584627
1448,3347218.4391819676,2705551.7723672804,141894.36810266992,617075.0495611327,475180.6814584627
1449,3355989.764181968,2707636.612141999,141894.36810266992,617075.0495611327,475180.6814584627
1450,3365403.764181968,2709724.610764861,141894.36810266992,617075.0495611327,475180.6814584627
1451,3374820.1641819677,2711751.344359256,141894.36810266992,617075.0495611327,475180.6814584627
1452,3384905.4141819677,2713586.3857478886,141894.36810266992,622470.3556562387,480575.9875535688
1453,3394509.4641819675,2715212.527521136,141894.36810266992,630443.0007250966,488548.6326224266
1454,3403977.9141819677,2716855.8767040074,141894.36810266992,638262.8383843305,496368.47028166056
1455,3413170.2891819677,2718609.2036788226,141894.36810266992,645696.6232516206,503802.2551489506
1456,3421389.4641819675,2720507.089519995,141894.36810266992,652012.6492525536,510118.28114988364
1457,3425454.2391819675,2722470.97866185,141894.36810266992,654108.2719528037,512213.90385013376
1458,3425790.8391819675,2724405.0250015073,141894.36810266992,654108.2719528037,512213.90385013376
1459,3425790.8391819675,2726328.098500245,141894.36810266992,654108.2719528037,512213.90385013376
1460,3425790.8391819675,2728246.433726767,141894.36810266992,654108.2719528037,512213.90385013376
1461,3425790.8391819675,2730127.029030733,141894.36810266992,654108.2719528037,512213.90385013376
1462,3425790.8391819675,2732001.389765994,141894.36810266992,654108.2719528037,512213.90385013376
1463,3425790.8391819675,2733847.4871231294,141894.36810266992,654108.2719528037,512213.90385013376
1464,3425790.8391819675,2735657.4239817797,141894.36810266992,654108.2719528037,512213.90385013376
1465,3425790.8391819675,2737462.622568215,141894.36810266992,654108.2719528037,512213.90385013376
1466,3425790.8391819675,2739256.84831373,141894.36810266992,654108.2719528037,512213.90385013376
1467,3425790.8391819675,2741038.5217942544,141894.36810266992,654108.2719528037,512213.90385013376
1468,3425790.8391819675,2742824.850419411,141894.36810266992,654108.2719528037,512213.90385013376
1469,3425790.8391819675,2744675.6029211786,141894.36810266992,654108.2719528037,512213.90385013376
1470,3425793.5391819677,2746617.4632536117,141894.36810266992,654108.2719528037,512213.90385013376
1471,3426584.3391819675,2748575.0346991797,141894.36810266992,654108.2719528037,512213.90385013376
1472,3431409.4641819675,2750491.7905016304,141894.36810266992,654108.2719528037,512213.90385013376
1473,3439199.0391819677,2752388.096918731,141894.36810266992,654108.2719528037,512213.90385013376
1474,3447503.864181968,2754271.8510708404,141894.36810266992,654108.2719528037,512213.90385013376
1475,3455743.214181968,2756127.341844823,141894.36810266992,654108.2719528037,512213.90385013376
1476,3464692.739181968,2758029.9659582106,141894.36810266992,655017.2123551666,513122.8442524966
1477,3473422.889181968,2760001.7522204244,141894.36810266992,661770.3129350579,519875.94483238796
1478,3481933.6641819677,2762023.7475426034,141894.36810266992,668253.8294549839,526359.461352314
1479,3490012.364181968,2764072.50994642,141894.36810266992,674278.5038932728,532384.1357906029
1480,3497064.089181968,2766127.5069189407,141894.36810266992,679269.9687628574,537375.6006601874
1481,3500776.439181968,2768136.9499761285,141894.36810266992,680967.6125477747,539073.2444451047
1482,3501056.2641819683,2770089.866277064,141894.36810266992,680967.6125477747,539073.2444451047
1483,3501056.2641819683,2772011.36035173,141894.36810266992,680967.6125477747,539073.2444451047
1484,3501056.2641819683,2773898.2733519827,141894.36810266992,680967.6125477747,539073.2444451047
1485,3501056.2641819683,2775766.316390957,141894.36810266992,680967.6125477747,539073.2444451047
1486,3501056.2641819683,2777631.200581788,141894.36810266992,680967.6125477747,539073.2444451047
1487,3501056.2641819683,2779469.4008185645,141894.36810266992,680967.6125477747,539073.2444451047
1488,3501056.2641819683,2781285.572245919,141894.36810266992,680967.6125477747,539073.2444451047
1489,3501056.2641819683,2783093.929680498,141894.36810266992,680967.6125477747,539073.2444451047
1490,3501056.2641819683,2784892.8936982285,141894.36810266992,680967.6125477747,539073.2444451047
1491,3501056.2641819683,2786674.5671787527,141894.36810266992,680967.6125477747,539073.2444451047
1492,3501056.2641819683,2788470.3723483398,141894.36810266992,680967.6125477747,539073.2444451047
1493,3501056.2641819683,2790325.8631223226,141894.36810266992,680967.6125477747,539073.2444451047
1494,3501058.5141819683,2792264.647734195,141894.36810266992,680967.6125477747,539073.2444451047
1495,3501690.914181968,2794255.220830105,141894.36810266992,680967.6125477747,539073.2444451047
1496,3505596.914181968,2796258.429318588,141894.36810266992,680967.6125477747,539073.2444451047
1497,3512460.3891819683,2798245.926693937,141894.36810266992,680967.6125477747,539073.2444451047
1498,3519850.8891819683,2800176.8141854503,141894.36810266992,680967.6125477747,539073.2444451047
1499,3527546.2641819683,2802082.5971469814,141894.36810266992,680967.6125477747,539073.2444451047
1500,3536278.814181968,2803952.2196100275,141894.36810266992,680967.6125477747,539073.2444451047
1501,3544765.289181968,2805835.973762137,141894.36810266992,684458.2216376973,542563.8535350274
1502,3552997.814181968,2807818.73286527,141894.36810266992,690702.724376669,548808.3562739991
1503,3560676.314181968,2809807.726537108,141894.36810266992,696386.9675469365,554492.5994442665
1504,3567245.714181968,2811749.586869541,141894.36810266992,701009.2440566084,559114.8759539385
1505,3570945.239181968,2813704.0825945484,141894.36810266992,702749.0101737063,560854.6420710364
1506,3571315.889181968,2815619.2589729275,141894.36810266992,702749.0101737063,560854.6420710364
1507,3571315.889181968,2817506.17197318,141894.36810266992,702749.0101737063,560854.6420710364
1508,3571315.889181968,2819350.6899062437,141894.36810266992,702749.0101737063,560854.6420710364
1509,3571315.889181968,2821171.5996058136,141894.36810266992,702749.0101737063,560854.6420710364
1510,3571315.889181968,2822992.5093053835,141894.36810266992,702749.0101737063,560854.6420710364
1511,3571315.889181968,2824777.2585064685,141894.36810266992,702749.0101737063,560854.6420710364
1512,3571315.889181968,2826540.062025714,141894.36810266992,702749.0101737063,560854.6420710364
1513,3571315.889181968,2828287.154431825,141894.36810266992,702749.0101737063,560854.6420710364
1514,3571315.889181968,2830021.6945729447,141894.36810266992,702749.0101737063,560854.6420710364
1515,3571315.889181968,2831754.6552899927,141894.36810266992,702749.0101737063,560854.6420710364
1516,3571315.889181968,2833506.485968319,141894.36810266992,702749.0101737063,560854.6420710364
1517,3571315.889181968,2835319.5816751127,141894.36810266992,702749.0101737063,560854.6420710364
1518,3571319.489181968,2837215.8880922133,141894.36810266992,702749.0101737063,560854.6420710364
1519,3572248.439181968,2839195.4883472035,141894.36810266992,702749.0101737063,560854.6420710364
1520,3577433.714181968,2841225.3807897414,141894.36810266992,702749.0101737063,560854.6420710364
1521,3585544.139181968,2843269.4049213426,141894.36810266992,702749.0101737063,560854.6420710364
1522,3594188.5641819676,2845346.430703285,141894.36810266992,702749.0101737063,560854.6420710364
1523,3602790.389181968,2847432.8499020757,141894.36810266992,702749.0101737063,560854.6420710364
1524,3612069.389181968,2849531.8213658575,141894.36810266992,705358.5654643644,563464.1973616944
1525,3621347.1891819676,2851541.2644230453,141894.36810266992,712621.6592492817,570727.2911466118
1526,3630521.4891819675,2853560.1840246636,141894.36810266992,719771.7764897685,577877.4083870986
1527,3639287.6391819674,2855571.2065059235,141894.36810266992,726521.640850614,584627.2727479441
1528,3646920.2391819675,2857582.2289871834,141894.36810266992,732137.9552114597,590243.5871087897
1529,3651214.9641819675,2859558.67039403,141894.36810266992,734450.9756467184,592556.6075440485
1530,3651615.3141819676,2861533.532376805,141894.36810266992,734450.9756467184,592556.6075440485
1531,3651615.3141819676,2863472.3169886773,141894.36810266992,734450.9756467184,592556.6075440485
1532,3651615.3141819676,2865376.5205261367,141894.36810266992,734450.9756467184,592556.6075440485
1533,3651615.3141819676,2867257.1158301025,141894.36810266992,734450.9756467184,592556.6075440485
1534,3651615.3141819676,2869109.447755942,141894.36810266992,734450.9756467184,592556.6075440485
1535,3651615.3141819676,2870949.22741679,141894.36810266992,734450.9756467184,592556.6075440485
1536,3651615.3141819676,2872766.9782682164,141894.36810266992,734450.9756467184,592556.6075440485
1537,3651615.3141819676,2874565.942285947,141894.36810266992,734450.9756467184,592556.6075440485
1538,3651615.3141819676,2876379.037992741,141894.36810266992,734450.9756467184,592556.6075440485
1539,3651615.3141819676,2878195.2094200957,141894.36810266992,734450.9756467184,592556.6075440485
1540,3651615.3141819676,2880014.5396955935,141894.36810266992,734450.9756467184,592556.6075440485
1541,3651615.3141819676,2881879.4238864244,141894.36810266992,734450.9756467184,592556.6075440485
1542,3651622.2141819675,2883848.051300495,141894.36810266992,734450.9756467184,592556.6075440485
1543,3652961.6391819674,2885887.337159881,141894.36810266992,734450.9756467184,592556.6075440485
1544,3659411.3391819675,2887969.1012140387,141894.36810266992,734450.9756467184,592556.6075440485
1545,3668982.4641819675,2890066.5763813313,141894.36810266992,734450.9756467184,592556.6075440485
1546,3678971.5641819676,2892171.8655414,141894.36810266992,734450.9756467184,592556.6075440485
1547,3688809.764181968,2894280.313549612,141894.36810266992,734599.4686798467,592705.1005771768
1548,3698803.6641819677,2896379.285013394,141894.36810266992,742489.1340581703,600594.7659555003
1549,3708686.3391819675,2898490.89186975,141894.36810266992,750254.9390439198,608360.5709412498
1550,3718410.6141819675,2900569.497075764,141894.36810266992,757895.3456800107,616000.9775773408
1551,3727518.9891819675,2902613.521207365,141894.36810266992,764954.4333905149,623060.065287845
1552,3735276.0141819674,2904635.5165295443,141894.36810266992,770684.199910441,628789.831807771
1553,3739071.3891819674,2906611.957936391,141894.36810266992,772497.8703456997,630603.5022430298
1554,3739364.6391819674,2908566.453661398,141894.36810266992,772497.8703456997,630603.5022430298
1555,3739364.6391819674,2910481.630039777,141894.36810266992,772497.8703456997,630603.5022430298
1556,3739364.6391819674,2912365.3841918865,141894.36810266992,772497.8703456997,630603.5022430298
1557,3739364.6391819674,2914245.9794958523,141894.36810266992,772497.8703456997,630603.5022430298
1558,3739364.6391819674,2916096.73199762,141894.36810266992,772497.8703456997,630603.5022430298
1559,3739364.6391819674,2917941.2499306835,141894.36810266992,772497.8703456997,630603.5022430298
1560,3739364.6391819674,2919768.4773265403,141894.36810266992,772497.8703456997,630603.5022430298
1561,3739364.6391819674,2921590.966450182,141894.36810266992,772497.8703456997,630603.5022430298
1562,3739364.6391819674,2923399.3238847605,141894.36810266992,772497.8703456997,630603.5022430298
1563,3739364.6391819674,2925196.7084784196,141894.36810266992,772497.8703456997,630603.5022430298
1564,3739364.6391819674,2926994.0930720787,141894.36810266992,772497.8703456997,630603.5022430298
1565,3739364.6391819674,2928840.190429214,141894.36810266992,772497.8703456997,630603.5022430298
1566,3739371.314181967,2930730.26227761,141894.36810266992,772497.8703456997,630603.5022430298
1567,3740378.2641819674,2932618.7547019348,141894.36810266992,772497.8703456997,630603.5022430298
1568,3745288.064181967,2934486.7977409093,141894.36810266992,772497.8703456997,630603.5022430298
1569,3752999.564181967,2936345.4473630358,141894.36810266992,772497.8703456997,630603.5022430298
1570,3761220.839181967,2938183.647599812,141894.36810266992,772497.8703456997,630603.5022430298
1571,3769862.639181967,2940026.5861088037,141894.36810266992,772497.8703456997,630603.5022430298
1572,3778547.864181967,2941875.7591864998,141894.36810266992,773969.4001088388,632075.0320061689
1573,3786762.914181967,2943702.9865823565,141894.36810266992,780351.9595550873,638457.5914524173
1574,3794563.364181967,2945511.344016935,141894.36810266992,786338.788962614,644444.4208599441
1575,3801670.889181967,2947310.308034666,141894.36810266992,791642.0867869887,649747.7186843187
1576,3807535.889181967,2949115.506621101,141894.36810266992,795696.6250426589,653802.2569399889
1577,3810660.764181967,2950934.836896599,141894.36810266992,796996.9066092661,655102.5385065961
1578,3810957.614181967,2952752.587748025,141894.36810266992,796996.9066092661,655102.5385065961
1579,3810957.614181967,2954553.048062245,141894.36810266992,796996.9066092661,655102.5385065961
1580,3810957.614181967,2956342.535535545,141894.36810266992,796996.9066092661,655102.5385065961
1581,3810957.614181967,2958127.28473663,141894.36810266992,796996.9066092661,655102.5385065961
1582,3810957.614181967,2959919.931058074,141894.36810266992,796996.9066092661,655102.5385065961
1583,3810957.614181967,2961707.8391073025,141894.36810266992,796996.9066092661,655102.5385065961
1584,3810957.614181967,2963472.22205062,141894.36810266992,796996.9066092661,655102.5385065961
1585,3810957.614181967,2965205.182767668,141894.36810266992,796996.9066092661,655102.5385065961
1586,3810957.614181967,2965205.182767668,141894.36810266992,796996.9066092661,655102.5385065961
1587,3810957.614181967,2965665.5433207937,141894.36810266992,796996.9066092661,655102.5385065961
1588,3810957.614181967,2966556.3384972643,141894.36810266992,796996.9066092661,655102.5385065961
1589,3810957.614181967,2968328.535433358,141894.36810266992,796996.9066092661,655102.5385065961
1590,3810961.889181967,2970152.6039810716,141894.36810266992,796996.9066092661,655102.5385065961
1591,3811601.714181967,2971930.370465208,141894.36810266992,796996.9066092661,655102.5385065961
1592,3814867.064181967,2973600.237346968,141894.36810266992,796996.9066092661,655102.5385065961
1593,3820375.739181967,2975251.0680122846,141894.36810266992,796996.9066092661,655102.5385065961
1594,3826500.839181967,2976888.681391948,141894.36810266992,796996.9066092661,655102.5385065961
1595,3832944.014181967,2978554.1425118237,141894.36810266992,796996.9066092661,655102.5385065961
1596,3840344.864181967,2980309.215165876,141894.36810266992,796996.9066092661,655102.5385065961
1597,3847042.064181967,2982099.5339150033,141894.36810266992,799965.6223444241,658071.2542417542
1598,3853326.089181967,2983894.2584260153,141894.36810266992,804449.6596755176,662555.2915728476
1599,3858979.214181967,2985669.8635930005,141894.36810266992,808321.9163506376,666427.5482479676
1600,3863703.764181967,2987438.153532706,141894.36810266992,811272.9132530373,669378.5451503673
1601,3866302.739181967,2989210.849234296,141894.36810266992,812093.9293935526,670199.5612908826
1602,3866683.064181967,2990980.6354704904,141894.36810266992,812093.9293935526,670199.5612908826
1603,3866683.064181967,2992732.7986591477,141894.36810266992,812093.9293935526,670199.5612908826
1604,3866683.064181967,2994470.2482656627,141894.36810266992,812093.9293935526,670199.5612908826
1605,3866683.064181967,2996191.571121129,141894.36810266992,812093.9293935526,670199.5612908826
1606,3866683.064181967,2997905.4956217334,141894.36810266992,812093.9293935526,670199.5612908826
1607,3866683.064181967,2999606.2028366844,141894.36810266992,812093.9293935526,670199.5612908826
1608,3866683.064181967,3001301.0911208447,141894.36810266992,812093.9293935526,670199.5612908826
1609,3866683.064181967,3002988.5810501426,141894.36810266992,812093.9293935526,670199.5612908826
1610,3866683.064181967,3004664.349990276,141894.36810266992,812093.9293935526,670199.5612908826
1611,3866683.064181967,3006338.622633921,141894.36810266992,812093.9293935526,670199.5612908826
1612,3866683.064181967,3008018.797335939,141894.36810266992,812093.9293935526,670199.5612908826
1613,3866683.064181967,3009750.3448840803,141894.36810266992,812093.9293935526,670199.5612908826
1614,3866690.2641819674,3011567.098204514,141894.36810266992,812093.9293935526,670199.5612908826
1615,3867654.9891819675,3013447.028487818,141894.36810266992,812093.9293935526,670199.5612908826
1616,3872478.6141819675,3015388.639437503,141894.36810266992,812093.9293935526,670199.5612908826
1617,3880001.3391819675,3017337.565614468,141894.36810266992,812093.9293935526,670199.5612908826
1618,3888187.1391819674,3019289.401256828,141894.36810266992,812093.9293935526,670199.5612908826
1619,3896873.939181967,3021183.9619946913,141894.36810266992,812093.9293935526,670199.5612908826
1620,3906295.064181967,3022899.382791784,141894.36810266992,815850.318195594,673955.9500929241
1621,3915092.939181967,3024419.4537694757,141894.36810266992,823122.8590600077,681228.4909573378
1622,3923514.9141819673,3025955.6514982157,141894.36810266992,830003.3731733729,688109.005070703
1623,3931456.064181967,3027594.6780467853,141894.36810266992,836300.2334669086,694405.8653642386
1624,3938271.089181967,3029368.8700448642,141894.36810266992,841335.8033109349,699441.435208265
1625,3942015.689181967,3031204.742709324,141894.36810266992,843239.2674885801,701344.8993859101
1626,3942422.864181967,3033012.6845059893,141894.36810266992,843239.2674885801,701344.8993859101
1627,3942422.864181967,3034810.318482396,141894.36810266992,843239.2674885801,701344.8993859101
1628,3942422.864181967,3036603.546696919,141894.36810266992,843239.2674885801,701344.8993859101
1629,3942422.864181967,3038361.5288163666,141894.36810266992,843239.2674885801,701344.8993859101
1630,3942422.864181967,3040113.692005024,141894.36810266992,843239.2674885801,701344.8993859101
1631,3942422.864181967,3041839.420622375,141894.36810266992,843239.2674885801,701344.8993859101
1632,3942422.864181967,3043531.316313557,141894.36810266992,843239.2674885801,701344.8993859101
1633,3942422.864181967,3045218.806242855,141894.36810266992,843239.2674885801,701344.8993859101
1634,3942422.864181967,3046896.0714794775,141894.36810266992,843239.2674885801,701344.8993859101
1635,3942422.864181967,3048561.532599353,141894.36810266992,843239.2674885801,701344.8993859101
1636,3942422.864181967,3050231.3994811135,141894.36810266992,843239.2674885801,701344.8993859101
1637,3942422.864181967,3051961.5338603486,141894.36810266992,843239.2674885801,701344.8993859101
1638,3942442.064181967,3053776.790884293,141894.36810266992,843239.2674885801,701344.8993859101
1639,3944045.7891819673,3055606.76149038,141894.36810266992,843239.2674885801,701344.8993859101
1640,3950881.3641819675,3057398.5765359965,141894.36810266992,843239.2674885801,701344.8993859101
1641,3960125.7891819673,3059171.2722375863,141894.36810266992,843239.2674885801,701344.8993859101
1642,3969927.089181967,3060932.246950012,141894.36810266992,843239.2674885801,701344.8993859101
1643,3980103.314181967,3062666.787091132,141894.36810266992,847376.427590919,705482.059488249
1644,3990542.939181967,3064445.3848510953,141894.36810266992,856032.1916730609,714137.8235703909
1645,4001270.939181967,3066288.572742835,141894.36810266992,864911.7406234263,723017.3725207563
1646,4011919.589181967,3068178.7277188143,141894.36810266992,873664.9724895526,731770.6043868826
1647,4022258.0391819673,3070093.9040971934,141894.36810266992,882082.9829532789,740188.614850609
1648,4031752.1391819674,3072014.899406363,141894.36810266992,889650.8244862147,747756.4563835447
1649,4037189.0391819673,3073893.3333931775,141894.36810266992,893204.027341505,751309.6592388351
1650,4037762.714181967,3075718.8982373797,141894.36810266992,893204.027341505,751309.6592388351
1651,4037762.714181967,3077515.1190448804,141894.36810266992,893204.027341505,751309.6592388351
1652,4037762.714181967,3079279.0032227016,141894.36810266992,893204.027341505,751309.6592388351
1653,4037762.714181967,3081025.264352985,141894.36810266992,893204.027341505,751309.6592388351
1654,4037762.714181967,3082768.6160178734,141894.36810266992,893204.027341505,751309.6592388351
1655,4037762.714181967,3084486.9462803616,141894.36810266992,893204.027341505,751309.6592388351
1656,4037762.714181967,3084486.9462803616,141894.36810266992,893204.027341505,751309.6592388351
1657,4037762.714181967,3084486.9462803616,141894.36810266992,893204.027341505,751309.6592388351
1658,4037762.714181967,3084486.9462803616,141894.36810266992,893204.027341505,751309.6592388351
1659,4037762.714181967,3084486.9462803616,141894.36810266992,893204.027341505,751309.6592388351
1660,4037762.714181967,3084486.9462803616,141894.36810266992,893204.027341505,751309.6592388351
1661,4037762.714181967,3084486.9462803616,141894.36810266992,893204.027341505,751309.6592388351
1662,4037789.0391819673,3084486.9462803616,141894.36810266992,893204.027341505,751309.6592388351
1663,4039767.6141819675,3084486.9462803616,141894.36810266992,893204.027341505,751309.6592388351
1664,4047638.8641819675,3084486.9462803616,141894.36810266992,893204.027341505,751309.6592388351
1665,4057982.1891819676,3084486.9462803616,141894.36810266992,902249.4905753928,760355.1224727229
1666,4068324.9891819675,3084486.9462803616,141894.36810266992,912587.0274174981,770692.6593148281
1667,4079434.8141819676,3084486.9462803616,141894.36810266992,923691.5892596033,781797.2211569333
1668,4090176.014181968,3085506.75546522,141894.36810266992,933407.7169168502,791513.3488141802
1669,4100918.489181968,3087392.421551732,141894.36810266992,942259.2626724436,800364.8945697737
1670,4111468.814181968,3089308.096695607,141894.36810266992,950888.6493706737,808994.2812680037
1671,4121518.739181968,3091263.257441276,141894.36810266992,958978.1504671099,817083.7823644399
1672,4125361.8826395106,3093370.624790913,141894.36810266992,960708.6634171209,818814.295314451
1673,4125734.787234588,3095507.6686875825,141894.36810266992,960708.6634171209,818814.295314451
1674,4125734.787234588,3097693.259092563,141894.36810266992,960708.6634171209,818814.295314451
1675,4125734.787234588,3099731.547420956,141894.36810266992,960708.6634171209,818814.295314451
1676,4125734.787234588,3101562.099920122,141894.36810266992,960708.6634171209,818814.295314451
1677,4125734.787234588,3103354.912496731,141894.36810266992,960708.6634171209,818814.295314451
1678,4125734.787234588,3105138.6641668235,141894.36810266992,960708.6634171209,818814.295314451
1679,4125734.787234588,3106914.3524613916,141894.36810266992,960708.6634171209,818814.295314451
1680,4125734.787234588,3108669.4251154438,141894.36810266992,960708.6634171209,818814.295314451
1681,4125734.787234588,3110418.5957111227,141894.36810266992,960708.6634171209,818814.295314451
1682,4125734.787234588,3112161.448610515,141894.36810266992,960708.6634171209,818814.295314451
1683,4125734.787234588,3113897.7344308714,141894.36810266992,960708.6634171209,818814.295314451
1684,4125734.787234588,3115638.841651026,141894.36810266992,960708.6634171209,818814.295314451
1685,4125741.903733327,3117433.3999068723,141894.36810266992,960708.6634171209,818814.295314451
1686,4127084.894791293,3119336.190275425,141894.36810266992,960708.6634171209,818814.295314451
1687,4133466.463594196,3121309.8884720416,141894.36810266992,960708.6634171209,818814.295314451
1688,4143243.837635017,3123261.225348905,141894.36810266992,960708.6634171209,818814.295314451
1689,4153163.875086875,3125054.370435845,141894.36810266992,960708.6634171209,818814.295314451
1690,4163449.3787176227,3126688.9912225306,141894.36810266992,962789.938426454,820895.570323784
1691,4173140.617580178,3128225.5214616014,141894.36810266992,970939.383892044,829045.015789374
1692,4182693.5389523334,3129719.8228886486,141894.36810266992,978992.7406792574,837098.3725765875
1693,4192583.22001403,3131186.1934479005,141894.36810266992,987410.7880238075,845516.4199211375
1694,4201765.310963094,3132638.2660629237,141894.36810266992,995135.5431999532,853241.1750972832
1695,4209444.692181775,3134172.053091765,141894.36810266992,1001275.8742318983,859381.5061292284
1696,4213248.59957969,3135820.306802017,141894.36810266992,1003426.2647616664,861531.8966589965
1697,4213550.640660313,3137586.601679737,141894.36810266992,1003426.2647616664,861531.8966589965
1698,4213550.640660313,3139471.935255918,141894.36810266992,1003426.2647616664,861531.8966589965
1699,4213550.640660313,3141366.6622489467,141894.36810266992,1003426.2647616664,861531.8966589965
1700,4213550.640660313,3143220.573598858,141894.36810266992,1003426.2647616664,861531.8966589965
1701,4213550.640660313,3145059.106345965,141894.36810266992,1003426.2647616664,861531.8966589965
1702,4213550.640660313,3146894.480244929,141894.36810266992,1003426.2647616664,861531.8966589965
1703,4213550.640660313,3148712.812989434,141894.36810266992,1003426.2647616664,861531.8966589965
1704,4213550.640660313,3150501.0535489935,141894.36810266992,1003426.2647616664,861531.8966589965
1705,4213550.640660313,3152292.4529566965,141894.36810266992,1003426.2647616664,861531.8966589965
1706,4213550.640660313,3154091.9157399237,141894.36810266992,1003426.2647616664,861531.8966589965
1707,4213550.640660313,3155891.0460128197,141894.36810266992,1003426.2647616664,861531.8966589965
1708,4213550.640660313,3157688.7631168095,141894.36810266992,1003426.2647616664,861531.8966589965
1709,4213553.207824929,3159543.3394873827,141894.36810266992,1003426.2647616664,861531.8966589965
1710,4214480.254914819,3161490.4368575276,141894.36810266992,1003426.2647616664,861531.8966589965
1711,4219772.196456944,3163498.300490644,141894.36810266992,1003426.2647616664,861531.8966589965
1712,4228632.648486778,3165485.9641211582,141894.36810266992,1003426.2647616664,861531.8966589965
1713,4237790.662784091,3167311.6120929434,141894.36810266992,1003426.2647616664,861531.8966589965
1714,4247123.2836324,3168972.8337061005,141894.36810266992,1003426.2647616664,861531.8966589965
1715,4257060.705428962,3170539.3730025347,141894.36810266992,1009805.1693521956,867910.8012495256
1716,4266448.478019532,3172013.391299397,141894.36810266992,1017713.660488009,875819.292385339
1717,4276075.5718039265,3173473.111652031,141894.36810266992,1025875.770761875,883981.402659205
1718,4285223.60984551,3175005.4855119656,141894.36810266992,1033486.1717856288,891591.8036829588
1719,4293637.47552177,3176613.2560894312,141894.36810266992,1040287.0037265287,898392.6356238588
1720,4297537.917585012,3178314.960835375,141894.36810266992,1042480.4778859318,900586.1097832619
1721,4297878.122370266,3180175.522391904,141894.36810266992,1042480.4778859318,900586.1097832619
1722,4297878.122370266,3182067.506174703,141894.36810266992,1042480.4778859318,900586.1097832619
1723,4297878.122370266,3183945.1920132735,141894.36810266992,1042480.4778859318,900586.1097832619
1724,4297878.122370266,3185791.788135905,141894.36810266992,1042480.4778859318,900586.1097832619
1725,4297878.122370266,3187616.3554491145,141894.36810266992,1042480.4778859318,900586.1097832619
1726,4297878.122370266,3189417.231401248,141894.36810266992,1042480.4778859318,900586.1097832619
1727,4297878.122370266,3191189.7608476724,141894.36810266992,1042480.4778859318,900586.1097832619
1728,4297878.122370266,3192946.246670631,141894.36810266992,1042480.4778859318,900586.1097832619
1729,4297878.122370266,3194703.065003921,141894.36810266992,1042480.4778859318,900586.1097832619
1730,4297878.122370266,3196447.331072219,141894.36810266992,1042480.4778859318,900586.1097832619
1731,4297878.122370266,3198184.9469338995,141894.36810266992,1042480.4778859318,900586.1097832619
1732,4297878.122370266,3199913.501889063,141894.36810266992,1042480.4778859318,900586.1097832619
1733,4297897.316162636,3201688.8576733,141894.36810266992,1042480.4778859318,900586.1097832619
1734,4299532.336982629,3203500.540211187,141894.36810266992,1042480.4778859318,900586.1097832619
1735,4306516.652567328,3205330.0120517774,141894.36810266992,1042480.4778859318,900586.1097832619
1736,4315417.549455256,3207152.83368575,141894.36810266992,1042480.4778859318,900586.1097832619
1737,4325295.678824222,3208934.839676605,141894.36810266992,1042480.4778859318,900586.1097832619
1738,4335050.260336322,3210668.299159149,141894.36810266992,1045063.8015013841,903169.4333987142
1739,4345305.491870737,3212420.2960926406,141894.36810266992,1053561.772944413,911667.404841743
1740,4355571.569769234,3214165.975329845,141894.36810266992,1062076.9084478116,920182.5403451417
1741,4366540.058901937,3215883.3911889237,141894.36810266992,1071322.7185635406,929428.3504608707
1742,4377271.451766217,3217649.353556313,141894.36810266992,1080282.8859025366,938388.5177998666
1743,4386598.772474762,3219368.8476049597,141894.36810266992,1087885.4494045405,945991.0813018705
1744,4392304.331104064,3221131.6511242054,141894.36810266992,1091822.9413567022,949928.5732540323
1745,4392891.237947211,3222909.0850980105,141894.36810266992,1091822.9413567022,949928.5732540323
1746,4392891.237947211,3224684.7733925786,141894.36810266992,1091822.9413567022,949928.5732540323
1747,4392891.237947211,3226466.7793834335,141894.36810266992,1091822.9413567022,949928.5732540323
1748,4392891.237947211,3228230.247923341,141894.36810266992,1091822.9413567022,949928.5732540323
1749,4392891.237947211,3229982.5773671637,141894.36810266992,1091822.9413567022,949928.5732540323
1750,4392891.237947211,3231725.430266556,141894.36810266992,1091822.9413567022,949928.5732540323
1751,4392891.237947211,3233466.5374867106,141894.36810266992,1091822.9413567022,949928.5732540323
1752,4392891.237947211,3235199.664458924,141894.36810266992,1091822.9413567022,949928.5732540323
1753,4392891.237947211,3236932.7914311374,141894.36810266992,1091822.9413567022,949928.5732540323
1754,4392891.237947211,3238659.6007070635,141894.36810266992,1091822.9413567022,949928.5732540323
1755,4392891.237947211,3240384.6643037526,141894.36810266992,1091822.9413567022,949928.5732540323
1756,4392891.237947211,3242102.412673162,141894.36810266992,1091822.9413567022,949928.5732540323
1757,4392891.237947211,3243871.8663990255,141894.36810266992,1091822.9413567022,949928.5732540323
1758,4392918.767645773,3245664.6789756347,141894.36810266992,1091822.9413567022,949928.5732540323
1759,4394838.170133077,3247474.9483446158,141894.36810266992,1091822.9413567022,949928.5732540323
1760,4402670.355856279,3249260.1131836143,141894.36810266992,1091822.9413567022,949928.5732540323
1761,4413184.254412547,3251028.153740572,141894.36810266992,1091822.9413567022,949928.5732540323
1762,4423252.600024968,3252783.6420325376,141894.36810266992,1091822.9413567022,949928.5732540323
1763,4434909.5655774055,3254502.4710605224,141894.36810266992,1098399.111166572,956504.743063902
1764,4446018.150379561,3256243.2457703464,141894.36810266992,1107761.658101009,965867.289998339
1765,4456319.24332795,3257978.1184217967,141894.36810266992,1116322.6152400533,974428.2471373833
1766,4467213.580275064,3259643.49641409,141894.36810266992,1125546.3110369798,983651.9429343098
1767,4476797.349936289,3261302.9723480097,141894.36810266992,1133465.3416063897,991570.9735037198
1768,4480567.794635082,3263059.7906812993,141894.36810266992,1135473.7048139982,993579.3367113282
1769,4480937.694208368,3264801.3135393676,141894.36810266992,1135473.7048139982,993579.3367113282
1770,4480937.694208368,3266572.0973065547,141894.36810266992,1135473.7048139982,993579.3367113282
1771,4480937.694208368,3268368.401241638,141894.36810266992,1135473.7048139982,993579.3367113282
1772,4480937.694208368,3270147.2483843495,141894.36810266992,1135473.7048139982,993579.3367113282
1773,4480937.694208368,3271919.777830774,141894.36810266992,1135473.7048139982,993579.3367113282
1774,4480937.694208368,3273684.659539588,141894.36810266992,1135473.7048139982,993579.3367113282
1775,4480937.694208368,3275446.0498899273,141894.36810266992,1135473.7048139982,993579.3367113282
1776,4480937.694208368,3277199.792502656,141894.36810266992,1135473.7048139982,993579.3367113282
1777,4480937.694208368,3278939.5696814875,141894.36810266992,1135473.7048139982,993579.3367113282
1778,4480937.694208368,3280661.8900679466,141894.36810266992,1135473.7048139982,993579.3367113282
1779,4480937.694208368,3282385.956133643,141894.36810266992,1135473.7048139982,993579.3367113282
1780,4480937.694208368,3284101.9588238155,141894.36810266992,1135473.7048139982,993579.3367113282
1781,4480940.36205394,3285887.4561731447,141894.36810266992,1135473.7048139982,993579.3367113282
1782,4481731.931047373,3287785.674524648,141894.36810266992,1135473.7048139982,993579.3367113282
1783,4486770.513313928,3289754.8007042147,141894.36810266992,1135473.7048139982,993579.3367113282
1784,4494783.085117513,3291667.400127529,141894.36810266992,1135473.7048139982,993579.3367113282
1785,4502997.423038985,3293548.577324574,141894.36810266992,1135473.7048139982,993579.3367113282
1786,4511269.510134223,3295327.424467285,141894.36810266992,1135473.7048139982,993579.3367113282
1787,4520248.104258707,3296939.7670618,141894.36810266992,1138653.9713131923,996759.6032105223
1788,4528726.810653002,3298621.188677559,141894.36810266992,1145445.9929338337,1003551.6248311638
1789,4536831.531322328,3300329.543630121,141894.36810266992,1151837.0954927036,1009942.7273900337
1790,4545279.688763772,3302006.4763564127,141894.36810266992,1158603.0570499604,1016708.6889472904
1791,4552384.416891551,3303720.7333673476,141894.36810266992,1163988.2650089087,1022093.8969062387
1792,4556136.255509107,3305497.834830822,141894.36810266992,1165957.7390050965,1024063.3709024265
1793,4556425.296053134,3307271.7774461526,141894.36810266992,1165957.7390050965,1024063.3709024265
1794,4556425.296053134,3309113.4690414034,141894.36810266992,1165957.7390050965,1024063.3709024265
1795,4556425.296053134,3310956.5738055604,141894.36810266992,1165957.7390050965,1024063.3709024265
1796,4556425.296053134,3312765.430005635,141894.36810266992,1165957.7390050965,1024063.3709024265
1797,4556425.296053134,3314547.43599649,141894.36810266992,1165957.7390050965,1024063.3709024265
1798,4556425.296053134,3316329.441987345,141894.36810266992,1165957.7390050965,1024063.3709024265
1799,4556425.296053134,3318083.5171104046,141894.36810266992,1165957.7390050965,1024063.3709024265
1800,4556425.296053134,3319815.2309137117,141894.36810266992,1165957.7390050965,1024063.3709024265
1801,4556425.296053134,3321536.1381312646,141894.36810266992,1165957.7390050965,1024063.3709024265
1802,4556425.296053134,3323244.4930838263,141894.36810266992,1165957.7390050965,1024063.3709024265
1803,4556425.296053134,3324951.1023571505,141894.36810266992,1165957.7390050965,1024063.3709024265
1804,4556425.296053134,3326657.711630475,141894.36810266992,1165957.7390050965,1024063.3709024265
1805,4556431.735007774,3328417.688811908,141894.36810266992,1165957.7390050965,1024063.3709024265
1806,4557390.936637744,3330285.898106048,141894.36810266992,1165957.7390050965,1024063.3709024265
1807,4562325.054649278,3332229.919755632,141894.36810266992,1165957.7390050965,1024063.3709024265
1808,4569891.4366603065,3334244.766105697,141894.36810266992,1165957.7390050965,1024063.3709024265
1809,4577788.517753017,3336227.8577191615,141894.36810266992,1165957.7390050965,1024063.3709024265
1810,4586533.663271881,3338068.136145506,141894.36810266992,1165957.7390050965,1024063.3709024265
1811,4594837.910553393,3340128.0376454075,141894.36810266992,1167412.7360224314,1025518.3679197615
1812,4602689.98990222,3342488.528484439,141894.36810266992,1172899.0613743318,1031004.6932716619
1813,4610642.576157315,3344566.2192870434,141894.36810266992,1178768.6936689278,1036874.3255662578
1814,4617495.829001732,3346585.3051438276,141894.36810266992,1183597.597498667,1041703.229395997
1815,4623126.84236989,3348481.7778160935,141894.36810266992,1187326.875036664,1045432.5069339941
1816,4626254.66166716,3350516.9072963432,141894.36810266992,1188414.30169579,1046519.93359312
1817,4626554.931956184,3352344.3009473654,141894.36810266992,1188414.30169579,1046519.93359312
1818,4626554.931956184,3354214.255920742,141894.36810266992,1188414.30169579,1046519.93359312
1819,4626554.931956184,3356103.0808553975,141894.36810266992,1188414.30169579,1046519.93359312
1820,4626554.931956184,3357962.2292430205,141894.36810266992,1188414.30169579,1046519.93359312
1821,4626554.931956184,3359805.6665175087,141894.36810266992,1188414.30169579,1046519.93359312
1822,4626554.931956184,3361658.1646985137,141894.36810266992,1188414.30169579,1046519.93359312
1823,4626554.931956184,3363496.697445621,141894.36810266992,1188414.30169579,1046519.93359312
1824,4626554.931956184,3365305.5536456956,141894.36810266992,1188414.30169579,1046519.93359312
1825,4626554.931956184,3367112.6641665334,141894.36810266992,1188414.30169579,1046519.93359312
1826,4626554.931956184,3368916.6158392276,141894.36810266992,1188414.30169579,1046519.93359312
1827,4626554.931956184,3370716.078622455,141894.36810266992,1188414.30169579,1046519.93359312
1828,4626554.931956184,3372513.7957264446,141894.36810266992,1188414.30169579,1046519.93359312
1829,4626561.557616843,3374376.102962211,141894.36810266992,1188414.30169579,1046519.93359312
1830,4627563.451182056,3376342.070293634,141894.36810266992,1188414.30169579,1046519.93359312
1831,4632431.090607953,3378365.977550216,141894.36810266992,1188414.30169579,1046519.93359312
1832,4640350.265076685,3380325.2946750214,141894.36810266992,1188414.30169579,1046519.93359312
1833,4648556.202590709,3382124.7574582486,141894.36810266992,1188414.30169579,1046519.93359312
1834,4657422.939850055,3383779.6613751184,141894.36810266992,1188414.30169579,1046519.93359312
1835,4665860.811267944,3385332.235237655,141894.36810266992,1190483.4261311993,1048589.0580285294
1836,4674466.793936972,3386859.704570209,141894.36810266992,1197556.676309778,1055662.308207108
1837,4682257.769544666,3388328.9014672735,141894.36810266992,1203873.1918625133,1061978.8237598434
1838,4689332.868121147,3389820.376556508,141894.36810266992,1209451.5521918659,1067557.184089196
1839,4695190.971548011,3391346.1002098247,141894.36810266992,1213778.6688075175,1071884.3007048476
1840,4698390.017667731,3392997.51276822,141894.36810266992,1215321.0392109475,1073426.6711082775
1841,4698683.7351960605,3394744.937684662,141894.36810266992,1215321.0392109475,1073426.6711082775
1842,4698683.7351960605,3396616.3058269457,141894.36810266992,1215321.0392109475,1073426.6711082775
1843,4698683.7351960605,3398513.1941371253,141894.36810266992,1215321.0392109475,1073426.6711082775
1844,4698683.7351960605,3400373.7556936545,141894.36810266992,1215321.0392109475,1073426.6711082775
1845,4698683.7351960605,3402235.73041909,141894.36810266992,1215321.0392109475,1073426.6711082775
1846,4698683.7351960605,3404091.3874482387,141894.36810266992,1215321.0392109475,1073426.6711082775
1847,4698683.7351960605,3405928.174516109,141894.36810266992,1215321.0392109475,1073426.6711082775
1848,4698683.7351960605,3407740.1895643272,141894.36810266992,1215321.0392109475,1073426.6711082775
1849,4698683.7351960605,3409561.2655190625,141894.36810266992,1215321.0392109475,1073426.6711082775
1850,4698683.7351960605,3411366.9628709937,141894.36810266992,1215321.0392109475,1073426.6711082775
1851,4698683.7351960605,3413174.0733918315,141894.36810266992,1215321.0392109475,1073426.6711082775
1852,4698683.7351960605,3414989.2472881936,141894.36810266992,1215321.0392109475,1073426.6711082775
1853,4698686.401306406,3416862.0285993833,141894.36810266992,1215321.0392109475,1073426.6711082775
1854,4699632.446024876,3418813.365476247,141894.36810266992,1215321.0392109475,1073426.6711082775
1855,4705366.588576563,3420829.624995218,141894.36810266992,1215321.0392109475,1073426.6711082775
1856,4714104.124208802,3422797.005495548,141894.36810266992,1215321.0392109475,1073426.6711082775
1857,4723890.0880499035,3424641.855938942,141894.36810266992,1215321.0392109475,1073426.6711082775
1858,4732898.430277377,3426347.05204336,141894.36810266992,1215321.0392109475,1073426.6711082775
1859,4743223.138168978,3427940.524676597,141894.36810266992,1222482.3562211702,1080587.9881185002
1860,4752387.008531081,3429472.8985365317,141894.36810266992,1230108.5895654438,1088214.2214627739
1861,4761450.288724199,3430953.234529681,141894.36810266992,1237686.2706075183,1095791.9025048483
1862,4771062.296928318,3432411.5417134087,141894.36810266992,1245834.7084700153,1103940.3403673454
1863,4779114.240961951,3433964.1155759455,141894.36810266992,1252328.815483217,1110434.447380547
1864,4783244.609484512,3435623.591509865,141894.36810266992,1254794.4449139638,1112900.0768112938
1865,4783567.691482082,3437413.5777486614,141894.36810266992,1254794.4449139638,1112900.0768112938
1866,4783567.691482082,3439309.0528899347,141894.36810266992,1254794.4449139638,1112900.0768112938
1867,4783567.691482082,3441213.588937725,141894.36810266992,1254794.4449139638,1112900.0768112938
1868,4783567.691482082,3443088.448438483,141894.36810266992,1254794.4449139638,1112900.0768112938
1869,4783567.691482082,3444936.457730021,141894.36810266992,1254794.4449139638,1112900.0768112938
1870,4783567.691482082,3446781.3081734153,141894.36810266992,1254794.4449139638,1112900.0768112938
1871,4783567.691482082,3448625.826106479,141894.36810266992,1254794.4449139638,1112900.0768112938
1872,4783567.691482082,3450453.219757501,141894.36810266992,1254794.4449139638,1112900.0768112938
1873,4783567.691482082,3452274.2957122363,141894.36810266992,1254794.4449139638,1112900.0768112938
1874,4783567.691482082,3454078.2473849305,141894.36810266992,1254794.4449139638,1112900.0768112938
1875,4783567.691482082,3455879.4558473947,141894.36810266992,1254794.4449139638,1112900.0768112938
1876,4783567.691482082,3457677.1729513844,141894.36810266992,1254794.4449139638,1112900.0768112938
1877,4783567.691482082,3459509.4711297876,141894.36810266992,1254794.4449139638,1112900.0768112938
1878,4783592.755369692,3461429.7182907127,141894.36810266992,1254794.4449139638,1112900.0768112938
1879,4785530.857584752,3463400.257639186,141894.36810266992,1254794.4449139638,1112900.0768112938
1880,4793309.179323614,3465375.70151504,141894.36810266992,1254794.4449139638,1112900.0768112938
1881,4803771.4659743775,3467336.7643190823,141894.36810266992,1254794.4449139638,1112900.0768112938
1882,4814145.606864754,3469280.7859686664,141894.36810266992,1254794.4449139638,1112900.0768112938
1883,4825587.298104184,3471282.747543409,141894.36810266992,1258652.2349063102,1116757.8668036403
1884,4836437.931157244,3473303.57907943,141894.36810266992,1267476.7732654545,1125582.4051627845
1885,4847515.324072676,3475340.121728586,141894.36810266992,1276512.360373835,1134617.9922711651
1886,4857895.016035194,3477365.7746644053,141894.36810266992,1284861.1362426393,1142966.7681399693
1887,4867816.469852897,3479392.8407691307,141894.36810266992,1292750.2607977232,1150855.8926950532
1888,4871788.986358408,3481405.9414399583,141894.36810266992,1294704.413474511,1152810.045371841
1889,4872163.607139596,3483360.7696752967,141894.36810266992,1294704.413474511,1152810.045371841
1890,4872163.607139596,3485266.718891993,141894.36810266992,1294704.413474511,1152810.045371841
1891,4872163.607139596,3487173.000619021,141894.36810266992,1294704.413474511,1152810.045371841
1892,4872163.607139596,3489025.498800026,141894.36810266992,1294704.413474511,1152810.045371841
1893,4872163.607139596,3490871.7624123264,141894.36810266992,1294704.413474511,1152810.045371841
1894,4872163.607139596,3492696.329725536,141894.36810266992,1294704.413474511,1152810.045371841
1895,4872163.607139596,3494503.440246374,141894.36810266992,1294704.413474511,1152810.045371841
1896,4872163.607139596,3496293.42648517,141894.36810266992,1294704.413474511,1152810.045371841
1897,4872163.607139596,3498081.3345343987,141894.36810266992,1294704.413474511,1152810.045371841
1898,4872163.607139596,3499853.863980823,141894.36810266992,1294704.413474511,1152810.045371841
1899,4872163.607139596,3501613.8411622564,141894.36810266992,1294704.413474511,1152810.045371841
1900,4872163.607139596,3503366.170606079,141894.36810266992,1294704.413474511,1152810.045371841
1901,4872182.161412494,3505170.122278773,141894.36810266992,1294704.413474511,1152810.045371841
1902,4873814.109129986,3507010.4007051177,141894.36810266992,1294704.413474511,1152810.045371841
1903,4880986.278370106,3508858.409996656,141894.36810266992,1294704.413474511,1152810.045371841
1904,4890581.3154383255,3510706.419288194,141894.36810266992,1294704.413474511,1152810.045371841
1905,4900515.98247598,3512556.174258969,141894.36810266992,1294704.413474511,1152810.045371841
1906,4910944.773143822,3514388.0567994583,141894.36810266992,1298260.7400528258,1156366.3719501558
1907,4920918.642842245,3516214.037281574,141894.36810266992,1306403.3661112383,1164508.9980085683
1908,4931399.181459064,3518052.2375183506,141894.36810266992,1315040.4413333854,1173146.0732307155
1909,4941630.344442761,3519865.3332251445,141894.36810266992,1323453.245452394,1181558.877349724
1910,4952449.66650101,3521670.698066745,141894.36810266992,1332461.939511148,1190567.571408478
1911,4961794.123948896,3523468.4151707347,141894.36810266992,1340003.41669715,1198109.0485944801
1912,4967363.371027148,3525231.551200311,141894.36810266992,1343804.2645879306,1201909.8964852607
1913,4967917.0574330725,3526960.1061554747,141894.36810266992,1343804.2645879306,1201909.8964852607
1914,4967917.0574330725,3528713.8487682035,141894.36810266992,1343804.2645879306,1201909.8964852607
1915,4967917.0574330725,3530497.2679279647,141894.36810266992,1343804.2645879306,1201909.8964852607
1916,4967917.0574330725,3532260.403957541,141894.36810266992,1343804.2645879306,1201909.8964852607
1917,4967917.0574330725,3534012.7334013637,141894.36810266992,1343804.2645879306,1201909.8964852607
1918,4967917.0574330725,3535756.999469662,141894.36810266992,1343804.2645879306,1201909.8964852607
1919,4967917.0574330725,3537503.0112171974,141894.36810266992,1343804.2645879306,1201909.8964852607
1920,4967917.0574330725,3539231.8986826916,141894.36810266992,1343804.2645879306,1201909.8964852607
1921,4967917.0574330725,3540973.0059028463,141894.36810266992,1343804.2645879306,1201909.8964852607
1922,4967917.0574330725,3542700.1476891036,141894.36810266992,1343804.2645879306,1201909.8964852607
1923,4967917.0574330725,3544423.7981168865,141894.36810266992,1343804.2645879306,1201909.8964852607
1924,4967917.0574330725,3546146.1185033456,141894.36810266992,1343804.2645879306,1201909.8964852607
1925,4967936.758786424,3547924.633135726,141894.36810266992,1343804.2645879306,1201909.8964852607
1926,4969461.794071625,3549753.7724659857,141894.36810266992,1343804.2645879306,1201909.8964852607
1927,4976633.549452445,3551584.3249651515,141894.36810266992,1343804.2645879306,1201909.8964852607
1928,4986155.372808926,3553312.879920315,141894.36810266992,1343804.2645879306,1201909.8964852607
1929,4996185.112978304,3554864.123741528,141894.36810266992,1343804.2645879306,1201909.8964852607
1930,5006214.174061551,3556261.3321519536,141894.36810266992,1349130.8582016611,1207236.4900989912
1931,5016137.277331979,3557529.360298826,141894.36810266992,1357780.6701673223,1215886.3020646523
1932,5027128.900534093,3558712.9308216507,141894.36810266992,1367583.4596887168,1225689.0915860469
1933,5037636.925262229,3559880.7902313406,141894.36810266992,1376918.3618492675,1235023.9937465976
1934,5047774.400152392,3561067.519602309,141894.36810266992,1385863.8442105681,1243969.4761078982
1935,5057143.471903751,3562329.645690808,141894.36810266992,1393965.5267155329,1252071.158612863
1936,5062790.342687632,3563750.2960795616,141894.36810266992,1398186.4839527656,1256292.1158500956
1937,5063359.005021087,3565315.5053346725,141894.36810266992,1398186.4839527656,1256292.1158500956
1938,5063359.005021087,3567048.9648172166,141894.36810266992,1398186.4839527656,1256292.1158500956
1939,5063359.005021087,3568846.6819212064,141894.36810266992,1398186.4839527656,1256292.1158500956
1940,5063359.005021087,3570630.4335912988,141894.36810266992,1398186.4839527656,1256292.1158500956
1941,5063359.005021087,3572416.9284716207,141894.36810266992,1398186.4839527656,1256292.1158500956
1942,5063359.005021087,3574216.0587445167,141894.36810266992,1398186.4839527656,1256292.1158500956
1943,5063359.005021087,3576020.010417211,141894.36810266992,1398186.4839527656,1256292.1158500956
1944,5063359.005021087,3577811.409824914,141894.36810266992,1398186.4839527656,1256292.1158500956
1945,5063359.005021087,3579604.5549118537,141894.36810266992,1398186.4839527656,1256292.1158500956
1946,5063359.005021087,3581395.9543195567,141894.36810266992,1398186.4839527656,1256292.1158500956
1947,5063359.005021087,3583179.373479318,141894.36810266992,1398186.4839527656,1256292.1158500956
1948,5063359.005021087,3584438.3407196733,141894.36810266992,1398186.4839527656,1256292.1158500956
1949,5063365.457666903,3586229.7401273763,141894.36810266992,1398186.4839527656,1256292.1158500956
1950,5064362.572496723,3588126.628437556,141894.36810266992,1398186.4839527656,1256292.1158500956
1951,5069382.059768544,3590120.8591471054,141894.36810266992,1398186.4839527656,1256292.1158500956
1952,5077250.059603054,3592064.8807966895,141894.36810266992,1398186.4839527656,1256292.1158500956
1953,5085553.028562373,3593851.3756770114,141894.36810266992,1398186.4839527656,1256292.1158500956
1954,5094041.097857467,3595498.216218357,141894.36810266992,1398186.4839527656,1256292.1158500956
1955,5102896.045744892,3597047.714360333,141894.36810266992,1402455.6311731874,1260561.2630705175
1956,5110872.729492877,3598538.8569392366,141894.36810266992,1408935.9091843737,1267041.5410817037
1957,5118574.474623686,3600006.308157064,141894.36810266992,1415164.939939461,1273270.571836791
1958,5125494.2597519215,3601468.106699266,141894.36810266992,1420617.6633675995,1278723.2952649295
1959,5131536.01144805,3602956.5060679396,141894.36810266992,1425165.7525371592,1283271.3844344893
1960,5134598.215052035,3604587.3029858195,141894.36810266992,1426591.8960653695,1284697.5279626995
1961,5134894.951251147,3606323.9213165073,141894.36810266992,1426591.8960653695,1284697.5279626995
1962,5134894.951251147,3608176.4194975123,141894.36810266992,1426591.8960653695,1284697.5279626995
1963,5134894.951251147,3610080.9555453025,141894.36810266992,1426591.8960653695,1284697.5279626995
1964,5134894.951251147,3611215.3145391545,141894.36810266992,1426591.8960653695,1284697.5279626995
1965,5134894.951251147,3613009.54028467,141894.36810266992,1426591.8960653695,1284697.5279626995
1966,5134894.951251147,3614805.8442197535,141894.36810266992,1426591.8960653695,1284697.5279626995
1967,5134894.951251147,3616594.084779313,141894.36810266992,1426591.8960653695,1284697.5279626995
1968,5134894.951251147,3618352.3162815087,141894.36810266992,1426591.8960653695,1284697.5279626995
1969,5134894.951251147,3620104.6457253313,141894.36810266992,1426591.8960653695,1284697.5279626995
1970,5134894.951251147,3621840.931545688,141894.36810266992,1426591.8960653695,1284697.5279626995
1971,5134894.951251147,3623563.251932147,141894.36810266992,1426591.8960653695,1284697.5279626995
1972,5134894.951251147,3625291.4743769793,141894.36810266992,1426591.8960653695,1284697.5279626995
1973,5134899.256976543,3627089.191480969,141894.36810266992,1426591.8960653695,1284697.5279626995
1974,5135530.267455689,3628971.6987193376,141894.36810266992,1426591.8960653695,1284697.5279626995
1975,5138640.249413311,3630951.6314846585,141894.36810266992,1426591.8960653695,1284697.5279626995
1976,5144158.883418072,3632896.6506652352,141894.36810266992,1426591.8960653695,1284697.5279626995
1977,5150136.5502758445,3634695.7809381313,141894.36810266992,1426591.8960653695,1284697.5279626995
1978,5156800.039056766,3636465.234663995,141894.36810266992,1426591.8960653695,1284697.5279626995
1979,5164169.943798837,3638267.4406574517,141894.36810266992,1426591.8960653695,1284697.5279626995
1980,5170586.264244631,3640093.4211395676,141894.36810266992,1426591.8960653695,1284697.5279626995
1981,5176830.606068281,3641830.0394702554,141894.36810266992,1428965.439691793,1287071.071589123
1982,5182290.907591817,3643509.715406777,141894.36810266992,1432740.8021209121,1290846.4340182422
1983,5187134.221008087,3645136.02343519,141894.36810266992,1435952.5443508744,1294058.1762482044
1984,5189621.169274143,3646746.9528607987,141894.36810266992,1436823.3000334266,1294928.9319307567
1985,5189992.43134556,3648444.0855896925,141894.36810266992,1436823.3000334266,1294928.9319307567
1986,5189992.43134556,3650282.6183367996,141894.36810266992,1436823.3000334266,1294928.9319307567
1987,5189992.43134556,3652151.16014127,141894.36810266992,1436823.3000334266,1294928.9319307567
1988,5189992.43134556,3653999.169432808,141894.36810266992,1436823.3000334266,1294928.9319307567
1989,5189992.43134556,3655820.2453875435,141894.36810266992,1436823.3000334266,1294928.9319307567
1990,5189992.43134556,3657635.4192839055,141894.36810266992,1436823.3000334266,1294928.9319307567
1991,5189992.43134556,3659437.6252773623,141894.36810266992,1436823.3000334266,1294928.9319307567
1992,5189992.43134556,3661222.790116361,141894.36810266992,1436823.3000334266,1294928.9319307567
1993,5189992.43134556,3663004.796107216,141894.36810266992,1436823.3000334266,1294928.9319307567
1994,5189992.43134556,3664810.160948816,141894.36810266992,1436823.3000334266,1294928.9319307567
1995,5189992.43134556,3666607.878052806,141894.36810266992,1436823.3000334266,1294928.9319307567
1996,5189992.43134556,3668404.1819878896,141894.36810266992,1436823.3000334266,1294928.9319307567
1997,5189999.97322651,3670266.156713325,141894.36810266992,1436823.3000334266,1294928.9319307567
1998,5190997.960925402,3672202.114987385,141894.36810266992,1436823.3000334266,1294928.9319307567
1999,5195991.903118871,3674164.923470665,141894.36810266992,1436823.3000334266,1294928.9319307567
2000,5203561.263633217,3676063.141822168,141894.36810266992,1436823.3000334266,1294928.9319307567
2001,5211969.600930714,3677853.1280609644,141894.36810266992,1436823.3000334266,1294928.9319307567
2002,5220858.324495087,3679526.569428782,141894.36810266992,1436823.3000334266,1294928.9319307567
2003,5230639.464233997,3681036.914479295,141894.36810266992,1440876.4994901887,1298982.1313875187
2004,5239690.465548646,3682569.2883392293,141894.36810266992,1448389.8637870078,1306495.4956843378
2005,5248516.317067538,3684419.0433100043,141894.36810266992,1455360.6971772304,1313466.3290745604
2006,5256212.236971432,3686385.0106414277,141894.36810266992,1461085.386591806,1319191.0184891361
2007,5263331.918114666,3688355.549989901,141894.36810266992,1466229.2652286722,1324334.8971260022
2008,5266897.539400791,3690274.0514715887,141894.36810266992,1467871.1218752146,1325976.7537725447
2009,5267287.97300347,3692172.269823092,141894.36810266992,1467871.1218752146,1325976.7537725447
2010,5267287.97300347,3694045.716154943,141894.36810266992,1467871.1218752146,1325976.7537725447
2011,5267287.97300347,3695918.8299764637,141894.36810266992,1467871.1218752146,1325976.7537725447
2012,5267287.97300347,3697746.556137817,141894.36810266992,1467871.1218752146,1325976.7537725447
2013,5267287.97300347,3699555.4123378918,141894.36810266992,1467871.1218752146,1325976.7537725447
2014,5267287.97300347,3701357.6183313485,141894.36810266992,1467871.1218752146,1325976.7537725447
2015,5267287.97300347,3703139.6243222035,141894.36810266992,1467871.1218752146,1325976.7537725447
2016,5267287.97300347,3704888.7949178824,141894.36810266992,1467871.1218752146,1325976.7537725447
2017,5267287.97300347,3706648.7720993157,141894.36810266992,1467871.1218752146,1325976.7537725447
2018,5267287.97300347,3708400.769032807,141894.36810266992,1467871.1218752146,1325976.7537725447
2019,5267287.97300347,3710140.5462116385,141894.36810266992,1467871.1218752146,1325976.7537725447
2020,5267287.97300347,3711884.812279937,141894.36810266992,1467871.1218752146,1325976.7537725447
2021,5267294.895637058,3713694.749138587,141894.36810266992,1467871.1218752146,1325976.7537725447
2022,5268217.912523101,3715572.767487488,141894.36810266992,1467871.1218752146,1325976.7537725447
2023,5272839.777515189,3717533.8302915306,141894.36810266992,1467871.1218752146,1325976.7537725447
2024,5280111.073892954,3719515.508736089,141894.36810266992,1467871.1218752146,1325976.7537725447
2025,5288435.232197844,3721526.5312173488,141894.36810266992,1467871.1218752146,1325976.7537725447
2026,5297253.179829289,3723501.559455289,141894.36810266992,1467871.1218752146,1325976.7537725447
2027,5306686.083730979,3725463.037897245,141894.36810266992,1469806.813332948,1327912.445230278
2028,5315089.775728454,3727369.3196242726,141894.36810266992,1476298.9604455007,1334404.5923428307
2029,5323308.461799044,3729522.0746340766,141894.36810266992,1482359.6283483924,1340465.2602457225
2030,5331453.502020984,3731784.8074358245,141894.36810266992,1488236.6726106897,1346342.3045080197
2031,5338526.01916382,3733975.3023681855,141894.36810266992,1493113.4316632699,1351219.0635606
2032,5342172.808793134,3736238.0351699335,141894.36810266992,1494492.225332941,1352597.857230271
2033,5342591.059461138,3738729.7844620864,141894.36810266992,1494492.225332941,1352597.857230271
2034,5342591.059461138,3741214.2185269594,141894.36810266992,1494492.225332941,1352597.857230271
2035,5342591.059461138,3743668.643534469,141894.36810266992,1494492.225332941,1352597.857230271
2036,5342591.059461138,3746079.0940507175,141894.36810266992,1494492.225332941,1352597.857230271
2037,5342591.059461138,3748363.8556618877,141894.36810266992,1494492.225332941,1352597.857230271
2038,5342591.059461138,3750451.0230089226,141894.36810266992,1494492.225332941,1352597.857230271
2039,5342591.059461138,3752404.1055650236,141894.36810266992,1494492.225332941,1352597.857230271
2040,5342591.059461138,3754164.082746457,141894.36810266992,1494492.225332941,1352597.857230271
2041,5342591.059461138,3755909.7619836614,141894.36810266992,1494492.225332941,1352597.857230271
2042,5342591.059461138,3757638.316938825,141894.36810266992,1494492.225332941,1352597.857230271
2043,5342591.059461138,3759371.776421369,141894.36810266992,1494492.225332941,1352597.857230271
2044,5342591.059461138,3761119.201337811,141894.36810266992,1494492.225332941,1352597.857230271
2045,5342593.401535684,3762924.5661794115,141894.36810266992,1494492.225332941,1352597.857230271
2046,5343200.85169247,3764772.5754709495,141894.36810266992,1494492.225332941,1352597.857230271
2047,5347060.143747402,3766721.0860100007,141894.36810266992,1494492.225332941,1352597.857230271
2048,5353720.299597208,3768713.5710403128,141894.36810266992,1494492.225332941,1352597.857230271
2049,5361327.233655595,3770679.205861405,141894.36810266992,1494492.225332941,1352597.857230271
2050,5369251.864773201,3772605.770718617,141894.36810266992,1494492.225332941,1352597.857230271
2051,5378013.257396668,3774432.083711064,141894.36810266992,1494492.225332941,1352597.857230271
2052,5386748.607908565,3776251.746496893,141894.36810266992,1496011.049418154,1354116.681315484
2053,5395315.491358409,3778146.889127835,141894.36810266992,1502677.5270791608,1360783.1589764908
2054,5402718.111705221,3780021.748628593,141894.36810266992,1508200.0247673206,1366305.6566646507
2055,5409546.339305314,3781875.992488835,141894.36810266992,1513168.7453492763,1371274.3772466064
2056,5413223.786804748,3783656.252800453,141894.36810266992,1515060.6693791978,1373166.3012765278
2057,5413608.611067443,3785457.1287525864,141894.36810266992,1515060.6693791978,1373166.3012765278
2058,5413608.611067443,3787275.045859178,141894.36810266992,1515060.6693791978,1373166.3012765278
2059,5413608.611067443,3789099.280662057,141894.36810266992,1515060.6693791978,1373166.3012765278
2060,5413608.611067443,3790908.1368621318,141894.36810266992,1515060.6693791978,1373166.3012765278
2061,5413608.611067443,3792693.3017011303,141894.36810266992,1515060.6693791978,1373166.3012765278
2062,5413608.611067443,3794456.4377307068,141894.36810266992,1515060.6693791978,1373166.3012765278
2063,5413608.611067443,3796198.9581197677,141894.36810266992,1515060.6693791978,1373166.3012765278
2064,5413608.611067443,3797925.767395694,141894.36810266992,1515060.6693791978,1373166.3012765278
2065,5413608.611067443,3799644.9289340093,141894.36810266992,1515060.6693791978,1373166.3012765278
2066,5413608.611067443,3801356.0270968005,141894.36810266992,1515060.6693791978,1373166.3012765278
2067,5413608.611067443,3803062.6363701248,141894.36810266992,1515060.6693791978,1373166.3012765278
2068,5413608.611067443,3804789.445646051,141894.36810266992,1515060.6693791978,1373166.3012765278
2069,5413611.140096493,3806576.3561642864,141894.36810266992,1515060.6693791978,1373166.3012765278
2070,5414552.22033425,3808399.177798259,141894.36810266992,1515060.6693791978,1373166.3012765278
2071,5420057.137459823,3810230.062807756,141894.36810266992,1515060.6693791978,1373166.3012765278
2072,5428880.876112002,3811935.258912174,141894.36810266992,1515060.6693791978,1373166.3012765278
2073,5438662.265043112,3813472.5372994896,141894.36810266992,1515060.6693791978,1373166.3012765278
2074,5447784.3196261525,3814803.825536815,141894.36810266992,1515873.8275766103,1373979.4594739403
2075,5457910.7111479,3816021.9771340527,141894.36810266992,1524776.8043432245,1382882.4362405546
2076,5467487.070653874,3817202.388808734,141894.36810266992,1533167.4890166232,1391273.1209139533
2077,5476820.877652407,3818459.610369852,141894.36810266992,1541238.8112961424,1399344.4431934725
2078,5485861.769709852,3819779.6763835093,141894.36810266992,1548954.3741820352,1407060.0060793653
2079,5494348.871907495,3821071.4790190407,141894.36810266992,1556144.4105862526,1414250.0424835826
2080,5498268.116576963,3822534.690730149,141894.36810266992,1558595.1803867177,1416700.8122840477
2081,5498613.092071465,3824247.5345721776,141894.36810266992,1558595.1803867177,1416700.8122840477
2082,5498613.092071465,3826002.6072262297,141894.36810266992,1558595.1803867177,1416700.8122840477
2083,5498613.092071465,3827790.847785789,141894.36810266992,1558595.1803867177,1416700.8122840477
2084,5498613.092071465,3829580.8340245853,141894.36810266992,1558595.1803867177,1416700.8122840477
2085,5498613.092071465,3831370.8202633816,141894.36810266992,1558595.1803867177,1416700.8122840477
2086,5498613.092071465,3833146.8410682804,141894.36810266992,1558595.1803867177,1416700.8122840477
2087,5498613.092071465,3834914.881625238,141894.36810266992,1558595.1803867177,1416700.8122840477
2088,5498613.092071465,3836679.7633340517,141894.36810266992,1558595.1803867177,1416700.8122840477
2089,5498613.092071465,3838437.9948362475,141894.36810266992,1558595.1803867177,1416700.8122840477
2090,5498613.092071465,3840182.260904546,141894.36810266992,1558595.1803867177,1416700.8122840477
2091,5498613.092071465,3841919.8767662263,141894.36810266992,1558595.1803867177,1416700.8122840477
2092,5498613.092071465,3843654.7494176766,141894.36810266992,1558595.1803867177,1416700.8122840477
2093,5498619.925982605,3845439.914256675,141894.36810266992,1558595.1803867177,1416700.8122840477
2094,5499602.1024826,3847267.3079076973,141894.36810266992,1558595.1803867177,1416700.8122840477
2095,5504318.625125317,3849071.2595803915,141894.36810266992,1558595.1803867177,1416700.8122840477
2096,5512170.219546671,3850733.811234872,141894.36810266992,1558595.1803867177,1416700.8122840477
2097,5520795.769675166,3852203.3406422674,141894.36810266992,1558595.1803867177,1416700.8122840477
2098,5529299.629343647,3853526.898014399,141894.36810266992,1558595.1803867177,1416700.8122840477
2099,5537863.589338757,3854732.081708732,141894.36810266992,1563390.5739721318,1421496.2058694619
2100,5546003.3125408655,3855874.4209505254,141894.36810266992,1570382.694774552,1428488.326671882
2101,5553595.305769946,3857025.1560781742,141894.36810266992,1576818.6897180893,1434924.3216154194
2102,5560986.312548214,3858185.3677502535,141894.36810266992,1583044.2216663829,1441149.853563713
2103,5566558.173044554,3859388.8057653494,141894.36810266992,1587407.3809897322,1445513.0128870623
2104,5569645.394208073,3860744.8660223265,141894.36810266992,1589133.2787383788,1447238.9106357088
2105,5569931.2265820885,3862264.68761727,141894.36810266992,1589133.2787383788,1447238.9106357088
2106,5569931.2265820885,3863958.66149802,141894.36810266992,1589133.2787383788,1447238.9106357088
2107,5569931.2265820885,3865718.638679453,141894.36810266992,1589133.2787383788,1447238.9106357088
2108,5569931.2265820885,3867478.6158608864,141894.36810266992,1589133.2787383788,1447238.9106357088
2109,5569931.2265820885,3869234.104152852,141894.36810266992,1589133.2787383788,1447238.9106357088
2110,5569931.2265820885,3870989.1768069044,141894.36810266992,1589133.2787383788,1447238.9106357088
2111,5569931.2265820885,3872731.6971959653,141894.36810266992,1589133.2787383788,1447238.9106357088
2112,5569931.2265820885,3874455.763261662,141894.36810266992,1589133.2787383788,1447238.9106357088
2113,5569931.2265820885,3876179.8293273584,141894.36810266992,1589133.2787383788,1447238.9106357088
2114,5569931.2265820885,3877878.3752251584,141894.36810266992,1589133.2787383788,1447238.9106357088
2115,5569931.2265820885,3879567.527706111,141894.36810266992,1589133.2787383788,1447238.9106357088
2116,5569931.2265820885,3881264.6604350046,141894.36810266992,1589133.2787383788,1447238.9106357088
2117,5569934.65306212,3883008.926503303,141894.36810266992,1589133.2787383788,1447238.9106357088
2118,5570906.914743758,3884850.6180985537,141894.36810266992,1589133.2787383788,1447238.9106357088
2119,5576337.337268527,3886775.4372765287,141894.36810266992,1589133.2787383788,1447238.9106357088
2120,5584723.079493221,3888758.528889993,141894.36810266992,1589133.2787383788,1447238.9106357088
2121,5593418.666355599,3890743.033672364,141894.36810266992,1589133.2787383788,1447238.9106357088
2122,5602136.692640443,3892710.7466830243,141894.36810266992,1589133.2787383788,1447238.9106357088
2123,5611063.320041924,3894367.063768801,141894.36810266992,1594385.2268564,1452490.85875373
2124,5619920.022562443,3896006.2565725357,141894.36810266992,1601597.4734152895,1459703.1053126196
2125,5629392.060531426,3897574.5415482074,141894.36810266992,1609495.9632507067,1467601.5951480367
2126,5638360.047757657,3899243.743409306,141894.36810266992,1616789.485457945,1474895.117355275
2127,5646280.579545731,3901018.0185349677,141894.36810266992,1622930.4789624622,1481036.1108597922
2128,5650506.763244289,3902756.0500345617,141894.36810266992,1625413.3680035314,1483518.9999008614
2129,5650908.36700119,3904569.4782516863,141894.36810266992,1625413.3680035314,1483518.9999008614
2130,5650908.36700119,3906382.906468811,141894.36810266992,1625413.3680035314,1483518.9999008614
2131,5650908.36700119,3908219.693536681,141894.36810266992,1625413.3680035314,1483518.9999008614
2132,5650908.36700119,3910034.534922712,141894.36810266992,1625413.3680035314,1483518.9999008614
2133,5650908.36700119,3911837.1565540824,141894.36810266992,1625413.3680035314,1483518.9999008614
2134,5650908.36700119,3913620.9082241748,141894.36810266992,1625413.3680035314,1483518.9999008614
2135,5650908.36700119,3915382.298574514,141894.36810266992,1625413.3680035314,1483518.9999008614
2136,5650908.36700119,3917118.584394871,141894.36810266992,1625413.3680035314,1483518.9999008614
2137,5650908.36700119,3918848.8850292712,141894.36810266992,1625413.3680035314,1483518.9999008614
2138,5650908.36700119,3920562.0613816306,141894.36810266992,1625413.3680035314,1483518.9999008614
2139,5650908.36700119,3922273.159544422,141894.36810266992,1625413.3680035314,1483518.9999008614
2140,5650908.36700119,3923987.7490656874,141894.36810266992,1625413.3680035314,1483518.9999008614
2141,5650910.5647509415,3925758.5328328745,141894.36810266992,1625413.3680035314,1483518.9999008614
2142,5651553.0088483775,3927614.522372354,141894.36810266992,1625413.3680035314,1483518.9999008614
2143,5655454.467978458,3929523.630437194,141894.36810266992,1625413.3680035314,1483518.9999008614
2144,5661997.175507627,3931362.163184301,141894.36810266992,1625413.3680035314,1483518.9999008614
2145,5669724.552592321,3933070.5181368627,141894.36810266992,1625413.3680035314,1483518.9999008614
2146,5677098.420260613,3934875.882978463,141894.36810266992,1625413.3680035314,1483518.9999008614
2147,5685514.436084591,3936571.6025384506,141894.36810266992,1625413.3680035314,1483518.9999008614
2148,5693721.351247379,3938479.2974343845,141894.36810266992,1630253.8307195788,1488359.4626169088
2149,5702191.633433145,3940352.411255905,141894.36810266992,1636845.7359259292,1494951.3678232592
2150,5709587.329239875,3942313.889697861,141894.36810266992,1642274.690132809,1500380.3220301392
2151,5716465.994391557,3944245.275954871,141894.36810266992,1647216.7058695857,1505322.3377669158
2152,5720155.492618083,3945980.1486063213,141894.36810266992,1649166.0682867668,1507271.7001840968
2153,5720522.694531914,3947826.412218622,141894.36810266992,1649166.0682867668,1507271.7001840968
2154,5720522.694531914,3949682.4017581013,141894.36810266992,1649166.0682867668,1507271.7001840968
2155,5720522.694531914,3951535.232449437,141894.36810266992,1649166.0682867668,1507271.7001840968
2156,5720522.694531914,3953353.5651939423,141894.36810266992,1649166.0682867668,1507271.7001840968
2157,5720522.694531914,3955165.2477318295,141894.36810266992,1649166.0682867668,1507271.7001840968
2158,5720522.694531914,3956950.412570828,141894.36810266992,1649166.0682867668,1507271.7001840968
2159,5720522.694531914,3958738.6531303874,141894.36810266992,1649166.0682867668,1507271.7001840968
2160,5720522.694531914,3960500.043480727,141894.36810266992,1649166.0682867668,1507271.7001840968
2161,5720522.694531914,3962264.59267921,141894.36810266992,1649166.0682867668,1507271.7001840968
2162,5720522.694531914,3964051.087559532,141894.36810266992,1649166.0682867668,1507271.7001840968
2163,5720522.694531914,3965823.6170059564,141894.36810266992,1649166.0682867668,1507271.7001840968
2164,5720522.694531914,3967082.251735981,141894.36810266992,1649166.0682867668,1507271.7001840968
2165,5720529.066252451,3968780.797633781,141894.36810266992,1649166.0682867668,1507271.7001840968
2166,5721583.497236761,3970689.905698621,141894.36810266992,1649166.0682867668,1507271.7001840968
2167,5726344.087291761,3972624.1182934437,141894.36810266992,1649166.0682867668,1507271.7001840968
2168,5733829.634618624,3974508.0387007184,141894.36810266992,1649166.0682867668,1507271.7001840968
2169,5741646.146680626,3976230.6915975083,141894.36810266992,1649166.0682867668,1507271.7001840968
2170,5749949.210376831,3977773.872043197,141894.36810266992,1649166.0682867668,1507271.7001840968
2171,5758697.011244692,3979207.074696942,141894.36810266992,1651891.3657129807,1509996.9976103108
2172,5767266.749083974,3980596.302859426,141894.36810266992,1659066.6122318846,1517172.2441292147
2173,5775158.516234539,3981961.7565332507,141894.36810266992,1665587.6625507302,1523693.2944480602
2174,5782271.309288513,3983335.2735825996,141894.36810266992,1671321.6753974599,1529427.30729479
2175,5788254.93405479,3984776.5396118686,141894.36810266992,1675858.7709765735,1533964.4028739035
2176,5791309.415472371,3986302.5957755162,141894.36810266992,1677381.9330726117,1535487.5649699417
2177,5791603.62413299,3987972.87829519,141894.36810266992,1677381.9330726117,1535487.5649699417
2178,5791603.62413299,3989750.312268995,141894.36810266992,1677381.9330726117,1535487.5649699417
2179,5791603.62413299,3991581.197278492,141894.36810266992,1677381.9330726117,1535487.5649699417
2180,5791603.62413299,3993380.6600617194,141894.36810266992,1677381.9330726117,1535487.5649699417
2181,5791603.62413299,3995167.570579955,141894.36810266992,1677381.9330726117,1535487.5649699417
2182,5791603.62413299,3996927.547761388,141894.36810266992,1677381.9330726117,1535487.5649699417
2183,5791603.62413299,3998678.1315259733,141894.36810266992,1677381.9330726117,1535487.5649699417
2184,5791603.62413299,4000400.4519124324,141894.36810266992,1677381.9330726117,1535487.5649699417
2185,5791603.62413299,4002119.613450748,141894.36810266992,1677381.9330726117,1535487.5649699417
2186,5791603.62413299,4003855.8992711045,141894.36810266992,1677381.9330726117,1535487.5649699417
2187,5791603.62413299,4005590.771922555,141894.36810266992,1677381.9330726117,1535487.5649699417
2188,5791603.62413299,4007330.549101386,141894.36810266992,1677381.9330726117,1535487.5649699417
2189,5791603.62413299,4009146.720528741,141894.36810266992,1677381.9330726117,1535487.5649699417
2190,5791753.24913299,4011035.5454633962,141894.36810266992,1677381.9330726117,1535487.5649699417
2191,5793423.42413299,4012963.8559998455,141894.36810266992,1677381.9330726117,1535487.5649699417
2192,5797538.37413299,4014792.995330105,141894.36810266992,1677381.9330726117,1535487.5649699417
2193,5803111.92413299,4016552.9725115383,141894.36810266992,1677381.9330726117,1535487.5649699417
2194,5810010.49913299,4018476.7110309377,141894.36810266992,1677381.9330726117,1535487.5649699417
2195,5818108.32413299,4020297.786985673,141894.36810266992,1677381.9330726117,1535487.5649699417
2196,5826718.92413299,4022137.732901687,141894.36810266992,1677381.9330726117,1535487.5649699417
2197,5835394.17413299,4024001.037668446,141894.36810266992,1681036.10974827,1539141.7416456
2198,5843533.8491329895,4025874.1514899665,141894.36810266992,1687297.4077688546,1545403.0396661847
2199,5850504.7241329895,4027843.277669533,141894.36810266992,1692293.8934313932,1550399.5253287232
2200,5856188.824132989,4030043.498529073,141894.36810266992,1695772.509413959,1553878.141311289
2201,5859206.674132989,4032315.7078752513,141894.36810266992,1696512.8869098856,1554618.5188072156
2202,5859927.874132989,4034643.0308087757,141894.36810266992,1696512.8869098856,1554618.5188072156
2203,5859930.649132989,4036956.055798072,141894.36810266992,1696512.8869098856,1554618.5188072156
2204,5859930.649132989,4039212.5540311155,141894.36810266992,1696512.8869098856,1554618.5188072156
2205,5859930.649132989,4041432.7255105088,141894.36810266992,1696512.8869098856,1554618.5188072156
2206,5859930.649132989,4043599.4459542106,141894.36810266992,1696512.8869098856,1554618.5188072156
2207,5859930.649132989,4045735.0766819734,141894.36810266992,1696512.8869098856,1554618.5188072156
2208,5859930.649132989,4047848.4292175663,141894.36810266992,1696512.8869098856,1554618.5188072156
2209,5859930.649132989,4049996.2796999896,141894.36810266992,1696512.8869098856,1554618.5188072156
2210,5859930.649132989,4052131.9104277524,141894.36810266992,1696512.8869098856,1554618.5188072156
2211,5859930.649132989,4054257.8152283365,141894.36810266992,1696512.8869098856,1554618.5188072156
2212,5859930.649132989,4056402.9225005303,141894.36810266992,1696512.8869098856,1554618.5188072156
2213,5859930.649132989,4058588.5129055106,141894.36810266992,1696512.8869098856,1554618.5188072156
2214,5860135.249132989,4060807.2712159976,141894.36810266992,1696512.8869098856,1554618.5188072156
2215,5862816.724132989,4063019.711830198,141894.36810266992,1696512.8869098856,1554618.5188072156
2216,5869277.749132989,4065214.6956520258,141894.36810266992,1696512.8869098856,1554618.5188072156
2217,5876860.924132989,4067441.517338037,141894.36810266992,1696512.8869098856,1554618.5188072156
2218,5885382.949132989,4069675.986761659,141894.36810266992,1696512.8869098856,1554618.5188072156
2219,5893775.9741329895,4071933.8150360263,141894.36810266992,1696512.8869098856,1554618.5188072156
2220,5902511.37413299,4074201.452365155,141894.36810266992,1696512.8869098856,1554618.5188072156
2221,5911278.42413299,4076443.985164301,141894.36810266992,1701404.7226617476,1559510.3545590776
2222,5919487.24913299,4078758.755832834,141894.36810266992,1707293.5138353196,1565399.1457326496
2223,5926964.14913299,4081054.324029758,141894.36810266992,1712469.5824805007,1570575.2143778307
2224,5933416.69913299,4083395.6123971804,141894.36810266992,1716575.5809551836,1574681.2128525137
2225,5937137.07413299,4085699.2439696286,141894.36810266992,1717987.0612248406,1576092.6931221706
2226,5937976.39913299,4088065.719994616,141894.36810266992,1717987.0612248406,1576092.6931221706
2227,5937979.174132991,4090433.5260609277,141894.36810266992,1717987.0612248406,1576092.6931221706
2228,5937979.174132991,4092766.8341804086,141894.36810266992,1717987.0612248406,1576092.6931221706
2229,5937979.174132991,4095089.2525865524,141894.36810266992,1717987.0612248406,1576092.6931221706
2230,5937979.174132991,4097414.82984084,141894.36810266992,1717987.0612248406,1576092.6931221706
2231,5937979.174132991,4099735.9182056603,141894.36810266992,1717987.0612248406,1576092.6931221706
2232,5937979.174132991,4102034.645250728,141894.36810266992,1717987.0612248406,1576092.6931221706
2233,5937979.174132991,4104324.3113892786,141894.36810266992,1717987.0612248406,1576092.6931221706
2234,5937979.174132991,4106561.939661044,141894.36810266992,1717987.0612248406,1576092.6931221706
2235,5937979.174132991,4108782.4436507686,141894.36810266992,1717987.0612248406,1576092.6931221706
2236,5937979.174132991,4110969.779734986,141894.36810266992,1717987.0612248406,1576092.6931221706
2237,5937979.174132991,4112935.7470664093,141894.36810266992,1717987.0612248406,1576092.6931221706
2238,5938355.59913299,4114754.0798109146,141894.36810266992,1717987.0612248406,1576092.6931221706
2239,5942081.07413299,4116540.5746912365,141894.36810266992,1717987.0612248406,1576092.6931221706
2240,5949587.59913299,4118221.9963069954,141894.36810266992,1717987.0612248406,1576092.6931221706
2241,5957928.124132991,4119721.202261423,141894.36810266992,1717987.0612248406,1576092.6931221706
2242,5966969.524132991,4121049.331650605,141894.36810266992,1717987.0612248406,1576092.6931221706
2243,5977476.649132991,4122358.2585681775,141894.36810266992,1718595.3639323716,1576700.9958297017
2244,5988028.399132991,4123547.7311493754,141894.36810266992,1727952.3781932788,1586058.0100906088
2245,5998699.549132992,4124746.680275004,141894.36810266992,1737419.3159097554,1595524.9478070855
2246,6009227.524132991,4125933.4096459723,141894.36810266992,1746755.2983808925,1604860.9302782225
2247,6019366.024132991,4127173.1744147185,141894.36810266992,1755648.7704542517,1613754.4023515817
2248,6028799.299132992,4128554.6717120092,141894.36810266992,1763695.2849990663,1621800.9168963963
2249,6034977.049132992,4130086.713061613,141894.36810266992,1768335.7304915676,1626441.3623888977
2250,6035946.049132992,4131775.8655425655,141894.36810266992,1768335.7304915676,1626441.3623888977
2251,6035949.574132992,4133545.319268429,141894.36810266992,1768335.7304915676,1626441.3623888977
2252,6035949.574132992,4135297.3162019206,141894.36810266992,1768335.7304915676,1626441.3623888977
2253,6035949.574132992,4137045.0736286934,141894.36810266992,1768335.7304915676,1626441.3623888977
2254,6035949.574132992,4138775.374263094,141894.36810266992,1768335.7304915676,1626441.3623888977
2255,6035949.574132992,4140505.3423871635,141894.36810266992,1768335.7304915676,1626441.3623888977
2256,6035949.574132992,4142237.3887008014,141894.36810266992,1768335.7304915676,1626441.3623888977
2257,6035949.574132992,4143972.2613522517,141894.36810266992,1768335.7304915676,1626441.3623888977
2258,6035949.574132992,4145691.422890567,141894.36810266992,1768335.7304915676,1626441.3623888977
2259,6035949.574132992,4147409.1712599765,141894.36810266992,1768335.7304915676,1626441.3623888977
2260,6035949.574132992,4149126.9196293857,141894.36810266992,1768335.7304915676,1626441.3623888977
2261,6035949.574132992,4150893.2145071058,141894.36810266992,1768335.7304915676,1626441.3623888977
2262,6036425.299132992,4152692.677290333,141894.36810266992,1768335.7304915676,1626441.3623888977
2263,6041066.299132992,4154441.847886012,141894.36810266992,1768335.7304915676,1626441.3623888977
2264,6050102.974132991,4156071.6472728993,141894.36810266992,1768335.7304915676,1626441.3623888977
2265,6059814.649132991,4157548.8244179054,141894.36810266992,1768335.7304915676,1626441.3623888977
2266,6070261.024132991,4158865.7315834193,141894.36810266992,1772485.4335648615,1630591.0654621916
2267,6081150.199132991,4160534.600934187,141894.36810266992,1781700.4760561993,1639806.1079535293
2268,6091762.624132991,4162126.6603985177,141894.36810266992,1790715.578433974,1648821.210331304
2269,6102450.049132991,4163850.3108263006,141894.36810266992,1799674.0898482965,1657779.7217456265
2270,6112754.074132991,4165813.1193095804,141894.36810266992,1808010.043207122,1666115.675104452
2271,6122264.524132991,4167838.4397350685,141894.36810266992,1815489.909623739,1673595.5415210691
2272,6130749.649132991,4169995.7667619223,141894.36810266992,1821812.4444389904,1679918.0763363205
2273,6136326.424132992,4172120.5909039313,141894.36810266992,1825259.1321390867,1683364.7640364168
2274,6137385.799132992,4174289.3895372013,141894.36810266992,1825259.1321390867,1683364.7640364168
2275,6137390.074132992,4176457.85566014,141894.36810266992,1825259.1321390867,1683364.7640364168
2276,6137390.074132992,4178623.5785728493,141894.36810266992,1825259.1321390867,1683364.7640364168
2277,6137390.074132992,4180763.781317662,141894.36810266992,1825259.1321390867,1683364.7640364168
2278,6137390.074132992,4182649.4474041737,141894.36810266992,1825259.1321390867,1683364.7640364168
2279,6137390.074132992,4184380.8286971496,141894.36810266992,1825259.1321390867,1683364.7640364168
2280,6137390.074132992,4186098.244556228,141894.36810266992,1825259.1321390867,1683364.7640364168
2281,6137390.074132992,4187798.8686435963,141894.36810266992,1825259.1321390867,1683364.7640364168
2282,6137390.074132992,4189497.4145413963,141894.36810266992,1825259.1321390867,1683364.7640364168
2283,6137390.074132992,4191191.3884221464,141894.36810266992,1825259.1321390867,1683364.7640364168
2284,6137390.074132992,4192894.838847327,141894.36810266992,1825259.1321390867,1683364.7640364168
2285,6137390.074132992,4194658.307387235,141894.36810266992,1825259.1321390867,1683364.7640364168
2286,6137866.849132992,4196503.157830629,141894.36810266992,1825259.1321390867,1683364.7640364168
2287,6142767.274132992,4198351.167122167,141894.36810266992,1825259.1321390867,1683364.7640364168
2288,6152457.574132992,4200185.210979807,141894.36810266992,1825259.1321390867,1683364.7640364168
2289,6163114.474132992,4202180.854858262,141894.36810266992,1825259.1321390867,1683364.7640364168
2290,6174353.824132992,4204016.228757226,141894.36810266992,1828856.173102466,1686961.804999796
2291,6185748.199132992,4205817.104709359,141894.36810266992,1838444.4089924379,1696550.040889768
2292,6196773.949132992,4207674.839928076,141894.36810266992,1847607.1606158265,1705712.7925131565
2293,6207936.274132992,4209695.671464097,141894.36810266992,1856743.3909219105,1714849.0228192406
2294,6218821.774132992,4211747.925226388,141894.36810266992,1865571.3740017249,1723677.005899055
2295,6229129.999132992,4213863.023441218,141894.36810266992,1873759.2376289999,1731864.86952633
2296,6238633.099132991,4216092.92084779,141894.36810266992,1881027.177064533,1739132.8089618632
2297,6244990.849132991,4218446.428969873,141894.36810266992,1885026.1557845557,1743131.7876818858
2298,6245909.224132991,4220877.079488724,141894.36810266992,1885026.1557845557,1743131.7876818858
2299,6245913.949132991,4223358.354705453,141894.36810266992,1885026.1557845557,1743131.7876818858
2300,6245913.949132991,4225792.164072447,141894.36810266992,1885026.1557845557,1743131.7876818858
2301,6245913.949132991,4228181.99894818,141894.36810266992,1885026.1557845557,1743131.7876818858
2302,6245913.949132991,4230437.0840123175,141894.36810266992,1885026.1557845557,1743131.7876818858
2303,6245913.949132991,4232650.937795424,141894.36810266992,1885026.1557845557,1743131.7876818858
2304,6245913.949132991,4234797.458236524,141894.36810266992,1885026.1557845557,1743131.7876818858
2305,6245913.949132991,4236926.854395582,141894.36810266992,1885026.1557845557,1743131.7876818858
2306,6245913.949132991,4239027.571538601,141894.36810266992,1885026.1557845557,1743131.7876818858
2307,6245913.949132991,4241103.184151637,141894.36810266992,1885026.1557845557,1743131.7876818858
2308,6245913.949132991,4243188.605819435,141894.36810266992,1885026.1557845557,1743131.7876818858
2309,6245913.949132991,4245355.326263136,141894.36810266992,1885026.1557845557,1743131.7876818858
2310,6246277.774132991,4247626.122440409,141894.36810266992,1885026.1557845557,1743131.7876818858
2311,6249619.924132992,4249958.017390983,141894.36810266992,1885026.1557845557,1743131.7876818858
2312,6256494.874132992,4252326.239095208,141894.36810266992,1885026.1557845557,1743131.7876818858
2313,6264592.924132992,4254588.971896957,141894.36810266992,1885026.1557845557,1743131.7876818858
2314,6273659.224132991,4256914.549151244,141894.36810266992,1885026.1557845557,1743131.7876818858
2315,6282778.999132992,4259263.5683838595,141894.36810266992,1885026.1557845557,1743131.7876818858
2316,6291390.649132992,4261584.241110766,141894.36810266992,1885206.0807076783,1743311.7126050084
2317,6300033.124132992,4263919.294909485,141894.36810266992,1891508.2387510657,1749613.8706483957
2318,6308211.274132992,4266251.189860059,141894.36810266992,1897349.2306425965,1755454.8625399265
2319,6315644.374132992,4268331.707000476,141894.36810266992,1902696.5503442849,1760802.182241615
2320,6322167.499132992,4270285.1220669085,141894.36810266992,1907260.9971199583,1765366.6290172883
2321,6326371.774132992,4272203.623548596,141894.36810266992,1909541.5074803757,1767647.1393777058
2322,6327226.774132992,4274072.165353067,141894.36810266992,1909541.5074803757,1767647.1393777058
2323,6327233.149132992,4275923.250365166,141894.36810266992,1909541.5074803757,1767647.1393777058
2324,6327233.149132992,4277738.091751197,141894.36810266992,1909541.5074803757,1767647.1393777058
2325,6327233.149132992,4279529.8236692315,141894.36810266992,1909541.5074803757,1767647.1393777058
2326,6327233.149132992,4281319.477397697,141894.36810266992,1909541.5074803757,1767647.1393777058
2327,6327233.149132992,4283071.80684152,141894.36810266992,1909541.5074803757,1767647.1393777058
2328,6327233.149132992,4284802.107475921,141894.36810266992,1909541.5074803757,1767647.1393777058
2329,6327233.149132992,4286532.075599991,141894.36810266992,1909541.5074803757,1767647.1393777058
2330,6327233.149132992,4288251.569648637,141894.36810266992,1909541.5074803757,1767647.1393777058
2331,6327233.149132992,4289958.178921962,141894.36810266992,1909541.5074803757,1767647.1393777058
2332,6327233.149132992,4291664.788195287,141894.36810266992,1909541.5074803757,1767647.1393777058
2333,6327233.149132992,4293413.958790966,141894.36810266992,1909541.5074803757,1767647.1393777058
2334,6327536.524132992,4295275.933516402,141894.36810266992,1909541.5074803757,1767647.1393777058
2335,6330560.599132992,4297199.3395254705,141894.36810266992,1909541.5074803757,1767647.1393777058
2336,6336792.4241329925,4299138.789158005,141894.36810266992,1909541.5074803757,1767647.1393777058
2337,6343966.324132993,4301104.423979098,141894.36810266992,1909541.5074803757,1767647.1393777058
2338,6351934.699132993,4302996.407761897,141894.36810266992,1909541.5074803757,1767647.1393777058
2339,6360599.524132993,4304863.20388713,141894.36810266992,1909541.5074803757,1767647.1393777058
2340,6369588.574132993,4306697.247744771,141894.36810266992,1915821.200927475,1773926.832824805
2341,6378513.0491329925,4308595.466096274,141894.36810266992,1922842.1944180771,1780947.8263154072
2342,6386855.974132992,4310496.843295921,141894.36810266992,1929278.4790605358,1787384.1109578658
2343,6394301.149132992,4312433.134080311,141894.36810266992,1934782.1001182504,1792887.7320155804
2344,6400843.9241329925,4314353.381241236,141894.36810266992,1939399.3647994306,1797504.9966967606
2345,6405144.7991329925,4316220.177366469,141894.36810266992,1941828.1805163024,1799933.8124136324
2346,6405683.449132993,4318078.993243761,141894.36810266992,1941828.1805163024,1799933.8124136324
2347,6405688.099132993,4319927.33504563,141894.36810266992,1941828.1805163024,1799933.8124136324
2348,6405688.099132993,4321742.1764316615,141894.36810266992,1941828.1805163024,1799933.8124136324
2349,6405688.099132993,4323544.798063032,141894.36810266992,1941828.1805163024,1799933.8124136324
2350,6405688.099132993,4325328.549733125,141894.36810266992,1941828.1805163024,1799933.8124136324
2351,6405688.099132993,4327088.194404227,141894.36810266992,1941828.1805163024,1799933.8124136324
2352,6405688.099132993,4328821.653886771,141894.36810266992,1941828.1805163024,1799933.8124136324
2353,6405688.099132993,4330551.954521172,141894.36810266992,1941828.1805163024,1799933.8124136324
2354,6405688.099132993,4332277.350628192,141894.36810266992,1941828.1805163024,1799933.8124136324
2355,6405688.099132993,4334001.0010559745,141894.36810266992,1941828.1805163024,1799933.8124136324
2356,6405688.099132993,4335732.714859282,141894.36810266992,1941828.1805163024,1799933.8124136324
2357,6405688.099132993,4337514.720850137,141894.36810266992,1941828.1805163024,1799933.8124136324
2358,6405873.274132993,4339390.66100947,141894.36810266992,1941828.1805163024,1799933.8124136324
2359,6407374.324132993,4341350.393772189,141894.36810266992,1941828.1805163024,1799933.8124136324
2360,6410519.074132993,4343323.676330891,141894.36810266992,1941828.1805163024,1799933.8124136324
2361,6414358.9241329925,4345319.652719678,141894.36810266992,1941828.1805163024,1799933.8124136324
2362,6418985.449132993,4347273.067786111,141894.36810266992,1941828.1805163024,1799933.8124136324
2363,6424317.649132993,4349250.257341201,141894.36810266992,1941828.1805163024,1799933.8124136324
2364,6425860.099132993,4351225.285579141,141894.36810266992,1941828.1805163024,1799933.8124136324
2365,6430384.699132993,4353175.541797429,141894.36810266992,1941828.1805163024,1799933.8124136324
2366,6436685.974132993,4355127.211184624,141894.36810266992,1941828.1805163024,1799933.8124136324
2367,6442328.599132993,4357075.721723675,141894.36810266992,1941828.1805163024,1799933.8124136324
2368,6447178.399132993,4359008.853659922,141894.36810266992,1941828.1805163024,1799933.8124136324
2369,6450285.724132993,4360908.817690663,141894.36810266992,1941828.1805163024,1799933.8124136324
2370,6451070.824132993,4362770.7924160985,141894.36810266992,1941828.1805163024,1799933.8124136324
2371,6451078.774132993,4364621.877428197,141894.36810266992,1941828.1805163024,1799933.8124136324
2372,6451078.774132993,4366449.27107922,141894.36810266992,1941828.1805163024,1799933.8124136324
2373,6451078.774132993,4368259.540448201,141894.36810266992,1941828.1805163024,1799933.8124136324
2374,6451078.774132993,4370047.78100776,141894.36810266992,1941828.1805163024,1799933.8124136324
2375,6451078.774132993,4371826.6281504715,141894.36810266992,1941828.1805163024,1799933.8124136324
2376,6451078.774132993,4373583.446483761,141894.36810266992,1941828.1805163024,1799933.8124136324
2377,6451078.774132993,4375327.712552059,141894.36810266992,1941828.1805163024,1799933.8124136324
2378,6451078.774132993,4377073.391789264,141894.36810266992,1941828.1805163024,1799933.8124136324
2379,6451078.774132993,4378813.168968095,141894.36810266992,1941828.1805163024,1799933.8124136324
2380,6451078.774132993,4380557.435036394,141894.36810266992,1941828.1805163024,1799933.8124136324
2381,6451078.774132993,4382356.897819621,141894.36810266992,1941828.1805163024,1799933.8124136324
2382,6451248.424132993,4384238.075016665,141894.36810266992,1941828.1805163024,1799933.8124136324
2383,6453020.074132994,4386158.32217759,141894.36810266992,1941828.1805163024,1799933.8124136324
2384,6456879.199132994,4388141.081280723,141894.36810266992,1941828.1805163024,1799933.8124136324
2385,6461843.524132994,4390108.461781053,141894.36810266992,1941828.1805163024,1799933.8124136324
2386,6467448.724132994,4392036.772317502,141894.36810266992,1941828.1805163024,1799933.8124136324
2387,6473409.199132994,4393924.18408325,141894.36810266992,1941828.1805163024,1799933.8124136324
2388,6479844.949132994,4395872.6946223015,141894.36810266992,1941828.1805163024,1799933.8124136324
2389,6486082.474132994,4398158.869402378,141894.36810266992,1941828.1805163024,1799933.8124136324
2390,6491938.024132994,4400256.843335167,141894.36810266992,1941828.1805163024,1799933.8124136324
2391,6497260.399132994,4402404.69381759,141894.36810266992,1942629.9629090494,1800735.5948063794
2392,6501740.899132994,4404577.731957579,141894.36810266992,1944932.1616111659,1803037.793508496
2393,6504926.074132994,4406765.068041797,141894.36810266992,1945924.7373690538,1804030.3692663838
2394,6505850.074132994,4408933.534164736,141894.36810266992,1945924.7373690538,1804030.3692663838
2395,6505858.849132994,4411158.61017151,141894.36810266992,1945924.7373690538,1804030.3692663838
2396,6505858.849132994,4413333.3939907355,141894.36810266992,1945924.7373690538,1804030.3692663838
2397,6505858.849132994,4415447.07903666,141894.36810266992,1945924.7373690538,1804030.3692663838
2398,6505858.849132994,4417535.243914687,141894.36810266992,1945924.7373690538,1804030.3692663838
2399,6505858.849132994,4419598.636773063,141894.36810266992,1945924.7373690538,1804030.3692663838
2400,6505858.849132994,4421566.0172733925,141894.36810266992,1945924.7373690538,1804030.3692663838
2401,6505858.849132994,4423311.696510597,141894.36810266992,1945924.7373690538,1804030.3692663838
2402,6505858.849132994,4425048.314841284,141894.36810266992,1945924.7373690538,1804030.3692663838
2403,6505858.849132994,4426776.537286117,141894.36810266992,1945924.7373690538,1804030.3692663838
2404,6505858.849132994,4428511.409937567,141894.36810266992,1945924.7373690538,1804030.3692663838
2405,6505858.849132994,4430285.352552898,141894.36810266992,1945924.7373690538,1804030.3692663838
2406,6506199.349132994,4432089.304225592,141894.36810266992,1945924.7373690538,1804030.3692663838
2407,6509317.399132994,4433905.89129086,141894.36810266992,1945924.7373690538,1804030.3692663838
2408,6515401.549132994,4435836.945037539,141894.36810266992,1945924.7373690538,1804030.3692663838
2409,6522308.149132994,4437659.766671511,141894.36810266992,1945924.7373690538,1804030.3692663838
2410,6529890.274132994,4439324.064005229,141894.36810266992,1945924.7373690538,1804030.3692663838
2411,6537180.724132994,4440917.536638466,141894.36810266992,1945924.7373690538,1804030.3692663838
2412,6545047.999132995,4442476.7607076205,141894.36810266992,1947663.6614776715,1805769.2933750015
2413,6552870.799132994,4444027.58889092,141894.36810266992,1953930.3701364773,1812036.0020338073
2414,6560173.249132995,4445643.007205997,141894.36810266992,1959612.1386635066,1817717.7705608367
2415,6567473.950515738,4447279.041161588,141894.36810266992,1965271.542932764,1823377.174830094
2416,6574094.458191283,4449039.018343021,141894.36810266992,1970126.8102689814,1828232.4421663114
2417,6578334.9299670085,4450956.106655803,141894.36810266992,1972444.9305740308,1830550.562471361
2418,6579175.047398332,4453014.262476467,141894.36810266992,1972444.9305740308,1830550.562471361
2419,6579180.190141042,4455110.490730018,141894.36810266992,1972444.9305740308,1830550.562471361
2420,6579180.190141042,4457160.998813072,141894.36810266992,1972444.9305740308,1830550.562471361
2421,6579180.190141042,4459181.830349093,141894.36810266992,1972444.9305740308,1830550.562471361
2422,6579180.190141042,4461110.140885542,141894.36810266992,1972444.9305740308,1830550.562471361
2423,6579180.190141042,4462852.993784934,141894.36810266992,1972444.9305740308,1830550.562471361
2424,6579180.190141042,4464589.279605291,141894.36810266992,1972444.9305740308,1830550.562471361
2425,6579180.190141042,4466317.834560454,141894.36810266992,1972444.9305740308,1830550.562471361
2426,6579180.190141042,4468040.154946913,141894.36810266992,1972444.9305740308,1830550.562471361
2427,6579180.190141042,4469759.64899556,141894.36810266992,1972444.9305740308,1830550.562471361
2428,6579180.190141042,4471475.319175401,141894.36810266992,1972444.9305740308,1830550.562471361
2429,6579180.190141042,4473233.550677597,141894.36810266992,1972444.9305740308,1830550.562471361
2430,6579334.659854665,4475021.791237156,141894.36810266992,1972444.9305740308,1830550.562471361
2431,6580921.587504622,4476774.1206809785,141894.36810266992,1972444.9305740308,1830550.562471361
2432,6584936.794087753,4478367.593314216,141894.36810266992,1972444.9305740308,1830550.562471361
2433,6590614.340908987,4479816.507081095,141894.36810266992,1972444.9305740308,1830550.562471361
2434,6597482.725336464,4481221.113846383,141894.36810266992,1972444.9305740308,1830550.562471361
2435,6605514.915675372,4482844.263026653,141894.36810266992,1972444.9305740308,1830550.562471361
2436,6613764.025478297,4484507.230319047,141894.36810266992,1972444.9305740308,1830550.562471361
2437,6622585.516463645,4486185.493086663,141894.36810266992,1978878.2445903982,1836983.8764877282
2438,6630801.428303713,4487991.190438595,141894.36810266992,1985283.1959206401,1843388.8278179702
2439,6638060.400468782,4489880.0153732505,141894.36810266992,1990648.0799931586,1848753.7118904886
2440,6643871.808993239,4491903.922629832,141894.36810266992,1994430.3181031395,1852535.9500004696
2441,6646758.818248807,4494079.03895939,141894.36810266992,1995136.9478712569,1853242.579768587
2442,6647444.802529573,4496376.352835551,141894.36810266992,1995136.9478712569,1853242.579768587
2443,6647447.573644711,4498703.675769076,141894.36810266992,1995136.9478712569,1853242.579768587
2444,6647447.573644711,4500925.592927706,141894.36810266992,1995136.9478712569,1853242.579768587
2445,6647447.573644711,4503061.22365547,141894.36810266992,1995136.9478712569,1853242.579768587
2446,6647447.573644711,4505141.408285555,141894.36810266992,1995136.9478712569,1853242.579768587
2447,6647447.573644711,4507052.262029633,141894.36810266992,1995136.9478712569,1853242.579768587
2448,6647447.573644711,4508802.845794219,141894.36810266992,1995136.9478712569,1853242.579768587
2449,6647447.573644711,4510549.938200329,141894.36810266992,1995136.9478712569,1853242.579768587
2450,6647447.573644711,4512283.3976828735,141894.36810266992,1995136.9478712569,1853242.579768587
2451,6647447.573644711,4514008.793789893,141894.36810266992,1995136.9478712569,1853242.579768587
2452,6647447.573644711,4515740.507593201,141894.36810266992,1995136.9478712569,1853242.579768587
2453,6647447.573644711,4517533.320169809,141894.36810266992,1995136.9478712569,1853242.579768587
2454,6647939.034393648,4519383.075140584,141894.36810266992,1995136.9478712569,1853242.579768587
2455,6652994.667223638,4521399.334659556,141894.36810266992,1995136.9478712569,1853242.579768587
2456,6663025.911937406,4523514.432874386,141894.36810266992,1995136.9478712569,1853242.579768587
2457,6673728.140388607,4525511.822432079,141894.36810266992,1995136.9478712569,1853242.579768587
2458,6684659.845898097,4527623.761798766,141894.36810266992,1996821.9374445635,1854927.5693418935
2459,6696144.539954129,4529784.580184095,141894.36810266992,2006140.5499573718,1864246.1818547018
2460,6707599.910544433,4531977.818326686,141894.36810266992,2015397.4192471907,1873503.0511445208
2461,6718234.726735584,4534246.86882472,141894.36810266992,2023757.9217824126,1881863.5536797426
2462,6729132.942508948,4536533.043604797,141894.36810266992,2032364.699617805,1890470.331515135
2463,6738971.914893243,4538937.1764247585,141894.36810266992,2039794.276024244,1897899.907921574
2464,6748322.745607373,4541457.937243282,141894.36810266992,2046619.082761956,1904724.714659286
2465,6754366.874405769,4544058.666796386,141894.36810266992,2050057.2188493528,1908162.8507466828
2466,6755294.064781062,4546675.107462625,141894.36810266992,2050057.2188493528,1908162.8507466828
2467,6755298.804468888,4549297.782697568,141894.36810266992,2050057.2188493528,1908162.8507466828
2468,6755298.804468888,4551758.525401364,141894.36810266992,2050057.2188493528,1908162.8507466828
2469,6755298.804468888,4554125.001426351,141894.36810266992,2050057.2188493528,1908162.8507466828
2470,6755298.804468888,4556434.867567504,141894.36810266992,2050057.2188493528,1908162.8507466828
2471,6755298.804468888,4558729.022595522,141894.36810266992,2050057.2188493528,1908162.8507466828
2472,6755298.804468888,4560957.174322857,141894.36810266992,2050057.2188493528,1908162.8507466828
2473,6755298.804468888,4563163.380368352,141894.36810266992,2050057.2188493528,1908162.8507466828
2474,6755298.804468888,4565365.014396798,141894.36810266992,2050057.2188493528,1908162.8507466828
2475,6755298.804468888,4567554.096160253,141894.36810266992,2050057.2188493528,1908162.8507466828
2476,6755298.804468888,4569767.949943359,141894.36810266992,2050057.2188493528,1908162.8507466828
2477,6755298.804468888,4572071.581515808,141894.36810266992,2050057.2188493528,1908162.8507466828
2478,6755660.955932871,4574478.873183913,141894.36810266992,2050057.2188493528,1908162.8507466828
2479,6758998.2897943435,4576956.657042168,141894.36810266992,2050057.2188493528,1908162.8507466828
2480,6766192.24944165,4579417.399745964,141894.36810266992,2050057.2188493528,1908162.8507466828
2481,6773910.465095915,4581774.399226521,141894.36810266992,2050057.2188493528,1908162.8507466828
2482,6782544.621807009,4584112.5287458,141894.36810266992,2050057.2188493528,1908162.8507466828
2483,6791472.19278104,4586446.1693756115,141894.36810266992,2050057.2188493528,1908162.8507466828
2484,6800476.464119378,4588745.22893101,141894.36810266992,2050057.2188493528,1908162.8507466828
2485,6809207.907243018,4591145.870392497,141894.36810266992,2054592.4580942176,1912698.0899915476
2486,6817213.0120361475,4593543.768643754,141894.36810266992,2060194.4014781953,1918300.0333755254
2487,6824561.0118900575,4596031.02904644,141894.36810266992,2065049.877771525,1923155.509668855
2488,6830858.531378536,4598570.327315911,141894.36810266992,2068802.8358326377,1926908.4677299678
2489,6835172.917102855,4601026.165492327,141894.36810266992,2070656.120222646,1928761.752119976
2490,6836011.016595675,4603381.751803977,141894.36810266992,2070656.120222646,1928761.752119976
2491,6836017.109596008,4605726.199019543,141894.36810266992,2070656.120222646,1928761.752119976
2492,6836017.109596008,4608014.119478856,141894.36810266992,2070656.120222646,1928761.752119976
2493,6836017.109596008,4610257.982319326,141894.36810266992,2070656.120222646,1928761.752119976
2494,6836017.109596008,4612446.73157245,141894.36810266992,2070656.120222646,1928761.752119976
2495,6836017.109596008,4614644.874242421,141894.36810266992,2070656.120222646,1928761.752119976
2496,6836017.109596008,4616797.629252225,141894.36810266992,2070656.120222646,1928761.752119976
2497,6836017.109596008,4618843.897828559,141894.36810266992,2070656.120222646,1928761.752119976
2498,6836017.109596008,4620658.739214591,141894.36810266992,2070656.120222646,1928761.752119976
2499,6836017.109596008,4622461.360845962,141894.36810266992,2070656.120222646,1928761.752119976
2500,6836017.109596008,4624268.471366799,141894.36810266992,2070656.120222646,1928761.752119976
2501,6836017.109596008,4626125.8740751855,141894.36810266992,2070656.120222646,1928761.752119976
2502,6836321.844555069,4628054.184611634,141894.36810266992,2070656.120222646,1928761.752119976
2503,6839497.036757299,4630108.184053162,141894.36810266992,2070656.120222646,1928761.752119976
2504,6845546.4618501775,4632377.234551197,141894.36810266992,2070656.120222646,1928761.752119976
2505,6852577.234930513,4634537.720426194,141894.36810266992,2070656.120222646,1928761.752119976
2506,6860514.888268592,4636632.203000509,141894.36810266992,2070656.120222646,1928761.752119976
2507,6869485.198416849,4638698.422196697,141894.36810266992,2070656.120222646,1928761.752119976
2508,6878143.786110225,4640785.589543732,141894.36810266992,2071001.5043544015,1929107.1362517315
2509,6886937.482514475,4642982.319044797,141894.36810266992,2077593.2080996907,1935698.8399970208
2510,6895485.526700751,4645196.172827903,141894.36810266992,2083922.1353449658,1942027.767242296
2511,6903065.277626288,4647504.293289819,141894.36810266992,2089188.502650693,1947294.134548023
2512,6909915.306395791,4649946.166032338,141894.36810266992,2093591.3955197828,1951697.0274171128
2513,6914041.424983031,4652438.330962404,141894.36810266992,2095220.086019062,1953325.717916392
2514,6914569.433816449,4655000.98808262,141894.36810266992,2095220.086019062,1953325.717916392
2515,6914574.112977389,4657591.908580963,141894.36810266992,2095220.086019062,1953325.717916392
2516,6914574.112977389,4660102.860344725,141894.36810266992,2095220.086019062,1953325.717916392
2517,6914574.112977389,4662472.412090274,141894.36810266992,2095220.086019062,1953325.717916392
2518,6914574.112977389,4664776.376173053,141894.36810266992,2095220.086019062,1953325.717916392
2519,6914574.112977389,4667045.426671088,141894.36810266992,2095220.086019062,1953325.717916392
2520,6914574.112977389,4669269.089508955,141894.36810266992,2095220.086019062,1953325.717916392
2521,6914574.112977389,4671451.521065792,141894.36810266992,2095220.086019062,1953325.717916392
2522,6914574.112977389,4673438.104037731,141894.36810266992,2095220.086019062,1953325.717916392
2523,6914574.112977389,4675213.792332299,141894.36810266992,2095220.086019062,1953325.717916392
2524,6914574.112977389,4676978.674041113,141894.36810266992,2095220.086019062,1953325.717916392
2525,6914574.112977389,4678803.241354323,141894.36810266992,2095220.086019062,1953325.717916392
2526,6914741.426355487,4680665.548590089,141894.36810266992,2095220.086019062,1953325.717916392
2527,6916505.277423876,4682752.3002992105,141894.36810266992,2095220.086019062,1953325.717916392
2528,6920399.677434922,4684963.410872087,141894.36810266992,2095220.086019062,1953325.717916392
2529,6925610.293991119,4687037.610316217,141894.36810266992,2095220.086019062,1953325.717916392
2530,6931294.077948714,4689020.36941935,141894.36810266992,2095220.086019062,1953325.717916392
2531,6937142.435865602,4690923.159787904,141894.36810266992,2095220.086019062,1953325.717916392
2532,6943881.652743359,4692829.441514931,141894.36810266992,2095220.086019062,1953325.717916392
2533,6950282.972901041,4694743.370979569,141894.36810266992,2095220.086019062,1953325.717916392
2534,6956356.37766586,4696827.046968129,141894.36810266992,2095220.086019062,1953325.717916392
2535,6961755.645164979,4699037.741903093,141894.36810266992,2095220.086019062,1953325.717916392
2536,6966340.563750596,4701234.138893827,141894.36810266992,2095631.9685241682,1953737.6004214983
2537,6969681.986246589,4703491.967168194,141894.36810266992,2096710.2995878991,1954815.9314852292
2538,6970568.084889645,4705774.9831001265,141894.36810266992,2096710.2995878991,1954815.9314852292
2539,6970576.721053705,4708015.770220036,141894.36810266992,2096710.2995878991,1954815.9314852292
2540,6970576.721053705,4710213.912890007,141894.36810266992,2096710.2995878991,1954815.9314852292
2541,6970576.721053705,4712425.023462883,141894.36810266992,2096710.2995878991,1954815.9314852292
2542,6970576.721053705,4714629.483829142,141894.36810266992,2096710.2995878991,1954815.9314852292
2543,6970576.721053705,4716809.172175748,141894.36810266992,2096710.2995878991,1954815.9314852292
2544,6970576.721053705,4718970.9880920695,141894.36810266992,2096710.2995878991,1954815.9314852292
2545,6970576.721053705,4721114.349685025,141894.36810266992,2096710.2995878991,1954815.9314852292
2546,6970576.721053705,4723225.956541381,141894.36810266992,2096710.2995878991,1954815.9314852292
2547,6970576.721053705,4725347.621835246,141894.36810266992,2096710.2995878991,1954815.9314852292
2548,6970576.721053705,4727432.62786513,141894.36810266992,2096710.2995878991,1954815.9314852292
2549,6970576.721053705,4729557.119496808,141894.36810266992,2096710.2995878991,1954815.9314852292
2550,6970769.989886824,4731767.814431772,141894.36810266992,2096710.2995878991,1954815.9314852292
2551,6972328.743892699,4734041.353819273,141894.36810266992,2096710.2995878991,1954815.9314852292
2552,6975441.763424343,4736365.185394323,141894.36810266992,2096710.2995878991,1954815.9314852292
2553,6979353.574657076,4738744.213684303,141894.36810266992,2096710.2995878991,1954815.9314852292
2554,6984002.82992998,4741109.276540384,141894.36810266992,2096710.2995878991,1954815.9314852292
2555,6989440.477531509,4743543.418417709,141894.36810266992,2096710.2995878991,1954815.9314852292
2556,6991039.835337701,4745892.437650325,141894.36810266992,2096710.2995878991,1954815.9314852292
2557,6995719.210337646,4748298.3161495235,141894.36810266992,2096710.2995878991,1954815.9314852292
2558,7001796.913903319,4750707.353496865,141894.36810266992,2096710.2995878991,1954815.9314852292
2559,7007276.5305040805,4753075.159563176,141894.36810266992,2096710.2995878991,1954815.9314852292
2560,7012025.704472948,4755606.726967454,141894.36810266992,2096710.2995878991,1954815.9314852292
2561,7014984.5077032475,4758026.57090055,141894.36810266992,2096710.2995878991,1954815.9314852292
2562,7015773.453158333,4760556.392625591,141894.36810266992,2096710.2995878991,1954815.9314852292
2563,7015781.176287651,4763103.671143003,141894.36810266992,2096710.2995878991,1954815.9314852292
2564,7015781.176287651,4765715.2072818605,141894.36810266992,2096710.2995878991,1954815.9314852292
2565,7015781.176287651,4768158.825703616,141894.36810266992,2096710.2995878991,1954815.9314852292
2566,7015781.176287651,4770514.412015267,141894.36810266992,2096710.2995878991,1954815.9314852292
2567,7015781.176287651,4772792.85593015,141894.36810266992,2096710.2995878991,1954815.9314852292
2568,7015781.176287651,4775013.359919874,141894.36810266992,2096710.2995878991,1954815.9314852292
2569,7015781.176287651,4777171.019457059,141894.36810266992,2096710.2995878991,1954815.9314852292
2570,7015781.176287651,4779289.609030363,141894.36810266992,2096710.2995878991,1954815.9314852292
2571,7015781.176287651,4781368.380491543,141894.36810266992,2096710.2995878991,1954815.9314852292
2572,7015781.176287651,4783406.668819936,141894.36810266992,2096710.2995878991,1954815.9314852292
2573,7015781.176287651,4785479.122584829,141894.36810266992,2096710.2995878991,1954815.9314852292
2574,7015934.089917272,4787562.79857339,141894.36810266992,2096710.2995878991,1954815.9314852292
2575,7017657.949684937,4789619.873735478,141894.36810266992,2096710.2995878991,1954815.9314852292
2576,7021783.713139974,4791648.35300911,141894.36810266992,2096710.2995878991,1954815.9314852292
2577,7027247.572364984,4793724.298132477,141894.36810266992,2096710.2995878991,1954815.9314852292
2578,7033883.96956977,4795842.472067868,141894.36810266992,2096710.2995878991,1954815.9314852292
2579,7041901.986966385,4797943.189210887,141894.36810266992,2096710.2995878991,1954815.9314852292
2580,7050791.379328647,4800028.195240771,141894.36810266992,2096710.2995878991,1954815.9314852292
2581,7059381.999347786,4802246.953551258,141894.36810266992,2096710.2995878991,1954815.9314852292
2582,7067752.040692521,4804506.527504862,141894.36810266992,2096710.2995878991,1954815.9314852292
2583,7074998.77184658,4806794.032326262,141894.36810266992,2096710.2995878991,1954815.9314852292
2584,7080592.1369824875,4809083.2828269,141894.36810266992,2096710.2995878991,1954815.9314852292
2585,7083740.022328065,4811510.857625189,141894.36810266992,2096710.2995878991,1954815.9314852292
2586,7084465.90899994,4814083.323800167,141894.36810266992,2096710.2995878991,1954815.9314852292
2587,7084468.796997891,4816702.923314549,141894.36810266992,2096710.2995878991,1954815.9314852292
2588,7084468.796997891,4819273.64381029,141894.36810266992,2096710.2995878991,1954815.9314852292
2589,7084468.796997891,4821826.9075136585,141894.36810266992,2096710.2995878991,1954815.9314852292
2590,7084468.796997891,4824295.630465397,141894.36810266992,2096710.2995878991,1954815.9314852292
2591,7084468.796997891,4826735.757528678,141894.36810266992,2096710.2995878991,1954815.9314852292
2592,7084468.796997891,4829033.071404839,141894.36810266992,2096710.2995878991,1954815.9314852292
2593,7084468.796997891,4831276.934245309,141894.36810266992,2096710.2995878991,1954815.9314852292
2594,7084468.796997891,4833470.588025813,141894.36810266992,2096710.2995878991,1954815.9314852292
2595,7084468.796997891,4835639.054148752,141894.36810266992,2096710.2995878991,1954815.9314852292
2596,7084468.796997891,4837785.158951938,141894.36810266992,2096710.2995878991,1954815.9314852292
2597,7084468.796997891,4839865.6760923555,141894.36810266992,2096710.2995878991,1954815.9314852292
2598,7084828.158521989,4841694.815422615,141894.36810266992,2096710.2995878991,1954815.9314852292
2599,7088232.813166143,4843764.110339364,141894.36810266992,2096710.2995878991,1954815.9314852292
2600,7095199.001919224,4845667.233218248,141894.36810266992,2096710.2995878991,1954815.9314852292
2601,7103027.348865257,4847447.826040196,141894.36810266992,2096710.2995878991,1954815.9314852292
2602,7112516.181514831,4849140.054241709,141894.36810266992,2096710.2995878991,1954815.9314852292
2603,7121820.6688950695,4850807.510423571,141894.36810266992,2096710.2995878991,1954815.9314852292
2604,7130675.015742347,4852437.309810458,141894.36810266992,2099184.1286467207,1957289.7605440507
2605,7139196.539707376,4854070.184917905,141894.36810266992,2106067.514346407,1964173.1462437368
2606,7147319.674585749,4855734.482251623,141894.36810266992,2112521.0887331683,1970626.7206304984
2607,7154655.183312925,4857459.878358643,141894.36810266992,2118125.9381954293,1976231.5700927593
2608,7161352.846021602,4859342.385597011,141894.36810266992,2122935.8305078438,1981041.4624051738
2609,7165704.416955843,4861334.538116992,141894.36810266992,2125289.9857642087,1983395.6176615388
2610,7166557.047050099,4863341.404219116,141894.36810266992,2125289.9857642087,1983395.6176615388
2611,7166563.535406014,4865111.190455311,141894.36810266992,2125289.9857642087,1983395.6176615388
2612,7166563.535406014,4866869.421957507,141894.36810266992,2125289.9857642087,1983395.6176615388
2613,7166563.535406014,4868621.418890999,141894.36810266992,2125289.9857642087,1983395.6176615388
2614,7166563.535406014,4870374.745865813,141894.36810266992,2125289.9857642087,1983395.6176615388
2615,7166563.535406014,4872120.757613349,141894.36810266992,2125289.9857642087,1983395.6176615388
2616,7166563.535406014,4873849.312568512,141894.36810266992,2125289.9857642087,1983395.6176615388
2617,7166563.535406014,4875565.315258684,141894.36810266992,2125289.9857642087,1983395.6176615388
2618,7166563.535406014,4877274.667742237,141894.36810266992,2125289.9857642087,1983395.6176615388
2619,7166563.535406014,4878979.531336324,141894.36810266992,2125289.9857642087,1983395.6176615388
2620,7166563.535406014,4880686.140609649,141894.36810266992,2125289.9857642087,1983395.6176615388
2621,7166563.535406014,4882444.372111845,141894.36810266992,2125289.9857642087,1983395.6176615388
2622,7166756.687880142,4884278.000331571,141894.36810266992,2125289.9857642087,1983395.6176615388
2623,7168328.976483982,4886185.695227505,141894.36810266992,2125289.9857642087,1983395.6176615388
2624,7171463.711757568,4888148.171200453,141894.36810266992,2125289.9857642087,1983395.6176615388
2625,7175128.08328198,4890153.624133671,141894.36810266992,2125289.9857642087,1983395.6176615388
2626,7179885.083381725,4892317.601367143,141894.36810266992,2125289.9857642087,1983395.6176615388
2627,7185317.552440067,4894578.920999984,141894.36810266992,2125289.9857642087,1983395.6176615388
2628,7186912.17818045,4896945.397024971,141894.36810266992,2125289.9857642087,1983395.6176615388
2629,7191224.765297811,4899580.292014575,141894.36810266992,2125289.9857642087,1983395.6176615388
2630,7197781.913579193,4902469.723662479,141894.36810266992,2125289.9857642087,1983395.6176615388
2631,7203637.630630619,4905233.798915636,141894.36810266992,2125289.9857642087,1983395.6176615388
2632,7208614.645264969,4907820.230524511,141894.36810266992,2125289.9857642087,1983395.6176615388
2633,7211634.904680522,4910328.1065677125,141894.36810266992,2125289.9857642087,1983395.6176615388
2634,7212425.920833232,4912774.468199698,141894.36810266992,2125289.9857642087,1983395.6176615388
2635,7212433.765681485,4915195.725301701,141894.36810266992,2125289.9857642087,1983395.6176615388
2636,7212433.765681485,4917480.486912871,141894.36810266992,2125289.9857642087,1983395.6176615388
2637,7212433.765681485,4919648.95303581,141894.36810266992,2125289.9857642087,1983395.6176615388
2638,7212433.765681485,4921749.670178829,141894.36810266992,2125289.9857642087,1983395.6176615388
2639,7212433.765681485,4923767.342866707,141894.36810266992,2125289.9857642087,1983395.6176615388
2640,7212433.765681485,4925552.840216036,141894.36810266992,2125289.9857642087,1983395.6176615388
2641,7212433.765681485,4927331.687358747,141894.36810266992,2125289.9857642087,1983395.6176615388
2642,7212433.765681485,4929132.56331088,141894.36810266992,2125289.9857642087,1983395.6176615388
2643,7212433.765681485,4931062.203888653,141894.36810266992,2125289.9857642087,1983395.6176615388
2644,7212433.765681485,4933202.074123135,141894.36810266992,2125289.9857642087,1983395.6176615388
2645,7212433.765681485,4935378.271111268,141894.36810266992,2125289.9857642087,1983395.6176615388
2646,7212902.998277653,4937598.442590661,141894.36810266992,2125289.9857642087,1983395.6176615388
2647,7217872.940686541,4939869.238767934,141894.36810266992,2125289.9857642087,1983395.6176615388
2648,7227721.199695173,4942078.6036615735,141894.36810266992,2125289.9857642087,1983395.6176615388
2649,7238565.213643363,4944093.117501307,141894.36810266992,2125289.9857642087,1983395.6176615388
2650,7249923.865482821,4946046.200057409,141894.36810266992,2125289.9857642087,1983395.6176615388
2651,7260922.089724097,4948049.574801058,141894.36810266992,2128347.1426539025,1986452.7745512326
2652,7272430.082255556,4949753.357736569,141894.36810266992,2138146.089091955,1996251.7209892853
2653,7283100.948491331,4951629.630406233,141894.36810266992,2146935.4195001717,2005041.0513975017
2654,7294520.065382446,4953548.13188792,141894.36810266992,2156430.7717517037,2014536.4036490337
2655,7304983.900600026,4955526.651484335,141894.36810266992,2164910.824214974,2023016.456112304
2656,7314750.168057521,4957593.203190854,141894.36810266992,2172605.2768080537,2030710.9087053838
2657,7321184.042304674,4959771.478368554,141894.36810266992,2176855.6127196113,2034961.2446169413
2658,7322085.44087088,4962032.798001396,141894.36810266992,2176855.6127196113,2034961.2446169413
2659,7322090.178753678,4964321.05097104,141894.36810266992,2176855.6127196113,2034961.2446169413
2660,7322090.178753678,4966534.904754146,141894.36810266992,2176855.6127196113,2034961.2446169413
2661,7322090.178753678,4968695.723139474,141894.36810266992,2176855.6127196113,2034961.2446169413
2662,7322090.178753678,4970798.18596173,141894.36810266992,2176855.6127196113,2034961.2446169413
2663,7322090.178753678,4972778.118727051,141894.36810266992,2176855.6127196113,2034961.2446169413
2664,7322090.178753678,4974555.220190525,141894.36810266992,2176855.6127196113,2034961.2446169413
2665,7322090.178753678,4976297.7405795865,141894.36810266992,2176855.6127196113,2034961.2446169413
2666,7322090.178753678,4978021.806645283,141894.36810266992,2176855.6127196113,2034961.2446169413
2667,7322090.178753678,4979731.491639168,141894.36810266992,2176855.6127196113,2034961.2446169413
2668,7322090.178753678,4981439.430953816,141894.36810266992,2176855.6127196113,2034961.2446169413
2669,7322090.178753678,4983210.214721003,141894.36810266992,2176855.6127196113,2034961.2446169413
2670,7322237.487442098,4985039.354051262,141894.36810266992,2176855.6127196113,2034961.2446169413
2671,7323902.649957675,4986976.725494228,141894.36810266992,2176855.6127196113,2034961.2446169413
2672,7327837.448774225,4989085.506012771,141894.36810266992,2176855.6127196113,2034961.2446169413
2673,7333483.968688618,4991170.512042656,141894.36810266992,2176855.6127196113,2034961.2446169413
2674,7340698.452976535,4993306.142770419,141894.36810266992,2176855.6127196113,2034961.2446169413
2675,7348796.766737893,4995426.062385047,141894.36810266992,2176855.6127196113,2034961.2446169413
2676,7357213.3732048785,4997580.563074089,141894.36810266992,2176855.6127196113,2034961.2446169413
2677,7365929.03004002,4999860.752668208,141894.36810266992,2178790.7007747637,2036896.3326720938
2678,7373796.636223926,5002514.850129421,141894.36810266992,2183998.946339562,2042104.5782368921
2679,7380453.807230067,5005089.061983636,141894.36810266992,2188076.642333593,2046182.2742309233
2680,7386304.5325710755,5007281.302595234,141894.36810266992,2191729.863905109,2049835.495802439
2681,7389461.392882881,5009478.032096298,141894.36810266992,2192684.7315579546,2050790.3634552846
2682,7390218.279250362,5011627.628257959,141894.36810266992,2192684.7315579546,2050790.3634552846
2683,7390221.073547651,5013764.672154629,141894.36810266992,2192684.7315579546,2050790.3634552846
2684,7390221.073547651,5015828.0650130045,141894.36810266992,2192684.7315579546,2050790.3634552846
2685,7390221.073547651,5017629.273475469,141894.36810266992,2192684.7315579546,2050790.3634552846
2686,7390221.073547651,5019411.2794663245,141894.36810266992,2192684.7315579546,2050790.3634552846
2687,7390221.073547651,5021185.554591986,141894.36810266992,2192684.7315579546,2050790.3634552846
2688,7390221.073547651,5022931.233829191,141894.36810266992,2192684.7315579546,2050790.3634552846
2689,7390221.073547651,5024659.788784354,141894.36810266992,2192684.7315579546,2050790.3634552846
2690,7390221.073547651,5026389.756908424,141894.36810266992,2192684.7315579546,2050790.3634552846
2691,7390221.073547651,5028107.172767502,141894.36810266992,2192684.7315579546,2050790.3634552846
2692,7390221.073547651,5029831.238833198,141894.36810266992,2192684.7315579546,2050790.3634552846
2693,7390221.073547651,5031620.892561664,141894.36810266992,2192684.7315579546,2050790.3634552846
2694,7390585.305971431,5033476.549590812,141894.36810266992,2192684.7315579546,2050790.3634552846
2695,7394129.793688858,5035352.822260476,141894.36810266992,2192684.7315579546,2050790.3634552846
2696,7401527.504895486,5037125.019196569,141894.36810266992,2192684.7315579546,2050790.3634552846
2697,7410245.76960043,5038804.695133091,141894.36810266992,2192684.7315579546,2050790.3634552846
2698,7419607.435794828,5040438.650899114,141894.36810266992,2192684.7315579546,2050790.3634552846
2699,7429833.011693553,5042137.529307245,141894.36810266992,2197854.628595265,2055960.2604925951
2700,7440870.3192358045,5043886.699902925,141894.36810266992,2207137.5023839427,2065243.1342812728
2701,7451651.450702883,5045505.277066144,141894.36810266992,2216294.7935299077,2074400.4254272378
2702,7462049.91638896,5047191.2706989525,141894.36810266992,2225002.0024252804,2083107.6343226105
2703,7471728.186008918,5048781.584484046,141894.36810266992,2233084.6951022507,2091190.3269995807
2704,7481175.312468749,5050560.099116427,141894.36810266992,2240748.0437718057,2098853.675669136
2705,7487196.028659566,5052350.085355223,141894.36810266992,2244973.510565932,2103079.142463262
2706,7488116.621565088,5054135.250194222,141894.36810266992,2244973.510565932,2103079.142463262
2707,7488120.319320535,5056006.618336505,141894.36810266992,2244973.510565932,2103079.142463262
2708,7488120.319320535,5057844.818573282,141894.36810266992,2244973.510565932,2103079.142463262
2709,7488120.319320535,5059664.481359111,141894.36810266992,2244973.510565932,2103079.142463262
2710,7488120.319320535,5061454.467597907,141894.36810266992,2244973.510565932,2103079.142463262
2711,7488120.319320535,5063228.410213239,141894.36810266992,2244973.510565932,2103079.142463262
2712,7488120.319320535,5064982.485336298,141894.36810266992,2244973.510565932,2103079.142463262
2713,7488120.319320535,5066721.846877215,141894.36810266992,2244973.510565932,2103079.142463262
2714,7488120.319320535,5068453.560680523,141894.36810266992,2244973.510565932,2103079.142463262
2715,7488120.319320535,5070174.135387745,141894.36810266992,2244973.510565932,2103079.142463262
2716,7488120.319320535,5071902.357832577,141894.36810266992,2244973.510565932,2103079.142463262
2717,7488120.319320535,5073688.852712899,141894.36810266992,2244973.510565932,2103079.142463262
2718,7488294.397319958,5075547.668590192,141894.36810266992,2244973.510565932,2103079.142463262
2719,7490111.09417396,5077480.4680161085,141894.36810266992,2244973.510565932,2103079.142463262
2720,7493999.981743945,5079367.547271526,141894.36810266992,2244973.510565932,2103079.142463262
2721,7498840.695738141,5081248.724468571,141894.36810266992,2244973.510565932,2103079.142463262
2722,7504533.6905875765,5082801.298331108,141894.36810266992,2244973.510565932,2103079.142463262
2723,7510743.4559495915,5084275.31662797,141894.36810266992,2244973.510565932,2103079.142463262
2724,7516999.553779387,5085659.640263073,141894.36810266992,2244973.510565932,2103079.142463262
2725,7523034.497547792,5087073.97295554,141894.36810266992,2244973.510565932,2103079.142463262
2726,7529153.816167419,5088485.146799863,141894.36810266992,2248312.581089211,2106418.2129865414
2727,7534518.817448561,5089879.279489728,141894.36810266992,2252278.186522594,2110383.8184199245
2728,7538901.86481092,5091367.263220488,141894.36810266992,2255167.9869962987,2113273.618893629
2729,7542229.244023347,5093014.103761834,141894.36810266992,2256843.2625094857,2114948.894406816
2730,7543179.149795825,5095152.56082741,141894.36810266992,2256843.2625094857,2114948.894406816
2731,7543187.665652621,5097055.683706294,141894.36810266992,2256843.2625094857,2114948.894406816
2732,7543187.665652621,5098883.409867647,141894.36810266992,2256843.2625094857,2114948.894406816
2733,7543187.665652621,5100688.774709248,141894.36810266992,2256843.2625094857,2114948.894406816
2734,7543187.665652621,5102470.780700103,141894.36810266992,2256843.2625094857,2114948.894406816
2735,7543187.665652621,5104230.757881536,141894.36810266992,2256843.2625094857,2114948.894406816
2736,7543187.665652621,5105973.610780928,141894.36810266992,2256843.2625094857,2114948.894406816
2737,7543187.665652621,5107706.737753142,141894.36810266992,2256843.2625094857,2114948.894406816
2738,7543187.665652621,5109435.292708305,141894.36810266992,2256843.2625094857,2114948.894406816
2739,7543187.665652621,5111154.454246621,141894.36810266992,2256843.2625094857,2114948.894406816
2740,7543187.665652621,5112881.263522547,141894.36810266992,2256843.2625094857,2114948.894406816
2741,7543187.665652621,5114678.648116206,141894.36810266992,2256843.2625094857,2114948.894406816
2742,7543567.621612504,5116495.235181474,141894.36810266992,2256843.2625094857,2114948.894406816
2743,7547242.562123145,5118236.342401629,141894.36810266992,2256843.2625094857,2114948.894406816
2744,7554719.062821394,5119779.522847318,141894.36810266992,2256843.2625094857,2114948.894406816
2745,7562682.296881262,5121192.109860548,141894.36810266992,2256843.2625094857,2114948.894406816
2746,7571590.429001386,5122444.842532199,141894.36810266992,2256843.2625094857,2114948.894406816
2747,7582058.98618405,5123648.696185208,141894.36810266992,2263573.924035708,2121679.5559330382
2748,7593065.527130079,5124866.847782446,141894.36810266992,2273357.050226604,2131462.6821239344
2749,7603770.847944049,5126152.00021136,141894.36810266992,2282771.955453765,2140877.5873510954
2750,7614153.72244966,5127791.193015095,141894.36810266992,2291510.373997747,2149616.0058950773
2751,7623991.695387736,5129485.582533759,141894.36810266992,2299648.6942592636,2157754.326156594
2752,7633786.014254221,5131242.068356718,141894.36810266992,2307681.2641448947,2165786.896042225
2753,7639846.439229895,5133135.465308423,141894.36810266992,2311843.029010969,2169948.6609082995
2754,7640807.294194249,5135193.953639418,141894.36810266992,2311843.029010969,2169948.6609082995
2755,7640810.958798631,5137318.445271096,141894.36810266992,2311843.029010969,2169948.6609082995
2756,7640810.958798631,5139305.028243035,141894.36810266992,2311843.029010969,2169948.6609082995
2757,7640810.958798631,5141105.904195168,141894.36810266992,2311843.029010969,2169948.6609082995
2758,7640810.958798631,5142874.942283118,141894.36810266992,2311843.029010969,2169948.6609082995
2759,7640810.958798631,5144628.684895847,141894.36810266992,2311843.029010969,2169948.6609082995
2760,7640810.958798631,5146376.109812289,141894.36810266992,2311843.029010969,2169948.6609082995
2761,7640810.958798631,5148103.251598545,141894.36810266992,2311843.029010969,2169948.6609082995
2762,7640810.958798631,5149820.667457623,141894.36810266992,2311843.029010969,2169948.6609082995
2763,7640810.958798631,5151531.765620415,141894.36810266992,2311843.029010969,2169948.6609082995
2764,7640810.958798631,5153254.086006874,141894.36810266992,2311843.029010969,2169948.6609082995
2765,7640810.958798631,5155029.441791112,141894.36810266992,2311843.029010969,2169948.6609082995
2766,7641175.398952412,5156795.736668832,141894.36810266992,2311843.029010969,2169948.6609082995
2767,7645015.131856441,5158506.834831623,141894.36810266992,2311843.029010969,2169948.6609082995
2768,7652441.48356708,5160080.024334676,141894.36810266992,2311843.029010969,2169948.6609082995
2769,7660430.418586819,5161598.432760713,141894.36810266992,2311843.029010969,2169948.6609082995
2770,7669171.030470619,5163248.432150202,141894.36810266992,2311843.029010969,2169948.6609082995
2771,7680153.310553623,5164862.520423954,141894.36810266992,2317938.408006014,2176044.039903344
2772,7690812.217668214,5166410.605397024,141894.36810266992,2327043.9669896397,2185149.59888697
2773,7701759.756090272,5168233.427030996,141894.36810266992,2336163.420619831,2194269.0525171612
2774,7712297.091044972,5170132.061020413,141894.36810266992,2344796.858427219,2202902.4903245494
2775,7722767.633327375,5172061.701598186,141894.36810266992,2353332.496973955,2211438.1288712854
2776,7732164.794113028,5174093.672230292,141894.36810266992,2360692.423969607,2218798.055866937
2777,7738484.002888393,5176184.995956463,141894.36810266992,2364915.0458609057,2223020.677758236
2778,7739482.758058977,5178298.348492056,141894.36810266992,2364915.0458609057,2223020.677758236
2779,7739486.225111662,5180412.03353798,141894.36810266992,2364915.0458609057,2223020.677758236
2780,7739486.225111662,5182453.397586934,141894.36810266992,2364915.0458609057,2223020.677758236
2781,7739486.225111662,5184257.349259628,141894.36810266992,2364915.0458609057,2223020.677758236
2782,7739486.225111662,5186030.294343966,141894.36810266992,2364915.0458609057,2223020.677758236
2783,7739486.225111662,5187787.112677256,141894.36810266992,2364915.0458609057,2223020.677758236
2784,7739486.225111662,5189535.950762603,141894.36810266992,2364915.0458609057,2223020.677758236
2785,7739486.225111662,5191269.077734817,141894.36810266992,2364915.0458609057,2223020.677758236
2786,7739486.225111662,5192997.300179649,141894.36810266992,2364915.0458609057,2223020.677758236
2787,7739486.225111662,5194719.620566108,141894.36810266992,2364915.0458609057,2223020.677758236
2788,7739486.225111662,5196445.016673128,141894.36810266992,2364915.0458609057,2223020.677758236
2789,7739486.225111662,5198227.0226639835,141894.36810266992,2364915.0458609057,2223020.677758236
2790,7739639.247448458,5200079.5208449885,141894.36810266992,2364915.0458609057,2223020.677758236
2791,7741308.797594718,5201976.409155169,141894.36810266992,2364915.0458609057,2223020.677758236
2792,7745541.519789595,5204006.634108038,141894.36810266992,2364915.0458609057,2223020.677758236
2793,7750850.433964833,5206079.4203832615,141894.36810266992,2364915.0458609057,2223020.677758236
2794,7757889.532785558,5207892.848600387,141894.36810266992,2364915.0458609057,2223020.677758236
2795,7765772.743886889,5209654.571461057,141894.36810266992,2364915.0458609057,2223020.677758236
2796,7774423.323174851,5211808.739639767,141894.36810266992,2364915.0458609057,2223020.677758236
2797,7783102.73347627,5213890.669949091,141894.36810266992,2369268.8014353896,2227374.43333272
2798,7790981.332968555,5215859.463618327,141894.36810266992,2375173.3441005447,2233278.975997875
2799,7797880.096833349,5217990.272946292,141894.36810266992,2379936.035479479,2238041.6673768093
2800,7803369.38749761,5219979.682256043,141894.36810266992,2383430.6536760945,2241536.285573425
2801,7806499.324681919,5222110.491584008,141894.36810266992,2384424.518374543,2242530.1502718735
2802,7807202.52842678,5224258.342066431,141894.36810266992,2384424.518374543,2242530.1502718735
2803,7807205.39578721,5226440.773623268,141894.36810266992,2384424.518374543,2242530.1502718735
2804,7807205.39578721,5228450.7154459525,141894.36810266992,2384424.518374543,2242530.1502718735
2805,7807205.39578721,5230289.24819306,141894.36810266992,2384424.518374543,2242530.1502718735
2806,7807205.39578721,5232096.026203567,141894.36810266992,2384424.518374543,2242530.1502718735
2807,7807205.39578721,5233876.286515185,141894.36810266992,2384424.518374543,2242530.1502718735
2808,7807205.39578721,5235638.009375855,141894.36810266992,2384424.518374543,2242530.1502718735
2809,7807205.39578721,5237393.082029908,141894.36810266992,2384424.518374543,2242530.1502718735
2810,7807205.39578721,5239131.1135295015,141894.36810266992,2384424.518374543,2242530.1502718735
2811,7807205.39578721,5240870.890708333,141894.36810266992,2384424.518374543,2242530.1502718735
2812,7807205.39578721,5242613.411097394,141894.36810266992,2384424.518374543,2242530.1502718735
2813,7807205.39578721,5244416.032728765,141894.36810266992,2384424.518374543,2242530.1502718735
2814,7807382.271906621,5246250.076586406,141894.36810266992,2384424.518374543,2242530.1502718735
2815,7808854.318108092,5248394.851348269,141894.36810266992,2384424.518374543,2242530.1502718735
2816,7811946.880971046,5250456.166017077,141894.36810266992,2384424.518374543,2242530.1502718735
2817,7815620.985074667,5252489.549818089,141894.36810266992,2384424.518374543,2242530.1502718735
2818,7820216.404503431,5254526.424977576,141894.36810266992,2384424.518374543,2242530.1502718735
2819,7825312.167107002,5256602.370100943,141894.36810266992,2384424.518374543,2242530.1502718735
2820,7826876.478929114,5258646.56048771,141894.36810266992,2384424.518374543,2242530.1502718735
2821,7831264.884912307,5260964.157494056,141894.36810266992,2384424.518374543,2242530.1502718735
2822,7837314.974012811,5263302.287013335,141894.36810266992,2384424.518374543,2242530.1502718735
2823,7842919.239842943,5265621.629698918,141894.36810266992,2384424.518374543,2242530.1502718735
2824,7847778.109451198,5268057.18474515,141894.36810266992,2384424.518374543,2242530.1502718735
2825,7850765.275282481,5270543.031978929,141894.36810266992,2384424.518374543,2242530.1502718735
2826,7851566.434850625,5273030.292381615,141894.36810266992,2384424.518374543,2242530.1502718735
2827,7851574.303452466,5275587.047443458,141894.36810266992,2384424.518374543,2242530.1502718735
2828,7851574.303452466,5278066.57698095,141894.36810266992,2384424.518374543,2242530.1502718735
2829,7851574.303452466,5280429.894157794,141894.36810266992,2384424.518374543,2242530.1502718735
2830,7851574.303452466,5282734.855771566,141894.36810266992,2384424.518374543,2242530.1502718735
2831,7851574.303452466,5284981.544949848,141894.36810266992,2384424.518374543,2242530.1502718735
2832,7851574.303452466,5287181.765809388,141894.36810266992,2384424.518374543,2242530.1502718735
2833,7851574.303452466,5289351.645101233,141894.36810266992,2384424.518374543,2242530.1502718735
2834,7851574.303452466,5291322.184449706,141894.36810266992,2384424.518374543,2242530.1502718735
2835,7851574.303452466,5293109.094967942,141894.36810266992,2384424.518374543,2242530.1502718735
2836,7851574.303452466,5294861.424411764,141894.36810266992,2384424.518374543,2242530.1502718735
2837,7851574.303452466,5296652.823819467,141894.36810266992,2384424.518374543,2242530.1502718735
2838,7851748.027790086,5298516.87673447,141894.36810266992,2384424.518374543,2242530.1502718735
2839,7853553.299959914,5300806.127235107,141894.36810266992,2384424.518374543,2242530.1502718735
2840,7857285.888342925,5303013.746449509,141894.36810266992,2384424.518374543,2242530.1502718735
2841,7862215.649105852,5305243.31134575,141894.36810266992,2384424.518374543,2242530.1502718735
2842,7867592.210337194,5307524.914108776,141894.36810266992,2384424.518374543,2242530.1502718735
2843,7873674.155234679,5310032.790151977,141894.36810266992,2384424.518374543,2242530.1502718735
2844,7880078.168282787,5311950.210975089,141894.36810266992,2384424.518374543,2242530.1502718735
2845,7886331.758789128,5313786.998042959,141894.36810266992,2384424.518374543,2242530.1502718735
2846,7891996.4656845145,5315617.550542125,141894.36810266992,2384424.518374543,2242530.1502718735
2847,7897378.58868203,5317496.982059932,141894.36810266992,2384424.518374543,2242530.1502718735
2848,7901638.057610029,5319506.923882617,141894.36810266992,2384424.518374543,2242530.1502718735
2849,7904782.957601372,5321582.869005984,141894.36810266992,2384424.518374543,2242530.1502718735
2850,7905696.388289961,5323768.459410964,141894.36810266992,2384424.518374543,2242530.1502718735
2851,7905705.549084162,5326011.989741103,141894.36810266992,2384424.518374543,2242530.1502718735
2852,7905705.549084162,5328208.719242168,141894.36810266992,2384424.518374543,2242530.1502718735
2853,7905705.549084162,5330376.852854776,141894.36810266992,2384424.518374543,2242530.1502718735
2854,7905705.549084162,5332435.673696103,141894.36810266992,2384424.518374543,2242530.1502718735
2855,7905705.549084162,5334412.44761328,141894.36810266992,2384424.518374543,2242530.1502718735
2856,7905705.549084162,5336207.005869127,141894.36810266992,2384424.518374543,2242530.1502718735
2857,7905705.549084162,5337965.569881653,141894.36810266992,2384424.518374543,2242530.1502718735
2858,7905705.549084162,5339694.124836816,141894.36810266992,2384424.518374543,2242530.1502718735
2859,7905705.549084162,5341424.092960887,141894.36810266992,2384424.518374543,2242530.1502718735
2860,7905705.549084162,5343155.474253863,141894.36810266992,2384424.518374543,2242530.1502718735
2861,7905705.549084162,5344939.225923955,141894.36810266992,2384424.518374543,2242530.1502718735
2862,7906054.200934388,5346792.056615291,141894.36810266992,2384424.518374543,2242530.1502718735
2863,7909171.639919145,5348738.821475105,141894.36810266992,2384424.518374543,2242530.1502718735
2864,7915493.106464294,5350870.960844394,141894.36810266992,2384424.518374543,2242530.1502718735
2865,7922649.25547706,5352951.477984811,141894.36810266992,2384424.518374543,2242530.1502718735
2866,7930184.663198731,5355101.074146472,141894.36810266992,2384424.518374543,2242530.1502718735
2867,7937509.287887273,5357147.010212475,141894.36810266992,2384424.518374543,2242530.1502718735
2868,7945143.710952488,5359114.390712805,141894.36810266992,2384424.518374543,2242530.1502718735
2869,7952614.4994847635,5361092.91030922,141894.36810266992,2384424.518374543,2242530.1502718735
2870,7959811.773051383,5363094.871883962,141894.36810266992,2388330.7397579276,2246436.371655258
2871,7967644.653961957,5365183.3692723205,141894.36810266992,2394069.8601222485,2252175.492019579
2872,7974383.189123896,5367185.330847063,141894.36810266992,2398801.170551549,2256906.8024488795
2873,7978550.863789505,5369254.625763812,141894.36810266992,2400894.2871425143,2258999.9190398445
2874,7979426.7696314035,5371300.561829816,141894.36810266992,2400894.2871425143,2258999.9190398445
2875,7979431.996359974,5373410.755517265,141894.36810266992,2400894.2871425143,2258999.9190398445
2876,7979431.996359974,5375486.368130301,141894.36810266992,2400894.2871425143,2258999.9190398445
2877,7979431.996359974,5377331.218573695,141894.36810266992,2400894.2871425143,2258999.9190398445
2878,7979431.996359974,5379121.204812491,141894.36810266992,2400894.2871425143,2258999.9190398445
2879,7979431.996359974,5380898.306275966,141894.36810266992,2400894.2871425143,2258999.9190398445
2880,7979431.996359974,5382653.378930018,141894.36810266992,2400894.2871425143,2258999.9190398445
2881,7979431.996359974,5384397.644998317,141894.36810266992,2400894.2871425143,2258999.9190398445
2882,7979431.996359974,5386131.104480861,141894.36810266992,2400894.2871425143,2258999.9190398445
2883,7979431.996359974,5387857.913756787,141894.36810266992,2400894.2871425143,2258999.9190398445
2884,7979431.996359974,5389584.723032713,141894.36810266992,2400894.2871425143,2258999.9190398445
2885,7979431.996359974,5391381.0269677965,141894.36810266992,2400894.2871425143,2258999.9190398445
2886,7979627.645647985,5393208.75312915,141894.36810266992,2400894.2871425143,2258999.9190398445
2887,7982337.740493138,5395279.793725137,141894.36810266992,2400894.2871425143,2258999.9190398445
2888,7989090.474769711,5397314.590695055,141894.36810266992,2400894.2871425143,2258999.9190398445
2889,7996918.57404129,5399275.653499098,141894.36810266992,2400894.2871425143,2258999.9190398445
2890,8005185.178627622,5401373.294921556,141894.36810266992,2400894.2871425143,2258999.9190398445
2891,8013777.888290658,5403316.900933226,141894.36810266992,2400894.2871425143,2258999.9190398445
2892,8022400.700286894,5405270.315999658,141894.36810266992,2406181.6185767036,2264287.250474034
2893,8031201.356093206,5407127.386197712,141894.36810266992,2413119.941027066,2271225.5729243965
2894,8039734.713779235,5408975.727999581,141894.36810266992,2419799.693753332,2277905.325650662
2895,8047177.478308609,5410946.267348054,141894.36810266992,2425266.6557763377,2283372.287673668
2896,8053762.602936653,5413151.060224643,141894.36810266992,2429641.724369898,2287747.3562672283
2897,8057538.5314409835,5415416.951874535,141894.36810266992,2431146.4980664416,2289252.129963772
2898,8058405.112952752,5417648.594960344,141894.36810266992,2431146.4980664416,2289252.129963772
2899,8058407.755283701,5419830.028986188,141894.36810266992,2431146.4980664416,2289252.129963772
2900,8058407.755283701,5421949.616090485,141894.36810266992,2431146.4980664416,2289252.129963772
2901,8058407.755283701,5424037.780968512,141894.36810266992,2431146.4980664416,2289252.129963772
2902,8058407.755283701,5425956.614960531,141894.36810266992,2431146.4980664416,2289252.129963772
2903,8058407.755283701,5427751.173216377,141894.36810266992,2431146.4980664416,2289252.129963772
2904,8058407.755283701,5429518.881263004,141894.36810266992,2431146.4980664416,2289252.129963772
2905,8058407.755283701,5431261.734162396,141894.36810266992,2431146.4980664416,2289252.129963772
2906,8058407.755283701,5432998.019982752,141894.36810266992,2431146.4980664416,2289252.129963772
2907,8058407.755283701,5434732.892634203,141894.36810266992,2431146.4980664416,2289252.129963772
2908,8058407.755283701,5436472.669813034,141894.36810266992,2431146.4980664416,2289252.129963772
2909,8058423.130283701,5438245.199259458,141894.36810266992,2431146.4980664416,2289252.129963772
2910,8059284.205283701,5440024.046402169,141894.36810266992,2431146.4980664416,2289252.129963772
2911,8062628.005283701,5441738.303413104,141894.36810266992,2431146.4980664416,2289252.129963772
2912,8067760.855283701,5443572.347270745,141894.36810266992,2431146.4980664416,2289252.129963772
2913,8073984.055283701,5445362.333509541,141894.36810266992,2431146.4980664416,2289252.129963772
2914,8081048.230283701,5447139.434973015,141894.36810266992,2431146.4980664416,2289252.129963772
2915,8088631.180283701,5449021.942211384,141894.36810266992,2431146.4980664416,2289252.129963772
2916,8097188.005283701,5450769.3671278255,141894.36810266992,2432900.0031028674,2291005.6350001977
2917,8105840.305283701,5452430.588740982,141894.36810266992,2439885.818331816,2297991.450229146
2918,8113847.680283701,5454082.0012993775,141894.36810266992,2446236.5176155255,2304342.149512856
2919,8120875.030283701,5455911.140629637,141894.36810266992,2451429.4651273713,2309535.0970247015
2920,8126787.280283701,5457960.235543785,141894.36810266992,2455287.3570553293,2313392.9889526595
2921,8130467.605283701,5459907.000403599,141894.36810266992,2457015.6540376204,2315121.2859349507
2922,8131500.130283701,5462011.208905092,141894.36810266992,2457015.6540376204,2315121.2859349507
2923,8131537.105283701,5464160.805066753,141894.36810266992,2457015.6540376204,2315121.2859349507
2924,8131537.105283701,5466191.030019622,141894.36810266992,2457015.6540376204,2315121.2859349507
2925,8131537.105283701,5468147.603934198,141894.36810266992,2457015.6540376204,2315121.2859349507
2926,8131537.105283701,5469954.7144550355,141894.36810266992,2457015.6540376204,2315121.2859349507
2927,8131537.105283701,5471749.272710882,141894.36810266992,2457015.6540376204,2315121.2859349507
2928,8131537.105283701,5473517.313267839,141894.36810266992,2457015.6540376204,2315121.2859349507
2929,8131537.105283701,5475281.862466322,141894.36810266992,2457015.6540376204,2315121.2859349507
2930,8131537.105283701,5477044.665985568,141894.36810266992,2457015.6540376204,2315121.2859349507
2931,8131537.105283701,5478784.027526486,141894.36810266992,2457015.6540376204,2315121.2859349507
2932,8131537.105283701,5480522.391536411,141894.36810266992,2457015.6540376204,2315121.2859349507
2933,8131547.155283701,5482313.790944113,141894.36810266992,2457015.6540376204,2315121.2859349507
2934,8132098.6302837,5484114.999406578,141894.36810266992,2457015.6540376204,2315121.2859349507
2935,8134148.905283701,5485855.774116402,141894.36810266992,2457015.6540376204,2315121.2859349507
2936,8137290.1302837,5487700.292049465,141894.36810266992,2457015.6540376204,2315121.2859349507
2937,8141074.4802837,5489552.79023047,141894.36810266992,2457015.6540376204,2315121.2859349507
2938,8145405.3552837,5491567.304070204,141894.36810266992,2457015.6540376204,2315121.2859349507
2939,8150017.4052837,5493319.633514026,141894.36810266992,2457015.6540376204,2315121.2859349507
2940,8155018.255283699,5494974.204920565,141894.36810266992,2457015.6540376204,2315121.2859349507
2941,8159974.7052837,5496622.458630817,141894.36810266992,2457015.6540376204,2315121.2859349507
2942,8164576.255283699,5498317.845680473,141894.36810266992,2457015.6540376204,2315121.2859349507
2943,8168890.630283699,5500093.201464711,141894.36810266992,2457015.6540376204,2315121.2859349507
2944,8172604.7802837,5501994.578664358,141894.36810266992,2457015.6540376204,2315121.2859349507
2945,8175190.255283699,5504038.769051124,141894.36810266992,2457015.6540376204,2315121.2859349507
2946,8175747.505283699,5506185.622002555,141894.36810266992,2457015.6540376204,2315121.2859349507
2947,8175770.980283699,5508390.082368813,141894.36810266992,2457015.6540376204,2315121.2859349507
2948,8175770.980283699,5510577.750963362,141894.36810266992,2457015.6540376204,2315121.2859349507
2949,8175770.980283699,5512730.838483497,141894.36810266992,2457015.6540376204,2315121.2859349507
2950,8175770.980283699,5514862.977852785,141894.36810266992,2457015.6540376204,2315121.2859349507
2951,8175770.980283699,5516916.977294313,141894.36810266992,2457015.6540376204,2315121.2859349507
2952,8175770.980283699,5518931.491134047,141894.36810266992,2457015.6540376204,2315121.2859349507
2953,8175770.980283699,5520915.995916417,141894.36810266992,2457015.6540376204,2315121.2859349507
2954,8175770.980283699,5522869.078472518,141894.36810266992,2457015.6540376204,2315121.2859349507
2955,8175770.980283699,5524812.684484188,141894.36810266992,2457015.6540376204,2315121.2859349507
2956,8175770.980283699,5526748.642758248,141894.36810266992,2457015.6540376204,2315121.2859349507
2957,8175786.730283699,5528738.052068,141894.36810266992,2457015.6540376204,2315121.2859349507
2958,8176605.505283699,5530752.233397403,141894.36810266992,2457015.6540376204,2315121.2859349507
2959,8179784.005283699,5532837.239427287,141894.36810266992,2457015.6540376204,2315121.2859349507
2960,8184556.930283699,5534963.144227872,141894.36810266992,2457015.6540376204,2315121.2859349507
2961,8190190.780283699,5537071.924746415,141894.36810266992,2457015.6540376204,2315121.2859349507
2962,8196416.530283699,5539133.904435884,141894.36810266992,2457015.6540376204,2315121.2859349507
2963,8202901.330283699,5541164.129388753,141894.36810266992,2457015.6540376204,2315121.2859349507
2964,8211289.105283699,5543213.224302901,141894.36810266992,2457015.6540376204,2315121.2859349507
2965,8219678.380283699,5545342.287951629,141894.36810266992,2457015.6540376204,2315121.2859349507
2966,8227450.0302837,5547375.671752641,141894.36810266992,2461187.4524445604,2319293.0843418906
2967,8234498.3052837,5549429.671194169,141894.36810266992,2466176.4648451377,2324282.096742468
2968,8240618.2302837,5551571.287107888,141894.36810266992,2470149.5107735237,2328255.142670854
2969,8245109.9052837,5553820.054475738,141894.36810266992,2472387.1552477786,2330492.787145109
2970,8246166.130283699,5556126.4292584155,141894.36810266992,2472387.1552477786,2330492.787145109
2971,8246212.7802837,5558497.394172871,141894.36810266992,2472387.1552477786,2330492.787145109
2972,8246212.7802837,5560812.164841404,141894.36810266992,2472387.1552477786,2330492.787145109
2973,8246212.7802837,5563079.802170533,141894.36810266992,2472387.1552477786,2330492.787145109
2974,8246212.7802837,5565314.271594155,141894.36810266992,2472387.1552477786,2330492.787145109
2975,8246212.7802837,5567519.064470744,141894.36810266992,2472387.1552477786,2330492.787145109
2976,8246212.7802837,5569689.27627292,141894.36810266992,2472387.1552477786,2330492.787145109
2977,8246212.7802837,5571843.776961962,141894.36810266992,2472387.1552477786,2330492.787145109
2978,8246212.7802837,5573985.725386011,141894.36810266992,2472387.1552477786,2330492.787145109
2979,8246212.7802837,5576118.280393214,141894.36810266992,2472387.1552477786,2330492.787145109
2980,8246212.7802837,5578215.921815672,141894.36810266992,2472387.1552477786,2330492.787145109
2981,8246236.1052837,5580341.8266162565,141894.36810266992,2472387.1552477786,2330492.787145109
2982,8247233.9052837,5582512.038418433,141894.36810266992,2472387.1552477786,2330492.787145109
2983,8250910.3302837,5584770.282330713,141894.36810266992,2472387.1552477786,2330492.787145109
2984,8256158.6052837,5587028.110605081,141894.36810266992,2472387.1552477786,2330492.787145109
2985,8262383.4552837,5589271.973445551,141894.36810266992,2472387.1552477786,2330492.787145109
2986,8269303.4052837,5591550.417360433,141894.36810266992,2472387.1552477786,2330492.787145109
2987,8276486.2302837,5593800.265386859,141894.36810266992,2472387.1552477786,2330492.787145109
2988,8284055.5302837,5595783.357000323,141894.36810266992,2472387.1552477786,2330492.787145109
2989,8291652.9552837,5597822.97537004,141894.36810266992,2472387.1552477786,2330492.787145109
2990,8298821.6052837,5599875.229132331,141894.36810266992,2477094.780108237,2335200.4120055675
2991,8305092.4302837,5602061.152047642,141894.36810266992,2481174.4190350315,2339280.0509323617
2992,8310467.1552837,5604462.126019459,141894.36810266992,2484142.9069053186,2342248.538802649
2993,8313681.5802837,5606902.585593071,141894.36810266992,2484911.609173812,2343017.2410711423
2994,8314458.2802837,5609393.337354231,141894.36810266992,2484911.609173812,2343017.2410711423
2995,8314497.4302837,5611786.663588438,141894.36810266992,2484911.609173812,2343017.2410711423
2996,8314497.4302837,5614132.856483242,141894.36810266992,2484911.609173812,2343017.2410711423
2997,8314497.4302837,5616447.627151775,141894.36810266992,2484911.609173812,2343017.2410711423
2998,8314497.4302837,5618738.623331649,141894.36810266992,2484911.609173812,2343017.2410711423
2999,8314497.4302837,5621017.067246532,141894.36810266992,2484911.609173812,2343017.2410711423
3000,8314497.4302837,5623262.343255908,141894.36810266992,2484911.609173812,2343017.2410711423
3001,8314497.4302837,5625499.639017343,141894.36810266992,2484911.609173812,2343017.2410711423
3002,8314497.4302837,5627718.729838161,141894.36810266992,2484911.609173812,2343017.2410711423
3003,8314497.4302837,5629917.205018464,141894.36810266992,2484911.609173812,2343017.2410711423
3004,8314497.4302837,5632090.575668783,141894.36810266992,2484911.609173812,2343017.2410711423
3005,8314511.8302837005,5634303.016282983,141894.36810266992,2484911.609173812,2343017.2410711423
3006,8315214.8802837,5636576.555670485,141894.36810266992,2484911.609173812,2343017.2410711423
3007,8317796.530283701,5638931.809471805,141894.36810266992,2484911.609173812,2343017.2410711423
3008,8321738.605283701,5641353.066573807,141894.36810266992,2484911.609173812,2343017.2410711423
3009,8326742.005283701,5643623.86275108,141894.36810266992,2484911.609173812,2343017.2410711423
3010,8332464.880283701,5645848.938757854,141894.36810266992,2484911.609173812,2343017.2410711423
3011,8338956.955283701,5648048.827107063,141894.36810266992,2484911.609173812,2343017.2410711423
3012,8346304.705283701,5650422.950869661,141894.36810266992,2484911.609173812,2343017.2410711423
3013,8353680.130283701,5652803.724838877,141894.36810266992,2484911.609173812,2343017.2410711423
3014,8360502.055283701,5654984.410716477,141894.36810266992,2484911.609173812,2343017.2410711423
3015,8366618.080283701,5657317.718835957,141894.36810266992,2484911.609173812,2343017.2410711423
3016,8371767.355283702,5659618.524070593,141894.36810266992,2487158.1955406135,2345263.827437944
3017,8375258.155283702,5661783.498835057,141894.36810266992,2488478.757618254,2346584.3895155843
3018,8376670.930283702,5663972.580598512,141894.36810266992,2488478.757618254,2346584.3895155843
3019,8376745.780283702,5666224.506814506,141894.36810266992,2488478.757618254,2346584.3895155843
3020,8376745.780283702,5668372.772934843,141894.36810266992,2488478.757618254,2346584.3895155843
3021,8376745.780283702,5670470.746867632,141894.36810266992,2488478.757618254,2346584.3895155843
3022,8376745.780283702,5672535.552894914,141894.36810266992,2488478.757618254,2346584.3895155843
3023,8376745.780283702,5674569.269206257,141894.36810266992,2488478.757618254,2346584.3895155843
3024,8376745.780283702,5676557.265347102,141894.36810266992,2488478.757618254,2346584.3895155843
3025,8376745.780283702,5678494.969300399,141894.36810266992,2488478.757618254,2346584.3895155843
3026,8376745.780283702,5680421.5341576105,141894.36810266992,2488478.757618254,2346584.3895155843
3027,8376745.780283702,5682186.415866424,141894.36810266992,2488478.757618254,2346584.3895155843
3028,8376745.780283702,5683003.393749436,141894.36810266992,2488478.757618254,2346584.3895155843
3029,8376770.455283701,5684516.897648092,141894.36810266992,2488478.757618254,2346584.3895155843
3030,8377951.030283702,5686316.027920988,141894.36810266992,2488478.757618254,2346584.3895155843
3031,8382688.255283701,5688443.345890479,141894.36810266992,2488478.757618254,2346584.3895155843
3032,8389791.880283702,5690647.806256738,141894.36810266992,2488478.757618254,2346584.3895155843
3033,8397762.955283701,5692803.720114686,141894.36810266992,2488478.757618254,2346584.3895155843
3034,8406398.380283702,5694835.690746792,141894.36810266992,2488478.757618254,2346584.3895155843
3035,8415442.255283702,5696803.071247121,141894.36810266992,2491212.7147484096,2349318.34664574
3036,8425321.180283703,5698756.153803223,141894.36810266992,2499133.294034414,2357238.9259317443
3037,8435304.955283703,5700718.629776171,141894.36810266992,2507149.3299035705,2365254.9618009008
3038,8444899.930283703,5702701.7213896355,141894.36810266992,2514755.950132211,2372861.5820295415
3039,8453959.555283703,5704722.552925657,141894.36810266992,2521789.4804382953,2379895.1123356256
3040,8462283.355283704,5706812.463482921,141894.36810266992,2528018.106723136,2386123.738620466
3041,8468170.180283703,5708995.227550088,141894.36810266992,2531716.9044980737,2389822.536395404
3042,8469978.505283702,5711265.6912170295,141894.36810266992,2531716.9044980737,2389822.536395404
3043,8470065.130283702,5713597.586167604,141894.36810266992,2531716.9044980737,2389822.536395404
3044,8470065.130283702,5715915.18317395,141894.36810266992,2531716.9044980737,2389822.536395404
3045,8470065.130283702,5718418.487200101,141894.36810266992,2531716.9044980737,2389822.536395404
3046,8470065.130283702,5720876.071055754,141894.36810266992,2531716.9044980737,2389822.536395404
3047,8470065.130283702,5722997.403839288,141894.36810266992,2531716.9044980737,2389822.536395404
3048,8470065.130283702,5724840.841113776,141894.36810266992,2531716.9044980737,2389822.536395404
3049,8470065.130283702,5727078.13687521,141894.36810266992,2531716.9044980737,2389822.536395404
3050,8470065.130283702,5729257.409583904,141894.36810266992,2531716.9044980737,2389822.536395404
3051,8470065.130283702,5731413.323441852,141894.36810266992,2531716.9044980737,2389822.536395404
3052,8470065.130283702,5733552.113017758,141894.36810266992,2531716.9044980737,2389822.536395404
3053,8470094.905283703,5735708.359386037,141894.36810266992,2531716.9044980737,2389822.536395404
3054,8471573.830283703,5737897.108639161,141894.36810266992,2531716.9044980737,2389822.536395404
3055,8477580.580283703,5740171.063664577,141894.36810266992,2531716.9044980737,2389822.536395404
3056,8486066.305283703,5742580.101011919,141894.36810266992,2531716.9044980737,2389822.536395404
3057,8495356.405283703,5744745.075776383,141894.36810266992,2531716.9044980737,2389822.536395404
3058,8505259.780283703,5746825.592916801,141894.36810266992,2531716.9044980737,2389822.536395404
3059,8515608.955283703,5748869.783303567,141894.36810266992,2536457.4934845814,2394563.1253819116
3060,8526330.955283703,5751001.922672856,141894.36810266992,2545042.090957398,2403147.7228547283
3061,8537056.105283704,5753333.81762343,141894.36810266992,2553430.082848929,2411535.714746259
3062,8547595.855283704,5755632.5446684975,141894.36810266992,2561665.8426459664,2419771.4745432967
3063,8557865.605283704,5757980.150732207,141894.36810266992,2569582.7234243625,2427688.355321693
3064,8567523.055283703,5760379.794662702,141894.36810266992,2576835.266335973,2434940.8982333033
3065,8574816.805283703,5762883.098688853,141894.36810266992,2581620.449151927,2439726.0810492574
3066,8576981.380283702,5765441.599429933,141894.36810266992,2581620.449151927,2439726.0810492574
3067,8577092.305283703,5767924.287815569,141894.36810266992,2581620.449151927,2439726.0810492574
3068,8577092.305283703,5770257.92844538,141894.36810266992,2581620.449151927,2439726.0810492574
3069,8577092.305283703,5772545.43326678,141894.36810266992,2581620.449151927,2439726.0810492574
3070,8577092.305283703,5774783.061538545,141894.36810266992,2581620.449151927,2439726.0810492574
3071,8577092.305283703,5776992.426432185,141894.36810266992,2581620.449151927,2439726.0810492574
3072,8577092.305283703,5779198.63247768,141894.36810266992,2581620.449151927,2439726.0810492574
3073,8577092.305283703,5781389.127410041,141894.36810266992,2581620.449151927,2439726.0810492574
3074,8577092.305283703,5783555.847853743,141894.36810266992,2581620.449151927,2439726.0810492574
3075,8577092.305283703,5785689.400391937,141894.36810266992,2581620.449151927,2439726.0810492574
3076,8577092.305283703,5787795.022062337,141894.36810266992,2581620.449151927,2439726.0810492574
3077,8577123.430283703,5789941.542503437,141894.36810266992,2581620.449151927,2439726.0810492574
3078,8578695.130283702,5792080.3320793435,141894.36810266992,2581620.449151927,2439726.0810492574
3079,8584882.405283703,5794343.064881092,141894.36810266992,2581620.449151927,2439726.0810492574
3080,8593764.955283703,5796469.302192007,141894.36810266992,2581620.449151927,2439726.0810492574
3081,8603587.855283704,5798581.241558694,141894.36810266992,2581620.449151927,2439726.0810492574
3082,8613846.730283704,5800703.987511135,141894.36810266992,2581620.449151927,2439726.0810492574
3083,8624381.680283703,5802829.892311719,141894.36810266992,2588433.6778199957,2446539.309717326
3084,8635196.155283703,5804995.6152244285,141894.36810266992,2597077.1667493917,2455182.798646722
3085,8646171.730283702,5807159.176819987,141894.36810266992,2605883.916995939,2463989.548893269
3086,8656973.305283701,5809366.796034388,141894.36810266992,2614472.609623642,2472578.2415209725
3087,8667467.0052837,5811578.904138258,141894.36810266992,2622748.9383618785,2480854.570259209
3088,8677376.9052837,5813810.214713736,141894.36810266992,2630422.2646285053,2488527.8965258356
3089,8684902.2552837,5815936.452024652,141894.36810266992,2635816.1141596953,2493921.7460570256
3090,8687035.6302837,5818141.244901241,141894.36810266992,2635816.1141596953,2493921.7460570256
3091,8687157.5802837,5820333.153002508,141894.36810266992,2635816.1141596953,2493921.7460570256
3092,8687157.5802837,5822495.384556742,141894.36810266992,2635816.1141596953,2493921.7460570256
3093,8687157.5802837,5824630.682774174,141894.36810266992,2635816.1141596953,2493921.7460570256
3094,8687157.5802837,5826753.761236946,141894.36810266992,2635816.1141596953,2493921.7460570256
3095,8687157.5802837,5828857.637228109,141894.36810266992,2635816.1141596953,2493921.7460570256
3096,8687157.5802837,5830944.38893723,141894.36810266992,2635816.1141596953,2493921.7460570256
3097,8687157.5802837,5833037.458342639,141894.36810266992,2635816.1141596953,2493921.7460570256
3098,8687157.5802837,5835136.845444334,141894.36810266992,2635816.1141596953,2493921.7460570256
3099,8687157.5802837,5837247.371642114,141894.36810266992,2635816.1141596953,2493921.7460570256
3100,8687157.5802837,5839384.415538783,141894.36810266992,2635816.1141596953,2493921.7460570256
3101,8687187.7302837,5841581.145039848,141894.36810266992,2635816.1141596953,2493921.7460570256
3102,8688694.6302837,5843799.903350335,141894.36810266992,2635816.1141596953,2493921.7460570256
3103,8694677.3802837,5845995.302810077,141894.36810266992,2635816.1141596953,2493921.7460570256
3104,8703348.2802837,5848196.936838523,141894.36810266992,2635816.1141596953,2493921.7460570256
3105,8712727.6302837,5850301.145340016,141894.36810266992,2635816.1141596953,2493921.7460570256
3106,8722631.2302837,5852392.801576518,141894.36810266992,2635816.1141596953,2493921.7460570256
3107,8733275.9802837,5854501.582095061,141894.36810266992,2642952.7544980193,2501058.3863953496
3108,8743797.5802837,5856890.003801888,141894.36810266992,2651080.6696332977,2509186.301530628
3109,8754368.6802837,5859204.7744704215,141894.36810266992,2659331.73580687,2517437.3677042
3110,8764687.1802837,5861450.382990128,141894.36810266992,2667399.364129268,2525504.9960265984
3111,8774550.3552837,5863743.124849239,141894.36810266992,2674964.534112262,2533070.1660095924
3112,8783651.3802837,5866026.473291503,141894.36810266992,2681776.9475121037,2539882.579409434
3113,8790688.7052837,5868418.053846474,141894.36810266992,2686417.4287992385,2544523.060696569
3114,8792698.3302837,5870944.71672337,141894.36810266992,2686417.4287992385,2544523.060696569
3115,8792810.3052837,5873567.391958313,141894.36810266992,2686417.4287992385,2544523.060696569
3116,8792810.3052837,5876224.315757339,141894.36810266992,2686417.4287992385,2544523.060696569
3117,8792810.3052837,5878865.86095356,141894.36810266992,2686417.4287992385,2544523.060696569
3118,8792810.3052837,5881434.835770063,141894.36810266992,2686417.4287992385,2544523.060696569
3119,8792810.3052837,5883728.990798081,141894.36810266992,2686417.4287992385,2544523.060696569
3120,8792810.3052837,5886012.0067300135,141894.36810266992,2686417.4287992385,2544523.060696569
3121,8792810.3052837,5888295.022661946,141894.36810266992,2686417.4287992385,2544523.060696569
3122,8792810.3052837,5890557.755463694,141894.36810266992,2686417.4287992385,2544523.060696569
3123,8792810.3052837,5892817.329417299,141894.36810266992,2686417.4287992385,2544523.060696569
3124,8792810.3052837,5895083.22106719,141894.36810266992,2686417.4287992385,2544523.060696569
3125,8792843.755283698,5897413.3703385275,141894.36810266992,2686417.4287992385,2544523.060696569
3126,8794180.1802837,5899875.443083648,141894.36810266992,2686417.4287992385,2544523.060696569
3127,8799055.3302837,5902638.188295481,141894.36810266992,2686417.4287992385,2544523.060696569
3128,8806198.030283699,5905394.615811027,141894.36810266992,2686417.4287992385,2544523.060696569
3129,8814076.780283699,5908130.095175726,141894.36810266992,2686417.4287992385,2544523.060696569
3130,8822588.155283699,5910832.73914525,141894.36810266992,2686417.4287992385,2544523.060696569
3131,8832124.1802837,5913436.627546498,141894.36810266992,2686417.4287992385,2544523.060696569
3132,8841518.4552837,5915929.124986894,141894.36810266992,2686645.986864927,2544751.6187622575
3133,8850923.7552837,5918383.549994404,141894.36810266992,2693591.5986995227,2551697.230596853
3134,8860044.8802837,5921041.8869623365,141894.36810266992,2700049.1235736962,2558154.7554710265
3135,8868034.0900827,5923780.525175179,141894.36810266992,2705294.4320019577,2563400.063899288
3136,8875436.606929932,5926637.537065822,141894.36810266992,2709834.6738006533,2567940.3056979836
3137,8880683.565519528,5929259.879790434,141894.36810266992,2712454.026507743,2570559.6584050735
3138,8882115.963739809,5931954.543512016,141894.36810266992,2712454.026507743,2570559.6584050735
3139,8882192.268601095,5934699.8319314765,141894.36810266992,2712454.026507743,2570559.6584050735
3140,8882192.268601095,5937389.923636009,141894.36810266992,2712454.026507743,2570559.6584050735
3141,8882192.268601095,5940042.275417984,141894.36810266992,2712454.026507743,2570559.6584050735
3142,8882192.268601095,5942667.776990741,141894.36810266992,2712454.026507743,2570559.6584050735
3143,8882192.268601095,5944963.677697996,141894.36810266992,2712454.026507743,2570559.6584050735
3144,8882192.268601095,5947243.867292115,141894.36810266992,2712454.026507743,2570559.6584050735
3145,8882192.268601095,5949499.949887246,141894.36810266992,2712454.026507743,2570559.6584050735
3146,8882192.268601095,5951746.971575859,141894.36810266992,2712454.026507743,2570559.6584050735
3147,8882192.268601095,5953981.773509812,141894.36810266992,2712454.026507743,2570559.6584050735
3148,8882192.268601095,5956221.147460815,141894.36810266992,2712454.026507743,2570559.6584050735
3149,8882215.779709164,5958513.889319926,141894.36810266992,2712454.026507743,2570559.6584050735
3150,8883421.496235292,5960844.038591263,141894.36810266992,2712454.026507743,2570559.6584050735
3151,8888359.592304418,5963441.609296223,141894.36810266992,2712454.026507743,2570559.6584050735
3152,8895666.75206028,5966139.76437628,141894.36810266992,2712454.026507743,2570559.6584050735
3153,8903813.641513346,5968707.326023877,141894.36810266992,2712454.026507743,2570559.6584050735
3154,8912713.176265653,5971262.335406482,141894.36810266992,2712454.026507743,2570559.6584050735
3155,8921705.778381528,5973815.931620182,141894.36810266992,2712454.026507743,2570559.6584050735
3156,8931824.29777231,5976240.680080659,141894.36810266992,2713430.168317815,2571535.800215145
3157,8942135.657231761,5978734.175052049,141894.36810266992,2721242.7696479815,2579348.401545312
3158,8952005.391760739,5981294.005834453,141894.36810266992,2728547.4102366613,2586653.0421339916
3159,8960858.003200823,5983835.049783161,141894.36810266992,2734853.714570144,2592959.3464674745
3160,8969517.717177968,5986517.493750082,141894.36810266992,2740825.721422472,2598931.3533198023
3161,8975315.586409569,5989085.055397679,141894.36810266992,2744050.765848581,2602156.3977459115
3162,8977193.419181509,5991687.19811969,141894.36810266992,2744050.765848581,2602156.3977459115
3163,8977279.30367692,5994316.19105092,141894.36810266992,2744050.765848581,2602156.3977459115
3164,8977279.30367692,5996880.593850373,141894.36810266992,2744050.765848581,2602156.3977459115
3165,8977279.30367692,5999219.139007566,141894.36810266992,2744050.765848581,2602156.3977459115
3166,8977279.30367692,6001495.837243211,141894.36810266992,2744050.765848581,2602156.3977459115
3167,8977279.30367692,6003702.375799038,141894.36810266992,2744050.765848581,2602156.3977459115
3168,8977279.30367692,6005814.315165726,141894.36810266992,2744050.765848581,2602156.3977459115
3169,8977279.30367692,6007891.673457999,141894.36810266992,2744050.765848581,2602156.3977459115
3170,8977279.30367692,6009959.638333424,141894.36810266992,2744050.765848581,2602156.3977459115
3171,8977279.30367692,6012134.42215265,141894.36810266992,2744050.765848581,2602156.3977459115
3172,8977279.30367692,6014295.240537978,141894.36810266992,2744050.765848581,2602156.3977459115
3173,8977293.575651716,6016119.807851188,141894.36810266992,2744050.765848581,2602156.3977459115
3174,8977995.87876296,6018316.204841922,141894.36810266992,2744050.765848581,2602156.3977459115
3175,8980671.235532345,6020580.683322907,141894.36810266992,2744050.765848581,2602156.3977459115
3176,8984533.202318298,6022866.858102984,141894.36810266992,2744050.765848581,2602156.3977459115
3177,8989493.673609398,6025013.378544084,141894.36810266992,2744050.765848581,2602156.3977459115
3178,8994999.935153026,6026922.819119255,141894.36810266992,2744050.765848581,2602156.3977459115
3179,9001244.282334572,6028838.49426313,141894.36810266992,2744050.765848581,2602156.3977459115
3180,9008347.301612131,6030739.871462777,141894.36810266992,2744050.765848581,2602156.3977459115
3181,9015601.529080136,6032735.847851564,141894.36810266992,2744050.765848581,2602156.3977459115
3182,9022755.167912891,6034798.908199609,141894.36810266992,2744050.765848581,2602156.3977459115
3183,9029098.383928075,6036869.6162852645,141894.36810266992,2747099.4738446176,2605205.105741948
3184,9034378.241777299,6038257.098768511,141894.36810266992,2750986.5860526995,2609092.2179500298
3185,9037885.338666148,6040534.129514487,141894.36810266992,2752211.389037678,2610317.0209350083
3186,9039360.998285951,6042795.116636998,141894.36810266992,2752211.389037678,2610317.0209350083
3187,9039439.0902433,6045042.138325611,141894.36810266992,2752211.389037678,2610317.0209350083
3188,9039439.0902433,6047262.309805005,141894.36810266992,2752211.389037678,2610317.0209350083
3189,9039439.0902433,6049443.328192935,141894.36810266992,2752211.389037678,2610317.0209350083
3190,9039439.0902433,6051288.178636329,141894.36810266992,2752211.389037678,2610317.0209350083
3191,9039439.0902433,6053087.308909225,141894.36810266992,2752211.389037678,2610317.0209350083
3192,9039439.0902433,6054831.907487854,141894.36810266992,2752211.389037678,2610317.0209350083
3193,9039439.0902433,6056574.7603872465,141894.36810266992,2752211.389037678,2610317.0209350083
3194,9039439.0902433,6058299.823983936,141894.36810266992,2752211.389037678,2610317.0209350083
3195,9039439.0902433,6060015.494163777,141894.36810266992,2752211.389037678,2610317.0209350083
3196,9039439.0902433,6061731.164343618,141894.36810266992,2752211.389037678,2610317.0209350083
3197,9039454.013605926,6063517.65922394,141894.36810266992,2752211.389037678,2610317.0209350083
3198,9040289.62802891,6065321.610896634,141894.36810266992,2752211.389037678,2610317.0209350083
3199,9043472.298345756,6067235.540361272,141894.36810266992,2752211.389037678,2610317.0209350083
3200,9048591.933834199,6069292.615523361,141894.36810266992,2752211.389037678,2610317.0209350083
3201,9054932.52306975,6071220.510421896,141894.36810266992,2752211.389037678,2610317.0209350083
3202,9062154.542583102,6073085.560867893,141894.36810266992,2752211.389037678,2610317.0209350083
3203,9069981.199771749,6074932.156990524,141894.36810266992,2752211.389037678,2610317.0209350083
3204,9078395.66350157,6076767.946527402,141894.36810266992,2753995.258569251,2612100.890466581
3205,9086774.068193164,6078609.638122653,141894.36810266992,2760526.7085076994,2618632.3404050297
3206,9094754.46615152,6080478.179927124,141894.36810266992,2766633.3015036914,2624738.9334010216
3207,9101995.122688644,6082401.585936192,141894.36810266992,2771945.2888738504,2630050.9207711807
3208,9107651.356662413,6084406.706359079,141894.36810266992,2775591.139266839,2633696.771164169
3209,9111347.051054494,6086485.81033059,141894.36810266992,2777202.466529515,2635308.0984268454
3210,9112394.890259558,6088673.146414808,141894.36810266992,2777202.466529515,2635308.0984268454
3211,9112432.988613838,6090925.072630802,141894.36810266992,2777202.466529515,2635308.0984268454
3212,9112432.988613838,6093150.148637576,141894.36810266992,2777202.466529515,2635308.0984268454
3213,9112432.988613838,6095268.322572967,141894.36810266992,2777202.466529515,2635308.0984268454
3214,9112432.988613838,6097317.417487115,141894.36810266992,2777202.466529515,2635308.0984268454
3215,9112432.988613838,6099328.772478705,141894.36810266992,2777202.466529515,2635308.0984268454
3216,9112432.988613838,6101294.407299798,141894.36810266992,2777202.466529515,2635308.0984268454
3217,9112432.988613838,6103192.29314097,141894.36810266992,2777202.466529515,2635308.0984268454
3218,9112432.988613838,6104942.876905556,141894.36810266992,2777202.466529515,2635308.0984268454
3219,9112432.988613838,6106583.482878197,141894.36810266992,2777202.466529515,2635308.0984268454
3220,9112432.988613838,6107986.676474579,141894.36810266992,2777202.466529515,2635308.0984268454
3221,9112465.84040124,6109941.504709917,141894.36810266992,2777202.466529515,2635308.0984268454
3222,9113785.230429279,6111894.919776349,141894.36810266992,2777202.466529515,2635308.0984268454
3223,9118642.94617123,6113862.300276679,141894.36810266992,2777202.466529515,2635308.0984268454
3224,9125934.761215791,6115879.972964557,141894.36810266992,2777202.466529515,2635308.0984268454
3225,9133940.898224514,6117941.620143696,141894.36810266992,2777202.466529515,2635308.0984268454
3226,9142711.440033237,6120025.296132256,141894.36810266992,2777202.466529515,2635308.0984268454
3227,9151834.043376856,6121926.673331903,141894.36810266992,2779696.8004989773,2637802.4323963076
3228,9161493.199333297,6123782.662871382,141894.36810266992,2787494.7037580446,2645600.335655375
3229,9170915.436459992,6125671.820316369,141894.36810266992,2795022.520281859,2653128.1521791895
3230,9180146.44710526,6127610.937438572,141894.36810266992,2802309.1506470293,2660414.7825443596
3231,9188221.557752391,6129647.480087728,141894.36810266992,2808342.4554871083,2666448.0873844386
3232,9195816.962124016,6131792.587359922,141894.36810266992,2813787.489428645,2671893.1213259753
3233,9200957.374759216,6134006.773653359,141894.36810266992,2816708.4526125127,2674814.084509843
3234,9202454.401566703,6136265.01756564,141894.36810266992,2816708.4526125127,2674814.084509843
3235,9202526.29990058,6138507.134726872,141894.36810266992,2816708.4526125127,2674814.084509843
3236,9202526.29990058,6140732.210733646,141894.36810266992,2816708.4526125127,2674814.084509843
3237,9202526.29990058,6142880.476853983,141894.36810266992,2816708.4526125127,2674814.084509843
3238,9202526.29990058,6144970.387411247,141894.36810266992,2816708.4526125127,2674814.084509843
3239,9202526.29990058,6147035.193438529,141894.36810266992,2816708.4526125127,2674814.084509843
3240,9202526.29990058,6149074.811808246,141894.36810266992,2816708.4526125127,2674814.084509843
3241,9202526.29990058,6151095.643344267,141894.36810266992,2816708.4526125127,2674814.084509843
3242,9202526.29990058,6153106.998335858,141894.36810266992,2816708.4526125127,2674814.084509843
3243,9202526.29990058,6155116.940158542,141894.36810266992,2816708.4526125127,2674814.084509843
3244,9202526.29990058,6157133.199677514,141894.36810266992,2816708.4526125127,2674814.084509843
3245,9202555.988493,6159188.529160365,141894.36810266992,2816708.4526125127,2674814.084509843
3246,9204026.456325352,6161245.604322454,141894.36810266992,2816708.4526125127,2674814.084509843
3247,9210173.31476299,6163297.858084745,141894.36810266992,2816708.4526125127,2674814.084509843
3248,9219068.15574926,6165434.901981414,141894.36810266992,2816708.4526125127,2674814.084509843
3249,9228647.077379001,6167573.35904699,141894.36810266992,2816708.4526125127,2674814.084509843
3250,9238239.083164493,6169785.79966119,141894.36810266992,2816708.4526125127,2674814.084509843
3251,9249276.240845094,6172103.396667536,141894.36810266992,2824248.8116114116,2682354.443508742
3252,9259858.789785784,6174338.198601489,141894.36810266992,2832591.295460254,2690696.9273575842
3253,9270370.542772455,6176671.8392313,141894.36810266992,2840764.14465922,2698869.77655655
3254,9280617.934751652,6179243.889768364,141894.36810266992,2848434.2229434587,2706539.854840789
3255,9290616.000226503,6181697.982265542,141894.36810266992,2855972.932763236,2714078.5646605664
3256,9299743.167392137,6184117.826198638,141894.36810266992,2862674.9928378775,2720780.6247352078
3257,9306624.58576739,6186638.254506831,141894.36810266992,2867030.7197470437,2725136.351644374
3258,9308546.418348508,6189174.393928158,141894.36810266992,2867030.7197470437,2725136.351644374
3259,9308657.96250149,6191751.348992603,141894.36810266992,2867030.7197470437,2725136.351644374
3260,9308657.96250149,6194298.294999684,141894.36810266992,2867030.7197470437,2725136.351644374
3261,9308657.96250149,6196839.338948392,141894.36810266992,2867030.7197470437,2725136.351644374
3262,9308657.96250149,6199325.186182172,141894.36810266992,2867030.7197470437,2725136.351644374
3263,9308657.96250149,6201586.505815013,141894.36810266992,2867030.7197470437,2725136.351644374
3264,9308657.96250149,6203834.940672533,141894.36810266992,2867030.7197470437,2725136.351644374
3265,9308657.96250149,6206088.280057433,141894.36810266992,2867030.7197470437,2725136.351644374
3266,9308657.96250149,6208333.88857714,141894.36810266992,2867030.7197470437,2725136.351644374
3267,9308657.96250149,6210579.497096847,141894.36810266992,2867030.7197470437,2725136.351644374
3268,9308657.96250149,6212818.538537518,141894.36810266992,2867030.7197470437,2725136.351644374
3269,9308692.077985322,6215101.886979782,141894.36810266992,2867030.7197470437,2725136.351644374
3270,9309965.844577955,6217370.937477817,141894.36810266992,2867030.7197470437,2725136.351644374
3271,9315025.853329884,6219605.406901439,141894.36810266992,2867030.7197470437,2725136.351644374
3272,9321839.260089252,6221869.885382424,141894.36810266992,2867030.7197470437,2725136.351644374
3273,9330031.520668676,6224163.707900111,141894.36810266992,2867030.7197470437,2725136.351644374
3274,9338884.168523032,6226417.047285011,141894.36810266992,2867030.7197470437,2725136.351644374
3275,9348749.06370243,6228585.51340795,141894.36810266992,2867030.7197470437,2725136.351644374
3276,9357736.80700755,6230887.731811493,141894.36810266992,2870863.8327683304,2728969.4646656606
3277,9366979.056020811,6233078.226743854,141894.36810266992,2877910.3236913374,2736015.9555886677
3278,9376426.738521587,6235213.857471617,141894.36810266992,2885217.112306456,2743322.7442037864
3279,9384517.696686653,6237460.546649899,141894.36810266992,2891056.118135345,2749161.7500326755
3280,9391558.197169704,6239768.999622146,141894.36810266992,2895782.902488256,2753888.534385586
3281,9396659.84505898,6242205.967837283,141894.36810266992,2898442.319004499,2756547.950901829
3282,9398180.59767112,6244782.922901728,141894.36810266992,2898442.319004499,2756547.950901829
3283,9398255.130495848,6247435.274683704,141894.36810266992,2898442.319004499,2756547.950901829
3284,9398255.130495848,6250095.689841203,141894.36810266992,2898442.319004499,2756547.950901829
3285,9398255.130495848,6252735.489358188,141894.36810266992,2898442.319004499,2756547.950901829
3286,9398255.130495848,6255257.3308352865,141894.36810266992,2898442.319004499,2756547.950901829
3287,9398255.130495848,6257556.057880354,141894.36810266992,2898442.319004499,2756547.950901829
3288,9398255.130495848,6259837.66064338,141894.36810266992,2898442.319004499,2756547.950901829
3289,9398255.130495848,6262107.043651746,141894.36810266992,2898442.319004499,2756547.950901829
3290,9398255.130495848,6264352.319661122,141894.36810266992,2898442.319004499,2756547.950901829
3291,9398255.130495848,6266591.693612125,141894.36810266992,2898442.319004499,2756547.950901829
3292,9398255.130495848,6268832.480732034,141894.36810266992,2898442.319004499,2756547.950901829
3293,9398271.214528449,6271134.366625245,141894.36810266992,2898442.319004499,2756547.950901829
3294,9399124.196439665,6273493.111785039,141894.36810266992,2898442.319004499,2756547.950901829
3295,9402405.19866127,6275966.406753827,141894.36810266992,2898442.319004499,2756547.950901829
3296,9407751.884886954,6278701.886118527,141894.36810266992,2898442.319004499,2756547.950901829
3297,9413746.472260486,6281403.116919144,141894.36810266992,2898442.319004499,2756547.950901829
3298,9421120.350401388,6283758.7032307945,141894.36810266992,2898442.319004499,2756547.950901829
3299,9428620.338081049,6286060.921634337,141894.36810266992,2898442.319004499,2756547.950901829
3300,9437376.540200802,6288325.067604992,141894.36810266992,2898442.319004499,2756547.950901829
3301,9446097.055079391,6290573.834972842,141894.36810266992,2898442.319004499,2756547.950901829
3302,9454007.64306274,6292815.952134074,141894.36810266992,2901991.5339567163,2760097.1658540466
3303,9461128.507873898,6295051.834726602,141894.36810266992,2906871.25301745,2764976.8849147805
3304,9467037.297830472,6297240.916490057,141894.36810266992,2910585.6980526736,2768691.329950004
3305,9470879.532027699,6299403.148044291,141894.36810266992,2912260.437537772,2770366.0694351024
3306,9471946.422753647,6301516.833090215,141894.36810266992,2912260.437537772,2770366.0694351024
3307,9471981.955962641,6303630.518136139,141894.36810266992,2912260.437537772,2770366.0694351024
3308,9471981.955962641,6305720.4286934035,141894.36810266992,2912260.437537772,2770366.0694351024
3309,9471981.955962641,6307826.050363803,141894.36810266992,2912260.437537772,2770366.0694351024
3310,9471981.955962641,6309925.437465498,141894.36810266992,2912260.437537772,2770366.0694351024
3311,9471981.955962641,6311987.084644637,141894.36810266992,2912260.437537772,2770366.0694351024
3312,9471981.955962641,6314033.020710641,141894.36810266992,2912260.437537772,2770366.0694351024
3313,9471981.955962641,6316077.543607738,141894.36810266992,2912260.437537772,2770366.0694351024
3314,9471981.955962641,6318085.739751185,141894.36810266992,2912260.437537772,2770366.0694351024
3315,9471981.955962641,6320109.647007767,141894.36810266992,2912260.437537772,2770366.0694351024
3316,9471981.955962641,6322122.747678595,141894.36810266992,2912260.437537772,2770366.0694351024
3317,9472012.29931968,6324207.753708479,141894.36810266992,2912260.437537772,2770366.0694351024
3318,9473457.991131788,6326359.095549377,141894.36810266992,2912260.437537772,2770366.0694351024
3319,9479524.3894304,6328577.5213495325,141894.36810266992,2912260.437537772,2770366.0694351024
3320,9487972.074615356,6330839.921640949,141894.36810266992,2912260.437537772,2770366.0694351024
3321,9496955.349022787,6333146.628933959,141894.36810266992,2912260.437537772,2770366.0694351024
3322,9506967.36149657,6335409.361735707,141894.36810266992,2912260.437537772,2770366.0694351024
3323,9517629.920832211,6337745.745575748,141894.36810266992,2917964.5073445975,2776070.139241928
3324,9528339.58584955,6339925.433922355,141894.36810266992,2926489.220857434,2784594.8527547643
3325,9539142.608195923,6341931.884386565,141894.36810266992,2935280.5295817037,2793386.161479034
3326,9549770.039223861,6344234.102790107,141894.36810266992,2943600.479048205,2801706.1109455354
3327,9559579.693488609,6346599.165646188,141894.36810266992,2951039.8072989765,2809145.4391963067
3328,9568835.939579679,6349023.581596334,141894.36810266992,2957866.374282006,2815972.0061793365
3329,9576408.978073977,6351559.7210176615,141894.36810266992,2962898.0101970825,2821003.642094413
3330,9578652.1264606,6354166.352629139,141894.36810266992,2962898.0101970825,2821003.642094413
3331,9578765.685109457,6356845.637747917,141894.36810266992,2962898.0101970825,2821003.642094413
3332,9578765.685109457,6359504.639736511,141894.36810266992,2962898.0101970825,2821003.642094413
3333,9578765.685109457,6362139.950364028,141894.36810266992,2962898.0101970825,2821003.642094413
3334,9578765.685109457,6364666.280730594,141894.36810266992,2962898.0101970825,2821003.642094413
3335,9578765.685109457,6366960.768268943,141894.36810266992,2962898.0101970825,2821003.642094413
3336,9578765.685109457,6369195.237692565,141894.36810266992,2962898.0101970825,2821003.642094413
3337,9578765.685109457,6371343.503812902,141894.36810266992,2962898.0101970825,2821003.642094413
3338,9578765.685109457,6373384.867861856,141894.36810266992,2962898.0101970825,2821003.642094413
3339,9578765.685109457,6375388.575115835,141894.36810266992,2962898.0101970825,2821003.642094413
3340,9578765.685109457,6377398.51693852,141894.36810266992,2962898.0101970825,2821003.642094413
3341,9578780.963480396,6379419.348474541,141894.36810266992,2962898.0101970825,2821003.642094413
3342,9579608.175101565,6381495.293597908,141894.36810266992,2962898.0101970825,2821003.642094413
3343,9582874.373582268,6383588.695513647,141894.36810266992,2962898.0101970825,2821003.642094413
3344,9587616.462454135,6385656.660389072,141894.36810266992,2962898.0101970825,2821003.642094413
3345,9593471.099150112,6387729.446664296,141894.36810266992,2962898.0101970825,2821003.642094413
3346,9599877.028220959,6389704.89054015,141894.36810266992,2962898.0101970825,2821003.642094413
3347,9606345.584422912,6391694.299849901,141894.36810266992,2962898.0101970825,2821003.642094413
3348,9614376.729016352,6393603.740425073,141894.36810266992,2962898.0101970825,2821003.642094413
3349,9623173.138747113,6395371.448471699,141894.36810266992,2962898.0101970825,2821003.642094413
3350,9630562.972359894,6397141.234707894,141894.36810266992,2968504.0882964456,2826609.720193776
3351,9637703.284398498,6398975.278565534,141894.36810266992,2973805.0933195143,2831910.7252168446
3352,9644023.097376307,6400920.630256442,141894.36810266992,2978174.291448522,2836279.923345852
3353,9648426.05237564,6402870.88647473,141894.36810266992,2980621.7270716727,2838727.358969003
3354,9649524.34027555,6404879.082618178,141894.36810266992,2980621.7270716727,2838727.358969003
3355,9649573.26086681,6406973.897702823,141894.36810266992,2980621.7270716727,2838727.358969003
3356,9649573.26086681,6409052.669164003,141894.36810266992,2980621.7270716727,2838727.358969003
3357,9649573.26086681,6411094.033212957,141894.36810266992,2980621.7270716727,2838727.358969003
3358,9649573.26086681,6413019.184901263,141894.36810266992,2980621.7270716727,2838727.358969003
3359,9649573.26086681,6414879.746457792,141894.36810266992,2980621.7270716727,2838727.358969003
3360,9649573.26086681,6416705.726939908,141894.36810266992,2980621.7270716727,2838727.358969003
3361,9649573.26086681,6418511.091781509,141894.36810266992,2980621.7270716727,2838727.358969003
3362,9649573.26086681,6420293.0977723645,141894.36810266992,2980621.7270716727,2838727.358969003
3363,9649573.26086681,6422070.199235839,141894.36810266992,2980621.7270716727,2838727.358969003
3364,9649573.26086681,6423849.04637855,141894.36810266992,2980621.7270716727,2838727.358969003
3365,9649603.651243212,6425681.344556953,141894.36810266992,2980621.7270716727,2838727.358969003
3366,9651079.395980084,6427593.528342353,141894.36810266992,2980621.7270716727,2838727.358969003
3367,9656973.032767827,6429700.563181659,141894.36810266992,2980621.7270716727,2838727.358969003
3368,9665777.316657651,6431813.9157172525,141894.36810266992,2980621.7270716727,2838727.358969003
3369,9674970.528312892,6433933.50282155,141894.36810266992,2980621.7270716727,2838727.358969003
3370,9684739.028893376,6436091.162358735,141894.36810266992,2981262.775361223,2839368.4072585534
3371,9695137.090829916,6438209.336294126,141894.36810266992,2989537.4002044774,2847643.0321018077
3372,9705536.622342233,6440310.0534371445,141894.36810266992,2997830.95141588,2855936.5833132104
3373,9716328.863733927,6442427.894862205,141894.36810266992,3006500.0882246187,2864605.720121949
3374,9726358.303461632,6444574.415303305,141894.36810266992,3014377.7443533293,2872483.3762506596
3375,9736788.318067824,6446706.970310507,141894.36810266992,3022669.940794426,2880775.5726917563
3376,9746598.435533633,6448851.74507237,141894.36810266992,3030330.020340477,2888435.6522378074
3377,9753617.380793547,6450962.27127015,141894.36810266992,3035233.176244715,2893338.8081420455
3378,9755784.953888927,6453033.311866137,141894.36810266992,3035324.445586214,2893430.077483544
3379,9755899.404709997,6455082.406780285,141894.36810266992,3035324.445586214,2893430.077483544
3380,9755899.404709997,6457119.281939772,141894.36810266992,3035324.445586214,2893430.077483544
3381,9755899.404709997,6459079.0147024905,141894.36810266992,3035324.445586214,2893430.077483544
3382,9755899.404709997,6460942.735107163,141894.36810266992,3035324.445586214,2893430.077483544
3383,9755899.404709997,6462798.724646642,141894.36810266992,3035324.445586214,2893430.077483544
3384,9755899.404709997,6464612.152863767,141894.36810266992,3035324.445586214,2893430.077483544
3385,9755899.404709997,6466419.263384605,141894.36810266992,3035324.445586214,2893430.077483544
3386,9755899.404709997,6468190.462789706,141894.36810266992,3035324.445586214,2893430.077483544
3387,9755899.404709997,6469953.598819283,141894.36810266992,3035324.445586214,2893430.077483544
3388,9755899.404709997,6471731.032793088,141894.36810266992,3035324.445586214,2893430.077483544
3389,9755934.091042342,6473561.585292254,141894.36810266992,3035324.445586214,2893430.077483544
3390,9757328.292736558,6475422.146848783,141894.36810266992,3035324.445586214,2893430.077483544
3391,9762023.868335899,6477461.7652185,141894.36810266992,3035324.445586214,2893430.077483544
3392,9769419.606189657,6479471.707041184,141894.36810266992,3035324.445586214,2893430.077483544
3393,9777616.02012453,6481375.910578644,141894.36810266992,3035324.445586214,2893430.077483544
3394,9786177.413023723,6483274.128930147,141894.36810266992,3035324.445586214,2893430.077483544
3395,9795477.706001934,6485152.147279048,141894.36810266992,3040577.717586134,2898683.3494834644
3396,9804719.30555058,6486980.954098977,141894.36810266992,3047985.2471569586,2906090.879054289
3397,9813971.90984859,6488854.067920498,141894.36810266992,3055359.474475553,2913465.106372883
3398,9822867.420201195,6490812.055003979,141894.36810266992,3062291.7345867814,2920397.3664841116
3399,9831217.840887843,6493008.784505044,141894.36810266992,3068440.1626144694,2926545.7945117997
3400,9838810.608427273,6495117.565023587,141894.36810266992,3073918.8864774616,2932024.518374792
3401,9844125.614904677,6497433.748861027,141894.36810266992,3076912.445959531,2935018.077856861
3402,9845553.282208651,6499613.0215697205,141894.36810266992,3076912.445959531,2935018.077856861
3403,9845629.483614523,6501812.909918929,141894.36810266992,3076912.445959531,2935018.077856861
3404,9845629.483614523,6504003.40485129,141894.36810266992,3076912.445959531,2935018.077856861
3405,9845629.483614523,6506109.02652169,141894.36810266992,3076912.445959531,2935018.077856861
3406,9845629.483614523,6508177.323907447,141894.36810266992,3076912.445959531,2935018.077856861
3407,9845629.483614523,6510221.514294214,141894.36810266992,3076912.445959531,2935018.077856861
3408,9845629.483614523,6512239.519492422,141894.36810266992,3076912.445959531,2935018.077856861
3409,9845629.483614523,6514225.76995403,141894.36810266992,3076912.445959531,2935018.077856861
3410,9845629.483614523,6516127.147153677,141894.36810266992,3076912.445959531,2935018.077856861
3411,9845629.483614523,6517910.566313439,141894.36810266992,3076912.445959531,2935018.077856861
3412,9845629.483614523,6519684.50892877,141894.36810266992,3076912.445959531,2935018.077856861
3413,9845654.779625477,6521515.393938267,141894.36810266992,3076912.445959531,2935018.077856861
3414,9846782.643659182,6523336.469893002,141894.36810266992,3076912.445959531,2935018.077856861
3415,9851408.719201876,6525085.640488681,141894.36810266992,3076912.445959531,2935018.077856861
3416,9858365.973370148,6526660.24316064,141894.36810266992,3076912.445959531,2935018.077856861
3417,9866691.494760254,6528113.72894457,141894.36810266992,3076912.445959531,2935018.077856861
3418,9875573.731126653,6529704.042729664,141894.36810266992,3076912.445959531,2935018.077856861
3419,9884864.06644933,6531388.623193566,141894.36810266992,3081114.057244764,2939219.6891420945
3420,9895000.262673657,6533070.044809325,141894.36810266992,3089563.5686954395,2947669.20059277
3421,9905418.503693674,6534561.187388228,141894.36810266992,3098485.403978657,2956591.0358759873
3422,9914990.151215836,6536085.4978726385,141894.36810266992,3106527.4778585136,2964633.109755844
3423,9923637.973226763,6537726.10384528,141894.36810266992,3113529.4307389036,2971635.062636234
3424,9932103.304910583,6539468.624234341,141894.36810266992,3120246.978875768,2978352.610773098
3425,9937768.43256098,6541336.8335284805,141894.36810266992,3124038.6340741306,2982144.265971461
3426,9939640.588177651,6543354.506216358,141894.36810266992,3124038.6340741306,2982144.265971461
3427,9939729.777341776,6545475.838999893,141894.36810266992,3124038.6340741306,2982144.265971461
3428,9939729.777341776,6547603.821990045,141894.36810266992,3124038.6340741306,2982144.265971461
3429,9939729.777341776,6549667.214848421,141894.36810266992,3124038.6340741306,2982144.265971461
3430,9939729.777341776,6551688.046384442,141894.36810266992,3124038.6340741306,2982144.265971461
3431,9939729.777341776,6553688.594790278,141894.36810266992,3124038.6340741306,2982144.265971461
3432,9939729.777341776,6555550.902026044,141894.36810266992,3124038.6340741306,2982144.265971461
3433,9939729.777341776,6557364.330243169,141894.36810266992,3124038.6340741306,2982144.265971461
3434,9939729.777341776,6559152.570802729,141894.36810266992,3124038.6340741306,2982144.265971461
3435,9939729.777341776,6560936.322472821,141894.36810266992,3124038.6340741306,2982144.265971461
3436,9939729.777341776,6562724.56303238,141894.36810266992,3124038.6340741306,2982144.265971461
3437,9939745.572665136,6564545.971497446,141894.36810266992,3124038.6340741306,2982144.265971461
3438,9940643.016673323,6566469.377506515,141894.36810266992,3124038.6340741306,2982144.265971461
3439,9943886.449597614,6568458.786816266,141894.36810266992,3124038.6340741306,2982144.265971461
3440,9949097.07032513,6570292.415035993,141894.36810266992,3124038.6340741306,2982144.265971461
3441,9955542.123299537,6572071.262178704,141894.36810266992,3124038.6340741306,2982144.265971461
3442,9962511.55768841,6573807.547999061,141894.36810266992,3124038.6340741306,2982144.265971461
3443,9970042.270569632,6575502.935048717,141894.36810266992,3124038.6340741306,2982144.265971461
3444,9978529.427856172,6577181.197816333,141894.36810266992,3126475.1817078833,2984580.8136052135
3445,9987003.29658347,6578876.91737632,141894.36810266992,3133248.0677173003,2991353.6996146305
3446,9995088.577272912,6580611.79002777,141894.36810266992,3139593.2125973976,2997698.844494728
3447,10001972.326567212,6582357.8017753055,141894.36810266992,3144725.6869862676,3002831.318883598
3448,10007888.31920436,6584304.56663512,141894.36810266992,3148689.6516057067,3006795.283503037
3449,10011509.67444606,6586267.042608068,141894.36810266992,3150343.267716562,3008448.899613892
3450,10012546.64151635,6588404.086504738,141894.36810266992,3150343.267716562,3008448.899613892
3451,10012584.705359174,6590615.197077614,141894.36810266992,3150343.267716562,3008448.899613892
3452,10012584.705359174,6592816.4985957295,141894.36810266992,3150343.267716562,3008448.899613892
3453,10012584.705359174,6595024.117810131,141894.36810266992,3150343.267716562,3008448.899613892
3454,10012584.705359174,6597236.558424331,141894.36810266992,3150343.267716562,3008448.899613892
3455,10012584.705359174,6599445.923317971,141894.36810266992,3150343.267716562,3008448.899613892
3456,10012584.705359174,6601615.802609816,141894.36810266992,3150343.267716562,3008448.899613892
3457,10012584.705359174,6603705.713167081,141894.36810266992,3150343.267716562,3008448.899613892
3458,10012584.705359174,6605763.868987745,141894.36810266992,3150343.267716562,3008448.899613892
3459,10012584.705359174,6607798.665957663,141894.36810266992,3150343.267716562,3008448.899613892
3460,10012584.705359174,6609820.827535008,141894.36810266992,3150343.267716562,3008448.899613892
3461,10012615.652318373,6611879.315866003,141894.36810266992,3150343.267716562,3008448.899613892
3462,10014239.936966648,6613961.578685657,141894.36810266992,3150343.267716562,3008448.899613892
3463,10020348.329736596,6616046.584715541,141894.36810266992,3150343.267716562,3008448.899613892
3464,10028868.791937493,6618097.425308926,141894.36810266992,3150343.267716562,3008448.899613892
3465,10038348.354344578,6620107.36713161,141894.36810266992,3150343.267716562,3008448.899613892
3466,10048608.786601128,6622145.23982209,141894.36810266992,3150343.267716562,3008448.899613892
3467,10059314.311803542,6624235.482889686,141894.36810266992,3157413.072744027,3015518.704641357
3468,10070213.021952637,6626294.303731012,141894.36810266992,3166247.6988939014,3024353.3307912317
3469,10081470.722038785,6628346.557493303,141894.36810266992,3175447.8820598642,3033553.5139571945
3470,10091961.694808602,6630398.811255594,141894.36810266992,3183881.337909496,3041986.969806826
3471,10102352.982864924,6632564.118530389,141894.36810266992,3192102.0555331265,3050207.6874304567
3472,10112668.371459847,6634826.851332137,141894.36810266992,3200149.448168408,3058255.0800657384
3473,10120021.867435917,6637181.107602465,141894.36810266992,3205143.4247162566,3063249.056613587
3474,10122121.558070483,6639662.050308864,141894.36810266992,3205143.4247162566,3063249.056613587
3475,10122238.872642368,6642237.2596940715,141894.36810266992,3205143.4247162566,3063249.056613587
3476,10122238.872642368,6644561.423779452,141894.36810266992,3205143.4247162566,3063249.056613587
3477,10122238.872642368,6646857.324486707,141894.36810266992,3205143.4247162566,3063249.056613587
3478,10122238.872642368,6649143.831777114,141894.36810266992,3205143.4247162566,3063249.056613587
3479,10122238.872642368,6651423.6888609035,141894.36810266992,3205143.4247162566,3063249.056613587
3480,10122238.872642368,6653670.710549517,141894.36810266992,3205143.4247162566,3063249.056613587
3481,10122238.872642368,6655892.627708147,141894.36810266992,3205143.4247162566,3063249.056613587
3482,10122238.872642368,6658100.5794328805,141894.36810266992,3205143.4247162566,3063249.056613587
3483,10122238.872642368,6660298.722102852,141894.36810266992,3205143.4247162566,3063249.056613587
3484,10122238.872642368,6662508.419506822,141894.36810266992,3205143.4247162566,3063249.056613587
3485,10122263.997105295,6664785.117742468,141894.36810266992,3205143.4247162566,3063249.056613587
3486,10123472.18376301,6667102.714748814,141894.36810266992,3205143.4247162566,3063249.056613587
3487,10128157.356245888,6669451.73398143,141894.36810266992,3205143.4247162566,3063249.056613587
3488,10135060.594170654,6671982.9688753765,141894.36810266992,3205143.4247162566,3063249.056613587
3489,10142717.491828872,6674441.965899936,141894.36810266992,3205143.4247162566,3063249.056613587
3490,10151525.357552165,6676877.520946167,141894.36810266992,3205143.4247162566,3063249.056613587
3491,10160969.567978574,6679286.225783179,141894.36810266992,3205143.4247162566,3063249.056613587
3492,10171125.091346817,6681676.393169243,141894.36810266992,3208820.133927919,3066925.7658252493
3493,10180970.632394651,6684053.675779984,141894.36810266992,3216283.129207117,3074388.7611044473
3494,10190302.96918212,6686438.938638668,141894.36810266992,3223224.9399780096,3081330.57187534
3495,10199543.519609902,6688904.170231931,141894.36810266992,3229994.995654632,3088100.627551962
3496,10207636.802008688,6691570.903085718,141894.36810266992,3235416.2820417373,3093521.9139390676
3497,10213669.714944368,6694177.867207526,141894.36810266992,3238836.9676977145,3096942.5995950447
3498,10215464.214922886,6696841.108702838,141894.36810266992,3238836.9676977145,3096942.5995950447
3499,10215553.283187674,6699574.842388301,141894.36810266992,3238836.9676977145,3096942.5995950447
3500,10215553.283187674,6702287.295412586,141894.36810266992,3238836.9676977145,3096942.5995950447
3501,10215553.283187674,6704931.999456951,141894.36810266992,3238836.9676977145,3096942.5995950447
3502,10215553.283187674,6707284.094410128,141894.36810266992,3238836.9676977145,3096942.5995950447
3503,10215553.283187674,6709617.735039939,141894.36810266992,3238836.9676977145,3096942.5995950447
3504,10215553.283187674,6711918.207764244,141894.36810266992,3238836.9676977145,3096942.5995950447
3505,10215553.283187674,6714207.458264881,141894.36810266992,3238836.9676977145,3096942.5995950447
3506,10215553.283187674,6716487.647859001,141894.36810266992,3238836.9676977145,3096942.5995950447
3507,10215553.283187674,6718759.8572051795,141894.36810266992,3238836.9676977145,3096942.5995950447
3508,10215553.283187674,6721041.792478537,141894.36810266992,3238836.9676977145,3096942.5995950447
3509,10215575.505498327,6723421.153278847,141894.36810266992,3238836.9676977145,3096942.5995950447
3510,10216622.140999917,6726108.086135236,141894.36810266992,3238836.9676977145,3096942.5995950447
3511,10220367.963132327,6728875.320236536,141894.36810266992,3238836.9676977145,3096942.5995950447
3512,10225393.942123497,6731681.707429299,141894.36810266992,3238836.9676977145,3096942.5995950447
3513,10231406.091426754,6734471.967871014,141894.36810266992,3238836.9676977145,3096942.5995950447
3514,10238088.019928023,6737231.221724372,141894.36810266992,3238836.9676977145,3096942.5995950447
3515,10245567.418345459,6739881.827827111,141894.36810266992,3238836.9676977145,3096942.5995950447
3516,10252863.919916129,6742494.777134875,141894.36810266992,3238836.9676977145,3096942.5995950447
3517,10260675.216720708,6745043.801331525,141894.36810266992,3238836.9676977145,3096942.5995950447
3518,10267497.446228927,6747649.019774096,141894.36810266992,3238836.9676977145,3096942.5995950447
3519,10273718.581965234,6750394.308193557,141894.36810266992,3239460.2298722374,3097565.8617695677
3520,10278992.15578929,6753137.850933781,141894.36810266992,3241984.9977981737,3100090.629695504
3521,10282244.90928185,6755928.527013409,141894.36810266992,3242441.8120532115,3100547.443950542
3522,10283048.394738827,6758736.659885409,141894.36810266992,3242441.8120532115,3100547.443950542
3523,10283087.592894685,6761502.1483074725,141894.36810266992,3242441.8120532115,3100547.443950542
3524,10283087.592894685,6764190.494332767,141894.36810266992,3242441.8120532115,3100547.443950542
3525,10283087.592894685,6766870.7769825375,141894.36810266992,3242441.8120532115,3100547.443950542
3526,10283087.592894685,6769444.573198839,141894.36810266992,3242441.8120532115,3100547.443950542
3527,10283087.592894685,6771826.760336962,141894.36810266992,3242441.8120532115,3100547.443950542
3528,10283087.592894685,6774194.566403273,141894.36810266992,3242441.8120532115,3100547.443950542
3529,10283087.592894685,6776565.531317728,141894.36810266992,3242441.8120532115,3100547.443950542
3530,10283087.592894685,6778908.565364387,141894.36810266992,3242441.8120532115,3100547.443950542
3531,10283087.592894685,6781251.266900715,141894.36810266992,3242441.8120532115,3100547.443950542
3532,10283087.592894685,6783587.650740757,141894.36810266992,3242441.8120532115,3100547.443950542
3533,10283102.676359486,6786028.110314368,141894.36810266992,3242441.8120532115,3100547.443950542
3534,10283913.526252538,6788702.158395435,141894.36810266992,3242441.8120532115,3100547.443950542
3535,10287127.571742278,6791467.646817498,141894.36810266992,3242441.8120532115,3100547.443950542
3536,10291712.383510303,6794263.144296925,141894.36810266992,3242441.8120532115,3100547.443950542
3537,10297445.289508963,6797047.502680266,141894.36810266992,3242441.8120532115,3100547.443950542
3538,10303605.830577267,6799695.033062444,141894.36810266992,3242441.8120532115,3100547.443950542
3539,10310302.87947533,6802294.016936311,141894.36810266992,3242441.8120532115,3100547.443950542
3540,10318412.351167204,6804873.798338568,141894.36810266992,3242441.8120532115,3100547.443950542
3541,10326576.273996027,6807336.286721602,141894.36810266992,3242441.8120532115,3100547.443950542
3542,10334703.957278429,6809958.961956545,141894.36810266992,3242441.8120532115,3100547.443950542
3543,10342058.341761457,6812710.152434379,141894.36810266992,3242441.8120532115,3100547.443950542
3544,10348257.716028316,6815489.6062903395,141894.36810266992,3245454.3890241305,3103560.020921461
3545,10352763.447284304,6818208.293883329,141894.36810266992,3247236.169529234,3105341.8014265643
3546,10353844.123519577,6820964.721398875,141894.36810266992,3247236.169529234,3105341.8014265643
3547,10353892.3266367,6823698.787594669,141894.36810266992,3247236.169529234,3105341.8014265643
3548,10353892.3266367,6826365.520448456,141894.36810266992,3247236.169529234,3105341.8014265643
3549,10353892.3266367,6828775.638454373,141894.36810266992,3247236.169529234,3105341.8014265643
3550,10353892.3266367,6831115.181142558,141894.36810266992,3247236.169529234,3105341.8014265643
3551,10353892.3266367,6833428.206131854,141894.36810266992,3247236.169529234,3105341.8014265643
3552,10353892.3266367,6835699.002309127,141894.36810266992,3247236.169529234,3105341.8014265643
3553,10353892.3266367,6837965.226469349,141894.36810266992,3247236.169529234,3105341.8014265643
3554,10353892.3266367,6840190.302476123,141894.36810266992,3247236.169529234,3105341.8014265643
3555,10353892.3266367,6842393.349673475,141894.36810266992,3247236.169529234,3105341.8014265643
3556,10353892.3266367,6844555.58122771,141894.36810266992,3247236.169529234,3105341.8014265643
3557,10353916.277045676,6846749.235008214,141894.36810266992,3247236.169529234,3105341.8014265643
3558,10354889.082462966,6849015.126658105,141894.36810266992,3247236.169529234,3105341.8014265643
3559,10358713.146442987,6851335.799385012,141894.36810266992,3247236.169529234,3105341.8014265643
3560,10363992.599044058,6853617.402148038,141894.36810266992,3247236.169529234,3105341.8014265643
3561,10370339.888800502,6855808.22959073,141894.36810266992,3247236.169529234,3105341.8014265643
3562,10377059.773515625,6858079.0257680025,141894.36810266992,3247236.169529234,3105341.8014265643
3563,10384199.913520759,6860340.012890513,141894.36810266992,3247236.169529234,3105341.8014265643
3564,10391859.5481615,6862582.545689659,141894.36810266992,3247236.169529234,3105341.8014265643
3565,10399835.038368534,6864850.183018788,141894.36810266992,3247236.169529234,3105341.8014265643
3566,10406954.213143384,6867163.2080080835,141894.36810266992,3249298.5802585124,3107404.2121558427
3567,10412952.691270024,6869575.071693239,141894.36810266992,3252879.9315421013,3110985.5634394316
3568,10418325.74769659,6872054.601230731,141894.36810266992,3255768.195273281,3113873.8271706114
3569,10421421.40009918,6874664.391690352,141894.36810266992,3256248.7940583564,3114354.4259556867
3570,10422221.184483187,6877253.566509457,141894.36810266992,3256248.7940583564,3114354.4259556867
3571,10422259.710216219,6879813.06478153,141894.36810266992,3256248.7940583564,3114354.4259556867
3572,10422259.710216219,6882207.804184644,141894.36810266992,3256248.7940583564,3114354.4259556867
3573,10422259.710216219,6884586.832474623,141894.36810266992,3256248.7940583564,3114354.4259556867
3574,10422259.710216219,6886949.817141136,141894.36810266992,3256248.7940583564,3114354.4259556867
3575,10422259.710216219,6889290.772998228,141894.36810266992,3256248.7940583564,3114354.4259556867
3576,10422259.710216219,6891618.095931753,141894.36810266992,3256248.7940583564,3114354.4259556867
3577,10422259.710216219,6893924.803224762,141894.36810266992,3256248.7940583564,3114354.4259556867
3578,10422259.710216219,6896223.53026983,141894.36810266992,3256248.7940583564,3114354.4259556867
3579,10422259.710216219,6898504.800522525,141894.36810266992,3256248.7940583564,3114354.4259556867
3580,10422259.710216219,6900765.787645035,141894.36810266992,3256248.7940583564,3114354.4259556867
3581,10422275.621574089,6903058.529504146,141894.36810266992,3256248.7940583564,3114354.4259556867
3582,10423055.398955688,6905366.649966062,141894.36810266992,3256248.7940583564,3114354.4259556867
3583,10426118.029769458,6907874.5260092635,141894.36810266992,3256248.7940583564,3114354.4259556867
3584,10431094.502741745,6910376.084356178,141894.36810266992,3256248.7940583564,3114354.4259556867
3585,10436468.853009969,6912841.315949441,141894.36810266992,3256248.7940583564,3114354.4259556867
3586,10442401.15379507,6915267.477578824,141894.36810266992,3256248.7940583564,3114354.4259556867
3587,10449072.308762489,6917637.029324373,141894.36810266992,3256248.7940583564,3114354.4259556867
3588,10457534.191617524,6920004.835390684,141894.36810266992,3256248.7940583564,3114354.4259556867
3589,10465960.546090962,6922294.085891321,141894.36810266992,3256248.7940583564,3114354.4259556867
3590,10473554.607673118,6924566.2952375,141894.36810266992,3256248.7940583564,3114354.4259556867
3591,10480638.031407548,6926929.612414344,141894.36810266992,3259981.912108426,3118087.5440057563
3592,10486961.360401094,6929252.030820488,141894.36810266992,3263977.559537933,3122083.1914352635
3593,10491329.999022221,6931766.141432393,141894.36810266992,3265826.824389261,3123932.4562865915
3594,10492343.485031128,6934366.870985498,141894.36810266992,3265826.824389261,3123932.4562865915
3595,10492391.864292772,6937024.127294854,141894.36810266992,3265826.824389261,3123932.4562865915
3596,10492391.864292772,6939662.181132602,141894.36810266992,3265826.824389261,3123932.4562865915
3597,10492391.864292772,6942272.304102553,141894.36810266992,3265826.824389261,3123932.4562865915
3598,10492391.864292772,6944825.567805922,141894.36810266992,3265826.824389261,3123932.4562865915
3599,10492391.864292772,6947175.917079861,141894.36810266992,3265826.824389261,3123932.4562865915
3600,10492391.864292772,6949514.04659914,141894.36810266992,3265826.824389261,3123932.4562865915
3601,10492391.864292772,6951849.100397859,141894.36810266992,3265826.824389261,3123932.4562865915
3602,10492391.864292772,6954177.83650029,141894.36810266992,3265826.824389261,3123932.4562865915
3603,10492391.864292772,6956506.572602721,141894.36810266992,3265826.824389261,3123932.4562865915
3604,10492391.864292772,6958819.597592017,141894.36810266992,3265826.824389261,3123932.4562865915
3605,10492425.85884631,6961179.7559207175,141894.36810266992,3265826.824389261,3123932.4562865915
3606,10493792.69142146,6963528.775153333,141894.36810266992,3265826.824389261,3123932.4562865915
3607,10498693.563867312,6965800.984499512,141894.36810266992,3265826.824389261,3123932.4562865915
3608,10505690.832786063,6968259.981524072,141894.36810266992,3265826.824389261,3123932.4562865915
3609,10513753.870984968,6970656.466606422,141894.36810266992,3265826.824389261,3123932.4562865915
3610,10521946.550807655,6973054.364857679,141894.36810266992,3265826.824389261,3123932.4562865915
3611,10531563.47813893,6975332.808772562,141894.36810266992,3265826.824389261,3123932.4562865915
3612,10540719.626967583,6977614.411535588,141894.36810266992,3266135.9647999927,3124241.596697323
3613,10549971.913039291,6979875.398658099,141894.36810266992,3273122.000591295,3131227.632488625
3614,10558738.351370588,6982148.9380456,141894.36810266992,3279609.636377194,3137715.2682745242
3615,10567072.956067517,6984504.524357251,141894.36810266992,3285583.391604577,3143689.0235019075
3616,10574224.410185026,6986892.613553747,141894.36810266992,3290341.4933676957,3148447.125265026
3617,10579165.439921018,6989587.609785659,141894.36810266992,3292582.2637138795,3150687.89561121
3618,10580663.189392636,6992254.342639446,141894.36810266992,3292582.2637138795,3150687.89561121
3619,10580739.14744111,6994883.335570676,141894.36810266992,3292582.2637138795,3150687.89561121
3620,10580739.14744111,6997507.423974525,141894.36810266992,3292582.2637138795,3150687.89561121
3621,10580739.14744111,7000101.835831342,141894.36810266992,3292582.2637138795,3150687.89561121
3622,10580739.14744111,7002570.22627275,141894.36810266992,3292582.2637138795,3150687.89561121
3623,10580739.14744111,7004902.121223324,141894.36810266992,3292582.2637138795,3150687.89561121
3624,10580739.14744111,7007229.111646518,141894.36810266992,3292582.2637138795,3150687.89561121
3625,10580739.14744111,7009525.012353773,141894.36810266992,3292582.2637138795,3150687.89561121
3626,10580739.14744111,7011685.830739101,141894.36810266992,3292582.2637138795,3150687.89561121
3627,10580739.14744111,7013902.843370351,141894.36810266992,3292582.2637138795,3150687.89561121
3628,10580739.14744111,7016113.953943227,141894.36810266992,3292582.2637138795,3150687.89561121
3629,10580768.215380505,7018345.597029037,141894.36810266992,3292582.2637138795,3150687.89561121
3630,10582206.595830351,7020553.216243438,141894.36810266992,3292582.2637138795,3150687.89561121
3631,10587939.28105062,7022863.414894922,141894.36810266992,3292582.2637138795,3150687.89561121
3632,10596202.667247513,7025254.995449892,141894.36810266992,3292582.2637138795,3150687.89561121
3633,10605223.05090294,7027669.934855608,141894.36810266992,3292582.2637138795,3150687.89561121
3634,10615385.804223707,7030070.908827426,141894.36810266992,3292582.2637138795,3150687.89561121
3635,10626547.010408238,7032418.847401466,141894.36810266992,3294050.8001372833,3152156.4320346136
3636,10637012.258740675,7034742.678976516,141894.36810266992,3302186.953736776,3160292.5856341063
3637,10647584.110267486,7037071.082568617,141894.36810266992,3310425.1385135925,3168530.770410923
3638,10657829.991619598,7039341.878745889,141894.36810266992,3318394.9605305376,3176500.592427868
3639,10667298.192337245,7041640.605790957,141894.36810266992,3325559.171045223,3183664.802942553
3640,10676174.953626083,7043915.8908576965,141894.36810266992,3332155.384109427,3190261.0160067575
3641,10682997.64653341,7046153.186619131,141894.36810266992,3336735.5180974244,3194841.1499947547
3642,10685065.844775245,7048319.907062832,141894.36810266992,3336735.5180974244,3194841.1499947547
3643,10685172.904152729,7050461.522976551,141894.36810266992,3336735.5180974244,3194841.1499947547
3644,10685172.904152729,7052563.985798807,141894.36810266992,3336735.5180974244,3194841.1499947547
3645,10685172.904152729,7054645.9161081305,141894.36810266992,3336735.5180974244,3194841.1499947547
3646,10685172.904152729,7056685.534477848,141894.36810266992,3336735.5180974244,3194841.1499947547
3647,10685172.904152729,7058550.584923844,141894.36810266992,3336735.5180974244,3194841.1499947547
3648,10685172.904152729,7060389.117670951,141894.36810266992,3336735.5180974244,3194841.1499947547
3649,10685172.904152729,7062220.002680448,141894.36810266992,3336735.5180974244,3194841.1499947547
3650,10685172.904152729,7064020.878632581,141894.36810266992,3336735.5180974244,3194841.1499947547
3651,10685172.904152729,7065826.575984512,141894.36810266992,3336735.5180974244,3194841.1499947547
3652,10685172.904152729,7067624.293088502,141894.36810266992,3336735.5180974244,3194841.1499947547
3653,10685241.529152729,7069486.267813938,141894.36810266992,3336735.5180974244,3194841.1499947547
3654,10686769.804152729,7071398.451599338,141894.36810266992,3336735.5180974244,3194841.1499947547
3655,10691165.929152729,7073463.25762662,141894.36810266992,3336735.5180974244,3194841.1499947547
3656,10697407.129152728,7075683.429106014,141894.36810266992,3336735.5180974244,3194841.1499947547
3657,10704615.004152728,7077877.082886518,141894.36810266992,3336735.5180974244,3194841.1499947547
3658,10712634.454152727,7080031.251065228,141894.36810266992,3336735.5180974244,3194841.1499947547
3659,10720859.029152727,7082171.453810041,141894.36810266992,3336735.5180974244,3194841.1499947547
3660,10729751.629152726,7084328.780836895,141894.36810266992,3342916.889672863,3201022.521570193
3661,10738489.054152727,7086545.793468145,141894.36810266992,3349432.038883718,3207537.6707810485
3662,10746926.479152728,7088753.745192878,141894.36810266992,3355656.2490010904,3213761.8808984207
3663,10754656.579152727,7090956.79239023,141894.36810266992,3361178.0386458435,3219283.670543174
3664,10761651.904152727,7093123.845344263,141894.36810266992,3366001.0475339163,3224106.6794312466
3665,10766607.529152727,7095259.143561695,141894.36810266992,3368816.1111585894,3226921.7430559197
3666,10768707.004152726,7097389.952889659,141894.36810266992,3368816.1111585894,3226921.7430559197
3667,10768914.904152727,7099522.507896862,141894.36810266992,3368816.1111585894,3226921.7430559197
3668,10768914.904152727,7101631.288415405,141894.36810266992,3368816.1111585894,3226921.7430559197
3669,10768914.904152727,7103717.7076141955,141894.36810266992,3368816.1111585894,3226921.7430559197
3670,10768914.904152727,7105790.161379089,141894.36810266992,3368816.1111585894,3226921.7430559197
3671,10768914.904152727,7107743.576445521,141894.36810266992,3368816.1111585894,3226921.7430559197
3672,10768914.904152727,7109588.426888915,141894.36810266992,3368816.1111585894,3226921.7430559197
3673,10768914.904152727,7111416.153050268,141894.36810266992,3368816.1111585894,3226921.7430559197
3674,10768914.904152727,7113240.720363478,141894.36810266992,3368816.1111585894,3226921.7430559197
3675,10768914.904152727,7115057.3074287465,141894.36810266992,3368816.1111585894,3226921.7430559197
3676,10768914.904152727,7116455.929008078,141894.36810266992,3368816.1111585894,3226921.7430559197
3677,10769005.504152726,7118210.004131137,141894.36810266992,3368816.1111585894,3226921.7430559197
3678,10770840.004152726,7120347.048027807,141894.36810266992,3368816.1111585894,3226921.7430559197
3679,10775952.604152726,7122468.380811341,141894.36810266992,3368816.1111585894,3226921.7430559197
3680,10782780.529152727,7124558.291368606,141894.36810266992,3368816.1111585894,3226921.7430559197
3681,10790459.404152727,7126645.043077727,141894.36810266992,3368816.1111585894,3226921.7430559197
3682,10798805.929152727,7128643.845804326,141894.36810266992,3368816.1111585894,3226921.7430559197
3683,10807682.629152726,7130658.35964406,141894.36810266992,3372165.7310681585,3230271.362965489
3684,10816945.129152726,7132669.714635651,141894.36810266992,3379411.612918673,3237517.2448160034
3685,10826205.904152727,7134533.435040323,141894.36810266992,3386803.4043561057,3244909.036253436
3686,10835022.979152726,7136436.557919207,141894.36810266992,3393712.093319327,3251817.7252166574
3687,10843416.154152727,7138352.233063082,141894.36810266992,3400184.3300175574,3258289.9619148877
3688,10850847.004152726,7140305.648129514,141894.36810266992,3405656.501793231,3263762.133690561
3689,10856282.029152727,7142381.260742551,141894.36810266992,3409010.6510223,3267116.2829196304
3690,10858792.429152727,7144541.746617548,141894.36810266992,3409355.3019894077,3267460.933886738
3691,10859055.079152727,7146705.72385102,141894.36810266992,3409355.3019894077,3267460.933886738
3692,10859055.079152727,7148797.047577191,141894.36810266992,3409355.3019894077,3267460.933886738
3693,10859055.079152727,7150863.266773379,141894.36810266992,3409355.3019894077,3267460.933886738
3694,10859055.079152727,7152906.04399124,141894.36810266992,3409355.3019894077,3267460.933886738
3695,10859055.079152727,7154928.205568585,141894.36810266992,3409355.3019894077,3267460.933886738
3696,10859055.079152727,7156928.42146409,141894.36810266992,3409355.3019894077,3267460.933886738
3697,10859055.079152727,7158919.160815165,141894.36810266992,3409355.3019894077,3267460.933886738
3698,10859055.079152727,7160889.700163638,141894.36810266992,3409355.3019894077,3267460.933886738
3699,10859055.079152727,7162853.921815825,141894.36810266992,3409355.3019894077,3267460.933886738
3700,10859055.079152727,7164814.984619867,141894.36810266992,3409355.3019894077,3267460.933886738
3701,10859141.854152728,7166835.816155888,141894.36810266992,3409355.3019894077,3267460.933886738
3702,10860988.879152728,7168906.856751875,141894.36810266992,3409355.3019894077,3267460.933886738
3703,10866329.779152729,7171006.24385357,141894.36810266992,3409355.3019894077,3267460.933886738
3704,10873645.95415273,7173100.726427885,141894.36810266992,3409355.3019894077,3267460.933886738
3705,10882163.47915273,7175160.627927786,141894.36810266992,3409355.3019894077,3267460.933886738
3706,10891332.00415273,7177159.763164716,141894.36810266992,3409355.3019894077,3267460.933886738
3707,10900759.42915273,7178919.740346149,141894.36810266992,3414482.0321021997,3272587.66399953
3708,10910782.42915273,7180750.625355645,141894.36810266992,3422668.8839348084,3280774.5158321387
3709,10920661.80415273,7182608.028064031,141894.36810266992,3430685.593068528,3288791.2249658583
3710,10930246.729152732,7184669.67524317,141894.36810266992,3438203.6077314946,3296309.239628825
3711,10939322.779152732,7186800.484571135,141894.36810266992,3445143.585245635,3303249.217142965
3712,10947610.579152733,7188907.851920771,141894.36810266992,3451318.754738103,3309424.3866354334
3713,10953930.304152733,7190994.603629893,141894.36810266992,3455546.464871087,3313652.0967684174
3714,10956725.029152732,7193048.60307142,141894.36810266992,3456281.927271664,3314387.5591689944
3715,10957046.329152733,7195125.628853363,141894.36810266992,3456281.927271664,3314387.5591689944
3716,10957046.329152733,7197215.539410627,141894.36810266992,3456281.927271664,3314387.5591689944
3717,10957046.329152733,7199292.897702901,141894.36810266992,3456281.927271664,3314387.5591689944
3718,10957046.329152733,7201329.440352057,141894.36810266992,3456281.927271664,3314387.5591689944
3719,10957046.329152733,7203352.017567315,141894.36810266992,3456281.927271664,3314387.5591689944
3720,10957046.329152733,7205343.172556303,141894.36810266992,3456281.927271664,3314387.5591689944
3721,10957046.329152733,7207324.851000861,141894.36810266992,3456281.927271664,3314387.5591689944
3722,10957046.329152733,7209289.072653048,141894.36810266992,3456281.927271664,3314387.5591689944
3723,10957046.329152733,7211256.453153377,141894.36810266992,3456281.927271664,3314387.5591689944
3724,10957046.329152733,7213118.760389144,141894.36810266992,3456281.927271664,3314387.5591689944
3725,10957139.254152734,7215111.245419456,141894.36810266992,3456281.927271664,3314387.5591689944
3726,10959170.104152733,7217168.320581544,141894.36810266992,3456281.927271664,3314387.5591689944
3727,10964977.204152733,7219282.005627468,141894.36810266992,3456281.927271664,3314387.5591689944
3728,10972907.254152734,7221427.112899662,141894.36810266992,3456281.927271664,3314387.5591689944
3729,10981626.979152733,7223569.061323712,141894.36810266992,3456281.927271664,3314387.5591689944
3730,10990977.079152733,7225724.642671328,141894.36810266992,3456281.927271664,3314387.5591689944
3731,11000535.154152732,7227875.652001895,141894.36810266992,3462855.236203539,3320960.8681008695
3732,11010406.804152733,7229907.29012367,141894.36810266992,3470689.9849238694,3328795.6168211997
3733,11020141.654152732,7231988.139774418,141894.36810266992,3478338.7221152266,3336444.354012557
3734,11029394.854152732,7233999.162255678,141894.36810266992,3485575.636476072,3343681.2683734023
3735,11038161.67915273,7236032.546056691,141894.36810266992,3492303.8145171646,3350409.446414495
3736,11046228.52915273,7238051.631913475,141894.36810266992,3498346.3155024857,3356451.947399816
3737,11052431.02915273,7240160.412432018,141894.36810266992,3502434.771826048,3360540.403723378
3738,11055010.579152731,7242323.974027576,141894.36810266992,3502845.4970725947,3360951.128969925
3739,11055310.05415273,7244557.030282292,141894.36810266992,3502845.4970725947,3360951.128969925
3740,11055310.05415273,7246780.3606098285,141894.36810266992,3502845.4970725947,3360951.128969925
3741,11055310.05415273,7248977.505748807,141894.36810266992,3502845.4970725947,3360951.128969925
3742,11055310.05415273,7251124.026189907,141894.36810266992,3502845.4970725947,3360951.128969925
3743,11055310.05415273,7253237.378725501,141894.36810266992,3502845.4970725947,3360951.128969925
3744,11055310.05415273,7255335.020147959,141894.36810266992,3502845.4970725947,3360951.128969925
3745,11055310.05415273,7257442.3874975955,141894.36810266992,3502845.4970725947,3360951.128969925
3746,11055310.05415273,7259533.711223766,141894.36810266992,3502845.4970725947,3360951.128969925
3747,11055310.05415273,7261614.228364184,141894.36810266992,3502845.4970725947,3360951.128969925
3748,11055310.05415273,7263707.297769592,141894.36810266992,3502845.4970725947,3360951.128969925
3749,11055387.30415273,7265861.465948302,141894.36810266992,3502845.4970725947,3360951.128969925
3750,11057137.80415273,7268025.0275438605,141894.36810266992,3502845.4970725947,3360951.128969925
3751,11062261.05415273,7270125.744686879,141894.36810266992,3502845.4970725947,3360951.128969925
3752,11069305.50415273,7272347.329335179,141894.36810266992,3502845.4970725947,3360951.128969925
3753,11077209.37915273,7274616.047322883,141894.36810266992,3502845.4970725947,3360951.128969925
3754,11085740.47915273,7276969.887955297,141894.36810266992,3502845.4970725947,3360951.128969925
3755,11094705.45415273,7279223.227340197,141894.36810266992,3503029.0318372576,3361134.663734588
3756,11103639.679152729,7281503.416934317,141894.36810266992,3509677.8040852426,3367783.435982573
3757,11112402.60415273,7283700.146435382,141894.36810266992,3516238.7364262827,3374344.368323613
3758,11120731.12915273,7285822.892387822,141894.36810266992,3522439.2523159473,3380544.8842132776
3759,11128473.90415273,7288016.546168326,141894.36810266992,3527983.1103775483,3386088.7422748785
3760,11135397.37915273,7290129.89870392,141894.36810266992,3532787.9696840607,3390893.601581391
3761,11140936.12915273,7292078.409242971,141894.36810266992,3536372.9459871147,3394478.577884445
3762,11143513.42915273,7294126.090988212,141894.36810266992,3536897.301083979,3395002.9329813095
3763,11143803.15415273,7296271.198260406,141894.36810266992,3536897.301083979,3395002.9329813095
3764,11143803.15415273,7298433.762324972,141894.36810266992,3536897.301083979,3395002.9329813095
3765,11143803.15415273,7300567.6473734975,141894.36810266992,3536897.301083979,3395002.9329813095
3766,11143803.15415273,7302700.2023807,141894.36810266992,3536897.301083979,3395002.9329813095
3767,11143803.15415273,7304825.026522709,141894.36810266992,3536897.301083979,3395002.9329813095
3768,11143803.15415273,7306850.346948197,141894.36810266992,3536897.301083979,3395002.9329813095
3769,11143803.15415273,7308838.343089042,141894.36810266992,3536897.301083979,3395002.9329813095
3770,11143803.15415273,7310790.344986568,141894.36810266992,3536897.301083979,3395002.9329813095
3771,11143803.15415273,7312732.620956915,141894.36810266992,3536897.301083979,3395002.9329813095
3772,11143803.15415273,7314660.515855451,141894.36810266992,3536897.301083979,3395002.9329813095
3773,11143919.47915273,7316637.289772629,141894.36810266992,3536897.301083979,3395002.9329813095
3774,11146194.82915273,7318604.670272958,141894.36810266992,3536897.301083979,3395002.9329813095
3775,11152580.62915273,7320526.663113121,141894.36810266992,3536897.301083979,3395002.9329813095
3776,11161087.12915273,7322349.817257424,141894.36810266992,3536897.301083979,3395002.9329813095
3777,11170453.42915273,7324135.314606753,141894.36810266992,3536897.301083979,3395002.9329813095
3778,11180297.25415273,7325882.739523195,141894.36810266992,3539473.383311008,3397579.0152083384
3779,11190646.12915273,7327606.805588891,141894.36810266992,3548092.929087417,3406198.5609847475
3780,11200840.95415273,7329359.135032713,141894.36810266992,3556530.1614857,3414635.79338303
3781,11210911.429152729,7331151.947609322,141894.36810266992,3564802.560751196,3422908.1926485263
3782,11220702.529152729,7333133.293543549,141894.36810266992,3572607.051659074,3430712.6835564044
3783,11229843.679152729,7334992.441931172,141894.36810266992,3579883.7901135567,3437989.422010887
3784,11238066.754152728,7336805.870148297,141894.36810266992,3586288.1737385374,3444393.8056358676
3785,11244519.604152728,7338737.256405308,141894.36810266992,3590804.3743236326,3448910.006220963
3786,11247205.204152727,7340792.585888159,141894.36810266992,3591429.3816828863,3449535.0135802166
3787,11247481.879152728,7342951.658594251,141894.36810266992,3591429.3816828863,3449535.0135802166
3788,11247481.879152728,7345099.924714588,141894.36810266992,3591429.3816828863,3449535.0135802166
3789,11247481.879152728,7347235.555442351,141894.36810266992,3591429.3816828863,3449535.0135802166
3790,11247481.879152728,7349361.460242935,141894.36810266992,3591429.3816828863,3449535.0135802166
3791,11247481.879152728,7351451.3708002,141894.36810266992,3591429.3816828863,3449535.0135802166
3792,11247481.879152728,7353553.833622456,141894.36810266992,3591429.3816828863,3449535.0135802166
3793,11247481.879152728,7355643.74417972,141894.36810266992,3591429.3816828863,3449535.0135802166
3794,11247481.879152728,7357737.146095459,141894.36810266992,3591429.3816828863,3449535.0135802166
3795,11247481.879152728,7359819.408915114,141894.36810266992,3591429.3816828863,3449535.0135802166
3796,11247481.879152728,7361885.628111302,141894.36810266992,3591429.3816828863,3449535.0135802166
3797,11247611.104152728,7364021.258839065,141894.36810266992,3591429.3816828863,3449535.0135802166
3798,11249928.904152729,7366216.242660893,141894.36810266992,3591429.3816828863,3449535.0135802166
3799,11256349.429152729,7368470.9952147,141894.36810266992,3591429.3816828863,3449535.0135802166
3800,11264842.879152728,7370858.00375262,141894.36810266992,3591429.3816828863,3449535.0135802166
3801,11274214.729152728,7373222.73409837,141894.36810266992,3591429.3816828863,3449535.0135802166
3802,11284076.929152727,7375413.229030731,141894.36810266992,3591429.3816828863,3449535.0135802166
3803,11294585.554152727,7377589.758529195,141894.36810266992,3599479.605742144,3457585.237639474
3804,11304621.004152726,7379880.754709069,141894.36810266992,3607218.7964043748,3465324.428301705
3805,11314425.079152726,7382318.055434537,141894.36810266992,3614580.3075210117,3472685.939418342
3806,11324129.629152726,7384679.626932144,141894.36810266992,3621918.02286551,3480023.6547628404
3807,11333257.204152726,7387086.918600249,141894.36810266992,3628633.04303951,3486738.6749368403
3808,11341601.029152725,7389575.924682172,141894.36810266992,3634482.5987996925,3492588.2306970228
3809,11348039.329152726,7392141.740650532,141894.36810266992,3638349.819673438,3496455.4515707684
3810,11350672.129152726,7394885.283390756,141894.36810266992,3638349.819673438,3496455.4515707684
3811,11350950.004152726,7397625.6672828365,141894.36810266992,3638349.819673438,3496455.4515707684
3812,11350950.004152726,7400308.111249758,141894.36810266992,3638349.819673438,3496455.4515707684
3813,11350950.004152726,7402951.069614885,141894.36810266992,3638349.819673438,3496455.4515707684
3814,11350950.004152726,7405498.015621967,141894.36810266992,3638349.819673438,3496455.4515707684
3815,11350950.004152726,7407883.27848065,141894.36810266992,3638349.819673438,3496455.4515707684
3816,11350950.004152726,7410268.208829002,141894.36810266992,3638349.819673438,3496455.4515707684
3817,11350950.004152726,7412636.014895313,141894.36810266992,3638349.819673438,3496455.4515707684
3818,11350950.004152726,7414983.620959023,141894.36810266992,3638349.819673438,3496455.4515707684
3819,11350950.004152726,7417325.241836776,141894.36810266992,3638349.819673438,3496455.4515707684
3820,11350950.004152726,7419667.943373105,141894.36810266992,3638349.819673438,3496455.4515707684
3821,11351053.429152727,7422092.691833582,141894.36810266992,3638349.819673438,3496455.4515707684
3822,11353161.229152728,7424804.812347536,141894.36810266992,3638349.819673438,3496455.4515707684
3823,11359161.229152728,7427564.398711226,141894.36810266992,3638349.819673438,3496455.4515707684
3824,11367243.454152727,7430351.915942711,141894.36810266992,3638349.819673438,3496455.4515707684
3825,11376108.304152727,7433097.204362172,141894.36810266992,3638349.819673438,3496455.4515707684
3826,11385575.629152726,7435674.1594266165,141894.36810266992,3638349.819673438,3496455.4515707684
3827,11395676.629152726,7438112.873320991,141894.36810266992,3638349.819673438,3496455.4515707684
3828,11405449.129152726,7440724.076949518,141894.36810266992,3644130.9388714903,3502236.5707688206
3829,11415068.104152726,7443189.3085427815,141894.36810266992,3651279.4191203318,3509385.051017662
3830,11424521.629152726,7445744.317925387,141894.36810266992,3658172.6715798313,3516278.3034771616
3831,11433184.279152727,7448137.644159595,141894.36810266992,3664436.732187729,3522542.364085059
3832,11441011.054152727,7450577.771222875,141894.36810266992,3669818.116966553,3527923.7488638833
3833,11447112.304152727,7453113.578133872,141894.36810266992,3673378.296897662,3531483.928794992
3834,11449459.204152727,7455706.244311452,141894.36810266992,3673378.296897662,3531483.928794992
3835,11449722.754152728,7458357.266052104,141894.36810266992,3673378.296897662,3531483.928794992
3836,11449722.754152728,7460773.618626726,141894.36810266992,3673378.296897662,3531483.928794992
3837,11449722.754152728,7463127.459259139,141894.36810266992,3673378.296897662,3531483.928794992
3838,11449722.754152728,7465455.86285124,141894.36810266992,3673378.296897662,3531483.928794992
3839,11449722.754152728,7467739.211293504,141894.36810266992,3673378.296897662,3531483.928794992
3840,11449722.754152728,7470003.689774489,141894.36810266992,3673378.296897662,3531483.928794992
3841,11449722.754152728,7472258.442328296,141894.36810266992,3673378.296897662,3531483.928794992
3842,11449722.754152728,7474487.009693544,141894.36810266992,3673378.296897662,3531483.928794992
3843,11449722.754152728,7476681.993515372,141894.36810266992,3673378.296897662,3531483.928794992
3844,11449722.754152728,7478870.742768496,141894.36810266992,3673378.296897662,3531483.928794992
3845,11449825.954152727,7481088.087910077,141894.36810266992,3673378.296897662,3531483.928794992
3846,11451981.604152728,7483355.725239205,141894.36810266992,3673378.296897662,3531483.928794992
3847,11458144.429152727,7485673.654755882,141894.36810266992,3673378.296897662,3531483.928794992
3848,11466309.229152728,7487897.31759375,141894.36810266992,3673378.296897662,3531483.928794992
3849,11475348.079152727,7490061.294827222,141894.36810266992,3673378.296897662,3531483.928794992
3850,11484985.204152727,7492223.526381456,141894.36810266992,3673378.296897662,3531483.928794992
3851,11495123.929152727,7494480.0246145,141894.36810266992,3677213.593209388,3535319.2251067185
3852,11505063.829152727,7496723.88745497,141894.36810266992,3684904.367211024,3543009.999108354
3853,11514875.329152727,7499000.918200946,141894.36810266992,3692433.5733071524,3550539.2052044827
3854,11524513.279152727,7501283.934132879,141894.36810266992,3699783.244217325,3557888.8761146553
3855,11533429.204152727,7503678.673535992,141894.36810266992,3706299.1666563163,3564404.7985536465
3856,11541525.529152727,7506085.965204097,141894.36810266992,3711982.936830316,3570088.5687276465
3857,11547915.679152727,7508552.942476599,141894.36810266992,3715900.8463999205,3574006.478297251
3858,11550193.954152727,7511098.807825104,141894.36810266992,3715900.8463999205,3574006.478297251
3859,11550466.429152727,7513556.3916807575,141894.36810266992,3715900.8463999205,3574006.478297251
3860,11550466.429152727,7516010.8166882675,141894.36810266992,3715900.8463999205,3574006.478297251
3861,11550466.429152727,7518441.467207118,141894.36810266992,3715900.8463999205,3574006.478297251
3862,11550466.429152727,7520834.460930995,141894.36810266992,3715900.8463999205,3574006.478297251
3863,11550466.429152727,7523175.749298417,141894.36810266992,3715900.8463999205,3574006.478297251
3864,11550466.429152727,7525495.091984,141894.36810266992,3715900.8463999205,3574006.478297251
3865,11550466.429152727,7527795.564708305,141894.36810266992,3715900.8463999205,3574006.478297251
3866,11550466.429152727,7530080.326319475,141894.36810266992,3715900.8463999205,3574006.478297251
3867,11550466.429152727,7532360.183403264,141894.36810266992,3715900.8463999205,3574006.478297251
3868,11550466.429152727,7534633.722790766,141894.36810266992,3715900.8463999205,3574006.478297251
3869,11550555.079152727,7536993.881119466,141894.36810266992,3715900.8463999205,3574006.478297251
3870,11552532.004152728,7539572.581863148,141894.36810266992,3715900.8463999205,3574006.478297251
3871,11558249.479152728,7542165.248040728,141894.36810266992,3715900.8463999205,3574006.478297251
3872,11565977.929152727,7544799.145499339,141894.36810266992,3715900.8463999205,3574006.478297251
3873,11574575.254152726,7547443.517033373,141894.36810266992,3715900.8463999205,3574006.478297251
3874,11583867.154152727,7549962.199662329,141894.36810266992,3715900.8463999205,3574006.478297251
3875,11593823.404152727,7552457.4403129555,141894.36810266992,3715900.8463999205,3574006.478297251
3876,11603858.479152726,7554960.744339107,141894.36810266992,3722510.987785709,3580616.6196830394
3877,11613794.779152727,7557508.022856519,141894.36810266992,3729894.746110402,3588000.3780077323
3878,11623434.529152727,7560110.165578529,141894.36810266992,3736927.090230497,3595032.7221278274
3879,11631649.304187166,7562669.663850602,141894.36810266992,3742577.1038349685,3600682.735732299
3880,11639719.048900448,7565323.761311814,141894.36810266992,3747987.487929143,3606093.1198264733
3881,11645553.595832262,7568071.792941505,141894.36810266992,3751068.7400733726,3609174.371970703
3882,11648097.464431532,7570881.255854829,141894.36810266992,3751068.7400733726,3609174.371970703
3883,11648375.139153225,7573734.776386997,141894.36810266992,3751068.7400733726,3609174.371970703
3884,11648375.139153225,7576561.3635823615,141894.36810266992,3751068.7400733726,3609174.371970703
3885,11648375.139153225,7579344.308796797,141894.36810266992,3751068.7400733726,3609174.371970703
3886,11648375.139153225,7582065.822727599,141894.36810266992,3751068.7400733726,3609174.371970703
3887,11648375.139153225,7584769.879866029,141894.36810266992,3751068.7400733726,3609174.371970703
3888,11648375.139153225,7587466.289266848,141894.36810266992,3751068.7400733726,3609174.371970703
3889,11648375.139153225,7590128.117593254,141894.36810266992,3751068.7400733726,3609174.371970703
3890,11648375.139153225,7592755.364845247,141894.36810266992,3751068.7400733726,3609174.371970703
3891,11648375.139153225,7595361.996456725,141894.36810266992,3751068.7400733726,3609174.371970703
3892,11648375.139153225,7597965.469220058,141894.36810266992,3751068.7400733726,3609174.371970703
3893,11648460.389771398,7600616.49096071,141894.36810266992,3751068.7400733726,3609174.371970703
3894,11650326.466856461,7603311.487192622,141894.36810266992,3751068.7400733726,3609174.371970703
3895,11655629.479777282,7606047.299067653,141894.36810266992,3751068.7400733726,3609174.371970703
3896,11662745.39089684,7608749.9430371765,141894.36810266992,3751068.7400733726,3609174.371970703
3897,11671369.666182425,7611346.100573231,141894.36810266992,3751068.7400733726,3609174.371970703
3898,11680134.724097678,7613863.702543611,141894.36810266992,3751068.7400733726,3609174.371970703
3899,11689891.587076299,7616340.156360542,141894.36810266992,3751068.7400733726,3609174.371970703
3900,11699755.540755134,7618810.292481187,141894.36810266992,3751174.311793619,3609279.943690949
3901,11709468.914103594,7621282.174281068,141894.36810266992,3758410.5401843023,3616516.1720816325
3902,11718652.804614728,7623920.560629146,141894.36810266992,3764950.781189464,3623056.4130867943
3903,11727848.091517527,7626643.487728855,141894.36810266992,3771417.877834659,3629523.5097319894
3904,11735866.245612254,7629346.131698378,141894.36810266992,3776728.1248019678,3634833.756699298
3905,11742480.029137764,7632122.426706196,141894.36810266992,3780560.3501617652,3638665.9820590955
3906,11745296.240319297,7634963.727483703,141894.36810266992,3780560.3501617652,3638665.9820590955
3907,11745603.704951277,7637809.184640346,141894.36810266992,3780560.3501617652,3638665.9820590955
3908,11745603.704951277,7640614.158664203,141894.36810266992,3780560.3501617652,3638665.9820590955
3909,11745603.704951277,7643390.453672021,141894.36810266992,3780560.3501617652,3638665.9820590955
3910,11745603.704951277,7646135.742091482,141894.36810266992,3780560.3501617652,3638665.9820590955
3911,11745603.704951277,7648853.764663809,141894.36810266992,3780560.3501617652,3638665.9820590955
3912,11745603.704951277,7651554.662954096,141894.36810266992,3780560.3501617652,3638665.9820590955
3913,11745603.704951277,7654157.138186437,141894.36810266992,3780560.3501617652,3638665.9820590955
3914,11745603.704951277,7656499.839722766,141894.36810266992,3780560.3501617652,3638665.9820590955
3915,11745603.704951277,7659452.44833354,141894.36810266992,3780560.3501617652,3638665.9820590955
3916,11745603.704951277,7662283.940056286,141894.36810266992,3780560.3501617652,3638665.9820590955
3917,11745698.085399961,7665138.790629777,141894.36810266992,3780560.3501617652,3638665.9820590955
3918,11747571.975569967,7667942.018974396,141894.36810266992,3780560.3501617652,3638665.9820590955
3919,11752785.719559884,7670495.615188096,141894.36810266992,3780560.3501617652,3638665.9820590955
3920,11759734.06257432,7672659.592421568,141894.36810266992,3780560.3501617652,3638665.9820590955
3921,11767256.153450986,7674802.954014524,141894.36810266992,3780560.3501617652,3638665.9820590955
3922,11775367.21578572,7676710.648910457,141894.36810266992,3780560.3501617652,3638665.9820590955
3923,11784326.878651304,7678547.435978327,141894.36810266992,3780560.3501617652,3638665.9820590955
3924,11793425.92369587,7680429.610706365,141894.36810266992,3780560.3501617652,3638665.9820590955
3925,11802541.055344462,7682276.206828997,141894.36810266992,3787076.2214180785,3645181.853315409
3926,11811650.432545155,7684165.031763652,141894.36810266992,3794291.510526221,3652397.142423551
3927,11819710.762857854,7686142.221318743,141894.36810266992,3800369.3881259346,3658475.020023265
3928,11827349.543559449,7688146.926103716,141894.36810266992,3805998.2008846616,3664103.832781992
3929,11832899.865574228,7690301.426792758,141894.36810266992,3809388.7590525043,3667494.3909498346
3930,11835287.983355043,7692468.479746791,141894.36810266992,3809604.5607213927,3667710.192618723
3931,11835562.653050233,7694724.977979834,141894.36810266992,3809604.5607213927,3667710.192618723
3932,11835562.653050233,7696998.93300525,141894.36810266992,3809604.5607213927,3667710.192618723
3933,11835562.653050233,7699254.018069387,141894.36810266992,3809604.5607213927,3667710.192618723
3934,11835562.653050233,7701513.592022992,141894.36810266992,3809604.5607213927,3667710.192618723
3935,11835562.653050233,7703779.483672883,141894.36810266992,3809604.5607213927,3667710.192618723
3936,11835562.653050233,7706045.375322775,141894.36810266992,3809604.5607213927,3667710.192618723
3937,11835562.653050233,7708322.406068752,141894.36810266992,3809604.5607213927,3667710.192618723
3938,11835562.653050233,7710583.393191262,141894.36810266992,3809604.5607213927,3667710.192618723
3939,11835562.653050233,7713091.269234464,141894.36810266992,3809604.5607213927,3667710.192618723
3940,11835562.653050233,7715275.778980868,141894.36810266992,3809604.5607213927,3667710.192618723
3941,11835682.610392826,7717731.617157284,141894.36810266992,3809604.5607213927,3667710.192618723
3942,11838069.18758546,7720030.6767126825,141894.36810266992,3809604.5607213927,3667710.192618723
3943,11844442.246239662,7722307.707458659,141894.36810266992,3809604.5607213927,3667710.192618723
3944,11853229.224995898,7724682.163731588,141894.36810266992,3809604.5607213927,3667710.192618723
3945,11862209.305461973,7727001.506417171,141894.36810266992,3809604.5607213927,3667710.192618723
3946,11872017.509842655,7729248.528105784,141894.36810266992,3809604.5607213927,3667710.192618723
3947,11882178.35002145,7731583.581904503,141894.36810266992,3814628.1559487865,3672733.787846117
3948,11892467.274653973,7733838.66696864,141894.36810266992,3822656.732359278,3680762.3642566083
3949,11902777.936402662,7736278.794031921,141894.36810266992,3830522.0038867914,3688627.6357841217
3950,11912640.161746576,7738796.06349197,141894.36810266992,3837861.696612762,3695967.328510092
3951,11921713.610294951,7741281.91072575,141894.36810266992,3844444.034769463,3702549.666666793
3952,11930167.21744509,7743750.3011671575,141894.36810266992,3850423.9883203013,3708529.6202176316
3953,11936495.869309174,7746231.576383887,141894.36810266992,3854266.10180976,3712371.7337070904
3954,11939109.640609194,7748744.273826886,141894.36810266992,3854361.9125088863,3712467.5444062166
3955,11939386.96755453,7751333.781156322,141894.36810266992,3854361.9125088863,3712467.5444062166
3956,11939386.96755453,7753728.520559436,141894.36810266992,3854361.9125088863,3712467.5444062166
3957,11939386.96755453,7756049.608924256,141894.36810266992,3854361.9125088863,3712467.5444062166
3958,11939386.96755453,7758364.047082458,141894.36810266992,3854361.9125088863,3712467.5444062166
3959,11939386.96755453,7760659.947789713,141894.36810266992,3854361.9125088863,3712467.5444062166
3960,11939386.96755453,7762947.868249026,141894.36810266992,3854361.9125088863,3712467.5444062166
3961,11939386.96755453,7765212.3467300115,141894.36810266992,3854361.9125088863,3712467.5444062166
3962,11939386.96755453,7767478.570890234,141894.36810266992,3854361.9125088863,3712467.5444062166
3963,11939386.96755453,7769742.7168608885,141894.36810266992,3854361.9125088863,3712467.5444062166
3964,11939386.96755453,7772030.969830533,141894.36810266992,3854361.9125088863,3712467.5444062166
3965,11939485.895406391,7774399.191534758,141894.36810266992,3854361.9125088863,3712467.5444062166
3966,11941659.995115465,7777087.870070384,141894.36810266992,3854361.9125088863,3712467.5444062166
3967,11947907.727908036,7779836.2342104055,141894.36810266992,3854361.9125088863,3712467.5444062166
3968,11956071.001044344,7782628.655969271,141894.36810266992,3854361.9125088863,3712467.5444062166
3969,11964936.098049074,7785364.467844302,141894.36810266992,3854361.9125088863,3712467.5444062166
3970,11974871.901086975,7788040.261604605,141894.36810266992,3854361.9125088863,3712467.5444062166
3971,11984873.573306901,7790752.382118559,141894.36810266992,3855268.027568583,3713373.659465913
3972,11994505.272927178,7793357.600561131,141894.36810266992,3862289.245588395,3720394.877485725
3973,12004178.059492312,7795898.644509839,141894.36810266992,3869415.7250469257,3727521.356944256
3974,12013638.45257662,7798495.882704468,141894.36810266992,3876273.61677871,3734379.24867604
3975,12022734.575066902,7801221.96865232,141894.36810266992,3882638.390163245,3740744.0220605754
3976,12030746.64746319,7804119.463675749,141894.36810266992,3887747.70437821,3745853.3362755403
3977,12037080.74289347,7806925.850868512,141894.36810266992,3891270.1494578323,3749375.7813551626
3978,12039272.545359824,7809669.393608736,141894.36810266992,3891270.1494578323,3749375.7813551626
3979,12039541.6917838,7812397.557746156,141894.36810266992,3891270.1494578323,3749375.7813551626
3980,12039541.6917838,7815051.322697038,141894.36810266992,3891270.1494578323,3749375.7813551626
3981,12039541.6917838,7817667.763363277,141894.36810266992,3891270.1494578323,3749375.7813551626
3982,12039541.6917838,7820252.781803246,141894.36810266992,3891270.1494578323,3749375.7813551626
3983,12039541.6917838,7822790.666903811,141894.36810266992,3891270.1494578323,3749375.7813551626
3984,12039541.6917838,7825257.644176312,141894.36810266992,3891270.1494578323,3749375.7813551626
3985,12039541.6917838,7827696.358070686,141894.36810266992,3891270.1494578323,3749375.7813551626
3986,12039541.6917838,7830119.360851927,141894.36810266992,3891270.1494578323,3749375.7813551626
3987,12039541.6917838,7832539.204785023,141894.36810266992,3891270.1494578323,3749375.7813551626
3988,12039541.6917838,7834965.366414406,141894.36810266992,3891270.1494578323,3749375.7813551626
3989,12039631.513576856,7837454.0399859985,141894.36810266992,3891270.1494578323,3749375.7813551626
3990,12041582.416586887,7839991.592576232,141894.36810266992,3891270.1494578323,3749375.7813551626
3991,12047605.92111385,7842606.287563234,141894.36810266992,3891270.1494578323,3749375.7813551626
3992,12055139.616531622,7845275.763627251,141894.36810266992,3891270.1494578323,3749375.7813551626
3993,12063822.233046656,7847916.976313141,141894.36810266992,3891270.1494578323,3749375.7813551626
3994,12073092.820203995,7850523.607924619,141894.36810266992,3891270.1494578323,3749375.7813551626
3995,12082361.896503331,7853186.849419931,141894.36810266992,3891270.1494578323,3749375.7813551626
3996,12092258.480730308,7855845.518898194,141894.36810266992,3894373.1656546732,3752478.7975520035
3997,12101796.065220615,7858625.305264485,141894.36810266992,3901125.700620793,3759231.332518123
3998,12110621.847236285,7861271.422477757,141894.36810266992,3907300.1022652974,3765405.7341626277
3999,12119138.744548313,7864043.228596106,141894.36810266992,3913039.93030108,3771145.5621984103
4000,12126881.786534935,7866865.326902004,141894.36810266992,3917955.6108239098,3776061.24272124
4001,12132957.425515184,7869494.319833234,141894.36810266992,3921396.993715035,3779502.625612365
4002,12135560.906243237,7872280.423895813,141894.36810266992,3921396.993715035,3779502.625612365
4003,12135871.724435344,7874981.65469643,141894.36810266992,3921396.993715035,3779502.625612365
4004,12135871.724435344,7877698.264099851,141894.36810266992,3921396.993715035,3779502.625612365
4005,12135871.724435344,7880359.7599159265,141894.36810266992,3921396.993715035,3779502.625612365
4006,12135871.724435344,7882982.435150869,141894.36810266992,3921396.993715035,3779502.625612365
4007,12135871.724435344,7885554.485687933,141894.36810266992,3921396.993715035,3779502.625612365
4008,12135871.724435344,7888049.72633856,141894.36810266992,3921396.993715035,3779502.625612365
4009,12135871.724435344,7890323.265726062,141894.36810266992,3921396.993715035,3779502.625612365
4010,12135871.724435344,7892567.128566531,141894.36810266992,3921396.993715035,3779502.625612365
4011,12135871.724435344,7894767.349426071,141894.36810266992,3921396.993715035,3779502.625612365
4012,12135871.724435344,7896959.257527338,141894.36810266992,3921396.993715035,3779502.625612365
4013,12135965.712497413,7899179.761517063,141894.36810266992,3921396.993715035,3779502.625612365
4014,12137990.452760743,7901466.26880747,141894.36810266992,3921396.993715035,3779502.625612365
4015,12143690.127434086,7903812.129191942,141894.36810266992,3921396.993715035,3779502.625612365
4016,12151508.993449237,7906299.722104958,141894.36810266992,3921396.993715035,3779502.625612365
4017,12160384.357839793,7908740.18167857,141894.36810266992,3921396.993715035,3779502.625612365
4018,12169571.47138657,7911067.172101764,141894.36810266992,3921396.993715035,3779502.625612365
4019,12179417.898496635,7913317.35263852,141894.36810266992,3921396.993715035,3779502.625612365
4020,12189778.824818635,7915704.3611764405,141894.36810266992,3929026.665638524,3787132.2975358544
4021,12199172.118675575,7918224.789484633,141894.36810266992,3935894.268029377,3793999.899926707
4022,12208278.976805791,7920597.832588656,141894.36810266992,3942622.8198976764,3800728.4517950066
4023,12216806.19628338,7923173.041973864,141894.36810266992,3948569.5668321615,3806675.198729492
4024,12224962.08615319,7925775.517206205,141894.36810266992,3954117.7183117364,3812223.3502090666
4025,12230933.292596186,7928329.113419904,141894.36810266992,3957530.0653831377,3815635.697280468
4026,12233577.880454876,7930645.297257344,141894.36810266992,3957853.2062464943,3815958.8381438246
4027,12233868.278004415,7932934.9633958945,141894.36810266992,3957853.2062464943,3815958.8381438246
4028,12233868.278004415,7935194.537349499,141894.36810266992,3957853.2062464943,3815958.8381438246
4029,12233868.278004415,7937321.85531899,141894.36810266992,3957853.2062464943,3815958.8381438246
4030,12233868.278004415,7939430.635837533,141894.36810266992,3957853.2062464943,3815958.8381438246
4031,12233868.278004415,7941619.385090657,141894.36810266992,3957853.2062464943,3815958.8381438246
4032,12233868.278004415,7943831.493194526,141894.36810266992,3957853.2062464943,3815958.8381438246
4033,12233868.278004415,7946042.188129489,141894.36810266992,3957853.2062464943,3815958.8381438246
4034,12233868.278004415,7948251.137385215,141894.36810266992,3957853.2062464943,3815958.8381438246
4035,12233868.278004415,7950469.895695701,141894.36810266992,3957853.2062464943,3815958.8381438246
4036,12233868.278004415,7952699.793102274,141894.36810266992,3957853.2062464943,3815958.8381438246
4037,12233959.837963011,7954979.650186063,141894.36810266992,3957853.2062464943,3815958.8381438246
4038,12236056.879925894,7957347.871890288,141894.36810266992,3957853.2062464943,3815958.8381438246
4039,12241921.216441685,7959734.547917877,141894.36810266992,3957853.2062464943,3815958.8381438246
4040,12249883.869910384,7962134.191848372,141894.36810266992,3957853.2062464943,3815958.8381438246
4041,12258713.158943368,7964499.254704453,141894.36810266992,3957853.2062464943,3815958.8381438246
4042,12267651.468475264,7966903.387524415,141894.36810266992,3957853.2062464943,3815958.8381438246
4043,12277231.9106811,7969299.8726067655,141894.36810266992,3960170.48377308,3818276.1156704105
4044,12286689.055750709,7971732.268804853,141894.36810266992,3967189.9694867064,3825295.6013840367
4045,12296116.73137003,7974197.832908448,141894.36810266992,3974146.817844538,3832252.4497418683
4046,12304954.601678295,7976631.642275442,141894.36810266992,3980545.6156279137,3838651.247525244
4047,12313706.781070275,7979106.682923468,141894.36810266992,3986817.4912139736,3844923.123111304
4048,12321487.52143315,7981559.36225174,141894.36810266992,3992140.289090682,3850245.920988012
4049,12327424.030742975,7984012.374090344,141894.36810266992,3995618.523404008,3853724.155301338
4050,12330101.09637778,7986431.885513109,141894.36810266992,3995870.814458153,3853976.4463554835
4051,12330387.055916753,7988842.336029358,141894.36810266992,3995870.814458153,3853976.4463554835
4052,12330387.055916753,7991225.8532088045,141894.36810266992,3995870.814458153,3853976.4463554835
4053,12330387.055916753,7993600.3094817335,141894.36810266992,3995870.814458153,3853976.4463554835
4054,12330387.055916753,7995943.011018062,141894.36810266992,3995870.814458153,3853976.4463554835
4055,12330387.055916753,7998276.651647873,141894.36810266992,3995870.814458153,3853976.4463554835
4056,12330387.055916753,8000580.283220322,141894.36810266992,3995870.814458153,3853976.4463554835
4057,12330387.055916753,8002880.755944626,141894.36810266992,3995870.814458153,3853976.4463554835
4058,12330387.055916753,8005154.710970042,141894.36810266992,3995870.814458153,3853976.4463554835
4059,12330387.055916753,8007423.761468077,141894.36810266992,3995870.814458153,3853976.4463554835
4060,12330387.055916753,8009696.303324587,141894.36810266992,3995870.814458153,3853976.4463554835
4061,12330494.412439045,8012020.134899637,141894.36810266992,3995870.814458153,3853976.4463554835
4062,12332613.500777066,8014430.252905554,141894.36810266992,3995870.814458153,3853976.4463554835
4063,12338746.476495693,8016864.062272549,141894.36810266992,3995870.814458153,3853976.4463554835
4064,12347153.350069892,8019535.284015803,141894.36810266992,3995870.814458153,3853976.4463554835
4065,12355890.370137794,8022321.055568051,141894.36810266992,3995870.814458153,3853976.4463554835
4066,12365747.97928001,8025048.887195139,141894.36810266992,3995870.814458153,3853976.4463554835
4067,12375472.173017975,8027770.401125941,141894.36810266992,3997086.444131627,3855192.0760289575
4068,12385083.929678086,8030430.816283441,141894.36810266992,4004032.522476345,3862138.154373675
4069,12395156.387688756,8033168.041327378,141894.36810266992,4011362.4922851827,3869468.124182513
4070,12404871.074176569,8035845.580766919,141894.36810266992,4018394.37617556,3876500.0080728903
4071,12413378.13989985,8038551.716094917,141894.36810266992,4024190.043412948,3882295.6753102783
4072,12421849.45350083,8041279.547722005,141894.36810266992,4029928.262228945,3888033.894126275
4073,12428028.411658093,8044001.0616528075,141894.36810266992,4033380.443297512,3891486.075194842
4074,12430240.111685432,8046620.6611671895,141894.36810266992,4033380.443297512,3891486.075194842
4075,12430508.008736813,8049312.498550959,141894.36810266992,4033380.443297512,3891486.075194842
4076,12430508.008736813,8051978.815766832,141894.36810266992,4033380.443297512,3891486.075194842
4077,12430508.008736813,8054610.635035874,141894.36810266992,4033380.443297512,3891486.075194842
4078,12430508.008736813,8057211.364588979,141894.36810266992,4033380.443297512,3891486.075194842
4079,12430508.008736813,8059788.3196534235,141894.36810266992,4033380.443297512,3891486.075194842
4080,12430508.008736813,8062335.5981708355,141894.36810266992,4033380.443297512,3891486.075194842
4081,12430508.008736813,8064824.604252758,141894.36810266992,4033380.443297512,3891486.075194842
4082,12430508.008736813,8067082.432527126,141894.36810266992,4033380.443297512,3891486.075194842
4083,12430508.008736813,8069324.965326272,141894.36810266992,4033380.443297512,3891486.075194842
4084,12430508.008736813,8071546.882484903,141894.36810266992,4033380.443297512,3891486.075194842
4085,12430612.730502762,8073770.21281244,141894.36810266992,4033380.443297512,3891486.075194842
4086,12432808.75487071,8075990.716802164,141894.36810266992,4033380.443297512,3891486.075194842
4087,12438965.33722278,8078176.639717475,141894.36810266992,4033380.443297512,3891486.075194842
4088,12447221.808139954,8080398.556876105,141894.36810266992,4033380.443297512,3891486.075194842
4089,12456541.285704471,8082663.035357091,141894.36810266992,4033380.443297512,3891486.075194842
4090,12466055.171357403,8084928.927006982,141894.36810266992,4033380.443297512,3891486.075194842
4091,12475870.699720047,8087224.827714237,141894.36810266992,4034993.2457351177,3893098.877632448
4092,12485961.95965753,8089528.791797017,141894.36810266992,4042775.2784319264,3900880.9103292567
4093,12495889.834142674,8091814.966577093,141894.36810266992,4050411.7149791,3908517.3468764303
4094,12505655.778634816,8094143.702679524,141894.36810266992,4057843.660210917,3915949.292108247
4095,12514135.78493922,8096522.7309695035,141894.36810266992,4063939.375067447,3922045.006964777
4096,12522178.716437671,8099110.492619703,141894.36810266992,4069389.281757804,3927494.9136551344
4097,12528475.811273256,8101696.924228578,141894.36810266992,4073094.68182662,3931200.31372395
4098,12530799.817066956,8104278.783820404,141894.36810266992,4073094.68182662,3931200.31372395
4099,12531068.20097429,8106873.195677221,141894.36810266992,4073094.68182662,3931200.31372395
4100,12531068.20097429,8109470.766382181,141894.36810266992,4073094.68182662,3931200.31372395
4101,12531068.20097429,8112060.273711617,141894.36810266992,4073094.68182662,3931200.31372395
4102,12531068.20097429,8114643.2139620185,141894.36810266992,4073094.68182662,3931200.31372395
4103,12531068.20097429,8117232.7212914545,141894.36810266992,4073094.68182662,3931200.31372395
4104,12531068.20097429,8119822.644258805,141894.36810266992,4073094.68182662,3931200.31372395
4105,12531068.20097429,8122423.373811909,141894.36810266992,4073094.68182662,3931200.31372395
4106,12531068.20097429,8125015.7074791575,141894.36810266992,4073094.68182662,3931200.31372395
4107,12531068.20097429,8127598.98023989,141894.36810266992,4073094.68182662,3931200.31372395
4108,12531068.20097429,8130191.313907138,141894.36810266992,4073094.68182662,3931200.31372395
4109,12531198.116963318,8132819.974328037,141894.36810266992,4073094.68182662,3931200.31372395
4110,12533572.070626615,8135489.782902385,141894.36810266992,4073094.68182662,3931200.31372395
4111,12540172.506858138,8138121.602171428,141894.36810266992,4073094.68182662,3931200.31372395
4112,12548831.539315287,8140729.979462142,141894.36810266992,4073094.68182662,3931200.31372395
4113,12558423.651394406,8143250.407770335,141894.36810266992,4073094.68182662,3931200.31372395
4114,12567924.088270383,8145591.696137757,141894.36810266992,4073094.68182662,3931200.31372395
4115,12578537.063167375,8147860.746635792,141894.36810266992,4073826.5735056745,3931932.205403005
4116,12588077.227941312,8150131.210302733,141894.36810266992,4081091.0114547764,3939196.6433521067
4117,12598111.31467889,8152359.3620300675,141894.36810266992,4088891.6833071257,3946997.315204456
4118,12608244.295560049,8154559.250379276,141894.36810266992,4096819.512681181,3954925.1445785114
4119,12616998.937918745,8156880.338744096,141894.36810266992,4103247.803517162,3961353.435414492
4120,12625265.470333252,8159285.884732964,141894.36810266992,4109103.5267849057,3967209.158682236
4121,12631508.23549391,8161820.610985385,141894.36810266992,4112806.302535247,3970911.9344325773
4122,12634161.33887936,8164374.207199085,141894.36810266992,4112900.546549104,3971006.1784464344
4123,12634447.832480647,8167024.813301823,141894.36810266992,4112900.546549104,3971006.1784464344
4124,12634447.832480647,8169699.19389322,141894.36810266992,4112900.546549104,3971006.1784464344
4125,12634447.832480647,8172095.34646524,141894.36810266992,4112900.546549104,3971006.1784464344
4126,12634447.832480647,8174476.1204344565,141894.36810266992,4112900.546549104,3971006.1784464344
4127,12634447.832480647,8176841.183290537,141894.36810266992,4112900.546549104,3971006.1784464344
4128,12634447.832480647,8179201.674129569,141894.36810266992,4112900.546549104,3971006.1784464344
4129,12634447.832480647,8181552.439041422,141894.36810266992,4112900.546549104,3971006.1784464344
4130,12634447.832480647,8183895.14057775,141894.36810266992,4112900.546549104,3971006.1784464344
4131,12634447.832480647,8186215.813304657,141894.36810266992,4112900.546549104,3971006.1784464344
4132,12634447.832480647,8188541.390558944,141894.36810266992,4112900.546549104,3971006.1784464344
4133,12634532.487946616,8190937.543130964,141894.36810266992,4112900.546549104,3971006.1784464344
4134,12636320.624590399,8193555.396966109,141894.36810266992,4112900.546549104,3971006.1784464344
4135,12641627.34025639,8196229.777557506,141894.36810266992,4112900.546549104,3971006.1784464344
4136,12648627.00060469,8198813.050318238,141894.36810266992,4112900.546549104,3971006.1784464344
4137,12657334.527428374,8201281.7732699765,141894.36810266992,4112900.546549104,3971006.1784464344
4138,12666575.463281062,8203676.51267309,141894.36810266992,4112900.546549104,3971006.1784464344
4139,12676101.724866798,8206014.642192369,141894.36810266992,4112900.546549104,3971006.1784464344
4140,12685933.087387381,8208338.473767419,141894.36810266992,4117722.6422765884,3975828.2741739186
4141,12695647.26033711,8210690.984358509,141894.36810266992,4125079.041477333,3983184.673374663
4142,12705388.005467003,8213091.958330327,141894.36810266992,4132413.5494775134,3990519.1813748437
4143,12714750.930386228,8215598.08869429,141894.36810266992,4139265.080874881,3997370.712772211
4144,12722797.057784852,8218204.720305768,141894.36810266992,4144699.313504132,4002804.9454014623
4145,12729002.865441412,8220836.53957481,141894.36810266992,4148268.0387337543,4006373.6706310846
4146,12731658.113937868,8223492.050204929,141894.36810266992,4148268.0387337543,4006373.6706310846
4147,12731970.078751743,8226218.468663111,141894.36810266992,4148268.0387337543,4006373.6706310846
4148,12731970.078751743,8228940.315104244,141894.36810266992,4148268.0387337543,4006373.6706310846
4149,12731970.078751743,8231625.502281396,141894.36810266992,4148268.0387337543,4006373.6706310846
4150,12731970.078751743,8234229.390682643,141894.36810266992,4148268.0387337543,4006373.6706310846
4151,12731970.078751743,8236619.558068708,141894.36810266992,4148268.0387337543,4006373.6706310846
4152,12731970.078751743,8238989.109814256,141894.36810266992,4148268.0387337543,4006373.6706310846
4153,12731970.078751743,8241358.661559805,141894.36810266992,4148268.0387337543,4006373.6706310846
4154,12731970.078751743,8243698.536758321,141894.36810266992,4148268.0387337543,4006373.6706310846
4155,12731970.078751743,8246041.570804981,141894.36810266992,4148268.0387337543,4006373.6706310846
4156,12731970.078751743,8248376.208965785,141894.36810266992,4148268.0387337543,4006373.6706310846
4157,12732068.749190165,8250776.850427272,141894.36810266992,4148268.0387337543,4006373.6706310846
4158,12734267.542489057,8253446.65900162,141894.36810266992,4148268.0387337543,4006373.6706310846
4159,12740017.777451765,8256330.188591151,141894.36810266992,4148268.0387337543,4006373.6706310846
4160,12748412.209279789,8259233.585672952,141894.36810266992,4148268.0387337543,4006373.6706310846
4161,12757125.07865129,8262113.623904009,141894.36810266992,4148268.0387337543,4006373.6706310846
4162,12767032.832735416,8264844.531251659,141894.36810266992,4148268.0387337543,4006373.6706310846
4163,12777362.22771848,8267655.407333889,141894.36810266992,4148268.0387337543,4006373.6706310846
4164,12786847.984016582,8270578.006887301,141894.36810266992,4153346.4306076253,4011452.0625049556
4165,12796369.11533105,8273395.2006658185,141894.36810266992,4160045.1049856804,4018150.7368830107
4166,12806221.119069872,8276264.016673207,141894.36810266992,4167023.0295592197,4025128.66145655
4167,12815139.367503494,8279126.598111892,141894.36810266992,4173073.433396262,4031179.0652935924
4168,12822686.852927122,8282093.172156565,141894.36810266992,4177649.081617323,4035754.7135146535
4169,12828498.641200792,8285139.714935818,141894.36810266992,4180409.0639538453,4038514.6958511756
4170,12830790.955892496,8288222.584468721,141894.36810266992,4180409.0639538453,4038514.6958511756
4171,12831057.1405454,8291263.225189601,141894.36810266992,4180409.0639538453,4038514.6958511756
4172,12831057.1405454,8294070.942423688,141894.36810266992,4180409.0639538453,4038514.6958511756
4173,12831057.1405454,8296763.860466033,141894.36810266992,4180409.0639538453,4038514.6958511756
4174,12831057.1405454,8299391.107718026,141894.36810266992,4180409.0639538453,4038514.6958511756
4175,12831057.1405454,8301784.433952234,141894.36810266992,4180409.0639538453,4038514.6958511756
4176,12831057.1405454,8304160.303394069,141894.36810266992,4180409.0639538453,4038514.6958511756
4177,12831057.1405454,8306519.048553864,141894.36810266992,4180409.0639538453,4038514.6958511756
4178,12831057.1405454,8308835.564901634,141894.36810266992,4180409.0639538453,4038514.6958511756
4179,12831057.1405454,8311112.26313728,141894.36810266992,4180409.0639538453,4038514.6958511756
4180,12831057.1405454,8313345.319391996,141894.36810266992,4180409.0639538453,4038514.6958511756
4181,12831190.981862187,8315623.7633068785,141894.36810266992,4180409.0639538453,4038514.6958511756
4182,12833552.894891642,8317957.40393669,141894.36810266992,4180409.0639538453,4038514.6958511756
4183,12839865.309068654,8320312.99024834,141894.36810266992,4180409.0639538453,4038514.6958511756
4184,12848367.736992456,8322583.453915281,141894.36810266992,4180409.0639538453,4038514.6958511756
4185,12858022.98801635,8324750.506869314,141894.36810266992,4180409.0639538453,4038514.6958511756
4186,12868331.3408793,8326932.938426151,141894.36810266992,4180409.0639538453,4038514.6958511756
4187,12879104.599481743,8329242.8045673035,141894.36810266992,4183844.265615697,4041949.8975130273
4188,12888952.30582957,8331562.147252887,141894.36810266992,4191367.3661200455,4049472.998017376
4189,12898957.404471966,8333895.455372367,141894.36810266992,4199033.893485066,4057139.525382396
4190,12908421.58706922,8336217.54126818,141894.36810266992,4206170.727028614,4064276.358925944
4191,12917141.738877442,8338553.925108221,141894.36810266992,4212549.2318389,4070654.86373623
4192,12925776.84515608,8340975.182210224,141894.36810266992,4218757.817857641,4076863.449754971
4193,12932431.756732857,8343448.144668681,141894.36810266992,4222934.503818067,4081040.135715397
4194,12935122.579432005,8345955.605073968,141894.36810266992,4223112.602954032,4081218.234851362
4195,12935399.367894579,8348559.4934752155,141894.36810266992,4223112.602954032,4081218.234851362
4196,12935399.367894579,8350940.267444432,141894.36810266992,4223112.602954032,4081218.234851362
4197,12935399.367894579,8353258.196961109,141894.36810266992,4223112.602954032,4081218.234851362
4198,12935399.367894579,8355553.765158033,141894.36810266992,4223112.602954032,4081218.234851362
4199,12935399.367894579,8357786.488902418,141894.36810266992,4223112.602954032,4081218.234851362
4200,12935399.367894579,8359980.142682922,141894.36810266992,4223112.602954032,4081218.234851362
4201,12935399.367894579,8362156.339671055,141894.36810266992,4223112.602954032,4081218.234851362
4202,12935399.367894579,8364306.351470629,141894.36810266992,4223112.602954032,4081218.234851362
4203,12935399.367894579,8366437.160798593,141894.36810266992,4223112.602954032,4081218.234851362
4204,12935399.367894579,8368550.513334187,141894.36810266992,4223112.602954032,4081218.234851362
4205,12935496.324593853,8370704.681512897,141894.36810266992,4223112.602954032,4081218.234851362
4206,12937568.936058326,8372920.28097524,141894.36810266992,4223112.602954032,4081218.234851362
4207,12943262.357351068,8375223.912547689,141894.36810266992,4223112.602954032,4081218.234851362
4208,12951038.803073104,8377401.855215059,141894.36810266992,4223112.602954032,4081218.234851362
4209,12959627.55436961,8379474.6414902825,141894.36810266992,4223112.602954032,4081218.234851362
4210,12969160.15660239,8381680.847535778,141894.36810266992,4223112.602954032,4081218.234851362
4211,12978366.769664915,8383929.614903628,141894.36810266992,4225669.657786452,4083775.2896837825
4212,12988727.534406517,8386253.446478678,141894.36810266992,4233701.327795109,4091806.959692439
4213,12998030.314780727,8388742.4525606,141894.36810266992,4240509.838929502,4098615.4708268326
4214,13006979.6363311,8391235.94753199,141894.36810266992,4246960.402350591,4105066.034247921
4215,13015337.285529235,8393807.000538062,141894.36810266992,4252741.7353847595,4110847.36728209
4216,13023051.718980044,8396371.403337516,141894.36810266992,4257886.502878221,4115992.134775551
4217,13029223.992097422,8399003.222606558,141894.36810266992,4261421.693568662,4119527.325465992
4218,13031795.28249762,8401625.56533117,141894.36810266992,4261421.693568662,4119527.325465992
4219,13032106.58845527,8404249.65373502,141894.36810266992,4261421.693568662,4119527.325465992
4220,13032106.58845527,8406873.742138868,141894.36810266992,4261421.693568662,4119527.325465992
4221,13032106.58845527,8409441.303786466,141894.36810266992,4261421.693568662,4119527.325465992
4222,13032106.58845527,8411777.687626507,141894.36810266992,4261421.693568662,4119527.325465992
4223,13032106.58845527,8414068.683806382,141894.36810266992,4261421.693568662,4119527.325465992
4224,13032106.58845527,8416320.277512046,141894.36810266992,4261421.693568662,4119527.325465992
4225,13032106.58845527,8418569.044879897,141894.36810266992,4261421.693568662,4119527.325465992
4226,13032106.58845527,8420811.16204113,141894.36810266992,4261421.693568662,4119527.325465992
4227,13032106.58845527,8423044.218295844,141894.36810266992,4261421.693568662,4119527.325465992
4228,13032106.58845527,8425276.94204023,141894.36810266992,4261421.693568662,4119527.325465992
4229,13032173.682225434,8427558.544803256,141894.36810266992,4261421.693568662,4119527.325465992
4230,13033726.53166273,8429890.43975383,141894.36810266992,4261421.693568662,4119527.325465992
4231,13038274.610271793,8432324.249120824,141894.36810266992,4261421.693568662,4119527.325465992
4232,13044438.678378202,8434901.20418527,141894.36810266992,4261421.693568662,4119527.325465992
4233,13051907.53333582,8437487.635794146,141894.36810266992,4261421.693568662,4119527.325465992
4234,13059937.392060513,8440018.870688092,141894.36810266992,4261421.693568662,4119527.325465992
4235,13068369.924333908,8442443.286638238,141894.36810266992,4261421.693568662,4119527.325465992
4236,13077460.637767857,8444743.759362543,141894.36810266992,4261421.693568662,4119527.325465992
4237,13086030.044543285,8447078.813161261,141894.36810266992,4267225.887959429,4125331.5198567593
4238,13094673.36682774,8449429.578073114,141894.36810266992,4273513.182174136,4131618.814071466
4239,13102596.239301458,8451869.705136396,141894.36810266992,4278990.664426678,4137096.296324008
4240,13109404.534940701,8454303.51450339,141894.36810266992,4283359.887541031,4141465.5194383617
4241,13114421.938731456,8456776.809472177,141894.36810266992,4285898.733205104,4144004.3651024345
4242,13116571.610377776,8459441.796646727,141894.36810266992,4285898.733205104,4144004.3651024345
4243,13116787.357607488,8462100.79863532,141894.36810266992,4285898.733205104,4144004.3651024345
4244,13116787.357607488,8464750.074696736,141894.36810266992,4285898.733205104,4144004.3651024345
4245,13116787.357607488,8467235.921930516,141894.36810266992,4285898.733205104,4144004.3651024345
4246,13116787.357607488,8469597.825938454,141894.36810266992,4285898.733205104,4144004.3651024345
4247,13116787.357607488,8471865.130757252,141894.36810266992,4285898.733205104,4144004.3651024345
4248,13116787.357607488,8474115.64380434,141894.36810266992,4285898.733205104,4144004.3651024345
4249,13116787.357607488,8476351.526396869,141894.36810266992,4285898.733205104,4144004.3651024345
4250,13116787.357607488,8478557.732442364,141894.36810266992,4285898.733205104,4144004.3651024345
4251,13116787.357607488,8480770.173056563,141894.36810266992,4285898.733205104,4144004.3651024345
4252,13116787.357607488,8482970.061405772,141894.36810266992,4285898.733205104,4144004.3651024345
4253,13116876.317587048,8485187.406547353,141894.36810266992,4285898.733205104,4144004.3651024345
4254,13118817.8011701,8487419.049633162,141894.36810266992,4285898.733205104,4144004.3651024345
4255,13124696.794921398,8489624.923168328,141894.36810266992,4285898.733205104,4144004.3651024345
4256,13132705.727678612,8491851.744854338,141894.36810266992,4285898.733205104,4144004.3651024345
4257,13141611.49153959,8494067.344316682,141894.36810266992,4285898.733205104,4144004.3651024345
4258,13150552.04575385,8496300.068061067,141894.36810266992,4285898.733205104,4144004.3651024345
4259,13160078.831582082,8498534.537484689,141894.36810266992,4286895.172160076,4145000.8040574063
4260,13169749.65434296,8500755.041474413,141894.36810266992,4294340.227773335,4152445.859670665
4261,13179614.56716754,8502973.467274569,141894.36810266992,4301981.451639862,4160087.083537192
4262,13189122.515561448,8505181.418999301,141894.36810266992,4309276.185151143,4167381.8170484733
4263,13197446.612350691,8507367.341914613,141894.36810266992,4315409.09586718,4173514.7277645105
4264,13205116.000052003,8509538.966885695,141894.36810266992,4320901.595439514,4179007.2273368444
4265,13211293.160026148,8511696.62642288,141894.36810266992,4324915.83271858,4183021.4646159103
4266,13213865.160372587,8513841.401184743,141894.36810266992,4325337.795145262,4183443.4270425923
4267,13214155.633926135,8516020.673893437,141894.36810266992,4325337.795145262,4183443.4270425923
4268,13214155.633926135,8518225.134259695,141894.36810266992,4325337.795145262,4183443.4270425923
4269,13214155.633926135,8520426.768288141,141894.36810266992,4325337.795145262,4183443.4270425923
4270,13214155.633926135,8522595.23441108,141894.36810266992,4325337.795145262,4183443.4270425923
4271,13214155.633926135,8524735.437155893,141894.36810266992,4325337.795145262,4183443.4270425923
4272,13214155.633926135,8526874.2267318,141894.36810266992,4325337.795145262,4183443.4270425923
4273,13214155.633926135,8529083.175987525,141894.36810266992,4325337.795145262,4183443.4270425923
4274,13214155.633926135,8531292.873391494,141894.36810266992,4325337.795145262,4183443.4270425923
4275,13214155.633926135,8533458.596304202,141894.36810266992,4325337.795145262,4183443.4270425923
4276,13214155.633926135,8535619.414689532,141894.36810266992,4325337.795145262,4183443.4270425923
4277,13214240.935104394,8537836.759831112,141894.36810266992,4325337.795145262,4183443.4270425923
4278,13216006.732921684,8540091.84489525,141894.36810266992,4325337.795145262,4183443.4270425923
4279,13221251.711044598,8542353.16452809,141894.36810266992,4325337.795145262,4183443.4270425923
4280,13228291.698874125,8544595.697327236,141894.36810266992,4325337.795145262,4183443.4270425923
4281,13236443.426529784,8546814.455637723,141894.36810266992,4325337.795145262,4183443.4270425923
4282,13245906.490537116,8548900.874836514,141894.36810266992,4325337.795145262,4183443.4270425923
4283,13255763.285903733,8550979.646297693,141894.36810266992,4327428.081008278,4185533.712905608
4284,13265454.334172532,8553127.496780116,141894.36810266992,4334966.015636758,4193071.647534088
4285,13275345.347527344,8555124.553827478,141894.36810266992,4342854.708786313,4200960.340683644
4286,13285322.489705881,8557379.306381283,141894.36810266992,4350571.83525315,4208677.4671504805
4287,13294125.549988845,8559654.258937692,141894.36810266992,4357094.679821812,4215200.311719142
4288,13302311.45474578,8561885.56951317,141894.36810266992,4363044.010845374,4221149.642742705
4289,13308416.233109536,8564047.801067404,141894.36810266992,4366981.294496999,4225086.926394329
4290,13311157.9445468,8566213.1083422,141894.36810266992,4367552.435501574,4225658.067398904
4291,13311486.938693264,8568453.895462109,141894.36810266992,4367552.435501574,4225658.067398904
4292,13311486.938693264,8570735.165714804,141894.36810266992,4367552.435501574,4225658.067398904
4293,13311486.938693264,8573007.375060983,141894.36810266992,4367552.435501574,4225658.067398904
4294,13311486.938693264,8575265.20333535,141894.36810266992,4367552.435501574,4225658.067398904
4295,13311486.938693264,8577485.707325075,141894.36810266992,4367552.435501574,4225658.067398904
4296,13311486.938693264,8579668.13888191,141894.36810266992,4367552.435501574,4225658.067398904
4297,13311486.938693264,8581820.893891715,141894.36810266992,4367552.435501574,4225658.067398904
4298,13311486.938693264,8583937.322147869,141894.36810266992,4367552.435501574,4225658.067398904
4299,13311486.938693264,8586022.328177752,141894.36810266992,4367552.435501574,4225658.067398904
4300,13311486.938693264,8588102.845318168,141894.36810266992,4367552.435501574,4225658.067398904
4301,13311563.427762305,8590202.232419863,141894.36810266992,4367552.435501574,4225658.067398904
4302,13313258.955324203,8592328.137220448,141894.36810266992,4367552.435501574,4225658.067398904
4303,13318259.717935521,8594494.85766415,141894.36810266992,4367552.435501574,4225658.067398904
4304,13325444.772715228,8596621.094975064,141894.36810266992,4367552.435501574,4225658.067398904
4305,13333511.432950167,8598662.126513686,141894.36810266992,4367552.435501574,4225658.067398904
4306,13342049.478731778,8600824.35806792,141894.36810266992,4367552.435501574,4225658.067398904
4307,13350994.873261347,8602999.141887147,141894.36810266992,4367944.218451428,4226049.8503487585
4308,13360048.158604087,8605019.973423168,141894.36810266992,4374971.409100252,4233077.0409975825
4309,13369026.4041521,8607174.14160188,141894.36810266992,4381790.22331166,4239895.85520899
4310,13377708.119401043,8609325.150932446,141894.36810266992,4388315.66607214,4246421.297969471
4311,13385583.610266455,8611564.52488345,141894.36810266992,4393946.519828655,4252052.151725985
4312,13392731.964544872,8613627.917741826,141894.36810266992,4399026.218090801,4257131.849988131
4313,13398127.725175358,8615732.12624332,141894.36810266992,4402312.507061898,4260418.138959228
4314,13400745.68604759,8617938.332288815,141894.36810266992,4402718.998730739,4260824.630628069
4315,13401037.917510165,8620246.45275073,141894.36810266992,4402718.998730739,4260824.630628069
4316,13401037.917510165,8622581.506549448,141894.36810266992,4402718.998730739,4260824.630628069
4317,13401037.917510165,8624883.392442659,141894.36810266992,4402718.998730739,4260824.630628069
4318,13401037.917510165,8627138.144996464,141894.36810266992,4402718.998730739,4260824.630628069
4319,13401037.917510165,8629369.455571942,141894.36810266992,4402718.998730739,4260824.630628069
4320,13401037.917510165,8631549.14391855,141894.36810266992,4402718.998730739,4260824.630628069
4321,13401037.917510165,8633722.18205854,141894.36810266992,4402718.998730739,4260824.630628069
4322,13401037.917510165,8635870.448178876,141894.36810266992,4402718.998730739,4260824.630628069
4323,13401037.917510165,8638001.257506842,141894.36810266992,4402718.998730739,4260824.630628069
4324,13401037.917510165,8640149.107989265,141894.36810266992,4402718.998730739,4260824.630628069
4325,13401104.436820723,8642345.83749033,141894.36810266992,4402718.998730739,4260824.630628069
4326,13402614.101177827,8644569.500328198,141894.36810266992,4402718.998730739,4260824.630628069
4327,13406878.054696817,8646874.46194197,141894.36810266992,4402718.998730739,4260824.630628069
4328,13413166.554169491,8649179.839193655,141894.36810266992,4402718.998730739,4260824.630628069
4329,13420273.802938636,8651682.810709476,141894.36810266992,4402718.998730739,4260824.630628069
4330,13428329.733689744,8654115.206907565,141894.36810266992,4402718.998730739,4260824.630628069
4331,13436333.560294654,8656509.946310678,141894.36810266992,4402718.998730739,4260824.630628069
4332,13444999.888644282,8658808.673355745,141894.36810266992,4403359.902720406,4261465.534617736
4333,13453397.853925373,8661261.352684017,141894.36810266992,4409299.92551533,4267405.557412661
4334,13462016.426791135,8663568.059977027,141894.36810266992,4415606.527930189,4273712.159827519
4335,13469578.295016235,8666041.687456146,141894.36810266992,4420689.505518274,4278795.137415605
4336,13476733.721882744,8668821.141312106,141894.36810266992,4425060.215370927,4283165.847268257
4337,13481541.304418752,8671358.69390234,141894.36810266992,4427324.982158806,4285430.614056136
4338,13483536.61126786,8673928.998760168,141894.36810266992,4427324.982158806,4285430.614056136
4339,13483746.152956868,8676621.916802512,141894.36810266992,4427324.982158806,4285430.614056136
4340,13483746.152956868,8679299.123731723,141894.36810266992,4427324.982158806,4285430.614056136
4341,13483746.152956868,8681959.538889224,141894.36810266992,4427324.982158806,4285430.614056136
4342,13483746.152956868,8684594.84951674,141894.36810266992,4427324.982158806,4285430.614056136
4343,13483746.152956868,8687043.372465877,141894.36810266992,4427324.982158806,4285430.614056136
4344,13483746.152956868,8689426.889645323,141894.36810266992,4427324.982158806,4285430.614056136
4345,13483746.152956868,8691802.759087158,141894.36810266992,4427324.982158806,4285430.614056136
4346,13483746.152956868,8694153.523999011,141894.36810266992,4427324.982158806,4285430.614056136
4347,13483746.152956868,8696560.815667117,141894.36810266992,4427324.982158806,4285430.614056136
4348,13483746.152956868,8698543.907280581,141894.36810266992,4427324.982158806,4285430.614056136
4349,13483826.281491833,8700960.259855203,141894.36810266992,4427324.982158806,4285430.614056136
4350,13485610.2888727,8703568.637145918,141894.36810266992,4427324.982158806,4285430.614056136
4351,13490902.291119747,8706202.202094197,141894.36810266992,4427324.982158806,4285430.614056136
4352,13497984.470160289,8708795.200782107,141894.36810266992,4427324.982158806,4285430.614056136
4353,13505739.903972834,8711375.314694695,141894.36810266992,4427324.982158806,4285430.614056136
4354,13514555.036191596,8713801.80883441,141894.36810266992,4427324.982158806,4285430.614056136
4355,13523610.901757509,8716227.970463794,141894.36810266992,4427324.982158806,4285430.614056136
4356,13532135.106737113,8718703.011111818,141894.36810266992,4427465.554015955,4285571.185913285
4357,13540477.431693153,8721207.728306876,141894.36810266992,4433297.898619043,4291403.530516373
4358,13548875.434513822,8723633.88993626,141894.36810266992,4439264.476652433,4297370.108549763
4359,13556602.951801784,8726033.118228842,141894.36810266992,4444587.502489919,4302693.134387249
4360,13563258.379750323,8728435.505369566,141894.36810266992,4448835.280139838,4306940.912037169
4361,13568535.073572207,8730995.003641639,141894.36810266992,4451547.212531755,4309652.844429085
4362,13571120.455168454,8733565.724137379,141894.36810266992,4451556.610474367,4309662.242371697
4363,13571419.034228737,8736188.399372322,141894.36810266992,4451556.610474367,4309662.242371697
4364,13571419.034228737,8738814.233455408,141894.36810266992,4451556.610474367,4309662.242371697
4365,13571419.034228737,8741397.83872647,141894.36810266992,4451556.610474367,4309662.242371697
4366,13571419.034228737,8743831.648093464,141894.36810266992,4451556.610474367,4309662.242371697
4367,13571419.034228737,8746119.568552777,141894.36810266992,4451556.610474367,4309662.242371697
4368,13571419.034228737,8748372.907937678,141894.36810266992,4451556.610474367,4309662.242371697
4369,13571419.034228737,8750591.666248165,141894.36810266992,4451556.610474367,4309662.242371697
4370,13571419.034228737,8752775.84348424,141894.36810266992,4451556.610474367,4309662.242371697
4371,13571419.034228737,8754942.563927941,141894.36810266992,4451556.610474367,4309662.242371697
4372,13571419.034228737,8757093.90576884,141894.36810266992,4451556.610474367,4309662.242371697
4373,13571505.509228736,8759287.559549345,141894.36810266992,4451556.610474367,4309662.242371697
4374,13573872.659228737,8761536.326917196,141894.36810266992,4451556.610474367,4309662.242371697
4375,13581154.709228737,8763849.019396162,141894.36810266992,4451556.610474367,4309662.242371697
4376,13590833.834228737,8766366.28885621,141894.36810266992,4451556.610474367,4309662.242371697
4377,13601473.784228737,8768863.275186075,141894.36810266992,4451556.610474367,4309662.242371697
4378,13612851.809228737,8771315.954514347,141894.36810266992,4452741.179051978,4310846.810949308
4379,13624637.309228737,8773778.027259467,141894.36810266992,4462059.343148963,4320164.975046293
4380,13636033.859228738,8776226.13457069,141894.36810266992,4471002.522679845,4329108.154577175
4381,13647325.709228737,8778604.830350338,141894.36810266992,4479910.413742302,4338016.045639632
4382,13658450.534228737,8781118.940962244,141894.36810266992,4488515.864972502,4346621.496869832
4383,13669058.684228737,8783629.892726006,141894.36810266992,4496607.800050845,4354713.431948176
4384,13678887.959228737,8786161.127619952,141894.36810266992,4503900.576999004,4362006.208896334
4385,13686828.734228738,8788706.660458127,141894.36810266992,4509290.556002934,4367396.187900265
4386,13690508.309228737,8791330.748861976,141894.36810266992,4510340.77944119,4368446.41133852
4387,13690920.584228737,8793967.389530817,141894.36810266992,4510340.77944119,4368446.41133852
4388,13690920.584228737,8796563.547066871,141894.36810266992,4510340.77944119,4368446.41133852
4389,13690920.584228737,8799132.854393706,141894.36810266992,4510340.77944119,4368446.41133852
4390,13690920.584228737,8801704.90493077,141894.36810266992,4510340.77944119,4368446.41133852
4391,13690920.584228737,8804226.746407868,141894.36810266992,4510340.77944119,4368446.41133852
4392,13690920.584228737,8806718.911337934,141894.36810266992,4510340.77944119,4368446.41133852
4393,13690920.584228737,8809112.237572141,141894.36810266992,4510340.77944119,4368446.41133852
4394,13690920.584228737,8811345.293826856,141894.36810266992,4510340.77944119,4368446.41133852
4395,13690920.584228737,8813548.673534539,141894.36810266992,4510340.77944119,4368446.41133852
4396,13690920.584228737,8815701.428544343,141894.36810266992,4510340.77944119,4368446.41133852
4397,13691015.609228738,8817861.91441934,141894.36810266992,4510340.77944119,4368446.41133852
4398,13693619.909228738,8820026.889183804,141894.36810266992,4510340.77944119,4368446.41133852
4399,13701418.859228738,8822171.996455997,141894.36810266992,4510340.77944119,4368446.41133852
4400,13711683.809228737,8824194.158033341,141894.36810266992,4510340.77944119,4368446.41133852
4401,13722728.984228738,8826074.919592472,141894.36810266992,4510340.77944119,4368446.41133852
4402,13734309.134228738,8827863.160152031,141894.36810266992,4514738.482648888,4372844.114546218
4403,13746150.209228737,8829607.42622033,141894.36810266992,4524830.028422695,4382935.660320025
4404,13757917.859228738,8831362.498874381,141894.36810266992,4534837.342610748,4392942.974508078
4405,13769678.459228737,8833094.212677687,141894.36810266992,4544860.965649546,4402966.597546876
4406,13781366.234228738,8834876.218668543,141894.36810266992,4554761.471500796,4412867.103398127
4407,13792980.359228738,8836835.535793347,141894.36810266992,4564411.016218096,4422516.648115426
4408,13803940.484228738,8839000.510557812,141894.36810266992,4573200.903295737,4431306.535193067
4409,13812691.409228738,8841209.875451451,141894.36810266992,4579737.200244203,4437842.8321415335
4410,13816277.684228739,8843521.487271842,141894.36810266992,4581006.600265918,4439112.232163249
4411,13816698.284228738,8845878.154242069,141894.36810266992,4581006.600265918,4439112.232163249
4412,13816698.284228738,8848239.725739675,141894.36810266992,4581006.600265918,4439112.232163249
4413,13816698.284228738,8850571.620690249,141894.36810266992,4581006.600265918,4439112.232163249
4414,13816698.284228738,8852856.382301418,141894.36810266992,4581006.600265918,4439112.232163249
4415,13816698.284228738,8855100.245141888,141894.36810266992,4581006.600265918,4439112.232163249
4416,13816698.284228738,8857306.783697715,141894.36810266992,4581006.600265918,4439112.232163249
4417,13816698.284228738,8859495.865461169,141894.36810266992,4581006.600265918,4439112.232163249
4418,13816698.284228738,8861683.201545386,141894.36810266992,4581006.600265918,4439112.232163249
4419,13816698.284228738,8863870.537629602,141894.36810266992,4581006.600265918,4439112.232163249
4420,13816698.284228738,8866089.29594009,141894.36810266992,4581006.600265918,4439112.232163249
4421,13816782.284228738,8868391.1818333,141894.36810266992,4581006.600265918,4439112.232163249
4422,13819217.009228738,8870683.591182081,141894.36810266992,4581006.600265918,4439112.232163249
4423,13826546.159228738,8872963.448265871,141894.36810266992,4581006.600265918,4439112.232163249
4424,13836421.784228738,8875188.856782977,141894.36810266992,4581006.600265918,4439112.232163249
4425,13847086.034228738,8877415.262831073,141894.36810266992,4581006.600265918,4439112.232163249
4426,13858319.384228738,8879634.02114156,141894.36810266992,4581006.600265918,4439112.232163249
4427,13869909.059228739,8881761.671621382,141894.36810266992,4581006.600265918,4439112.232163249
4428,13881289.33422874,8884018.169854427,141894.36810266992,4581006.600265918,4439112.232163249
4429,13892607.88422874,8886144.074655011,141894.36810266992,4581006.600265918,4439112.232163249
4430,13903763.08422874,8888106.883138292,141894.36810266992,4590193.728624743,4448299.360522074
4431,13914729.88422874,8889876.336864155,141894.36810266992,4599385.811740985,4457491.443638315
4432,13925016.58422874,8891875.139590753,141894.36810266992,4607668.445856491,4465774.077753821
4433,13933192.63422874,8893941.691297272,141894.36810266992,4613772.680992077,4471878.312889407
4434,13936689.88422874,8896088.211738372,141894.36810266992,4615118.147393082,4473223.779290413
4435,13937117.90922874,8898306.97004886,141894.36810266992,4615118.147393082,4473223.779290413
4436,13937117.90922874,8900530.300376397,141894.36810266992,4615118.147393082,4473223.779290413
4437,13937117.90922874,8902722.540987995,141894.36810266992,4615118.147393082,4473223.779290413
4438,13937117.90922874,8904908.463903306,141894.36810266992,4615118.147393082,4473223.779290413
4439,13937117.90922874,8907103.863363048,141894.36810266992,4615118.147393082,4473223.779290413
4440,13937117.90922874,8909286.294919884,141894.36810266992,4615118.147393082,4473223.779290413
4441,13937117.90922874,8911475.044173008,141894.36810266992,4615118.147393082,4473223.779290413
4442,13937117.90922874,8913648.082312997,141894.36810266992,4615118.147393082,4473223.779290413
4443,13937117.90922874,8915808.900698327,141894.36810266992,4615118.147393082,4473223.779290413
4444,13937117.90922874,8917966.560235512,141894.36810266992,4615118.147393082,4473223.779290413
4445,13937192.459228741,8920149.324302679,141894.36810266992,4615118.147393082,4473223.779290413
4446,13939449.28422874,8922322.694952998,141894.36810266992,4615118.147393082,4473223.779290413
4447,13946440.03422874,8924456.580001524,141894.36810266992,4615118.147393082,4473223.779290413
4448,13955762.75922874,8926527.62059751,141894.36810266992,4615118.147393082,4473223.779290413
4449,13966236.20922874,8928498.159945983,141894.36810266992,4615118.147393082,4473223.779290413
4450,13977289.25922874,8930638.362690797,141894.36810266992,4618560.286044544,4476665.917941874
4451,13988579.00922874,8932886.797548316,141894.36810266992,4627596.338029129,4485701.96992646
4452,13999720.48422874,8934979.534443393,141894.36810266992,4636639.812976157,4494745.444873488
4453,14010866.90922874,8937030.375036778,141894.36810266992,4645730.134224878,4503835.766122208
4454,14021802.28422874,8939129.762138473,141894.36810266992,4654560.858965288,4512666.490862618
4455,14032449.05922874,8941322.00275007,141894.36810266992,4663010.130195796,4521115.762093126
4456,14042391.88422874,8943559.631021837,141894.36810266992,4670710.063766136,4528815.695663466
4457,14049842.00922874,8945911.725975012,141894.36810266992,4675802.830655064,4533908.462552395
4458,14053161.43422874,8948377.290078606,141894.36810266992,4676651.428393575,4534757.060290906
4459,14053530.209228741,8950919.664068637,141894.36810266992,4676651.428393575,4534757.060290906
4460,14053530.209228741,8953388.054510044,141894.36810266992,4676651.428393575,4534757.060290906
4461,14053530.209228741,8955737.40625299,141894.36810266992,4676651.428393575,4534757.060290906
4462,14053530.209228741,8958065.80984509,141894.36810266992,4676651.428393575,4534757.060290906
4463,14053530.209228741,8960393.132778615,141894.36810266992,4676651.428393575,4534757.060290906
4464,14053530.209228741,8962710.72978496,141894.36810266992,4676651.428393575,4534757.060290906
4465,14053530.209228741,8965011.202509265,141894.36810266992,4676651.428393575,4534757.060290906
4466,14053530.209228741,8967289.313913817,141894.36810266992,4676651.428393575,4534757.060290906
4467,14053530.209228741,8969561.523259996,141894.36810266992,4676651.428393575,4534757.060290906
4468,14053530.209228741,8971843.126023022,141894.36810266992,4676651.428393575,4534757.060290906
4469,14053598.234228741,8974171.862125453,141894.36810266992,4676651.428393575,4534757.060290906
4470,14055776.009228742,8976728.201549381,141894.36810266992,4676651.428393575,4534757.060290906
4471,14062503.284228742,8979361.76649766,141894.36810266992,4676651.428393575,4534757.060290906
4472,14071554.284228742,8981987.268070417,141894.36810266992,4676651.428393575,4534757.060290906
4473,14081636.834228743,8984535.627246404,141894.36810266992,4676651.428393575,4534757.060290906
4474,14092378.934228742,8987051.483537547,141894.36810266992,4676651.428393575,4534757.060290906
4475,14103468.134228742,8989534.171923183,141894.36810266992,4682956.744523558,4541062.376420888
4476,14113748.459228741,8991966.983759183,141894.36810266992,4690798.994529662,4548904.626426992
4477,14124049.259228742,8994429.472142218,141894.36810266992,4698632.042988733,4556737.674886064
4478,14134215.509228742,8997029.869184991,141894.36810266992,4706192.632788066,4564298.264685396
4479,14143923.359228741,8999812.814399427,141894.36810266992,4713112.274415736,4571217.906313066
4480,14152722.80922874,9002476.05589474,141894.36810266992,4719243.219762529,4577348.8516598595
4481,14159173.40922874,9005178.699864263,141894.36810266992,4722985.912635111,4581091.5445324415
4482,14161804.709228741,9007882.757002693,141894.36810266992,4722985.912635111,4581091.5445324415
4483,14162093.834228741,9010599.366406115,141894.36810266992,4722985.912635111,4581091.5445324415
4484,14162093.834228741,9013283.14041436,141894.36810266992,4722985.912635111,4581091.5445324415
4485,14162093.834228741,9015941.809892623,141894.36810266992,4722985.912635111,4581091.5445324415
4486,14162093.834228741,9018534.143559871,141894.36810266992,4722985.912635111,4581091.5445324415
4487,14162093.834228741,9020910.013001706,141894.36810266992,4722985.912635111,4581091.5445324415
4488,14162093.834228741,9023268.7581615,141894.36810266992,4722985.912635111,4581091.5445324415
4489,14162093.834228741,9025608.300849685,141894.36810266992,4722985.912635111,4581091.5445324415
4490,14162093.834228741,9027940.19580026,141894.36810266992,4722985.912635111,4581091.5445324415
4491,14162093.834228741,9030272.423261166,141894.36810266992,4722985.912635111,4581091.5445324415
4492,14162093.834228741,9032607.477059884,141894.36810266992,4722985.912635111,4581091.5445324415
4493,14162143.259228742,9035151.264218822,141894.36810266992,4722985.912635111,4581091.5445324415
4494,14163709.559228742,9037866.460453337,141894.36810266992,4722985.912635111,4581091.5445324415
4495,14168310.509228742,9040646.246819628,141894.36810266992,4722985.912635111,4581091.5445324415
4496,14174619.959228741,9043392.865280412,141894.36810266992,4722985.912635111,4581091.5445324415
4497,14182167.80922874,9046092.350401793,141894.36810266992,4722985.912635111,4581091.5445324415
4498,14190422.38422874,9048810.705484452,141894.36810266992,4722985.912635111,4581091.5445324415
4499,14198654.38422874,9051518.253981356,141894.36810266992,4722985.912635111,4581091.5445324415
4500,14207276.45922874,9054269.44445919,141894.36810266992,4722985.912635111,4581091.5445324415
4501,14215964.08422874,9057000.01929651,141894.36810266992,4724840.727667583,4582946.359564913
4502,14224348.48422874,9059688.365321806,141894.36810266992,4730531.518484393,4588637.150381723
4503,14231869.25922874,9062457.012592012,141894.36810266992,4735278.383056292,4593384.014953623
4504,14238431.08422874,9065253.923240345,141894.36810266992,4739038.034250065,4597143.666147395
4505,14243500.48422874,9068052.579567915,141894.36810266992,4741303.5147646,4599409.146661931
4506,14246095.10922874,9070916.906685837,141894.36810266992,4741303.5147646,4599409.146661931
4507,14246390.15922874,9073826.953974256,141894.36810266992,4741303.5147646,4599409.146661931
4508,14246390.15922874,9076708.73788455,141894.36810266992,4741303.5147646,4599409.146661931
4509,14246390.15922874,9079564.004095955,141894.36810266992,4741303.5147646,4599409.146661931
4510,14246390.15922874,9082392.669480888,141894.36810266992,4741303.5147646,4599409.146661931
4511,14246390.15922874,9085206.704411263,141894.36810266992,4741303.5147646,4599409.146661931
4512,14246390.15922874,9088028.80271716,141894.36810266992,4741303.5147646,4599409.146661931
4513,14246390.15922874,9090764.28208186,141894.36810266992,4741303.5147646,4599409.146661931
4514,14246390.15922874,9093441.8215214,141894.36810266992,4741303.5147646,4599409.146661931
4515,14246390.15922874,9095767.398775687,141894.36810266992,4741303.5147646,4599409.146661931
4516,14246390.15922874,9098111.513480922,141894.36810266992,4741303.5147646,4599409.146661931
4517,14246455.10922874,9100532.770582926,141894.36810266992,4741303.5147646,4599409.146661931
4518,14248472.38422874,9103367.421153815,141894.36810266992,4741303.5147646,4599409.146661931
4519,14254720.93422874,9106255.439632814,141894.36810266992,4741303.5147646,4599409.146661931
4520,14263150.55922874,9109182.943713607,141894.36810266992,4741303.5147646,4599409.146661931
4521,14272384.55922874,9112086.67330574,141894.36810266992,4741303.5147646,4599409.146661931
4522,14282160.28422874,9114922.737045536,141894.36810266992,4741303.5147646,4599409.146661931
4523,14292635.53422874,9117658.216410235,141894.36810266992,4741303.5147646,4599409.146661931
4524,14302767.05922874,9120386.380547654,141894.36810266992,4744890.947973299,4602996.579870629
4525,14312906.234228741,9123098.501061607,141894.36810266992,4752312.73930145,4610418.37119878
4526,14322914.909228742,9126060.253706481,141894.36810266992,4759354.39849868,4617460.030396011
4527,14332535.834228743,9129073.96109056,141894.36810266992,4765956.3529567085,4624061.984854039
4528,14341352.009228744,9132092.240491686,141894.36810266992,4771748.985397687,4629854.6172950175
4529,14348018.684228744,9135026.062268766,141894.36810266992,4775476.575462713,4633582.207360043
4530,14351128.109228745,9137936.109557185,141894.36810266992,4775670.690016398,4633776.3219137285
4531,14351501.909228746,9140863.613637978,141894.36810266992,4775670.690016398,4633776.3219137285
4532,14351501.909228746,9143757.949813263,141894.36810266992,4775670.690016398,4633776.3219137285
4533,14351501.909228746,9146637.98804432,141894.36810266992,4775670.690016398,4633776.3219137285
4534,14351501.909228746,9149478.540673582,141894.36810266992,4775670.690016398,4633776.3219137285
4535,14351501.909228746,9152292.575603956,141894.36810266992,4775670.690016398,4633776.3219137285
4536,14351501.909228746,9155048.67060917,141894.36810266992,4775670.690016398,4633776.3219137285
4537,14351501.909228746,9157770.184539972,141894.36810266992,4775670.690016398,4633776.3219137285
4538,14351501.909228746,9160458.530565267,141894.36810266992,4775670.690016398,4633776.3219137285
4539,14351501.909228746,9163161.507045122,141894.36810266992,4775670.690016398,4633776.3219137285
4540,14351501.909228746,9165857.91644594,141894.36810266992,4775670.690016398,4633776.3219137285
4541,14351553.284228746,9168623.737378335,141894.36810266992,4775670.690016398,4633776.3219137285
4542,14353492.409228746,9171413.000289056,141894.36810266992,4775670.690016398,4633776.3219137285
4543,14359698.434228746,9174280.486255122,141894.36810266992,4775670.690016398,4633776.3219137285
4544,14368136.084228747,9177134.33929762,141894.36810266992,4775670.690016398,4633776.3219137285
4545,14377355.909228746,9180001.825263686,141894.36810266992,4775670.690016398,4633776.3219137285
4546,14387162.984228745,9182418.510348639,141894.36810266992,4775670.690016398,4633776.3219137285
4547,14397091.859228745,9184971.774052007,141894.36810266992,4775670.690016398,4633776.3219137285
4548,14406539.534228746,9187597.608135093,141894.36810266992,4777997.623696696,4636103.255594026
4549,14415988.559228746,9190037.735198375,141894.36810266992,4785001.25847552,4643106.89037285
4550,14425351.634228745,9192531.230169766,141894.36810266992,4791865.575346235,4649971.2072435655
4551,14434287.809228746,9195076.76300794,141894.36810266992,4798250.954350165,4656356.586247495
4552,14442407.309228746,9197674.333712902,141894.36810266992,4803767.62048731,4661873.25238464
4553,14448646.259228745,9200455.5332481,141894.36810266992,4807220.107794218,4665325.739691548
4554,14451681.359228745,9203247.539369052,141894.36810266992,4807457.938515371,4665563.570412701
4555,14452059.434228744,9206024.250014784,141894.36810266992,4807457.938515371,4665563.570412701
4556,14452059.434228744,9208758.648720909,141894.36810266992,4807457.938515371,4665563.570412701
4557,14452059.434228744,9211457.801331958,141894.36810266992,4807457.938515371,4665563.570412701
4558,14452059.434228744,9214132.181923356,141894.36810266992,4807457.938515371,4665563.570412701
4559,14452059.434228744,9216798.914777143,141894.36810266992,4807457.938515371,4665563.570412701
4560,14452059.434228744,9219441.87314227,141894.36810266992,4807457.938515371,4665563.570412701
4561,14452059.434228744,9222075.43809055,141894.36810266992,4807457.938515371,4665563.570412701
4562,14452059.434228744,9224702.685342543,141894.36810266992,4807457.938515371,4665563.570412701
4563,14452059.434228744,9227306.158105876,141894.36810266992,4807457.938515371,4665563.570412701
4564,14452059.434228744,9229878.208642941,141894.36810266992,4807457.938515371,4665563.570412701
4565,14452111.559228744,9232483.094575182,141894.36810266992,4807457.938515371,4665563.570412701
4566,14454064.709228745,9235134.116315834,141894.36810266992,4807457.938515371,4665563.570412701
4567,14460332.459228745,9237797.357811147,141894.36810266992,4807457.938515371,4665563.570412701
4568,14468888.084228745,9240358.601762457,141894.36810266992,4807457.938515371,4665563.570412701
4569,14478414.059228744,9242783.350222934,141894.36810266992,4807457.938515371,4665563.570412701
4570,14488473.809228744,9245140.34970349,141894.36810266992,4807457.938515371,4665563.570412701
4571,14498345.084228745,9247434.83724184,141894.36810266992,4807457.938515371,4665563.570412701
4572,14508101.384228745,9249677.370040985,141894.36810266992,4814196.294087368,4672301.925984698
4573,14517863.534228746,9251921.232881455,141894.36810266992,4821709.318089004,4679814.949986334
4574,14527374.509228745,9254165.511359839,141894.36810266992,4828970.751452725,4687076.383350056
4575,14536574.459228745,9256442.542105814,141894.36810266992,4835888.407548854,4693994.039446184
4576,14544970.409228744,9258782.084794,141894.36810266992,4841939.551702774,4700045.183600104
4577,14550919.784228744,9261260.284290168,141894.36810266992,4845405.464048711,4703511.095946041
4578,14553577.784228744,9263871.820429027,141894.36810266992,4845446.664751958,4703552.296649288
4579,14553889.034228744,9266525.91789024,141894.36810266992,4845446.664751958,4703552.296649288
4580,14553889.034228744,9268995.721500553,141894.36810266992,4845446.664751958,4703552.296649288
4581,14553889.034228744,9271369.845263151,141894.36810266992,4845446.664751958,4703552.296649288
4582,14553889.034228744,9273693.676838202,141894.36810266992,4845446.664751958,4703552.296649288
4583,14553889.034228744,9275995.562731413,141894.36810266992,4845446.664751958,4703552.296649288
4584,14553889.034228744,9278260.041212399,141894.36810266992,4845446.664751958,4703552.296649288
4585,14553889.034228744,9280505.317221774,141894.36810266992,4845446.664751958,4703552.296649288
4586,14553889.034228744,9282692.65330599,141894.36810266992,4845446.664751958,4703552.296649288
4587,14553889.034228744,9284870.59597336,141894.36810266992,4845446.664751958,4703552.296649288
4588,14553889.034228744,9287021.937814258,141894.36810266992,4845446.664751958,4703552.296649288
4589,14553914.384228744,9289198.13480239,141894.36810266992,4845446.664751958,4703552.296649288
4590,14555113.409228744,9291340.08322644,141894.36810266992,4845446.664751958,4703552.296649288
4591,14559128.309228744,9293483.444819396,141894.36810266992,4845446.664751958,4703552.296649288
4592,14564914.409228744,9295653.324111242,141894.36810266992,4845446.664751958,4703552.296649288
4593,14571582.209228745,9297816.885706801,141894.36810266992,4845446.664751958,4703552.296649288
4594,14578861.784228744,9300213.038278822,141894.36810266992,4845446.664751958,4703552.296649288
4595,14586485.834228745,9302667.795796663,141894.36810266992,4845446.664751958,4703552.296649288
4596,14594014.184228744,9305159.960726729,141894.36810266992,4845446.664751958,4703552.296649288
4597,14601530.159228744,9307700.589037523,141894.36810266992,4846698.093303006,4704803.725200336
4598,14608619.534228744,9310192.753967589,141894.36810266992,4851290.040215045,4709395.6721123755
4599,14618189.397015465,9312400.705692321,141894.36810266992,4858646.6881191395,4716752.32001647
4600,14626939.259568287,9314345.724872898,141894.36810266992,4865446.26833349,4723551.90023082
4601,14633905.732832355,9316445.111974593,141894.36810266992,4870308.091337969,4728413.723235299
4602,14637146.77812822,9318709.257945247,141894.36810266992,4871279.727505283,4729385.359402614
4603,14637513.30076669,9321080.222859701,141894.36810266992,4871279.727505283,4729385.359402614
4604,14637513.30076669,9323470.390245765,141894.36810266992,4871279.727505283,4729385.359402614
4605,14637513.30076669,9325868.288497023,141894.36810266992,4871279.727505283,4729385.359402614
4606,14637513.30076669,9328237.840242572,141894.36810266992,4871279.727505283,4729385.359402614
4607,14637513.30076669,9330589.935195748,141894.36810266992,4871279.727505283,4729385.359402614
4608,14637513.30076669,9332924.988994466,141894.36810266992,4871279.727505283,4729385.359402614
4609,14637513.30076669,9335258.297113948,141894.36810266992,4871279.727505283,4729385.359402614
4610,14637513.30076669,9337566.750086194,141894.36810266992,4871279.727505283,4729385.359402614
4611,14637513.30076669,9339854.670545507,141894.36810266992,4871279.727505283,4729385.359402614
4612,14637513.30076669,9342109.423099313,141894.36810266992,4871279.727505283,4729385.359402614
4613,14637601.56821108,9344397.343558626,141894.36810266992,4871279.727505283,4729385.359402614
4614,14639879.583146065,9346645.778416146,141894.36810266992,4871279.727505283,4729385.359402614
4615,14646826.123653002,9348861.377878489,141894.36810266992,4871279.727505283,4729385.359402614
4616,14656663.319130115,9351168.085171498,141894.36810266992,4871279.727505283,4729385.359402614
4617,14666934.216612482,9353449.687934525,141894.36810266992,4871279.727505283,4729385.359402614
4618,14678575.359111167,9355650.98945264,141894.36810266992,4872980.608402182,4731086.240299513
4619,14690447.557114843,9357792.605366359,141894.36810266992,4882705.927334244,4740811.559231575
4620,14701352.278411334,9359849.348018117,141894.36810266992,4891548.642821084,4749654.274718414
4621,14712449.731126232,9361954.969688516,141894.36810266992,4900535.210707688,4758640.842605018
4622,14723456.22750392,9364090.600416278,141894.36810266992,4909400.813199718,4767506.445097048
4623,14733894.651756719,9366436.46080075,141894.36810266992,4917488.113910149,4775593.745807479
4624,14743995.999552608,9368821.723659433,141894.36810266992,4925198.9356894605,4783304.567586791
4625,14751881.464301167,9371290.446611172,141894.36810266992,4930610.414328387,4788716.046225717
4626,14755574.045777533,9373826.586032499,141894.36810266992,4931761.593225531,4789867.225122862
4627,14755974.436780062,9376420.665378984,141894.36810266992,4931761.593225531,4789867.225122862
4628,14755974.436780062,9379051.071479121,141894.36810266992,4931761.593225531,4789867.225122862
4629,14755974.436780062,9381661.194449073,141894.36810266992,4931761.593225531,4789867.225122862
4630,14755974.436780062,9384170.400533598,141894.36810266992,4931761.593225531,4789867.225122862
4631,14755974.436780062,9386525.654334918,141894.36810266992,4931761.593225531,4789867.225122862
4632,14755974.436780062,9388857.549285492,141894.36810266992,4931761.593225531,4789867.225122862
4633,14755974.436780062,9391181.713370873,141894.36810266992,4931761.593225531,4789867.225122862
4634,14755974.436780062,9393507.29062516,141894.36810266992,4931761.593225531,4789867.225122862
4635,14755974.436780062,9395815.743597407,141894.36810266992,4931761.593225531,4789867.225122862
4636,14755974.436780062,9398131.927434847,141894.36810266992,4931761.593225531,4789867.225122862
4637,14756025.630873375,9400479.533498555,141894.36810266992,4931761.593225531,4789867.225122862
4638,14757662.903076893,9402849.085244104,141894.36810266992,4931761.593225531,4789867.225122862
4639,14762276.546165455,9405243.824647218,141894.36810266992,4931761.593225531,4789867.225122862
4640,14768728.643272074,9407872.485068116,141894.36810266992,4931761.593225531,4789867.225122862
4641,14776301.00182628,9410480.86235883,141894.36810266992,4931761.593225531,4789867.225122862
4642,14784280.084785633,9412935.28736634,141894.36810266992,4931761.593225531,4789867.225122862
4643,14792898.839675,9415374.001260715,141894.36810266992,4931761.593225531,4789867.225122862
4644,14801746.995878268,9417894.429568907,141894.36810266992,4931761.593225531,4789867.225122862
4645,14810579.431121921,9420479.115498545,141894.36810266992,4937134.56862787,4795240.2005252
4646,14818955.267185077,9422960.390715275,141894.36810266992,4943023.866316401,4801129.498213732
4647,14826490.566826677,9425593.955663554,141894.36810266992,4947920.337851827,4806025.969749157
4648,14832846.204163253,9428095.514010468,141894.36810266992,4951769.153683594,4809874.785580925
4649,14837995.856536636,9430662.743147735,141894.36810266992,4954346.313761816,4812451.945659147
4650,14840605.574777436,9433256.82249422,141894.36810266992,4954356.6894982355,4812462.321395566
4651,14840913.09492228,9435880.910898069,141894.36810266992,4954356.6894982355,4812462.321395566
4652,14840913.09492228,9438472.163906742,141894.36810266992,4954356.6894982355,4812462.321395566
4653,14840913.09492228,9440914.03664926,141894.36810266992,4954356.6894982355,4812462.321395566
4654,14840913.09492228,9443254.992506351,141894.36810266992,4954356.6894982355,4812462.321395566
4655,14840913.09492228,9445577.82655041,141894.36810266992,4954356.6894982355,4812462.321395566
4656,14840913.09492228,9447871.981578426,141894.36810266992,4954356.6894982355,4812462.321395566
4657,14840913.09492228,9450151.838662216,141894.36810266992,4954356.6894982355,4812462.321395566
4658,14840913.09492228,9452427.123728955,141894.36810266992,4954356.6894982355,4812462.321395566
4659,14840913.09492228,9454690.189041033,141894.36810266992,4954356.6894982355,4812462.321395566
4660,14840913.09492228,9456959.239539068,141894.36810266992,4954356.6894982355,4812462.321395566
4661,14840964.182656366,9459274.0102076,141894.36810266992,4954356.6894982355,4812462.321395566
4662,14842585.6496832,9461643.56195315,141894.36810266992,4954356.6894982355,4812462.321395566
4663,14847243.430247303,9464084.021526761,141894.36810266992,4954356.6894982355,4812462.321395566
4664,14853661.879773045,9466843.27538012,141894.36810266992,4954356.6894982355,4812462.321395566
4665,14861044.69650216,9469671.608254721,141894.36810266992,4954356.6894982355,4812462.321395566
4666,14869532.876165628,9472482.816847283,141894.36810266992,4954356.6894982355,4812462.321395566
4667,14878049.429527406,9475168.336534766,141894.36810266992,4954356.6894982355,4812462.321395566
4668,14886954.28829406,9477976.053768853,141894.36810266992,4954356.6894982355,4812462.321395566
4669,14895612.595410554,9480764.984169245,141894.36810266992,4958932.1479881685,4817037.779885499
4670,14903934.073439077,9483419.081630457,141894.36810266992,4964594.265397584,4822699.897294914
4671,14911490.585570525,9485893.789768152,141894.36810266992,4969670.806233444,4827776.438130775
4672,14917790.30682547,9488549.300398272,141894.36810266992,4973309.753700376,4831415.385597706
4673,14923042.61023855,9491385.364138067,141894.36810266992,4975720.730215766,4833826.362113096
4674,14925598.367413824,9494044.033616329,141894.36810266992,4975720.730215766,4833826.362113096
4675,14925885.49112106,9496803.619980019,141894.36810266992,4975720.730215766,4833826.362113096
4676,14925885.49112106,9499555.142968183,141894.36810266992,4975720.730215766,4833826.362113096
4677,14925885.49112106,9502296.94002917,141894.36810266992,4975720.730215766,4833826.362113096
4678,14925885.49112106,9505004.156015744,141894.36810266992,4975720.730215766,4833826.362113096
4679,14925885.49112106,9507695.660889182,141894.36810266992,4975720.730215766,4833826.362113096
4680,14925885.49112106,9510349.425840065,141894.36810266992,4975720.730215766,4833826.362113096
4681,14925885.49112106,9512981.577619439,141894.36810266992,4975720.730215766,4833826.362113096
4682,14925885.49112106,9515585.050382772,141894.36810266992,4975720.730215766,4833826.362113096
4683,14925885.49112106,9518175.970881116,141894.36810266992,4975720.730215766,4833826.362113096
4684,14925885.49112106,9520779.44364445,141894.36810266992,4975720.730215766,4833826.362113096
4685,14925984.983003585,9523427.306536958,141894.36810266992,4975720.730215766,4833826.362113096
4686,14928641.594457118,9526153.72499514,141894.36810266992,4975720.730215766,4833826.362113096
4687,14936405.955762478,9528934.924530338,141894.36810266992,4975720.730215766,4833826.362113096
4688,14946447.046044907,9531807.231896201,141894.36810266992,4975720.730215766,4833826.362113096
4689,14957002.063012494,9534676.04790359,141894.36810266992,4975720.730215766,4833826.362113096
4690,14968710.015030993,9537513.857322622,141894.36810266992,4975720.730215766,4833826.362113096
4691,14980365.51136216,9540309.022291718,141894.36810266992,4980903.145444033,4839008.777341363
4692,14992150.509459795,9543080.828410069,141894.36810266992,4989911.074265424,4848016.706162754
4693,15004456.431062803,9545841.412304752,141894.36810266992,4999451.148815854,4857556.780713185
4694,15015652.986496754,9548594.348461824,141894.36810266992,5007889.50493484,4865995.13683217
4695,15027354.9900674,9551333.319184998,141894.36810266992,5016847.2746244185,4874952.906521749
4696,15038607.034942303,9554017.093193244,141894.36810266992,5025410.282333181,4883515.9142305115
4697,15047488.071279664,9556799.705897348,141894.36810266992,5031503.442808543,4889609.074705874
4698,15050942.116006844,9559529.283203674,141894.36810266992,5032222.647071502,4890328.278968832
4699,15051379.911249338,9562221.120587444,141894.36810266992,5032222.647071502,4890328.278968832
4700,15051379.911249338,9564842.05014315,141894.36810266992,5032222.647071502,4890328.278968832
4701,15051379.911249338,9567426.736072788,141894.36810266992,5032222.647071502,4890328.278968832
4702,15051379.911249338,9569768.02444021,141894.36810266992,5032222.647071502,4890328.278968832
4703,15051379.911249338,9571991.354767747,141894.36810266992,5032222.647071502,4890328.278968832
4704,15051379.911249338,9574178.690851964,141894.36810266992,5032222.647071502,4890328.278968832
4705,15051379.911249338,9576325.211293064,141894.36810266992,5032222.647071502,4890328.278968832
4706,15051379.911249338,9578422.852715522,141894.36810266992,5032222.647071502,4890328.278968832
4707,15051379.911249338,9580501.624176702,141894.36810266992,5032222.647071502,4890328.278968832
4708,15051379.911249338,9582560.112507697,141894.36810266992,5032222.647071502,4890328.278968832
4709,15051456.373092199,9584624.91853498,141894.36810266992,5032222.647071502,4890328.278968832
4710,15053739.517631786,9586728.794526141,141894.36810266992,5032222.647071502,4890328.278968832
4711,15060708.286612779,9588826.76845893,141894.36810266992,5032222.647071502,4890328.278968832
4712,15069759.811085608,9590926.155560626,141894.36810266992,5032222.647071502,4890328.278968832
4713,15080515.060918117,9592931.275983512,141894.36810266992,5032222.647071502,4890328.278968832
4714,15091038.67994438,9594851.523144437,141894.36810266992,5034281.269487481,4892386.901384811
4715,15102685.925797572,9596702.608156536,141894.36810266992,5044072.167170681,4902177.799068011
4716,15113870.14295187,9598539.395224405,141894.36810266992,5053414.3340992145,4911519.965996545
4717,15125383.916034129,9600365.375706522,141894.36810266992,5063096.8635414615,4921202.495438792
4718,15136594.231860224,9602222.778414907,141894.36810266992,5072444.513501276,4930550.145398607
4719,15147095.576100035,9604169.87578505,141894.36810266992,5080993.497213048,4939099.129110378
4720,15156871.533175701,9606170.424190888,141894.36810266992,5088763.642724983,4946869.274622314
4721,15164641.569138713,9608232.071370026,141894.36810266992,5094466.768350962,4952572.400248292
4722,15168040.177712044,9610436.864246616,141894.36810266992,5095655.320889807,4953760.952787138
4723,15168400.941645186,9612782.724631088,141894.36810266992,5095655.320889807,4953760.952787138
4724,15168400.941645186,9615122.599829603,141894.36810266992,5095655.320889807,4953760.952787138
4725,15168400.941645186,9617418.168026527,141894.36810266992,5095655.320889807,4953760.952787138
4726,15168400.941645186,9619652.63745015,141894.36810266992,5095655.320889807,4953760.952787138
4727,15168400.941645186,9621857.097816408,141894.36810266992,5095655.320889807,4953760.952787138
4728,15168400.941645186,9624026.977108253,141894.36810266992,5095655.320889807,4953760.952787138
4729,15168400.941645186,9626189.208662488,141894.36810266992,5095655.320889807,4953760.952787138
4730,15168400.941645186,9628337.474782825,141894.36810266992,5095655.320889807,4953760.952787138
4731,15168400.941645186,9630480.83637578,141894.36810266992,5095655.320889807,4953760.952787138
4732,15168400.941645186,9632617.88027245,141894.36810266992,5095655.320889807,4953760.952787138
4733,15168491.661941428,9634784.600716151,141894.36810266992,5095655.320889807,4953760.952787138
4734,15171027.99349669,9636993.96560979,141894.36810266992,5095655.320889807,4953760.952787138
4735,15179100.299991842,9639245.891825784,141894.36810266992,5095655.320889807,4953760.952787138
4736,15189522.90604336,9641474.04355312,141894.36810266992,5095655.320889807,4953760.952787138
4737,15200556.182357708,9643639.350827916,141894.36810266992,5095655.320889807,4953760.952787138
4738,15211895.110249046,9645917.794742798,141894.36810266992,5101385.762076874,4959491.393974205
4739,15223486.627373705,9648386.517694537,141894.36810266992,5110503.2930919,4968608.92498923
4740,15234805.033675622,9650789.237345591,141894.36810266992,5119413.716584867,4977519.348482197
4741,15246656.444410445,9653100.849165982,141894.36810266992,5128948.2523414055,4987053.884238736
4742,15258155.981687615,9655433.076626888,141894.36810266992,5138110.298999775,4996215.9308971055
4743,15269517.28325359,9657732.136182286,141894.36810266992,5147167.277852457,5005272.909749787
4744,15280953.053537976,9660138.014681485,141894.36810266992,5156191.906479751,5014297.538377081
4745,15289710.934378648,9662604.991953986,141894.36810266992,5162477.546890027,5020583.178787357
4746,15293302.405748501,9665196.244962659,141894.36810266992,5163472.502093312,5021578.133990643
4747,15293717.105565893,9667839.203327786,141894.36810266992,5163472.502093312,5021578.133990643
4748,15293717.105565893,9670441.346049797,141894.36810266992,5163472.502093312,5021578.133990643
4749,15293717.105565893,9673008.907697394,141894.36810266992,5163472.502093312,5021578.133990643
4750,15293717.105565893,9675353.35491296,141894.36810266992,5163472.502093312,5021578.133990643
4751,15293717.105565893,9677688.40871168,141894.36810266992,5163472.502093312,5021578.133990643
4752,15293717.105565893,9680003.179380212,141894.36810266992,5163472.502093312,5021578.133990643
4753,15293717.105565893,9682305.065273423,141894.36810266992,5163472.502093312,5021578.133990643
4754,15293717.105565893,9684597.474622203,141894.36810266992,5163472.502093312,5021578.133990643
4755,15293717.105565893,9686884.979443602,141894.36810266992,5163472.502093312,5021578.133990643
4756,15293717.105565893,9689180.880150856,141894.36810266992,5163472.502093312,5021578.133990643
4757,15293794.927393742,9691531.64506271,141894.36810266992,5163472.502093312,5021578.133990643
4758,15296109.73647022,9693874.679109368,141894.36810266992,5163472.502093312,5021578.133990643
4759,15303447.793348204,9696343.402061107,141894.36810266992,5163472.502093312,5021578.133990643
4760,15312332.737987446,9698988.106105471,141894.36810266992,5163472.502093312,5021578.133990643
4761,15322513.677710772,9701590.248827482,141894.36810266992,5163472.502093312,5021578.133990643
4762,15333923.41286366,9704121.483721428,141894.36810266992,5163472.502093312,5021578.133990643
4763,15345216.267761232,9706783.312047834,141894.36810266992,5170940.448621847,5029046.080519177
4764,15356485.941730928,9709487.369186264,141894.36810266992,5179500.802295216,5037606.434192547
4765,15367872.439566368,9712149.19751267,141894.36810266992,5188220.208646356,5046325.840543686
4766,15378271.481830822,9714765.305668578,141894.36810266992,5195997.879597008,5054103.5114943385
4767,15389259.533505023,9717393.966089476,141894.36810266992,5204352.007692415,5062457.639589746
4768,15399032.565494321,9719865.515379027,141894.36810266992,5211648.227234268,5069753.859131598
4769,15406299.975215646,9722487.858103639,141894.36810266992,5216288.031073085,5074393.662970415
4770,15409626.553903122,9725105.711938784,141894.36810266992,5216991.492767522,5075097.124664852
4771,15410000.340952383,9727825.81270068,141894.36810266992,5216991.492767522,5075097.124664852
4772,15410000.340952383,9730577.003178515,141894.36810266992,5216991.492767522,5075097.124664852
4773,15410000.340952383,9733303.089126367,141894.36810266992,5216991.492767522,5075097.124664852
4774,15410000.340952383,9736000.82856851,141894.36810266992,5216991.492767522,5075097.124664852
4775,15410000.340952383,9738670.637142858,141894.36810266992,5216991.492767522,5075097.124664852
4776,15410000.340952383,9741327.560941882,141894.36810266992,5216991.492767522,5075097.124664852
4777,15410000.340952383,9743969.106138105,141894.36810266992,5216991.492767522,5075097.124664852
4778,15410000.340952383,9746583.801125105,141894.36810266992,5216991.492767522,5075097.124664852
4779,15410000.340952383,9749211.38088743,141894.36810266992,5216991.492767522,5075097.124664852
4780,15410000.340952383,9751837.214970516,141894.36810266992,5216991.492767522,5075097.124664852
4781,15410089.189566636,9754490.979921399,141894.36810266992,5216991.492767522,5075097.124664852
4782,15412481.406931242,9757066.521816937,141894.36810266992,5216991.492767522,5075097.124664852
4783,15419969.904142935,9759797.096654257,141894.36810266992,5216991.492767522,5075097.124664852
4784,15430029.71347878,9762427.170244062,141894.36810266992,5216991.492767522,5075097.124664852
4785,15440645.173923608,9764974.116251145,141894.36810266992,5216991.492767522,5075097.124664852
4786,15452471.417456882,9767466.613691542,141894.36810266992,5216991.492767522,5075097.124664852
4787,15464760.049364248,9769919.625530146,141894.36810266992,5224105.906124826,5082211.538022156
4788,15476102.835917715,9772328.330367157,141894.36810266992,5233034.724683385,5091140.356580716
4789,15486991.357188111,9774724.482939178,141894.36810266992,5241521.830223867,5099627.462121197
4790,15497870.332778478,9777202.266797433,141894.36810266992,5249917.758798083,5108023.390695414
4791,15508006.384361269,9779678.720614364,141894.36810266992,5257572.093406048,5115677.725303378
4792,15517496.07838439,9782302.809018213,141894.36810266992,5264432.435867424,5122538.067764754
4793,15525245.315863043,9785026.068628252,141894.36810266992,5269453.150578143,5127558.782475473
4794,15528852.484106656,9787873.271464132,141894.36810266992,5270207.852827981,5128313.484725311
4795,15529257.951551363,9790812.995299585,141894.36810266992,5270207.852827981,5128313.484725311
4796,15529257.951551363,9793617.969323441,141894.36810266992,5270207.852827981,5128313.484725311
4797,15529257.951551363,9796370.905480513,141894.36810266992,5270207.852827981,5128313.484725311
4798,15529257.951551363,9799122.428468678,141894.36810266992,5270207.852827981,5128313.484725311
4799,15529257.951551363,9801913.104548307,141894.36810266992,5270207.852827981,5128313.484725311
4800,15529257.951551363,9804782.33619361,141894.36810266992,5270207.852827981,5128313.484725311
4801,15529257.951551363,9807624.96701244,141894.36810266992,5270207.852827981,5128313.484725311
4802,15529257.951551363,9810459.95009366,141894.36810266992,5270207.852827981,5128313.484725311
4803,15529257.951551363,9813269.413006984,141894.36810266992,5270207.852827981,5128313.484725311
4804,15529257.951551363,9816080.289089214,141894.36810266992,5270207.852827981,5128313.484725311
4805,15529345.509357804,9818924.333076952,141894.36810266992,5270207.852827981,5128313.484725311
4806,15531729.272402765,9821804.70381834,141894.36810266992,5270207.852827981,5128313.484725311
4807,15539221.1917609,9824706.687731236,141894.36810266992,5270207.852827981,5128313.484725311
4808,15549082.611863665,9827521.05517194,141894.36810266992,5270207.852827981,5128313.484725311
4809,15560113.236732915,9830196.848932244,141894.36810266992,5270207.852827981,5128313.484725311
4810,15571926.602557017,9832809.798240008,141894.36810266992,5270207.852827981,5128313.484725311
4811,15583275.124266628,9835391.325321503,141894.36810266992,5273698.8940641815,5131804.525961512
4812,15594169.14355901,9837960.300138006,141894.36810266992,5282018.675382166,5140124.307279496
4813,15605229.987191085,9840518.385241173,141894.36810266992,5290516.17075318,5148621.80265051
4814,15615946.894691046,9843189.606984427,141894.36810266992,5298556.593351993,5156662.225249323
4815,15626039.129711919,9845906.21638785,141894.36810266992,5305926.955811549,5164032.587708879
4816,15635612.495394213,9848681.181354342,141894.36810266992,5312720.093369455,5170825.725266785
4817,15643564.281490285,9851504.609701565,141894.36810266992,5317843.1879604105,5175948.819857741
4818,15647319.468086038,9854285.476726431,141894.36810266992,5318812.244373403,5176917.876270733
4819,15647720.858886108,9857154.29273382,141894.36810266992,5318812.244373403,5176917.876270733
4820,15647720.858886108,9859941.809965305,141894.36810266992,5318812.244373403,5176917.876270733
4821,15647720.858886108,9862723.009500504,141894.36810266992,5318812.244373403,5176917.876270733
4822,15647720.858886108,9865465.13907182,141894.36810266992,5318812.244373403,5176917.876270733
4823,15647720.858886108,9868174.100737631,141894.36810266992,5318812.244373403,5176917.876270733
4824,15647720.858886108,9870843.576801648,141894.36810266992,5318812.244373403,5176917.876270733
4825,15647720.858886108,9873489.69401492,141894.36810266992,5318812.244373403,5176917.876270733
4826,15647720.858886108,9876113.782418769,141894.36810266992,5318812.244373403,5176917.876270733
4827,15647720.858886108,9878734.711974476,141894.36810266992,5318812.244373403,5176917.876270733
4828,15647720.858886108,9881349.406961476,141894.36810266992,5318812.244373403,5176917.876270733
4829,15647785.880940478,9884023.787552875,141894.36810266992,5318812.244373403,5176917.876270733
4830,15649817.518773861,9886751.619179964,141894.36810266992,5318812.244373403,5176917.876270733
4831,15656109.31277838,9889501.396488892,141894.36810266992,5318812.244373403,5176917.876270733
4832,15664722.715555009,9892235.795195017,141894.36810266992,5318812.244373403,5176917.876270733
4833,15673917.840687528,9894947.91570897,141894.36810266992,5318812.244373403,5176917.876270733
4834,15683443.302535238,9897756.04858097,141894.36810266992,5318812.244373403,5176917.876270733
4835,15693654.190372147,9900542.152643548,141894.36810266992,5318812.244373403,5176917.876270733
4836,15704258.474841803,9903323.352178747,141894.36810266992,5323412.461828667,5181518.093725997
4837,15714424.107018484,9906154.843901493,141894.36810266992,5330741.3391247075,5188846.971022038
4838,15724669.460333582,9908657.815417314,141894.36810266992,5338478.4577660905,5196584.089663421
4839,15734180.983587544,9911198.859366022,141894.36810266992,5345443.67391345,5203549.30581078
4840,15742989.24145316,9913879.890164038,141894.36810266992,5351565.637823154,5209671.2697204845
4841,15749528.895993777,9916664.248547379,141894.36810266992,5355315.670822536,5213421.302719866
4842,15752621.129846394,9919354.672762241,141894.36810266992,5355712.217302396,5213817.849199726
4843,15752985.270902107,9922115.256656924,141894.36810266992,5355712.217302396,5213817.849199726
4844,15752985.270902107,9924832.198570676,141894.36810266992,5355712.217302396,5213817.849199726
4845,15752985.270902107,9927512.481220447,141894.36810266992,5355712.217302396,5213817.849199726
4846,15752985.270902107,9930124.349869635,141894.36810266992,5355712.217302396,5213817.849199726
4847,15752985.270902107,9932501.632480377,141894.36810266992,5355712.217302396,5213817.849199726
4848,15752985.270902107,9934854.143071467,141894.36810266992,5355712.217302396,5213817.849199726
4849,15752985.270902107,9937184.624853136,141894.36810266992,5355712.217302396,5213817.849199726
4850,15752985.270902107,9939442.868765417,141894.36810266992,5355712.217302396,5213817.849199726
4851,15752985.270902107,9941650.82049015,141894.36810266992,5355712.217302396,5213817.849199726
4852,15752985.270902107,9943844.474270655,141894.36810266992,5355712.217302396,5213817.849199726
4853,15753050.195199613,9946074.371677227,141894.36810266992,5355712.217302396,5213817.849199726
4854,15755165.608086914,9948326.29789322,141894.36810266992,5355712.217302396,5213817.849199726
4855,15761531.124692157,9950607.900656248,141894.36810266992,5355712.217302396,5213817.849199726
4856,15769800.307687322,9952808.121515786,141894.36810266992,5355712.217302396,5213817.849199726
4857,15778682.51195989,9954909.254296718,141894.36810266992,5355712.217302396,5213817.849199726
4858,15788184.60470598,9956912.961550698,141894.36810266992,5355712.217302396,5213817.849199726
4859,15798229.914855601,9958851.746162571,141894.36810266992,5358906.658864381,5217012.290761711
4860,15808625.192043938,9961018.799116604,141894.36810266992,5367129.619940789,5225235.25183812
4861,15818773.62959897,9963389.764031058,141894.36810266992,5374901.829423471,5233007.461320802
4862,15829154.212832585,9965759.315776607,141894.36810266992,5382907.597753644,5241013.229650974
4863,15838585.877823964,9968139.757235492,141894.36810266992,5389953.558128243,5248059.190025574
4864,15847197.33460587,9970468.493337922,141894.36810266992,5396231.015649825,5254336.647547156
4865,15854028.411947804,9972852.426155282,141894.36810266992,5400672.897016503,5258778.528913833
4866,15857039.226050913,9975321.14910702,141894.36810266992,5401209.725009981,5259315.356907311
4867,15857431.452277664,9977864.936265958,141894.36810266992,5401209.725009981,5259315.356907311
4868,15857431.452277664,9980138.47565346,141894.36810266992,5401209.725009981,5259315.356907311
4869,15857431.452277664,9982371.199397845,141894.36810266992,5401209.725009981,5259315.356907311
4870,15857431.452277664,9984569.674578147,141894.36810266992,5401209.725009981,5259315.356907311
4871,15857431.452277664,9986741.29954923,141894.36810266992,5401209.725009981,5259315.356907311
4872,15857431.452277664,9988898.959086414,141894.36810266992,5401209.725009981,5259315.356907311
4873,15857431.452277664,9991060.775002735,141894.36810266992,5401209.725009981,5259315.356907311
4874,15857431.452277664,9993194.32754093,141894.36810266992,5401209.725009981,5259315.356907311
4875,15857431.452277664,9995314.247155558,141894.36810266992,5401209.725009981,5259315.356907311
4876,15857431.452277664,9997410.475409111,141894.36810266992,5401209.725009981,5259315.356907311
4877,15857456.660783973,9999534.967040788,141894.36810266992,5401209.725009981,5259315.356907311
4878,15858693.586047318,10001733.10971076,141894.36810266992,5401209.725009981,5259315.356907311
4879,15862849.726350388,10003968.99230329,141894.36810266992,5401209.725009981,5259315.356907311
4880,15868675.740716444,10006148.680649897,141894.36810266992,5401209.725009981,5259315.356907311
4881,15875274.721902844,10008222.880094027,141894.36810266992,5401209.725009981,5259315.356907311
4882,15882191.829769405,10010217.110803576,141894.36810266992,5401209.725009981,5259315.356907311
4883,15889985.298434114,10012148.497060586,141894.36810266992,5401209.725009981,5259315.356907311
4884,15897675.101190232,10014247.88416228,141894.36810266992,5401209.725009981,5259315.356907311
4885,15905152.946264964,10016518.680339552,141894.36810266992,5405378.52879392,5263484.16069125
4886,15911976.195617072,10018707.429592676,141894.36810266992,5410007.765735011,5268113.397632341
4887,15921459.240815474,10020938.740168154,141894.36810266992,5417254.237200039,5275359.86909737
4888,15930577.149557078,10023242.371740602,141894.36810266992,5424063.2512113005,5282168.883108631
4889,15937227.463301932,10025561.298788272,141894.36810266992,5428389.37475059,5286495.00664792
4890,15940467.532515023,10028023.371533392,141894.36810266992,5429162.108060665,5287267.739957996
4891,15940843.717503827,10030559.17844439,141894.36810266992,5429162.108060665,5287267.739957996
4892,15940843.717503827,10032938.539244698,141894.36810266992,5429162.108060665,5287267.739957996
4893,15940843.717503827,10035207.589742733,141894.36810266992,5429162.108060665,5287267.739957996
4894,15940843.717503827,10037435.741470069,141894.36810266992,5429162.108060665,5287267.739957996
4895,15940843.717503827,10039624.490723193,141894.36810266992,5429162.108060665,5287267.739957996
4896,15940843.717503827,10041801.020221656,141894.36810266992,5429162.108060665,5287267.739957996
4897,15940843.717503827,10043961.506096654,141894.36810266992,5429162.108060665,5287267.739957996
4898,15940843.717503827,10046112.51542722,141894.36810266992,5429162.108060665,5287267.739957996
4899,15940843.717503827,10048245.070434423,141894.36810266992,5429162.108060665,5287267.739957996
4900,15940843.717503827,10050380.701162186,141894.36810266992,5429162.108060665,5287267.739957996
4901,15940896.123871904,10052543.265226752,141894.36810266992,5429162.108060665,5287267.739957996
4902,15942783.560881283,10054741.740407053,141894.36810266992,5429162.108060665,5287267.739957996
4903,15948927.084111296,10056959.085548634,141894.36810266992,5429162.108060665,5287267.739957996
4904,15957430.219512131,10059104.192820827,141894.36810266992,5429162.108060665,5287267.739957996
4905,15967208.41969844,10061158.192262355,141894.36810266992,5429162.108060665,5287267.739957996
4906,15977018.493509918,10063106.702801406,141894.36810266992,5429162.108060665,5287267.739957996
4907,15987251.238518994,10065002.17794268,141894.36810266992,5436265.253663487,5294370.885560817
4908,15996778.375959497,10067049.52717759,141894.36810266992,5443739.778711185,5301845.410608515
4909,16006267.505365882,10069349.999901896,141894.36810266992,5450923.17223537,5309028.8041327
4910,16015767.583134357,10071531.018289827,141894.36810266992,5458236.96845802,5316342.60035535
4911,16024753.306842918,10073726.417749569,141894.36810266992,5465022.029548945,5323127.661446275
4912,16032837.839466928,10075934.369474301,141894.36810266992,5470893.347290328,5328998.979187658
4913,16038677.593307443,10078311.652085043,141894.36810266992,5474350.555362207,5332456.187259537
4914,16041320.931609156,10080725.593959767,141894.36810266992,5474574.688631302,5332680.320528632
4915,16041628.65503616,10083123.492211025,141894.36810266992,5474574.688631302,5332680.320528632
4916,16041628.65503616,10085444.164937932,141894.36810266992,5474574.688631302,5332680.320528632
4917,16041628.65503616,10087711.46975673,141894.36810266992,5474574.688631302,5332680.320528632
4918,16041628.65503616,10089961.650293486,141894.36810266992,5474574.688631302,5332680.320528632
4919,16041628.65503616,10092196.45222744,141894.36810266992,5474574.688631302,5332680.320528632
4920,16041628.65503616,10094408.892841639,141894.36810266992,5474574.688631302,5332680.320528632
4921,16041628.65503616,10096600.800942905,141894.36810266992,5474574.688631302,5332680.320528632
4922,16041628.65503616,10098750.397104565,141894.36810266992,5474574.688631302,5332680.320528632
4923,16041628.65503616,10100893.758697521,141894.36810266992,5474574.688631302,5332680.320528632
4924,16041628.65503616,10103029.389425283,141894.36810266992,5474574.688631302,5332680.320528632
4925,16041654.022780199,10105183.557603994,141894.36810266992,5474574.688631302,5332680.320528632
4926,16042895.997669954,10107322.3471799,141894.36810266992,5474574.688631302,5332680.320528632
4927,16046896.44420187,10109465.708772857,141894.36810266992,5474574.688631302,5332680.320528632
4928,16052771.777703404,10111602.752669526,141894.36810266992,5474574.688631302,5332680.320528632
4929,16059254.88619354,10113728.65747011,141894.36810266992,5474574.688631302,5332680.320528632
4930,16066186.239492264,10115903.441289337,141894.36810266992,5474574.688631302,5332680.320528632
4931,16074099.488359753,10118282.469579317,141894.36810266992,5474574.688631302,5332680.320528632
4932,16081443.464124259,10120659.752190059,141894.36810266992,5474574.688631302,5332680.320528632
4933,16089025.854555361,10122927.057008857,141894.36810266992,5477302.861292556,5335408.493189886
4934,16095806.301940734,10125111.234244931,141894.36810266992,5481893.868283959,5339999.500181289
4935,16105487.71470604,10127354.76457507,141894.36810266992,5489326.487561232,5347432.119458563
4936,16114434.34686037,10129611.262808114,141894.36810266992,5496011.358324623,5354116.990221953
4937,16121384.730240729,10131963.35776129,141894.36810266992,5500604.38359391,5358710.015491241
4938,16124362.574017294,10134500.910351524,141894.36810266992,5501039.411622346,5359145.043519677
4939,16124717.948794084,10137087.3419604,141894.36810266992,5501039.411622346,5359145.043519677
4940,16124717.948794084,10139694.306082208,141894.36810266992,5501039.411622346,5359145.043519677
4941,16124717.948794084,10142239.838920383,141894.36810266992,5501039.411622346,5359145.043519677
4942,16124717.948794084,10144556.022757823,141894.36810266992,5501039.411622346,5359145.043519677
4943,16124717.948794084,10146865.888898974,141894.36810266992,5501039.411622346,5359145.043519677
4944,16124717.948794084,10149177.500719365,141894.36810266992,5501039.411622346,5359145.043519677
4945,16124717.948794084,10151495.430236042,141894.36810266992,5501039.411622346,5359145.043519677
4946,16124717.948794084,10153797.648639584,141894.36810266992,5501039.411622346,5359145.043519677
4947,16124717.948794084,10156084.155929992,141894.36810266992,5501039.411622346,5359145.043519677
4948,16124717.948794084,10158360.854165638,141894.36810266992,5501039.411622346,5359145.043519677
4949,16124769.692732852,10160670.38779646,141894.36810266992,5501039.411622346,5359145.043519677
4950,16126750.398965172,10162959.638297096,141894.36810266992,5501039.411622346,5359145.043519677
4951,16132746.163280733,10165222.371098844,141894.36810266992,5501039.411622346,5359145.043519677
4952,16141282.85241957,10167543.043825751,141894.36810266992,5501039.411622346,5359145.043519677
4953,16150963.369368015,10169837.5313641,141894.36810266992,5501039.411622346,5359145.043519677
4954,16160837.686468353,10172053.130826443,141894.36810266992,5501039.411622346,5359145.043519677
4955,16170254.682557167,10174237.308062518,141894.36810266992,5504315.36908567,5362421.000983001
4956,16180392.290126003,10176349.579939535,141894.36810266992,5512335.441619594,5370441.073516924
4957,16189741.471096994,10178579.144835776,141894.36810266992,5519449.794536448,5377555.426433778
4958,16199009.588157792,10180881.363239318,141894.36810266992,5526410.430035808,5384516.061933138
4959,16208556.487102438,10183258.97836039,141894.36810266992,5533574.450701487,5391680.082598818
4960,16216694.255889246,10185647.067556886,141894.36810266992,5539318.867133905,5397424.499031235
4961,16222834.312822545,10188079.463754974,141894.36810266992,5543021.264711222,5401126.896608552
4962,16225583.675935647,10190672.129932554,141894.36810266992,5543172.698488849,5401278.3303861795
4963,16225896.372512383,10193341.938506901,141894.36810266992,5543172.698488849,5401278.3303861795
4964,16225896.372512383,10196028.87136329,141894.36810266992,5543172.698488849,5401278.3303861795
4965,16225896.372512383,10198678.147424705,141894.36810266992,5543172.698488849,5401278.3303861795
4966,16225896.372512383,10201071.473658912,141894.36810266992,5543172.698488849,5401278.3303861795
4967,16225896.372512383,10203443.851742273,141894.36810266992,5543172.698488849,5401278.3303861795
4968,16225896.372512383,10205810.32776726,141894.36810266992,5543172.698488849,5401278.3303861795
4969,16225896.372512383,10208159.346999876,141894.36810266992,5543172.698488849,5401278.3303861795
4970,16225896.372512383,10210510.111911729,141894.36810266992,5543172.698488849,5401278.3303861795
4971,16225896.372512383,10212846.49575177,141894.36810266992,5543172.698488849,5401278.3303861795
4972,16225896.372512383,10215197.260663623,141894.36810266992,5543172.698488849,5401278.3303861795
4973,16225944.248483937,10217577.702122508,141894.36810266992,5543172.698488849,5401278.3303861795
4974,16227441.1617679,10220198.631678214,141894.36810266992,5543172.698488849,5401278.3303861795
4975,16231820.115108665,10222887.31021384,141894.36810266992,5543172.698488849,5401278.3303861795
4976,16238331.14931388,10225539.661995815,141894.36810266992,5543172.698488849,5401278.3303861795
4977,16245951.720204994,10228143.134759149,141894.36810266992,5543172.698488849,5401278.3303861795
4978,16254400.466349475,10230627.568824021,141894.36810266992,5543172.698488849,5401278.3303861795
4979,16262831.42072446,10233235.946114736,141894.36810266992,5543172.698488849,5401278.3303861795
4980,16271326.303776743,10235756.70693326,141894.36810266992,5543172.698488849,5401278.3303861795
4981,16280167.001033837,10238148.28748823,141894.36810266992,5547221.644109266,5405327.276006596
4982,16288659.012391075,10240640.452418296,141894.36810266992,5553216.227378543,5411321.859275873
4983,16296415.075567622,10243499.875008836,141894.36810266992,5558107.604806652,5416213.236703983
4984,16303161.591064677,10246419.315714104,141894.36810266992,5561929.416440544,5420035.048337874
4985,16308006.01814191,10249245.902909469,141894.36810266992,5563941.993164518,5422047.625061848
4986,16310545.153205365,10251917.124652723,141894.36810266992,5563941.993164518,5422047.625061848
4987,16310853.715641681,10254729.74641419,141894.36810266992,5563941.993164518,5422047.625061848
4988,16310853.715641681,10257504.29574277,141894.36810266992,5563941.993164518,5422047.625061848
4989,16310853.715641681,10260246.425314087,141894.36810266992,5563941.993164518,5422047.625061848
4990,16310853.715641681,10262936.51701862,141894.36810266992,5563941.993164518,5422047.625061848
4991,16310853.715641681,10265544.894309334,141894.36810266992,5563941.993164518,5422047.625061848
4992,16310853.715641681,10267914.446054883,141894.36810266992,5563941.993164518,5422047.625061848
4993,16310853.715641681,10270255.734422306,141894.36810266992,5563941.993164518,5422047.625061848
4994,16310853.715641681,10272582.724845499,141894.36810266992,5563941.993164518,5422047.625061848
4995,16310853.715641681,10274913.206627168,141894.36810266992,5563941.993164518,5422047.625061848
4996,16310853.715641681,10277262.225859784,141894.36810266992,5563941.993164518,5422047.625061848
4997,16310939.498291405,10279704.431112632,141894.36810266992,5563941.993164518,5422047.625061848
4998,16313372.852738697,10282398.014175639,141894.36810266992,5563941.993164518,5422047.625061848
4999,16320441.260913774,10285133.826050669,141894.36810266992,5563941.993164518,5422047.625061848
5000,16330723.549448822,10287842.455206148,141894.36810266992,5563941.993164518,5422047.625061848
5001,16341102.935092257,10290477.765833665,141894.36810266992,5563941.993164518,5422047.625061848
5002,16352441.524304762,10293020.139823696,141894.36810266992,5563941.993164518,5422047.625061848
5003,16363970.90014543,10295517.12615356,141894.36810266992,5570567.107899028,5428672.739796358
5004,16375114.748745047,10297968.392312927,141894.36810266992,5579254.427181383,5437360.059078713
5005,16386506.409878924,10300352.325130288,141894.36810266992,5588256.892340007,5446362.5242373375
5006,16397400.227440244,10302851.05713939,141894.36810266992,5596646.714734331,5454752.346631661
5007,16408538.72662471,10305272.646751722,141894.36810266992,5605358.36114857,5463463.9930459
5008,16419307.180518756,10307805.627324905,141894.36810266992,5613588.571311536,5471694.2032088665
5009,16427627.799470527,10310368.284445122,141894.36810266992,5619341.269985197,5477446.901882527
5010,16431056.410709567,10313015.814827299,141894.36810266992,5620117.087684166,5478222.719581496
5011,16431467.514188066,10315753.039871236,141894.36810266992,5620117.087684166,5478222.719581496
5012,16431467.514188066,10318481.204008656,141894.36810266992,5620117.087684166,5478222.719581496
5013,16431467.514188066,10321240.457862014,141894.36810266992,5620117.087684166,5478222.719581496
5014,16431467.514188066,10323948.006358918,141894.36810266992,5620117.087684166,5478222.719581496
5015,16431467.514188066,10326418.142479563,141894.36810266992,5620117.087684166,5478222.719581496
5016,16431467.514188066,10328812.549372345,141894.36810266992,5620117.087684166,5478222.719581496
5017,16431467.514188066,10331183.5142868,141894.36810266992,5620117.087684166,5478222.719581496
5018,16431467.514188066,10333567.031466246,141894.36810266992,5620117.087684166,5478222.719581496
5019,16431467.514188066,10336173.663077723,141894.36810266992,5620117.087684166,5478222.719581496
5020,16431467.514188066,10338768.07493454,141894.36810266992,5620117.087684166,5478222.719581496
5021,16431548.408879705,10341402.969924144,141894.36810266992,5620117.087684166,5478222.719581496
5022,16433885.162989708,10344103.86821443,141894.36810266992,5620117.087684166,5478222.719581496
5023,16441449.924092935,10346839.347579129,141894.36810266992,5620117.087684166,5478222.719581496
5024,16451362.361150412,10349527.693604425,141894.36810266992,5620117.087684166,5478222.719581496
5025,16462163.896322422,10352128.423157528,141894.36810266992,5620117.087684166,5478222.719581496
5026,16473347.332933469,10354689.99961917,141894.36810266992,5620117.087684166,5478222.719581496
5027,16485322.238348093,10357315.833702255,141894.36810266992,5626968.199003332,5485073.830900663
5028,16496920.76157532,10359735.677635351,141894.36810266992,5636141.61513957,5494247.2470369
5029,16508788.941194048,10362229.588244654,141894.36810266992,5645510.6209911,5503616.25288843
5030,16520277.186202599,10364665.475801216,141894.36810266992,5654557.715285194,5512663.347182524
5031,16531693.840088027,10367132.453073718,141894.36810266992,5663502.128740225,5521607.760637555
5032,16541908.680012252,10369752.0525881,141894.36810266992,5671092.105992174,5529197.737889504
5033,16550299.04850058,10372388.69325694,141894.36810266992,5676840.570653766,5534946.202551097
5034,16553682.561385434,10375171.638471376,141894.36810266992,5677435.8751662895,5535541.50706362
5035,16554100.007208277,10377982.514553607,141894.36810266992,5677435.8751662895,5535541.50706362
5036,16554100.007208277,10380783.997218989,141894.36810266992,5677435.8751662895,5535541.50706362
5037,16554100.007208277,10383560.292226806,141894.36810266992,5677435.8751662895,5535541.50706362
5038,16554100.007208277,10386311.815214971,141894.36810266992,5677435.8751662895,5535541.50706362
5039,16554100.007208277,10389042.72256262,141894.36810266992,5677435.8751662895,5535541.50706362
5040,16554100.007208277,10391742.207684001,141894.36810266992,5677435.8751662895,5535541.50706362
5041,16554100.007208277,10394427.394861152,141894.36810266992,5677435.8751662895,5535541.50706362
5042,16554100.007208277,10397081.492322365,141894.36810266992,5677435.8751662895,5535541.50706362
5043,16554100.007208277,10399741.907479865,141894.36810266992,5677435.8751662895,5535541.50706362
5044,16554100.007208277,10402411.716054212,141894.36810266992,5677435.8751662895,5535541.50706362
5045,16554149.545257073,10405148.608587818,141894.36810266992,5677435.8751662895,5535541.50706362
5046,16556066.702829534,10407941.030346684,141894.36810266992,5677435.8751662895,5535541.50706362
5047,16562208.819741761,10410791.72454104,141894.36810266992,5677435.8751662895,5535541.50706362
5048,16571105.083909458,10413675.254130572,141894.36810266992,5677435.8751662895,5535541.50706362
5049,16580982.141414681,10416461.35819315,141894.36810266992,5677435.8751662895,5535541.50706362
5050,16591121.96373254,10419179.713275809,141894.36810266992,5677435.8751662895,5535541.50706362
5051,16600506.627237245,10421946.94737711,141894.36810266992,5677435.8751662895,5535541.50706362
5052,16610178.736253157,10424534.709027309,141894.36810266992,5681223.13984877,5539328.7717461
5053,16619534.744267032,10427361.296222674,141894.36810266992,5687747.297509385,5545852.929406716
5054,16629510.321345601,10430216.56243408,141894.36810266992,5694862.345218655,5552967.977115985
5055,16638925.87220636,10433379.733211894,141894.36810266992,5701109.462143703,5559215.094041034
5056,16647558.360456884,10436283.462804027,141894.36810266992,5706832.957644199,5564938.589541529
5057,16653265.315413697,10439238.897752615,141894.36810266992,5709579.21449453,5567684.84639186
5058,16655927.18593757,10442137.80594495,141894.36810266992,5709579.21449453,5567684.84639186
5059,16656227.160411399,10445076.116611496,141894.36810266992,5709579.21449453,5567684.84639186
5060,16656227.160411399,10447934.45854346,141894.36810266992,5709579.21449453,5567684.84639186
5061,16656227.160411399,10450693.71239682,141894.36810266992,5709579.21449453,5567684.84639186
5062,16656227.160411399,10453422.874065232,141894.36810266992,5709579.21449453,5567684.84639186
5063,16656227.160411399,10456126.931203661,141894.36810266992,5709579.21449453,5567684.84639186
5064,16656227.160411399,10458806.216322439,141894.36810266992,5709579.21449453,5567684.84639186
5065,16656227.160411399,10461463.140121464,141894.36810266992,5709579.21449453,5567684.84639186
5066,16656227.160411399,10464077.835108465,141894.36810266992,5709579.21449453,5567684.84639186
5067,16656227.160411399,10466678.564661568,141894.36810266992,5709579.21449453,5567684.84639186
5068,16656227.160411399,10469258.678574156,141894.36810266992,5709579.21449453,5567684.84639186
5069,16656274.394033216,10471885.593315817,141894.36810266992,5709579.21449453,5567684.84639186
5070,16657907.851247879,10474555.401890164,141894.36810266992,5709579.21449453,5567684.84639186
5071,16662483.903952243,10477262.950387068,141894.36810266992,5709579.21449453,5567684.84639186
5072,16668587.642982664,10479880.804222213,141894.36810266992,5709579.21449453,5567684.84639186
5073,16675811.461222071,10482388.680265414,141894.36810266992,5709579.21449453,5567684.84639186
5074,16684475.648451539,10484807.111029604,141894.36810266992,5709579.21449453,5567684.84639186
5075,16692651.726240605,10487214.070187379,141894.36810266992,5709579.21449453,5567684.84639186
5076,16701607.126729734,10489629.425231008,141894.36810266992,5709579.21449453,5567684.84639186
5077,16710407.707083756,10491933.056803456,141894.36810266992,5710643.908662081,5568749.540559411
5078,16718451.331032887,10494285.151756631,141894.36810266992,5716330.174500141,5574435.806397472
5079,16725773.914743695,10496744.481291521,141894.36810266992,5721188.165518166,5579293.797415496
5080,16732217.637466822,10499133.235508678,141894.36810266992,5725237.870866239,5583343.502763569
5081,16737520.10096286,10501637.952703737,141894.36810266992,5728030.354009325,5586135.985906655
5082,16740090.5372466,10504214.907768182,141894.36810266992,5728030.354009325,5586135.985906655
5083,16740371.08905027,10506894.19288696,141894.36810266992,5728030.354009325,5586135.985906655
5084,16740371.08905027,10509551.449196316,141894.36810266992,5728030.354009325,5586135.985906655
5085,16740371.08905027,10512147.274222039,141894.36810266992,5728030.354009325,5586135.985906655
5086,16740371.08905027,10514711.677021492,141894.36810266992,5728030.354009325,5586135.985906655
5087,16740371.08905027,10517073.248519098,141894.36810266992,5728030.354009325,5586135.985906655
5088,16740371.08905027,10519373.721243404,141894.36810266992,5728030.354009325,5586135.985906655
5089,16740371.08905027,10521655.65651676,141894.36810266992,5728030.354009325,5586135.985906655
5090,16740371.08905027,10523930.9415835,141894.36810266992,5728030.354009325,5586135.985906655
5091,16740371.08905027,10526196.50072306,141894.36810266992,5728030.354009325,5586135.985906655
5092,16740371.08905027,10528451.585787198,141894.36810266992,5728030.354009325,5586135.985906655
5093,16740455.240379201,10530731.442870988,141894.36810266992,5728030.354009325,5586135.985906655
5094,16742943.058979578,10533009.88678587,141894.36810266992,5728030.354009325,5586135.985906655
5095,16750076.53457387,10535283.841811286,141894.36810266992,5728030.354009325,5586135.985906655
5096,16759666.52005725,10537640.508781513,141894.36810266992,5728030.354009325,5586135.985906655
5097,16770682.625887942,10540070.161769371,141894.36810266992,5728030.354009325,5586135.985906655
5098,16782328.25287139,10542478.866606383,141894.36810266992,5729107.818901081,5587213.450798411
5099,16793903.904590964,10544645.919560416,141894.36810266992,5738511.154508726,5596616.786406056
5100,16805123.42468338,10546743.560982874,141894.36810266992,5747627.7700207895,5605733.40191812
5101,16816425.999236174,10548979.443575403,141894.36810266992,5756689.1988231605,5614794.830720491
5102,16827916.76784293,10551138.516281493,141894.36810266992,5766015.63156593,5624121.263463261
5103,16838978.140589733,10553324.439196805,141894.36810266992,5774885.818239528,5632991.450136858
5104,16849227.742905863,10555640.290523913,141894.36810266992,5782814.306070653,5640919.937967983
5105,16857269.22069361,10558077.591249382,141894.36810266992,5788413.219975038,5646518.851872369
5106,16860812.475051444,10560657.70516197,141894.36810266992,5789371.097262388,5647476.729159718
5107,16861235.18488917,10563094.673377108,141894.36810266992,5789371.097262388,5647476.729159718
5108,16861235.18488917,10565481.681915028,141894.36810266992,5789371.097262388,5647476.729159718
5109,16861235.18488917,10567833.776868204,141894.36810266992,5789371.097262388,5647476.729159718
5110,16861235.18488917,10570137.408440651,141894.36810266992,5789371.097262388,5647476.729159718
5111,16861235.18488917,10572426.658941288,141894.36810266992,5789371.097262388,5647476.729159718
5112,16861235.18488917,10574712.833721364,141894.36810266992,5789371.097262388,5647476.729159718
5113,16861235.18488917,10576961.268578883,141894.36810266992,5789371.097262388,5647476.729159718
5114,16861235.18488917,10579173.709193083,141894.36810266992,5789371.097262388,5647476.729159718
5115,16861235.18488917,10581373.597542292,141894.36810266992,5789371.097262388,5647476.729159718
5116,16861235.18488917,10583555.031568136,141894.36810266992,5789371.097262388,5647476.729159718
5117,16861251.159889173,10585774.122388953,141894.36810266992,5789371.097262388,5647476.729159718
5118,16862956.80988917,10587999.198395727,141894.36810266992,5789371.097262388,5647476.729159718
5119,16869957.234889172,10590200.832424173,141894.36810266992,5789371.097262388,5647476.729159718
5120,16880026.50988917,10592293.901829582,141894.36810266992,5789371.097262388,5647476.729159718
5121,16891088.03488917,10594451.561366767,141894.36810266992,5789371.097262388,5647476.729159718
5122,16902401.25988917,10596582.370694732,141894.36810266992,5792252.635481623,5650358.267378953
5123,16913600.18488917,10598636.370136261,141894.36810266992,5801392.2978822,5659497.9297795305
5124,16925345.70988917,10600639.74487991,141894.36810266992,5811129.184980656,5669234.816877986
5125,16937109.15988917,10602670.30234311,141894.36810266992,5820856.814359562,5678962.446256892
5126,16948829.559889168,10604658.298483955,141894.36810266992,5830583.955060822,5688689.586958152
5127,16960503.384889167,10606751.035379032,141894.36810266992,5840159.780007849,5698265.41190518
5128,16971509.559889168,10608914.59697459,141894.36810266992,5848997.130254396,5707102.7621517265
5129,16980182.634889167,10611180.821134813,141894.36810266992,5855398.717936279,5713504.34983361
5130,16983368.034889165,10613396.753107488,141894.36810266992,5856362.92280571,5714468.55470304
5131,16983590.259889167,10615739.454643818,141894.36810266992,5856362.92280571,5714468.55470304
5132,16983590.259889167,10618088.473876433,141894.36810266992,5856362.92280571,5714468.55470304
5133,16983590.259889167,10620401.49886573,141894.36810266992,5856362.92280571,5714468.55470304
5134,16983590.259889167,10622688.006156137,141894.36810266992,5856362.92280571,5714468.55470304
5135,16983590.259889167,10624965.036902113,141894.36810266992,5856362.92280571,5714468.55470304
5136,16983590.259889167,10627229.515383098,141894.36810266992,5856362.92280571,5714468.55470304
5137,16983590.259889167,10629481.109088762,141894.36810266992,5856362.92280571,5714468.55470304
5138,16983590.259889167,10631737.607321806,141894.36810266992,5856362.92280571,5714468.55470304
5139,16983590.259889167,10634016.05123669,141894.36810266992,5856362.92280571,5714468.55470304
5140,16983590.259889167,10636313.697623182,141894.36810266992,5856362.92280571,5714468.55470304
5141,16983604.584889166,10638664.462535035,141894.36810266992,5856362.92280571,5714468.55470304
5142,16985324.409889165,10641071.75420314,141894.36810266992,5856362.92280571,5714468.55470304
5143,16992815.859889165,10643609.306793375,141894.36810266992,5856362.92280571,5714468.55470304
5144,17003750.634889163,10646238.299724605,141894.36810266992,5856362.92280571,5714468.55470304
5145,17015693.709889162,10648755.236674324,141894.36810266992,5856362.92280571,5714468.55470304
5146,17027848.509889163,10651269.014775898,141894.36810266992,5860132.382803399,5718238.014700729
5147,17039929.359889165,10653687.44554009,141894.36810266992,5869789.538881314,5727895.170778644
5148,17052098.934889164,10656053.921565076,141894.36810266992,5879587.374698431,5737693.0065957615
5149,17064273.984889165,10658423.473310625,141894.36810266992,5889387.609794988,5747493.241692319
5150,17076329.034889165,10660848.221771102,141894.36810266992,5899012.648176616,5757118.280073946
5151,17088341.634889167,10663294.999041002,141894.36810266992,5908573.207748822,5766678.839646152
5152,17099688.384889167,10665803.207594534,141894.36810266992,5917406.486037395,5775512.117934725
5153,17108521.809889168,10668441.26143228,141894.36810266992,5923596.594041754,5781702.225939084
5154,17111674.959889166,10671139.000874424,141894.36810266992,5924046.7414417155,5782152.373339046
5155,17111880.084889166,10673888.778183352,141894.36810266992,5924046.7414417155,5782152.373339046
5156,17111880.084889166,10676596.326680256,141894.36810266992,5924046.7414417155,5782152.373339046
5157,17111880.084889166,10679045.847160384,141894.36810266992,5924046.7414417155,5782152.373339046
5158,17111880.084889166,10681462.94788325,141894.36810266992,5924046.7414417155,5782152.373339046
5159,17111880.084889166,10683849.62391084,141894.36810266992,5924046.7414417155,5782152.373339046
5160,17111880.084889166,10686226.906521583,141894.36810266992,5924046.7414417155,5782152.373339046
5161,17111880.084889166,10688604.189132325,141894.36810266992,5924046.7414417155,5782152.373339046
5162,17111880.084889166,10690968.919478076,141894.36810266992,5924046.7414417155,5782152.373339046
5163,17111880.084889166,10693297.655580506,141894.36810266992,5924046.7414417155,5782152.373339046
5164,17111880.084889166,10695637.198268691,141894.36810266992,5924046.7414417155,5782152.373339046
5165,17111891.334889166,10698069.59446678,141894.36810266992,5924046.7414417155,5782152.373339046
5166,17113350.459889166,10700762.845019456,141894.36810266992,5924046.7414417155,5782152.373339046
5167,17119836.984889165,10703508.133438917,141894.36810266992,5924046.7414417155,5782152.373339046
5168,17129529.084889166,10706174.866292704,141894.36810266992,5924046.7414417155,5782152.373339046
5169,17140570.809889168,10708735.777733684,141894.36810266992,5924046.7414417155,5782152.373339046
5170,17151994.28488917,10711219.879288226,141894.36810266992,5924046.7414417155,5782152.373339046
5171,17163162.15988917,10713650.94544499,141894.36810266992,5929940.560950533,5788046.192847863
5172,17174452.95988917,10716053.665096045,141894.36810266992,5938823.378141583,5796929.010038913
5173,17185701.68488917,10718476.667877285,141894.36810266992,5947643.837202448,5805749.469099779
5174,17196772.95988917,10720882.213866152,141894.36810266992,5956304.303055686,5814409.934953016
5175,17207484.68488917,10723332.066856612,141894.36810266992,5964560.911907331,5822666.543804661
5176,17217307.95988917,10725761.71984447,141894.36810266992,5971949.270761578,5830054.902658909
5177,17224839.83488917,10728245.821399013,141894.36810266992,5976991.781049142,5835097.412946472
5178,17227422.45988917,10730817.871936077,141894.36810266992,5976997.092354183,5835102.724251513
5179,17227589.33488917,10733459.4171323,141894.36810266992,5976997.092354183,5835102.724251513
5180,17227589.33488917,10736050.670140972,141894.36810266992,5976997.092354183,5835102.724251513
5181,17227589.33488917,10738398.276204681,141894.36810266992,5976997.092354183,5835102.724251513
5182,17227589.33488917,10740706.396666596,141894.36810266992,5976997.092354183,5835102.724251513
5183,17227589.33488917,10743003.378032425,141894.36810266992,5976997.092354183,5835102.724251513
5184,17227589.33488917,10745218.977494769,141894.36810266992,5976997.092354183,5835102.724251513
5185,17227589.33488917,10747398.250203462,141894.36810266992,5976997.092354183,5835102.724251513
5186,17227589.33488917,10749554.16406141,141894.36810266992,5976997.092354183,5835102.724251513
5187,17227589.33488917,10751703.76022307,141894.36810266992,5976997.092354183,5835102.724251513
5188,17227589.33488917,10753739.887234313,141894.36810266992,5976997.092354183,5835102.724251513
5189,17227599.23488917,10755934.871056141,141894.36810266992,5976997.092354183,5835102.724251513
5190,17228813.78488917,10758186.797272135,141894.36810266992,5976997.092354183,5835102.724251513
5191,17234228.03488917,10760476.463410685,141894.36810266992,5976997.092354183,5835102.724251513
5192,17242608.00988917,10762883.75507879,141894.36810266992,5976997.092354183,5835102.724251513
5193,17252199.83488917,10765264.529048007,141894.36810266992,5976997.092354183,5835102.724251513
5194,17262309.38488917,10767663.757340588,141894.36810266992,5976997.092354183,5835102.724251513
5195,17272626.90988917,10770011.363404296,141894.36810266992,5976997.092354183,5835102.724251513
5196,17282414.78488917,10772490.892941788,141894.36810266992,5976997.092354183,5835102.724251513
5197,17292274.059889168,10774794.857024567,141894.36810266992,5976997.092354183,5835102.724251513
5198,17301725.85988917,10777169.313297497,141894.36810266992,5976997.092354183,5835102.724251513
5199,17310645.384889167,10779620.579456864,141894.36810266992,5976997.092354183,5835102.724251513
5200,17318562.309889168,10782122.137803778,141894.36810266992,5976997.092354183,5835102.724251513
5201,17324638.584889166,10784662.766114572,141894.36810266992,5976997.092354183,5835102.724251513
5202,17327243.709889166,10787385.69321428,141894.36810266992,5976997.092354183,5835102.724251513
5203,17327394.684889168,10790077.53059805,141894.36810266992,5976997.092354183,5835102.724251513
5204,17327394.684889168,10792725.060980227,141894.36810266992,5976997.092354183,5835102.724251513
5205,17327394.684889168,10795173.583929364,141894.36810266992,5976997.092354183,5835102.724251513
5206,17327394.684889168,10797463.250067914,141894.36810266992,5976997.092354183,5835102.724251513
5207,17327394.684889168,10799718.335132051,141894.36810266992,5976997.092354183,5835102.724251513
5208,17327394.684889168,10801940.252290681,141894.36810266992,5976997.092354183,5835102.724251513
5209,17327394.684889168,10804138.727470983,141894.36810266992,5976997.092354183,5835102.724251513
5210,17327394.684889168,10806310.352442065,141894.36810266992,5976997.092354183,5835102.724251513
5211,17327394.684889168,10808469.425148156,141894.36810266992,5976997.092354183,5835102.724251513
5212,17327394.684889168,10810606.469044825,141894.36810266992,5976997.092354183,5835102.724251513
5213,17327405.259889167,10812783.996074282,141894.36810266992,5976997.092354183,5835102.724251513
5214,17328916.284889165,10814982.471254583,141894.36810266992,5976997.092354183,5835102.724251513
5215,17335808.259889167,10817248.362904474,141894.36810266992,5976997.092354183,5835102.724251513
5216,17346197.184889168,10819498.54344123,141894.36810266992,5976997.092354183,5835102.724251513
5217,17357632.884889167,10821648.555240804,141894.36810266992,5976997.092354183,5835102.724251513
5218,17369414.85988917,10823715.106947323,141894.36810266992,5976997.092354183,5835102.724251513
5219,17381289.90988917,10825680.741768416,141894.36810266992,5976997.092354183,5835102.724251513
5220,17392540.35988917,10827646.709099839,141894.36810266992,5976997.092354183,5835102.724251513
5221,17403703.28488917,10829593.473959653,141894.36810266992,5976997.092354183,5835102.724251513
5222,17414567.40988917,10831576.565573117,141894.36810266992,5976997.092354183,5835102.724251513
5223,17424695.559889168,10833639.625921162,141894.36810266992,5976997.092354183,5835102.724251513
5224,17433988.509889167,10835870.93649664,141894.36810266992,5976997.092354183,5835102.724251513
5225,17440841.334889166,10838240.155731857,141894.36810266992,5976997.092354183,5835102.724251513
5226,17443478.634889167,10840625.41859054,141894.36810266992,5976997.092354183,5835102.724251513
5227,17443632.60988917,10843023.316841798,141894.36810266992,5976997.092354183,5835102.724251513
5228,17443632.60988917,10845392.536077015,141894.36810266992,5976997.092354183,5835102.724251513
5229,17443632.60988917,10847760.75778124,141894.36810266992,5976997.092354183,5835102.724251513
5230,17443632.60988917,10850110.109524185,141894.36810266992,5976997.092354183,5835102.724251513
5231,17443632.60988917,10852397.614345584,141894.36810266992,5976997.092354183,5835102.724251513
5232,17443632.60988917,10854628.924921062,141894.36810266992,5976997.092354183,5835102.724251513
5233,17443632.60988917,10856857.076648397,141894.36810266992,5976997.092354183,5835102.724251513
5234,17443632.60988917,10859088.387223875,141894.36810266992,5976997.092354183,5835102.724251513
5235,17443632.60988917,10861335.40891249,141894.36810266992,5976997.092354183,5835102.724251513
5236,17443632.60988917,10863293.39599597,141894.36810266992,5976997.092354183,5835102.724251513
5237,17443643.559889168,10865471.33866334,141894.36810266992,5976997.092354183,5835102.724251513
5238,17445162.084889166,10867740.389161374,141894.36810266992,5976997.092354183,5835102.724251513
5239,17452235.559889168,10870048.50962329,141894.36810266992,5976997.092354183,5835102.724251513
5240,17462944.73488917,10872309.4967458,141894.36810266992,5976997.092354183,5835102.724251513
5241,17474678.259889167,10874512.211432822,141894.36810266992,5976997.092354183,5835102.724251513
5242,17486779.884889167,10876666.712121863,141894.36810266992,5981449.3436644785,5839554.975561809
5243,17498835.309889168,10878869.759319216,141894.36810266992,5991296.458309231,5849402.090206562
5244,17509933.65988917,10881080.869892092,141894.36810266992,6000178.43457846,5858284.06647579
5245,17520963.00988917,10883423.571428422,141894.36810266992,6008859.819884236,5866965.451781566
5246,17531623.88488917,10885768.018643988,141894.36810266992,6017170.984510776,5875276.616408106
5247,17541659.70988917,10888055.939103302,141894.36810266992,6024913.625893568,5883019.257790898
5248,17550699.98488917,10890380.103188682,141894.36810266992,6031624.473650292,5889730.105547622
5249,17557711.059889168,10892782.822839737,141894.36810266992,6036227.565841341,5894333.197738672
5250,17560391.40988917,10895124.11120716,141894.36810266992,6036561.364316025,5894666.996213355
5251,17560531.13488917,10897550.272836544,141894.36810266992,6036561.364316025,5894666.996213355
5252,17560531.13488917,10899958.977673555,141894.36810266992,6036561.364316025,5894666.996213355
5253,17560531.13488917,10902336.592794627,141894.36810266992,6036561.364316025,5894666.996213355
5254,17560531.13488917,10904665.661407389,141894.36810266992,6036561.364316025,5894666.996213355
5255,17560531.13488917,10906970.623021161,141894.36810266992,6036561.364316025,5894666.996213355
5256,17560531.13488917,10909231.942654002,141894.36810266992,6036561.364316025,5894666.996213355
5257,17560531.13488917,10911478.964342616,141894.36810266992,6036561.364316025,5894666.996213355
5258,17560531.13488917,10913704.04034939,141894.36810266992,6036561.364316025,5894666.996213355
5259,17560531.13488917,10915919.639811734,141894.36810266992,6036561.364316025,5894666.996213355
5260,17560531.13488917,10918113.626102569,141894.36810266992,6036561.364316025,5894666.996213355
5261,17560541.70988917,10920334.130092293,141894.36810266992,6036561.364316025,5894666.996213355
5262,17562062.85988917,10922557.792930162,141894.36810266992,6036561.364316025,5894666.996213355
5263,17569137.309889168,10924774.805561412,141894.36810266992,6036561.364316025,5894666.996213355
5264,17579840.78488917,10926897.884024184,141894.36810266992,6036561.364316025,5894666.996213355
5265,17591567.70988917,10928921.458770435,141894.36810266992,6036561.364316025,5894666.996213355
5266,17603631.08488917,10930909.45491128,141894.36810266992,6041172.512516901,5899278.144414231
5267,17615854.13488917,10932861.124298476,141894.36810266992,6051438.629971812,5909544.261869142
5268,17627839.95988917,10934969.572306687,141894.36810266992,6061310.743805705,5919416.375703035
5269,17639826.23488917,10937252.58823862,141894.36810266992,6071008.739715877,5929114.371613207
5270,17651688.83488917,10939495.121037764,141894.36810266992,6080623.543758837,5938729.175656167
5271,17663400.53488917,10941574.225009276,141894.36810266992,6090250.876629431,5948356.508526761
5272,17674256.85988917,10943714.42775409,141894.36810266992,6098961.735726723,5957067.367624054
5273,17682389.934889168,10945873.16794985,141894.36810266992,6104930.807373068,5963036.439270399
5274,17685179.48488917,10948061.917202974,141894.36810266992,6105526.34496205,5963631.9768593805
5275,17685336.90988917,10950360.976758372,141894.36810266992,6105526.34496205,5963631.9768593805
5276,17685336.90988917,10952681.649485279,141894.36810266992,6105526.34496205,5963631.9768593805
5277,17685336.90988917,10954983.867888821,141894.36810266992,6105526.34496205,5963631.9768593805
5278,17685336.90988917,10957265.470651848,141894.36810266992,6105526.34496205,5963631.9768593805
5279,17685336.90988917,10959533.107980978,141894.36810266992,6105526.34496205,5963631.9768593805
5280,17685336.90988917,10961789.606214022,141894.36810266992,6105526.34496205,5963631.9768593805
5281,17685336.90988917,10964030.39333393,141894.36810266992,6105526.34496205,5963631.9768593805
5282,17685336.90988917,10966249.151644418,141894.36810266992,6105526.34496205,5963631.9768593805
5283,17685336.90988917,10968444.135466246,141894.36810266992,6105526.34496205,5963631.9768593805
5284,17685336.90988917,10970636.043567512,141894.36810266992,6105526.34496205,5963631.9768593805
5285,17685345.38488917,10972843.662781915,141894.36810266992,6105526.34496205,5963631.9768593805
5286,17686775.93488917,10975049.86882741,141894.36810266992,6105526.34496205,5963631.9768593805
5287,17693455.88488917,10977253.248535093,141894.36810266992,6105526.34496205,5963631.9768593805
5288,17703761.70988917,10979350.88995755,141894.36810266992,6105526.34496205,5963631.9768593805
5289,17715076.50988917,10981479.95360628,141894.36810266992,6105526.34496205,5963631.9768593805
5290,17726677.80988917,10983656.483104743,141894.36810266992,6108626.610450951,5966732.242348282
5291,17738333.63488917,10985812.396962691,141894.36810266992,6118121.258435109,5976226.890332439
5292,17749914.68488917,10988054.514123924,141894.36810266992,6127454.928115982,5985560.560013312
5293,17761449.75988917,10990174.433738552,141894.36810266992,6136864.820343459,5994970.452240789
5294,17772843.45988917,10992444.897405494,141894.36810266992,6145982.793518623,6004088.425415954
5295,17784068.10988917,10994688.760245964,141894.36810266992,6154958.317520259,6013063.949417589
5296,17794568.259889167,10996952.906216618,141894.36810266992,6163189.05839171,6021294.69028904
5297,17802468.009889167,10999221.956714652,141894.36810266992,6168814.49473578,6026920.12663311
5298,17805168.759889167,11001547.53396894,141894.36810266992,6169184.404323598,6027290.036220929
5299,17805312.759889167,11003860.558958236,141894.36810266992,6169184.404323598,6027290.036220929
5300,17805312.759889167,11006217.558438793,141894.36810266992,6169184.404323598,6027290.036220929
5301,17805312.759889167,11008584.03446378,141894.36810266992,6169184.404323598,6027290.036220929
5302,17805312.759889167,11010931.640527489,141894.36810266992,6169184.404323598,6027290.036220929
5303,17805312.759889167,11013265.2811573,141894.36810266992,6169184.404323598,6027290.036220929
5304,17805312.759889167,11015587.699563444,141894.36810266992,6169184.404323598,6027290.036220929
5305,17805312.759889167,11017889.917966986,141894.36810266992,6169184.404323598,6027290.036220929
5306,17805312.759889167,11020180.58163653,141894.36810266992,6169184.404323598,6027290.036220929
5307,17805312.759889167,11022446.47328642,141894.36810266992,6169184.404323598,6027290.036220929
5308,17805312.759889167,11024684.101558186,141894.36810266992,6169184.404323598,6027290.036220929
5309,17805320.334889166,11026958.056583602,141894.36810266992,6169184.404323598,6027290.036220929
5310,17806685.859889165,11029272.827252135,141894.36810266992,6169184.404323598,6027290.036220929
5311,17813294.034889165,11031626.66788455,141894.36810266992,6169184.404323598,6027290.036220929
5312,17823607.584889166,11034079.347212821,141894.36810266992,6169184.404323598,6027290.036220929
5313,17834927.709889166,11036590.714614497,141894.36810266992,6169184.404323598,6027290.036220929
5314,17846525.934889168,11039130.012883969,141894.36810266992,6169184.404323598,6027290.036220929
5315,17858375.259889167,11041567.313609438,141894.36810266992,6169184.404323598,6027290.036220929
5316,17869874.48488917,11043969.700750163,141894.36810266992,6178275.979024979,6036381.61092231
5317,17881469.33488917,11046337.922454387,141894.36810266992,6187497.34416286,6045602.97606019
5318,17892882.23488917,11048765.829763008,141894.36810266992,6196477.073696344,6054582.705593674
5319,17903891.40988917,11051394.822694238,141894.36810266992,6204851.992607219,6062957.624504549
5320,17914148.184889168,11053808.016420716,141894.36810266992,6212690.310722846,6070795.942620176
5321,17921344.509889167,11056198.18380678,141894.36810266992,6217491.205178887,6075596.837076217
5322,17923766.559889168,11058564.659831768,141894.36810266992,6217541.515996004,6075647.147893335
5323,17923890.759889167,11060987.662613008,141894.36810266992,6217541.515996004,6075647.147893335
5324,17923890.759889167,11063361.786375606,141894.36810266992,6217541.515996004,6075647.147893335
5325,17923890.759889167,11065699.915894885,141894.36810266992,6217541.515996004,6075647.147893335
5326,17923890.759889167,11067998.642939951,141894.36810266992,6217541.515996004,6075647.147893335
5327,17923890.759889167,11070303.604553724,141894.36810266992,6217541.515996004,6075647.147893335
5328,17923890.759889167,11072601.250940217,141894.36810266992,6217541.515996004,6075647.147893335
5329,17923890.759889167,11074903.46934376,141894.36810266992,6217541.515996004,6075647.147893335
5330,17923890.759889167,11077185.072106786,141894.36810266992,6217541.515996004,6075647.147893335
5331,17923890.759889167,11079452.376925584,141894.36810266992,6217541.515996004,6075647.147893335
5332,17923890.759889167,11081715.109727332,141894.36810266992,6217541.515996004,6075647.147893335
5333,17923897.434889168,11084065.459001271,141894.36810266992,6217541.515996004,6075647.147893335
5334,17925162.309889168,11086707.004197493,141894.36810266992,6217541.515996004,6075647.147893335
5335,17931360.98488917,11089499.42595636,141894.36810266992,6217541.515996004,6075647.147893335
5336,17941117.58488917,11092364.085584613,141894.36810266992,6217541.515996004,6075647.147893335
5337,17952034.13488917,11095267.815176746,141894.36810266992,6217541.515996004,6075647.147893335
5338,17963327.484889172,11098116.763691863,141894.36810266992,6217541.515996004,6075647.147893335
5339,17974753.584889174,11100899.708906299,141894.36810266992,6223240.411477732,6081346.043375062
5340,17986131.684889175,11103666.9430076,141894.36810266992,6231846.014218536,6089951.6461158665
5341,17997505.884889174,11106317.549110338,141894.36810266992,6240564.344957903,6098669.976855233
5342,18008813.409889173,11109057.933002418,141894.36810266992,6249126.222907928,6107231.854805258
5343,18020314.321046326,11111796.903725592,141894.36810266992,6257882.900184014,6115988.532081344
5344,18030824.39717385,11114670.624260362,141894.36810266992,6265513.992618873,6123619.624516203
5345,18038559.803606905,11117320.232832108,141894.36810266992,6270594.527322285,6128700.159219615
5346,18041235.944154844,11119969.841403853,141894.36810266992,6270615.796140582,6128721.428037913
5347,18041389.67515583,11122697.673030943,141894.36810266992,6270615.796140582,6128721.428037913
5348,18041389.67515583,11125403.14333828,141894.36810266992,6270615.796140582,6128721.428037913
5349,18041389.67515583,11128090.076194668,141894.36810266992,6270615.796140582,6128721.428037913
5350,18041389.67515583,11130673.3489554,141894.36810266992,6270615.796140582,6128721.428037913
5351,18041389.67515583,11133058.611814084,141894.36810266992,6270615.796140582,6128721.428037913
5352,18041389.67515583,11135424.672201157,141894.36810266992,6270615.796140582,6128721.428037913
5353,18041389.67515583,11137784.830529857,141894.36810266992,6270615.796140582,6128721.428037913
5354,18041389.67515583,11140143.575689651,141894.36810266992,6270615.796140582,6128721.428037913
5355,18041389.67515583,11142478.62948837,141894.36810266992,6270615.796140582,6128721.428037913
5356,18041389.67515583,11144772.784516387,141894.36810266992,6270615.796140582,6128721.428037913
5357,18041397.008991633,11147104.34695663,141894.36810266992,6270615.796140582,6128721.428037913
5358,18042758.205358148,11149919.79505591,141894.36810266992,6270615.796140582,6128721.428037913
5359,18049652.251467403,11152929.013550518,141894.36810266992,6270615.796140582,6128721.428037913
5360,18059479.237839814,11155840.474007845,141894.36810266992,6270615.796140582,6128721.428037913
5361,18070947.78895435,11158627.99123933,141894.36810266992,6270615.796140582,6128721.428037913
5362,18082321.521421235,11161327.47636071,141894.36810266992,6270615.796140582,6128721.428037913
5363,18093921.342730395,11164005.348310582,141894.36810266992,6276133.071746644,6134238.703643974
5364,18104851.2047719,11166706.5791112,141894.36810266992,6284356.439829634,6142462.071726964
5365,18116456.6732956,11169300.658457685,141894.36810266992,6293362.565848953,6151468.197746283
5366,18127550.80994266,11171901.388010789,141894.36810266992,6301850.709785016,6159956.341682347
5367,18138890.850400176,11174539.774358867,141894.36810266992,6310547.100736559,6168652.73263389
5368,18148677.41365145,11177266.19281705,141894.36810266992,6317601.982371759,6175707.614269089
5369,18155777.389299788,11180011.065598596,141894.36810266992,6321951.822080654,6180057.453977984
5370,18158150.866957814,11182825.10052897,141894.36810266992,6321951.822080654,6180057.453977984
5371,18158279.515043262,11185512.033385359,141894.36810266992,6321951.822080654,6180057.453977984
5372,18158279.515043262,11188122.15635531,141894.36810266992,6321951.822080654,6180057.453977984
5373,18158279.515043262,11190661.787135111,141894.36810266992,6321951.822080654,6180057.453977984
5374,18158279.515043262,11192946.54874628,141894.36810266992,6321951.822080654,6180057.453977984
5375,18158279.515043262,11195232.723526357,141894.36810266992,6321951.822080654,6180057.453977984
5376,18158279.515043262,11197501.774024392,141894.36810266992,6321951.822080654,6180057.453977984
5377,18158279.515043262,11199745.636864861,141894.36810266992,6321951.822080654,6180057.453977984
5378,18158279.515043262,11201956.331799824,141894.36810266992,6321951.822080654,6180057.453977984
5379,18158279.515043262,11204140.509035898,141894.36810266992,6321951.822080654,6180057.453977984
5380,18158279.515043262,11206319.781744592,141894.36810266992,6321951.822080654,6180057.453977984
5381,18158286.38367383,11208535.381206935,141894.36810266992,6321951.822080654,6180057.453977984
5382,18159566.75933629,11210796.368329447,141894.36810266992,6321951.822080654,6180057.453977984
5383,18165932.63207622,11213107.980149837,141894.36810266992,6321951.822080654,6180057.453977984
5384,18176125.501309764,11215380.189496016,141894.36810266992,6321951.822080654,6180057.453977984
5385,18187024.45084501,11217614.658919638,141894.36810266992,6321951.822080654,6180057.453977984
5386,18197851.856205728,11219765.668250205,141894.36810266992,6321951.822080654,6180057.453977984
5387,18209610.810741007,11221788.245465463,141894.36810266992,6331023.401443069,6189129.033340399
5388,18221387.295267858,11223860.699230356,141894.36810266992,6340722.169047133,6198827.800944463
5389,18232249.497195575,11225895.496200275,141894.36810266992,6349544.310847037,6207649.942744367
5390,18243642.72472178,11227982.247909395,141894.36810266992,6349544.310847037,6207649.942744367
5391,18254722.500165258,11229952.787257869,141894.36810266992,6349544.310847037,6207649.942744367
5392,18265121.01048072,11231998.723323872,141894.36810266992,6349544.310847037,6207649.942744367
5393,18272663.572386555,11234137.512899779,141894.36810266992,6349544.310847037,6207649.942744367
5394,18275540.40855618,11236394.343643153,141894.36810266992,6349544.310847037,6207649.942744367
5395,18275700.766932297,11238731.143121108,141894.36810266992,6349544.310847037,6207649.942744367
5396,18275700.766932297,11241039.596093355,141894.36810266992,6349544.310847037,6207649.942744367
5397,18275700.766932297,11243294.34864716,141894.36810266992,6349544.310847037,6207649.942744367
5398,18275700.766932297,11245514.852636885,141894.36810266992,6349544.310847037,6207649.942744367
5399,18275700.766932297,11247708.50641739,141894.36810266992,6349544.310847037,6207649.942744367
5400,18275700.766932297,11249881.87706771,141894.36810266992,6349544.310847037,6207649.942744367
5401,18275700.766932297,11252040.9497738,141894.36810266992,6349544.310847037,6207649.942744367
5402,18275700.766932297,11254190.54593546,141894.36810266992,6349544.310847037,6207649.942744367
5403,18275700.766932297,11256303.898471052,141894.36810266992,6349544.310847037,6207649.942744367
5404,18275700.766932297,11258395.222197223,141894.36810266992,6349544.310847037,6207649.942744367
5405,18275711.08578305,11260524.618356282,141894.36810266992,6349544.310847037,6207649.942744367
5406,18277163.709896717,11262702.893533982,141894.36810266992,6349544.310847037,6207649.942744367
5407,18284558.85629765,11264945.426333128,141894.36810266992,6349544.310847037,6207649.942744367
5408,18295602.857625045,11267178.150077512,141894.36810266992,6349544.310847037,6207649.942744367
5409,18307641.183343105,11269354.347065644,141894.36810266992,6349544.310847037,6207649.942744367
5410,18320089.662544448,11271459.968736043,141894.36810266992,6349544.310847037,6207649.942744367
5411,18331961.954181068,11273519.870235944,141894.36810266992,6349544.310847037,6207649.942744367
5412,18344119.24958436,11275551.84086805,141894.36810266992,6349544.310847037,6207649.942744367
5413,18355825.323233422,11277814.573669799,141894.36810266992,6349544.310847037,6207649.942744367
5414,18367833.006365377,11280108.728697816,141894.36810266992,6349544.310847037,6207649.942744367
5415,18379819.961940426,11282457.747930432,141894.36810266992,6349544.310847037,6207649.942744367
5416,18390860.047389533,11284902.779521093,141894.36810266992,6349544.310847037,6207649.942744367
5417,18398827.936118133,11287470.34116869,141894.36810266992,6349544.310847037,6207649.942744367
5418,18401733.962354206,11290127.597478047,141894.36810266992,6349544.310847037,6207649.942744367
5419,18401890.560918447,11292852.602767324,141894.36810266992,6349544.310847037,6207649.942744367
5420,18401890.560918447,11295550.75784738,141894.36810266992,6349544.310847037,6207649.942744367
5421,18401890.560918447,11298173.433082324,141894.36810266992,6349544.310847037,6207649.942744367
5422,18401890.560918447,11300582.470429666,141894.36810266992,6349544.310847037,6207649.942744367
5423,18401890.560918447,11302953.767854452,141894.36810266992,6349544.310847037,6207649.942744367
5424,18401890.560918447,11305288.82165317,141894.36810266992,6349544.310847037,6207649.942744367
5425,18401890.560918447,11307620.716603745,141894.36810266992,6349544.310847037,6207649.942744367
5426,18401890.560918447,11309933.74159304,141894.36810266992,6349544.310847037,6207649.942744367
5427,18401890.560918447,11312229.642300295,141894.36810266992,6349544.310847037,6207649.942744367
5428,18401890.560918447,11314509.831894414,141894.36810266992,6349544.310847037,6207649.942744367
5429,18401905.062313423,11316827.42890076,141894.36810266992,6349544.310847037,6207649.942744367
5430,18403579.08673104,11319143.280227868,141894.36810266992,6349544.310847037,6207649.942744367
5431,18411230.599263832,11321453.478879351,141894.36810266992,6349544.310847037,6207649.942744367
5432,18422566.238400906,11323662.84377299,141894.36810266992,6349544.310847037,6207649.942744367
5433,18434422.776095327,11325859.573274055,141894.36810266992,6349544.310847037,6207649.942744367
5434,18446892.22513535,11328051.481375322,141894.36810266992,6349544.310847037,6207649.942744367
5435,18459353.16894616,11330235.658611396,141894.36810266992,6349544.310847037,6207649.942744367
5436,18472070.714624427,11332400.965886192,141894.36810266992,6349544.310847037,6207649.942744367
5437,18484669.703674454,11334509.746404735,141894.36810266992,6349544.310847037,6207649.942744367
5438,18496713.075332,11336742.47014912,141894.36810266992,6349544.310847037,6207649.942744367
5439,18508609.777758118,11338973.780724598,141894.36810266992,6349544.310847037,6207649.942744367
5440,18520039.100905605,11341291.377730943,141894.36810266992,6349544.310847037,6207649.942744367
5441,18528860.585558094,11343752.12043474,141894.36810266992,6349544.310847037,6207649.942744367
5442,18531931.389519848,11346354.263156751,141894.36810266992,6349544.310847037,6207649.942744367
5443,18532129.72199602,11349025.484900005,141894.36810266992,6349544.310847037,6207649.942744367
5444,18532129.72199602,11351677.83668198,141894.36810266992,6349544.310847037,6207649.942744367
5445,18532129.72199602,11354325.367064158,141894.36810266992,6349544.310847037,6207649.942744367
5446,18532129.72199602,11356890.102373943,141894.36810266992,6349544.310847037,6207649.942744367
5447,18532129.72199602,11359257.908440255,141894.36810266992,6349544.310847037,6207649.942744367
5448,18532129.72199602,11361608.673352107,141894.36810266992,6349544.310847037,6207649.942744367
5449,18532129.72199602,11363953.453078004,141894.36810266992,6349544.310847037,6207649.942744367
5450,18532129.72199602,11366282.189180434,141894.36810266992,6349544.310847037,6207649.942744367
5451,18532129.72199602,11368612.338451771,141894.36810266992,6349544.310847037,6207649.942744367
5452,18532129.72199602,11370933.426816592,141894.36810266992,6349544.310847037,6207649.942744367
5453,18532140.10997209,11373292.171976386,141894.36810266992,6349544.310847037,6207649.942744367
5454,18533639.440432385,11375666.628249316,141894.36810266992,6349544.310847037,6207649.942744367
5455,18540627.12122586,11378124.212104969,141894.36810266992,6349544.310847037,6207649.942744367
5456,18551285.389684655,11380578.96962281,141894.36810266992,6349544.310847037,6207649.942744367
5457,18563257.75468323,11382904.546877097,141894.36810266992,6349544.310847037,6207649.942744367
5458,18575653.916056324,11385161.045110142,141894.36810266992,6351420.12594518,6209525.75784251
5459,18587516.360697504,11387362.679138588,141894.36810266992,6361075.673400018,6219181.305297349
5460,18599924.737142157,11389545.443205755,141894.36810266992,6371296.022619608,6229401.654516938
5461,18611734.249635335,11391781.658308614,141894.36810266992,6380864.056852031,6238969.688749361
5462,18624078.366414454,11394036.743372751,141894.36810266992,6390947.825409117,6249053.457306447
5463,18635781.903506137,11396382.603757223,141894.36810266992,6400300.238958432,6258405.870855763
5464,18647119.995713074,11398881.003255993,141894.36810266992,6409134.668508704,6267240.300406034
5465,18655597.33240861,11401567.603602052,141894.36810266992,6414920.141700287,6273025.773597618
5466,18658443.34254385,11404184.04426829,141894.36810266992,6415144.448011393,6273250.079908723
5467,18658597.068800773,11406891.592765193,141894.36810266992,6415144.448011393,6273250.079908723
5468,18658597.068800773,11409578.858131913,141894.36810266992,6415144.448011393,6273250.079908723
5469,18658597.068800773,11412248.33419593,141894.36810266992,6415144.448011393,6273250.079908723
5470,18658597.068800773,11414783.060448352,141894.36810266992,6415144.448011393,6273250.079908723
5471,18658597.068800773,11417158.929890187,141894.36810266992,6415144.448011393,6273250.079908723
5472,18658597.068800773,11419522.247067032,141894.36810266992,6415144.448011393,6273250.079908723
5473,18658597.068800773,11421880.992226826,141894.36810266992,6415144.448011393,6273250.079908723
5474,18658597.068800773,11424223.693763155,141894.36810266992,6415144.448011393,6273250.079908723
5475,18658597.068800773,11426566.727809815,141894.36810266992,6415144.448011393,6273250.079908723
5476,18658597.068800773,11428908.016177237,141894.36810266992,6415144.448011393,6273250.079908723
5477,18658607.231453776,11431360.69550551,141894.36810266992,6415144.448011393,6273250.079908723
5478,18660173.453374907,11434042.723834516,141894.36810266992,6415144.448011393,6273250.079908723
5479,18666800.194705695,11436778.535709547,141894.36810266992,6415144.448011393,6273250.079908723
5480,18676878.19252285,11439493.731944062,141894.36810266992,6415144.448011393,6273250.079908723
5481,18688100.59082725,11442098.617876302,141894.36810266992,6415144.448011393,6273250.079908723
5482,18700117.480430618,11444634.75729763,141894.36810266992,6415144.448011393,6273250.079908723
5483,18712031.53656444,11447133.1567964,141894.36810266992,6422682.76246953,6280788.39436686
5484,18723552.422965523,11449732.140670266,141894.36810266992,6431599.40183885,6289705.0337361805
5485,18734263.52738615,11452303.193676338,141894.36810266992,6439734.190095511,6297839.821992842
5486,18745663.881882828,11454839.665607996,141894.36810266992,6448592.809502636,6306698.441399966
5487,18755461.24251962,11457399.163880069,141894.36810266992,6455825.408709463,6313931.040606793
5488,18764921.43932995,11459960.407831378,141894.36810266992,6462719.098410586,6320824.730307916
5489,18772113.903398175,11462604.779365413,141894.36810266992,6467261.927786883,6325367.559684213
5490,18774862.807074193,11465357.383012153,141894.36810266992,6467261.927786883,6325367.559684213
5491,18775022.767798685,11468148.059091782,141894.36810266992,6467261.927786883,6325367.559684213
5492,18775022.767798685,11470889.85615277,141894.36810266992,6467261.927786883,6325367.559684213
5493,18775022.767798685,11473622.176669326,141894.36810266992,6467261.927786883,6325367.559684213
5494,18775022.767798685,11476235.12597709,141894.36810266992,6467261.927786883,6325367.559684213
5495,18775022.767798685,11478642.417645195,141894.36810266992,6467261.927786883,6325367.559684213
5496,18775022.767798685,11481033.665689835,141894.36810266992,6467261.927786883,6325367.559684213
5497,18775022.767798685,11483412.693979815,141894.36810266992,6467261.927786883,6325367.559684213
5498,18775022.767798685,11485788.56342165,141894.36810266992,6467261.927786883,6325367.559684213
5499,18775022.767798685,11488174.241918247,141894.36810266992,6467261.927786883,6325367.559684213
5500,18775022.767798685,11490834.657075748,141894.36810266992,6467261.927786883,6325367.559684213
5501,18775030.711375073,11493526.494459517,141894.36810266992,6467261.927786883,6325367.559684213
5502,18776335.17363295,11496266.878351597,141894.36810266992,6467261.927786883,6325367.559684213
5503,18783165.673899103,11499066.947848074,141894.36810266992,6467261.927786883,6325367.559684213
5504,18793542.749702603,11501854.132569227,141894.36810266992,6467261.927786883,6325367.559684213
5505,18804657.773647312,11504503.408630643,141894.36810266992,6467261.927786883,6325367.559684213
5506,18815811.011551905,11507058.418013249,141894.36810266992,6467261.927786883,6325367.559684213
5507,18828019.012545153,11509550.582943315,141894.36810266992,6472974.637170056,6331080.269067386
5508,18839099.236392498,11512019.305895053,141894.36810266992,6481580.874907768,6339686.506805099
5509,18850859.668492764,11514451.702093141,141894.36810266992,6490903.647652051,6349009.279549382
5510,18862491.61327319,11516932.977309871,141894.36810266992,6500049.05405785,6358154.68595518
5511,18873877.515339896,11519486.573523572,141894.36810266992,6508876.096752964,6366981.728650294
5512,18884342.790117525,11522090.46192482,141894.36810266992,6516732.219971452,6374837.851868782
5513,18891647.243549973,11524848.302609272,141894.36810266992,6521273.569561553,6379379.2014588835
5514,18894010.814912014,11527653.276633129,141894.36810266992,6521273.569561553,6379379.2014588835
5515,18894129.441117775,11530501.892637916,141894.36810266992,6521273.569561553,6379379.2014588835
5516,18894129.441117775,11533269.126739217,141894.36810266992,6521273.569561553,6379379.2014588835
5517,18894129.441117775,11536002.860424679,141894.36810266992,6521273.569561553,6379379.2014588835
5518,18894129.441117775,11538590.622074878,141894.36810266992,6521273.569561553,6379379.2014588835
5519,18894129.441117775,11541178.799362991,141894.36810266992,6521273.569561553,6379379.2014588835
5520,18894129.441117775,11543828.075424407,141894.36810266992,6521273.569561553,6379379.2014588835
5521,18894129.441117775,11546469.288110297,141894.36810266992,6521273.569561553,6379379.2014588835
5522,18894129.441117775,11549101.10737934,141894.36810266992,6521273.569561553,6379379.2014588835
5523,18894129.441117775,11551728.354631333,141894.36810266992,6521273.569561553,6379379.2014588835
5524,18894129.441117775,11554369.899827555,141894.36810266992,6521273.569561553,6379379.2014588835
5525,18894137.698758043,11557064.896059468,141894.36810266992,6521273.569561553,6379379.2014588835
5526,18895535.05180816,11559847.508763572,141894.36810266992,6521273.569561553,6379379.2014588835
5527,18901891.231703475,11562701.02929574,141894.36810266992,6521273.569561553,6379379.2014588835
5528,18912100.61328951,11565581.400037128,141894.36810266992,6521273.569561553,6379379.2014588835
5529,18922903.107292764,11568296.596271643,141894.36810266992,6521273.569561553,6379379.2014588835
5530,18934006.02166585,11570895.58014551,141894.36810266992,6521273.569561553,6379379.2014588835
5531,18945654.01491578,11573428.560718693,141894.36810266992,6523275.665440349,6381381.297337679
5532,18957100.461218227,11576057.553649923,141894.36810266992,6532087.85565367,6390193.487551
5533,18968467.301990345,11578735.093089463,141894.36810266992,6540771.893828353,6398877.525725683
5534,18980049.944660448,11581255.521397656,141894.36810266992,6549828.845032367,6407934.476929697
5535,18991531.875927757,11583923.584292766,141894.36810266992,6558637.450246671,6416743.0821440015
5536,19001684.684170064,11586645.098223567,141894.36810266992,6566063.481400281,6424169.1132976115
5537,19009261.671136808,11589446.913399281,141894.36810266992,6570833.390033417,6428939.021930748
5538,19011904.93966075,11592265.852857035,141894.36810266992,6570833.390033417,6428939.021930748
5539,19012047.335946366,11595061.35033646,141894.36810266992,6570833.390033417,6428939.021930748
5540,19012047.335946366,11597694.91528474,141894.36810266992,6570833.390033417,6428939.021930748
5541,19012047.335946366,11600171.369101672,141894.36810266992,6570833.390033417,6428939.021930748
5542,19012047.335946366,11602894.62871171,141894.36810266992,6570833.390033417,6428939.021930748
5543,19012047.335946366,11605600.431529377,141894.36810266992,6570833.390033417,6428939.021930748
5544,19012047.335946366,11608291.936402814,141894.36810266992,6570833.390033417,6428939.021930748
5545,19012047.335946366,11610973.964731822,141894.36810266992,6570833.390033417,6428939.021930748
5546,19012047.335946366,11613631.221041178,141894.36810266992,6570833.390033417,6428939.021930748
5547,19012047.335946366,11616293.381877916,141894.36810266992,6570833.390033417,6428939.021930748
5548,19012047.335946366,11618966.349300407,141894.36810266992,6570833.390033417,6428939.021930748
5549,19012063.92250637,11621686.450062303,141894.36810266992,6570833.390033417,6428939.021930748
5550,19013716.795609742,11624473.967293788,141894.36810266992,6570833.390033417,6428939.021930748
5551,19020402.798917558,11627333.389884328,141894.36810266992,6570833.390033417,6428939.021930748
5552,19030874.354307335,11630152.329342082,141894.36810266992,6570833.390033417,6428939.021930748
5553,19042117.757089935,11632854.973311605,141894.36810266992,6570833.390033417,6428939.021930748
5554,19053953.214989837,11635494.772828588,141894.36810266992,6570833.390033417,6428939.021930748
5555,19065271.73655292,11638092.34353355,141894.36810266992,6574830.645786075,6432936.277683405
5556,19077374.160941962,11640653.587484859,141894.36810266992,6584366.5630659135,6442472.194963244
5557,19089001.092586152,11643282.247905757,141894.36810266992,6593359.571131309,6451465.203028639
5558,19100255.602383815,11646038.342910971,141894.36810266992,6601852.722765862,6459958.354663192
5559,19111699.38902127,11648749.05025602,141894.36810266992,6610580.5389003735,6468686.170797704
5560,19122945.35619496,11651577.050620291,141894.36810266992,6618993.242551898,6477098.874449228
5561,19131439.587592818,11654397.735757284,141894.36810266992,6624661.525654868,6482767.1575521985
5562,19134584.1275065,11657248.097441308,141894.36810266992,6624950.440726629,6483056.07262396
5563,19134795.723486867,11660083.080522528,141894.36810266992,6624950.440726629,6483056.07262396
5564,19134795.723486867,11662862.534378488,141894.36810266992,6624950.440726629,6483056.07262396
5565,19134795.723486867,11665620.37506294,141894.36810266992,6624950.440726629,6483056.07262396
5566,19134795.723486867,11668333.825618219,141894.36810266992,6624950.440726629,6483056.07262396
5567,19134795.723486867,11671058.498397164,141894.36810266992,6624950.440726629,6483056.07262396
5568,19134795.723486867,11673764.301214831,141894.36810266992,6624950.440726629,6483056.07262396
5569,19134795.723486867,11676465.199505117,141894.36810266992,6624950.440726629,6483056.07262396
5570,19134795.723486867,11679119.29696633,141894.36810266992,6624950.440726629,6483056.07262396
5571,19134795.723486867,11681753.19442494,141894.36810266992,6624950.440726629,6483056.07262396
5572,19134795.723486867,11684399.311638212,141894.36810266992,6624950.440726629,6483056.07262396
5573,19134804.150287293,11687078.59675699,141894.36810266992,6624950.440726629,6483056.07262396
5574,19136238.412074853,11689829.787234824,141894.36810266992,6624950.440726629,6483056.07262396
5575,19142934.564106897,11692609.241090784,141894.36810266992,6624950.440726629,6483056.07262396
5576,19153011.10800298,11695271.06941719,141894.36810266992,6624950.440726629,6483056.07262396
5577,19164413.243183393,11697786.593198001,141894.36810266992,6624950.440726629,6483056.07262396
5578,19176151.55797683,11700205.023962192,141894.36810266992,6624950.440726629,6483056.07262396
5579,19187643.529849466,11702579.14772479,141894.36810266992,6629278.592770231,6487384.224667561
5580,19199746.58955556,11704906.470658315,141894.36810266992,6639049.066384907,6497154.698282237
5581,19210765.71194348,11707206.94338262,141894.36810266992,6647762.452890627,6505868.084787957
5582,19222202.815860942,11709524.872899298,141894.36810266992,6656876.364133515,6514981.996030846
5583,19233702.189990923,11711886.776907235,141894.36810266992,6666008.571097662,6524114.202994992
5584,19244161.08718152,11714305.207671426,141894.36810266992,6674043.774366175,6532149.406263505
5585,19252175.571289774,11716831.870548323,141894.36810266992,6679526.33243964,6537631.96433697
5586,19254854.096431,11719454.213272935,141894.36810266992,6679577.251698358,6537682.883595688
5587,19255005.00850967,11722160.016090602,141894.36810266992,6679577.251698358,6537682.883595688
5588,19255005.00850967,11724816.939889627,141894.36810266992,6679577.251698358,6537682.883595688
5589,19255005.00850967,11727180.257066472,141894.36810266992,6679577.251698358,6537682.883595688
5590,19255005.00850967,11729474.412094489,141894.36810266992,6679577.251698358,6537682.883595688
5591,19255005.00850967,11731723.17946234,141894.36810266992,6679577.251698358,6537682.883595688
5592,19255005.00850967,11733952.74435858,141894.36810266992,6679577.251698358,6537682.883595688
5593,19255005.00850967,11736160.696083313,141894.36810266992,6679577.251698358,6537682.883595688
5594,19255005.00850967,11738341.714471243,141894.36810266992,6679577.251698358,6537682.883595688
5595,19255005.00850967,11740497.628329191,141894.36810266992,6679577.251698358,6537682.883595688
5596,19255005.00850967,11742664.681283224,141894.36810266992,6679577.251698358,6537682.883595688
5597,19255015.60276223,11744860.080742966,141894.36810266992,6679577.251698358,6537682.883595688
5598,19256600.758320022,11747064.541109225,141894.36810266992,6679577.251698358,6537682.883595688
5599,19263645.640518475,11749247.305176392,141894.36810266992,6679577.251698358,6537682.883595688
5600,19273883.40655008,11751315.270051818,141894.36810266992,6679577.251698358,6537682.883595688
5601,19285574.92130431,11753243.580588268,141894.36810266992,6679577.251698358,6537682.883595688
5602,19297465.513175715,11755052.436788343,141894.36810266992,6683736.845396941,6541842.477294271
5603,19310092.171812266,11756806.179401072,141894.36810266992,6694604.498262867,6552710.130160198
5604,19322600.007085692,11758536.147525141,141894.36810266992,6705377.102254328,6563482.734151659
5605,19334034.215337202,11760256.722232362,141894.36810266992,6715085.47264072,6573191.1045380505
5606,19346451.824357208,11762004.147148805,141894.36810266992,6725750.393586389,6583856.025483719
5607,19358198.720755324,11763759.63544077,141894.36810266992,6735736.538534643,6593842.170431973
5608,19369011.202217285,11765645.634037614,141894.36810266992,6744657.758241867,6602763.390139197
5609,19377341.61488746,11767688.411255473,141894.36810266992,6750940.13053629,6609045.76243362
5610,19380016.275106966,11769916.562982809,141894.36810266992,6751381.375870565,6609487.007767895
5611,19380176.7447199,11772220.194555257,141894.36810266992,6751381.375870565,6609487.007767895
5612,19380176.7447199,11774525.156169029,141894.36810266992,6751381.375870565,6609487.007767895
5613,19380176.7447199,11776792.793498158,141894.36810266992,6751381.375870565,6609487.007767895
5614,19380176.7447199,11779014.710656788,141894.36810266992,6751381.375870565,6609487.007767895
5615,19380176.7447199,11781214.931516327,141894.36810266992,6751381.375870565,6609487.007767895
5616,19380176.7447199,11783397.363073163,141894.36810266992,6751381.375870565,6609487.007767895
5617,19380176.7447199,11785557.84894816,141894.36810266992,6751381.375870565,6609487.007767895
5618,19380176.7447199,11787687.245107219,141894.36810266992,6751381.375870565,6609487.007767895
5619,19380176.7447199,11789796.025625762,141894.36810266992,6751381.375870565,6609487.007767895
5620,19380176.7447199,11791899.901616924,141894.36810266992,6751381.375870565,6609487.007767895
5621,19380185.16938104,11794014.999831753,141894.36810266992,6751381.375870565,6609487.007767895
5622,19381670.42950567,11796138.078294525,141894.36810266992,6751381.375870565,6609487.007767895
5623,19388056.302906007,11798241.954285687,141894.36810266992,6751381.375870565,6609487.007767895
5624,19398171.04516572,11800338.18253924,141894.36810266992,6751381.375870565,6609487.007767895
5625,19408974.16882423,11802467.578698298,141894.36810266992,6751381.375870565,6609487.007767895
5626,19420454.878505137,11804590.324650738,141894.36810266992,6754431.194117905,6612536.826015235
5627,19431977.305503707,11806644.324092267,141894.36810266992,6763894.358517052,6621999.990414382
5628,19443564.27985439,11808845.625610381,141894.36810266992,6773274.768191727,6631380.400089057
5629,19454589.778879024,11811166.713975202,141894.36810266992,6781973.915693646,6640079.547590977
5630,19465592.564021897,11813488.799871014,141894.36810266992,6790649.351782812,6648754.983680142
5631,19476557.124514326,11815910.056973018,141894.36810266992,6799187.392015343,6657293.023912673
5632,19487520.624008864,11818457.33549043,141894.36810266992,6807598.349834572,6665703.981731902
5633,19495637.342712186,11821009.518535223,141894.36810266992,6813157.622335205,6671263.254232535
5634,19498234.044146586,11823591.378127048,141894.36810266992,6813167.201019883,6671272.832917213
5635,19498374.715752833,11826243.729909023,141894.36810266992,6813167.201019883,6671272.832917213
5636,19498374.715752833,11828875.549178066,141894.36810266992,6813167.201019883,6671272.832917213
5637,19498374.715752833,11831493.40301321,141894.36810266992,6813167.201019883,6671272.832917213
5638,19498374.715752833,11834038.935851386,141894.36810266992,6813167.201019883,6671272.832917213
5639,19498374.715752833,11836391.446442476,141894.36810266992,6813167.201019883,6671272.832917213
5640,19498374.715752833,11838753.017940082,141894.36810266992,6813167.201019883,6671272.832917213
5641,19498374.715752833,11841114.92194802,141894.36810266992,6813167.201019883,6671272.832917213
5642,19498374.715752833,11843451.721425975,141894.36810266992,6813167.201019883,6671272.832917213
5643,19498374.715752833,11845778.711849168,141894.36810266992,6813167.201019883,6671272.832917213
5644,19498374.715752833,11848113.765647886,141894.36810266992,6813167.201019883,6671272.832917213
5645,19498385.62623488,11850508.505051,141894.36810266992,6813167.201019883,6671272.832917213
5646,19499862.607412983,11853176.983584024,141894.36810266992,6813167.201019883,6671272.832917213
5647,19506416.540668566,11855857.681871708,141894.36810266992,6813167.201019883,6671272.832917213
5648,19515655.880708583,11858549.519255478,141894.36810266992,6813167.201019883,6671272.832917213
5649,19526214.50789288,11861228.804374255,141894.36810266992,6813167.201019883,6671272.832917213
5650,19537849.54731059,11863719.223625084,141894.36810266992,6813167.201019883,6671272.832917213
5651,19549445.367522184,11866113.963028198,141894.36810266992,6818773.853009563,6676879.484906893
5652,19560964.60860995,11868617.26705435,141894.36810266992,6827784.52691328,6685890.15881061
5653,19571944.93601292,11871037.110987445,141894.36810266992,6836339.747225261,6694445.379122592
5654,19582705.86339404,11873665.771408344,141894.36810266992,6844466.751027586,6702572.382924916
5655,19593468.00097568,11876233.665566271,141894.36810266992,6852655.731293403,6710761.363190733
5656,19603411.1289571,11878853.265080653,141894.36810266992,6859973.9966025455,6718079.628499876
5657,19611114.40159085,11881526.232503144,141894.36810266992,6864999.038655909,6723104.670553239
5658,19613672.701386314,11884293.466604445,141894.36810266992,6864999.038655909,6723104.670553239
5659,19613835.71331212,11887063.859553888,141894.36810266992,6864999.038655909,6723104.670553239
5660,19613835.71331212,11889767.916692318,141894.36810266992,6864999.038655909,6723104.670553239
5661,19613835.71331212,11892409.46188854,141894.36810266992,6864999.038655909,6723104.670553239
5662,19613835.71331212,11894819.912404789,141894.36810266992,6864999.038655909,6723104.670553239
5663,19613835.71331212,11897206.920942709,141894.36810266992,6864999.038655909,6723104.670553239
5664,19613835.71331212,11899570.238119554,141894.36810266992,6864999.038655909,6723104.670553239
5665,19613835.71331212,11901927.570110442,141894.36810266992,6864999.038655909,6723104.670553239
5666,19613835.71331212,11904273.763005245,141894.36810266992,6864999.038655909,6723104.670553239
5667,19613835.71331212,11906609.149314294,141894.36810266992,6864999.038655909,6723104.670553239
5668,19613835.71331212,11908937.552906394,141894.36810266992,6864999.038655909,6723104.670553239
5669,19613851.331997123,11911363.714535778,141894.36810266992,6864999.038655909,6723104.670553239
5670,19615512.329689484,11914083.815297674,141894.36810266992,6864999.038655909,6723104.670553239
5671,19622786.69107525,11916824.199189754,141894.36810266992,6864999.038655909,6723104.670553239
5672,19632880.449455325,11919575.38966759,141894.36810266992,6864999.038655909,6723104.670553239
5673,19644476.674437705,11922194.989181971,141894.36810266992,6864999.038655909,6723104.670553239
5674,19655969.100463945,11924675.93188837,141894.36810266992,6864999.038655909,6723104.670553239
5675,19666920.91579818,11927083.223556476,141894.36810266992,6872139.14733944,6730244.77923677
5676,19678321.8778176,11929433.988468328,141894.36810266992,6881184.081289115,6739289.713186446
5677,19689604.05747913,11931764.470249997,141894.36810266992,6890130.516011081,6748236.147908411
5678,19701614.228122357,11934112.076313706,141894.36810266992,6899787.817432704,6757893.449330035
5679,19713564.978692617,11936513.050285524,141894.36810266992,6909332.330873252,6767437.962770582
5680,19725077.199774187,11938937.798746001,141894.36810266992,6918414.54033645,6776520.17223378
5681,19733949.556462154,11941475.351336235,141894.36810266992,6924744.081276288,6782849.713173619
5682,19737090.190322798,11944120.0553806,141894.36810266992,6925234.747934674,6783340.379832004
5683,19737303.87090191,11946785.04255515,141894.36810266992,6925234.747934674,6783340.379832004
5684,19737303.87090191,11949142.042035706,141894.36810266992,6925234.747934674,6783340.379832004
5685,19737303.87090191,11951398.124630837,141894.36810266992,6925234.747934674,6783340.379832004
5686,19737303.87090191,11953618.29611023,141894.36810266992,6925234.747934674,6783340.379832004
5687,19737303.87090191,11955811.949890735,141894.36810266992,6925234.747934674,6783340.379832004
5688,19737303.87090191,11957981.82918258,141894.36810266992,6925234.747934674,6783340.379832004
5689,19737303.87090191,11960145.39077814,141894.36810266992,6925234.747934674,6783340.379832004
5690,19737303.87090191,11962287.33920219,141894.36810266992,6925234.747934674,6783340.379832004
5691,19737303.87090191,11964364.364984132,141894.36810266992,6925234.747934674,6783340.379832004
5692,19737303.87090191,11966403.98335385,141894.36810266992,6925234.747934674,6783340.379832004
5693,19737311.256798647,11968474.691439506,141894.36810266992,6925234.747934674,6783340.379832004
5694,19738671.31177195,11970604.087598564,141894.36810266992,6925234.747934674,6783340.379832004
5695,19745481.0141927,11973052.194909787,141894.36810266992,6925234.747934674,6783340.379832004
5696,19755789.227912012,11975630.563143138,141894.36810266992,6925234.747934674,6783340.379832004
5697,19767112.503802978,11978166.702564465,141894.36810266992,6925234.747934674,6783340.379832004
5698,19778518.319645822,11980724.4551573,141894.36810266992,6927307.758709804,6785413.390607134
5699,19789785.24508302,11983152.02995559,141894.36810266992,6936141.846190818,6794247.478088148
5700,19801130.70978996,11985556.495285884,141894.36810266992,6945077.582409573,6803183.214306903
5701,19813253.328560907,11987949.48900976,141894.36810266992,6954801.944298749,6812907.576196079
5702,19824305.367373545,11990637.835035056,141894.36810266992,6963160.373928196,6821266.005825526
5703,19835156.223769296,11993276.221383134,141894.36810266992,6971367.580817974,6829473.212715304
5704,19845296.54597612,11995771.462033762,141894.36810266992,6979007.399216276,6837113.031113606
5705,19852137.275174912,11998153.649171883,141894.36810266992,6983460.678119049,6841566.31001638
5706,19854457.085355464,12000498.09638745,141894.36810266992,6983460.678119049,6841566.31001638
5707,19854578.43724583,12002863.159243532,141894.36810266992,6983460.678119049,6841566.31001638
5708,19854578.43724583,12005173.025384683,141894.36810266992,6983460.678119049,6841566.31001638
5709,19854578.43724583,12007442.075882718,141894.36810266992,6983460.678119049,6841566.31001638
5710,19854578.43724583,12009675.132137433,141894.36810266992,6983460.678119049,6841566.31001638
5711,19854578.43724583,12011881.338182928,141894.36810266992,6983460.678119049,6841566.31001638
5712,19854578.43724583,12014038.997720113,141894.36810266992,6983460.678119049,6841566.31001638
5713,19854578.43724583,12016166.315689603,141894.36810266992,6983460.678119049,6841566.31001638
5714,19854578.43724583,12018228.295379072,141894.36810266992,6983460.678119049,6841566.31001638
5715,19854578.43724583,12020277.39029322,141894.36810266992,6983460.678119049,6841566.31001638
5716,19854578.43724583,12022325.07203846,141894.36810266992,6983460.678119049,6841566.31001638
5717,19854586.13504554,12024408.748027021,141894.36810266992,6983460.678119049,6841566.31001638
5718,19855951.90862237,12026552.109619977,141894.36810266992,6983460.678119049,6841566.31001638
5719,19862704.81550325,12028766.295913415,141894.36810266992,6983460.678119049,6841566.31001638
5720,19872870.1081133,12031008.413074648,141894.36810266992,6983460.678119049,6841566.31001638
5721,19884321.81898135,12033180.03804573,141894.36810266992,6983460.678119049,6841566.31001638
5722,19896394.483922508,12035282.9165059,141894.36810266992,6987866.527290038,6845972.159187368
5723,19908720.044636134,12037320.78919638,141894.36810266992,6998148.95215529,6856254.58405262
5724,19920730.368431263,12039355.586166298,141894.36810266992,7008119.215822605,6866224.847719936
5725,19932295.907957353,12041497.202080017,141894.36810266992,7017537.87627708,6875643.50817441
5726,19944164.86812015,12043602.823750416,141894.36810266992,7027295.951611583,6885401.583508913
5727,19954719.087461073,12045716.50879634,141894.36810266992,7035731.222748689,6893836.85464602
5728,19965153.126086384,12047847.318124305,141894.36810266992,7044029.188888141,6902134.820785471
5729,19972414.34090565,12050061.171907412,141894.36810266992,7049071.286766408,6907176.918663738
5730,19974789.330991454,12052391.65368908,141894.36810266992,7049110.531912649,6907216.163809979
5731,19974917.002170525,12054720.389791511,141894.36810266992,7049110.531912649,6907216.163809979
5732,19974917.002170525,12056978.633703792,141894.36810266992,7049110.531912649,6907216.163809979
5733,19974917.002170525,12059200.550862422,141894.36810266992,7049110.531912649,6907216.163809979
5734,19974917.002170525,12061378.493529791,141894.36810266992,7049110.531912649,6907216.163809979
5735,19974917.002170525,12063512.046067987,141894.36810266992,7049110.531912649,6907216.163809979
5736,19974917.002170525,12065586.245512117,141894.36810266992,7049110.531912649,6907216.163809979
5737,19974917.002170525,12067636.75359517,141894.36810266992,7049110.531912649,6907216.163809979
5738,19974917.002170525,12069676.7876028,141894.36810266992,7049110.531912649,6907216.163809979
5739,19974917.002170525,12071700.694859384,141894.36810266992,7049110.531912649,6907216.163809979
5740,19974917.002170525,12073705.81528227,141894.36810266992,7049110.531912649,6907216.163809979
5741,19974923.88264802,12075756.323365323,141894.36810266992,7049110.531912649,6907216.163809979
5742,19976213.995429527,12077866.517052773,141894.36810266992,7049110.531912649,6907216.163809979
5743,19982515.422914598,12080034.650665382,141894.36810266992,7049110.531912649,6907216.163809979
5744,19992113.964805298,12082253.40897587,141894.36810266992,7049110.531912649,6907216.163809979
5745,20002577.917354286,12084566.433965165,141894.36810266992,7049110.531912649,6907216.163809979
5746,20014203.44380956,12086761.417786993,141894.36810266992,7049110.531912649,6907216.163809979
5747,20025364.079442583,12088989.569514329,141894.36810266992,7049110.531912649,6907216.163809979
5748,20037193.04429715,12091151.801068563,141894.36810266992,7049110.531912649,6907216.163809979
5749,20048099.506786454,12093339.13715278,141894.36810266992,7049110.531912649,6907216.163809979
5750,20059043.30433996,12095403.943180062,141894.36810266992,7049110.531912649,6907216.163809979
5751,20069761.507663414,12097388.447962433,141894.36810266992,7049110.531912649,6907216.163809979
5752,20080229.180831593,12099424.990611589,141894.36810266992,7049110.531912649,6907216.163809979
5753,20088301.68350695,12101606.008999519,141894.36810266992,7049110.531912649,6907216.163809979
5754,20091005.937727496,12103923.606005864,141894.36810266992,7049110.531912649,6907216.163809979
5755,20091163.139565572,12106282.018655328,141894.36810266992,7049110.531912649,6907216.163809979
5756,20091163.139565572,12108577.919362582,141894.36810266992,7049110.531912649,6907216.163809979
5757,20091163.139565572,12110834.001957713,141894.36810266992,7049110.531912649,6907216.163809979
5758,20091163.139565572,12113051.347099293,141894.36810266992,7049110.531912649,6907216.163809979
5759,20091163.139565572,12115256.139975883,141894.36810266992,7049110.531912649,6907216.163809979
5760,20091163.139565572,12117429.178115873,141894.36810266992,7049110.531912649,6907216.163809979
5761,20091163.139565572,12119559.987443838,141894.36810266992,7049110.531912649,6907216.163809979
5762,20091163.139565572,12121639.09141535,141894.36810266992,7049110.531912649,6907216.163809979
5763,20091163.139565572,12123691.34517764,141894.36810266992,7049110.531912649,6907216.163809979
5764,20091163.139565572,12125737.281243643,141894.36810266992,7049110.531912649,6907216.163809979
5765,20091169.58079181,12127802.087270925,141894.36810266992,7049110.531912649,6907216.163809979
5766,20092442.009300984,12129880.858732104,141894.36810266992,7049110.531912649,6907216.163809979
5767,20098571.29538728,12131942.173400912,141894.36810266992,7049110.531912649,6907216.163809979
5768,20107911.137630284,12133951.782713266,141894.36810266992,7049110.531912649,6907216.163809979
5769,20119147.206940897,12135906.943458935,141894.36810266992,7049110.531912649,6907216.163809979
5770,20130862.149975948,12137780.057280457,141894.36810266992,7049110.531912649,6907216.163809979
5771,20142369.75578076,12139650.012253834,141894.36810266992,7049110.531912649,6907216.163809979
5772,20154173.937298026,12141821.304714585,141894.36810266992,7049110.531912649,6907216.163809979
5773,20165975.537124977,12143903.235023908,141894.36810266992,7049110.531912649,6907216.163809979
5774,20177302.292022232,12145922.653391022,141894.36810266992,7049110.531912649,6907216.163809979
5775,20188322.14295928,12148033.179588802,141894.36810266992,7049110.531912649,6907216.163809979
5776,20198545.458328597,12150138.801259201,141894.36810266992,7057222.962453672,6915328.594351002
5777,20206720.894566637,12152442.432831649,141894.36810266992,7063089.503961367,6921195.135858697
5778,20209506.537658297,12154804.004329255,141894.36810266992,7063508.312397526,6921613.944294856
5779,20209670.668257803,12157189.267187938,141894.36810266992,7063508.312397526,6921613.944294856
5780,20209670.668257803,12159563.723460868,141894.36810266992,7063508.312397526,6921613.944294856
5781,20209670.668257803,12161911.329524577,141894.36810266992,7063508.312397526,6921613.944294856
5782,20209670.668257803,12164240.065627007,141894.36810266992,7063508.312397526,6921613.944294856
5783,20209670.668257803,12166564.229712388,141894.36810266992,7063508.312397526,6921613.944294856
5784,20209670.668257803,12168869.606964072,141894.36810266992,7063508.312397526,6921613.944294856
5785,20209670.668257803,12171152.955406336,141894.36810266992,7063508.312397526,6921613.944294856
5786,20209670.668257803,12173415.688208085,141894.36810266992,7063508.312397526,6921613.944294856
5787,20209670.668257803,12175664.123065604,141894.36810266992,7063508.312397526,6921613.944294856
5788,20209670.668257803,12177914.30360236,141894.36810266992,7063508.312397526,6921613.944294856
5789,20209677.244274106,12180167.97549759,141894.36810266992,7063508.312397526,6921613.944294856
5790,20210978.81726624,12182435.61282672,141894.36810266992,7063508.312397526,6921613.944294856
5791,20217365.443607047,12184795.77115542,141894.36810266992,7063508.312397526,6921613.944294856
5792,20227279.964239262,12187212.456240373,141894.36810266992,7063508.312397526,6921613.944294856
5793,20237972.398963206,12189517.417854145,141894.36810266992,7063508.312397526,6921613.944294856
5794,20249129.049635615,12191745.56958148,141894.36810266992,7063508.312397526,6921613.944294856
5795,20260918.45790389,12193945.79044102,141894.36810266992,7072887.85513801,6930993.487035341
5796,20272480.275766972,12196116.002243195,141894.36810266992,7082274.198041019,6940379.829938349
5797,20283549.73658301,12198290.786062421,141894.36810266992,7091163.611879935,6949269.243777265
5798,20295260.973049365,12200593.004465964,141894.36810266992,7100567.366784855,6958672.998682185
5799,20306909.95920352,12202961.226170188,141894.36810266992,7109842.868076888,6967948.499974218
5800,20316980.5849434,12205462.784517102,141894.36810266992,7117406.672311958,6975512.304209288
5801,20324495.786395364,12207990.860562906,141894.36810266992,7122388.534560225,6980494.166457555
5802,20327142.04921011,12210635.56460727,141894.36810266992,7122388.534560225,6980494.166457555
5803,20327308.568874232,12213318.008574191,141894.36810266992,7122388.534560225,6980494.166457555
5804,20327308.568874232,12215989.230317445,141894.36810266992,7122388.534560225,6980494.166457555
5805,20327308.568874232,12218644.740947565,141894.36810266992,7122388.534560225,6980494.166457555
5806,20327308.568874232,12221174.562672606,141894.36810266992,7122388.534560225,6980494.166457555
5807,20327308.568874232,12223532.97532207,141894.36810266992,7122388.534560225,6980494.166457555
5808,20327308.568874232,12225872.518010255,141894.36810266992,7122388.534560225,6980494.166457555
5809,20327308.568874232,12228196.349585306,141894.36810266992,7122388.534560225,6980494.166457555
5810,20327308.568874232,12230518.76799145,141894.36810266992,7122388.534560225,6980494.166457555
5811,20327308.568874232,12232836.364997795,141894.36810266992,7122388.534560225,6980494.166457555
5812,20327308.568874232,12235152.548835235,141894.36810266992,7122388.534560225,6980494.166457555
5813,20327319.11067065,12237590.930219278,141894.36810266992,7122388.534560225,6980494.166457555
5814,20328899.41136394,12240298.478716182,141894.36810266992,7122388.534560225,6980494.166457555
5815,20336026.96955657,12243070.284834532,141894.36810266992,7122388.534560225,6980494.166457555
5816,20346783.624358587,12245806.096709562,141894.36810266992,7122388.534560225,6980494.166457555
5817,20357929.01842193,12248497.601583,141894.36810266992,7122388.534560225,6980494.166457555
5818,20369576.21744026,12251082.287512638,141894.36810266992,7122388.534560225,6980494.166457555
5819,20381405.53830365,12253789.836009542,141894.36810266992,7130416.792634719,6988522.424532049
5820,20392963.28465869,12256484.832241455,141894.36810266992,7139274.279599948,6997379.911497278
5821,20405116.52304285,12259113.492662353,141894.36810266992,7148793.594405316,7006899.226302646
5822,20417432.518420693,12261652.790931825,141894.36810266992,7158565.028355793,7016670.660253123
5823,20429729.512459233,12264211.291672904,141894.36810266992,7168298.25849536,7026403.89039269
5824,20440605.724859662,12266795.977602541,141894.36810266992,7176584.5218082545,7034690.153705585
5825,20449115.273097426,12269501.780420208,141894.36810266992,7182383.004070457,7040488.635967787
5826,20452020.6360464,12272279.821107263,141894.36810266992,7182505.0631744815,7040610.695071812
5827,20452179.606763117,12275056.11611508,141894.36810266992,7182505.0631744815,7040610.695071812
5828,20452179.606763117,12277805.893424008,141894.36810266992,7182505.0631744815,7040610.695071812
5829,20452179.606763117,12280530.233692622,141894.36810266992,7182505.0631744815,7040610.695071812
5830,20452179.606763117,12283227.973134765,141894.36810266992,7182505.0631744815,7040610.695071812
5831,20452179.606763117,12285904.0994054,141894.36810266992,7182505.0631744815,7040610.695071812
5832,20452179.606763117,12288556.451187376,141894.36810266992,7182505.0631744815,7040610.695071812
5833,20452179.606763117,12291183.698439369,141894.36810266992,7182505.0631744815,7040610.695071812
5834,20452179.606763117,12293538.952240689,141894.36810266992,7182505.0631744815,7040610.695071812
5835,20452179.606763117,12295883.399456255,141894.36810266992,7182505.0631744815,7040610.695071812
5836,20452179.606763117,12298218.453254974,141894.36810266992,7182505.0631744815,7040610.695071812
5837,20452194.351256482,12300654.008301204,141894.36810266992,7182505.0631744815,7040610.695071812
5838,20453868.13476192,12303358.065439634,141894.36810266992,7182505.0631744815,7040610.695071812
5839,20461069.54619164,12306103.353859095,141894.36810266992,7182505.0631744815,7040610.695071812
5840,20471637.71197006,12308817.220052287,141894.36810266992,7182505.0631744815,7040610.695071812
5841,20483863.59249943,12311442.721625043,141894.36810266992,7182505.0631744815,7040610.695071812
5842,20495477.19393047,12313948.851989007,141894.36810266992,7182505.0631744815,7040610.695071812
5843,20507561.829530958,12316401.86382761,141894.36810266992,7190705.374119165,7048811.006016496
5844,20520187.455792643,12318890.869909532,141894.36810266992,7200836.731141034,7058942.363038364
5845,20532789.338935766,12321369.069405701,141894.36810266992,7210955.1516300915,7069060.783527422
5846,20544607.511915762,12323972.957806949,141894.36810266992,7220164.173050947,7078269.804948277
5847,20556580.935626343,12326609.265965458,141894.36810266992,7229496.025445122,7087601.657342453
5848,20567715.325104624,12329274.253140008,141894.36810266992,7237960.16459096,7096065.796488291
5849,20576157.516897324,12331956.69710693,141894.36810266992,7243714.6492588455,7101820.281156176
5850,20579299.425996367,12334725.344377136,141894.36810266992,7244082.647929786,7102188.279827116
5851,20579509.463220205,12337487.673951056,141894.36810266992,7244082.647929786,7102188.279827116
5852,20579509.463220205,12340171.447959302,141894.36810266992,7244082.647929786,7102188.279827116
5853,20579509.463220205,12342823.799741277,141894.36810266992,7244082.647929786,7102188.279827116
5854,20579509.463220205,12345380.55480312,141894.36810266992,7244082.647929786,7102188.279827116
5855,20579509.463220205,12347761.328772336,141894.36810266992,7244082.647929786,7102188.279827116
5856,20579509.463220205,12350119.7414218,141894.36810266992,7244082.647929786,7102188.279827116
5857,20579509.463220205,12352465.601806272,141894.36810266992,7244082.647929786,7102188.279827116
5858,20579509.463220205,12354801.985646313,141894.36810266992,7244082.647929786,7102188.279827116
5859,20579509.463220205,12357132.467427982,141894.36810266992,7244082.647929786,7102188.279827116
5860,20579509.463220205,12358803.082457988,141894.36810266992,7244082.647929786,7102188.279827116
5861,20579509.463220205,12361018.681920331,141894.36810266992,7244082.647929786,7102188.279827116
5862,20580035.438220207,12363644.516003417,141894.36810266992,7244082.647929786,7102188.279827116
5863,20583670.688220207,12366304.598650586,141894.36810266992,7244082.647929786,7102188.279827116
5864,20590415.813220207,12368946.143846808,141894.36810266992,7244082.647929786,7102188.279827116
5865,20598762.938220207,12371565.327723276,141894.36810266992,7244082.647929786,7102188.279827116
5866,20607901.763220206,12374150.346163245,141894.36810266992,7244082.647929786,7102188.279827116
5867,20617495.013220206,12376656.476527208,141894.36810266992,7244082.647929786,7102188.279827116
5868,20625814.838220205,12379345.155062834,141894.36810266992,7244082.647929786,7102188.279827116
5869,20634015.938220207,12381851.285426797,141894.36810266992,7248559.687465749,7106665.319363079
5870,20641572.563220207,12384412.196867777,141894.36810266992,7253550.137866875,7111655.769764205
5871,20647879.688220207,12386942.351103147,141894.36810266992,7257321.845473609,7115427.477370939
5872,20652853.688220207,12389709.252694117,141894.36810266992,7259523.680724745,7117629.312622075
5873,20655359.213220205,12392393.026702363,141894.36810266992,7259523.680724745,7117629.312622075
5874,20656063.088220205,12395118.03199164,141894.36810266992,7259523.680724745,7117629.312622075
5875,20656068.413220204,12397858.41588372,141894.36810266992,7259523.680724745,7117629.312622075
5876,20656068.413220204,12400567.377549531,141894.36810266992,7259523.680724745,7117629.312622075
5877,20656068.413220204,12403278.084894579,141894.36810266992,7259523.680724745,7117629.312622075
5878,20656068.413220204,12405861.69016564,141894.36810266992,7259523.680724745,7117629.312622075
5879,20656068.413220204,12408262.664137458,141894.36810266992,7259523.680724745,7117629.312622075
5880,20656068.413220204,12410635.37473115,141894.36810266992,7259523.680724745,7117629.312622075
5881,20656068.413220204,12412999.024418324,141894.36810266992,7259523.680724745,7117629.312622075
5882,20656068.413220204,12415343.47163389,141894.36810266992,7259523.680724745,7117629.312622075
5883,20656068.413220204,12417665.890040034,141894.36810266992,7259523.680724745,7117629.312622075
5884,20656068.413220204,12419986.562766941,141894.36810266992,7259523.680724745,7117629.312622075
5885,20656068.413220204,12422397.01328319,141894.36810266992,7259523.680724745,7117629.312622075
5886,20656486.088220205,12425085.691818815,141894.36810266992,7259523.680724745,7117629.312622075
5887,20659450.538220204,12427782.101219634,141894.36810266992,7259523.680724745,7117629.312622075
5888,20665105.613220204,12430487.9040373,141894.36810266992,7259523.680724745,7117629.312622075
5889,20672515.388220202,12433123.214664817,141894.36810266992,7259523.680724745,7117629.312622075
5890,20680756.9132202,12435673.319520041,141894.36810266992,7259523.680724745,7117629.312622075
5891,20688917.138220202,12438160.579922726,141894.36810266992,7259523.680724745,7117629.312622075
5892,20697005.738220204,12440600.706986008,141894.36810266992,7259523.680724745,7117629.312622075
5893,20704799.588220205,12443007.998654114,141894.36810266992,7259523.680724745,7117629.312622075
5894,20711826.338220205,12445443.553700345,141894.36810266992,7259523.680724745,7117629.312622075
5895,20717749.238220204,12447961.155670725,141894.36810266992,7262656.740171464,7120762.372068794
5896,20722210.463220205,12450541.602093644,141894.36810266992,7264532.25559065,7122637.887487981
5897,20724549.038220204,12453217.72836428,141894.36810266992,7264532.25559065,7122637.887487981
5898,20725177.913220204,12456006.991275001,141894.36810266992,7264532.25559065,7122637.887487981
5899,20725181.288220204,12458810.552129952,141894.36810266992,7264532.25559065,7122637.887487981
5900,20725181.288220204,12461555.840549413,141894.36810266992,7264532.25559065,7122637.887487981
5901,20725181.288220204,12464271.036783928,141894.36810266992,7264532.25559065,7122637.887487981
5902,20725181.288220204,12466950.321902705,141894.36810266992,7264532.25559065,7122637.887487981
5903,20725181.288220204,12469579.314833935,141894.36810266992,7264532.25559065,7122637.887487981
5904,20725181.288220204,12472187.69212465,141894.36810266992,7264532.25559065,7122637.887487981
5905,20725181.288220204,12474782.103981467,141894.36810266992,7264532.25559065,7122637.887487981
5906,20725181.288220204,12477357.645877006,141894.36810266992,7264532.25559065,7122637.887487981
5907,20725181.288220204,12479915.730980173,141894.36810266992,7264532.25559065,7122637.887487981
5908,20725181.288220204,12482478.72061072,141894.36810266992,7264532.25559065,7122637.887487981
5909,20725181.288220204,12485083.93905329,141894.36810266992,7264532.25559065,7122637.887487981
5910,20725517.588220205,12487783.42417467,141894.36810266992,7264532.25559065,7122637.887487981
5911,20727879.938220207,12490545.75374859,141894.36810266992,7264532.25559065,7122637.887487981
5912,20732268.563220207,12493289.628999146,141894.36810266992,7264532.25559065,7122637.887487981
5913,20737812.41322021,12495960.8507424,141894.36810266992,7264532.25559065,7122637.887487981
5914,20744277.33822021,12498562.99346441,141894.36810266992,7264532.25559065,7122637.887487981
5915,20751051.56322021,12501131.968280913,141894.36810266992,7264532.25559065,7122637.887487981
5916,20758105.163220212,12503597.532384507,141894.36810266992,7264532.25559065,7122637.887487981
5917,20764756.538220212,12506050.544223111,141894.36810266992,7264532.25559065,7122637.887487981
5918,20770822.913220212,12508498.651534334,141894.36810266992,7264532.25559065,7122637.887487981
5919,20775956.43822021,12511033.377786756,141894.36810266992,7264532.25559065,7122637.887487981
5920,20779805.81322021,12513605.42832382,141894.36810266992,7264532.25559065,7122637.887487981
5921,20781955.76322021,12516289.202332066,141894.36810266992,7264532.25559065,7122637.887487981
5922,20782416.48822021,12519034.075113613,141894.36810266992,7264532.25559065,7122637.887487981
5923,20782418.663220212,12521773.045836788,141894.36810266992,7264532.25559065,7122637.887487981
5924,20782418.663220212,12524436.2873321,141894.36810266992,7264532.25559065,7122637.887487981
5925,20782418.663220212,12527047.82347096,141894.36810266992,7264532.25559065,7122637.887487981
5926,20782418.663220212,12529633.839441922,141894.36810266992,7264532.25559065,7122637.887487981
5927,20782418.663220212,12532166.820015104,141894.36810266992,7264532.25559065,7122637.887487981
5928,20782418.663220212,12534475.27298735,141894.36810266992,7264532.25559065,7122637.887487981
5929,20782418.663220212,12536769.428015368,141894.36810266992,7264532.25559065,7122637.887487981
5930,20782418.663220212,12539038.478513403,141894.36810266992,7264532.25559065,7122637.887487981
5931,20782418.663220212,12541294.976746447,141894.36810266992,7264532.25559065,7122637.887487981
5932,20782418.663220212,12543541.998435061,141894.36810266992,7264532.25559065,7122637.887487981
5933,20782418.663220212,12545807.890084952,141894.36810266992,7264532.25559065,7122637.887487981
5934,20782811.663220212,12548050.422884097,141894.36810266992,7264532.25559065,7122637.887487981
5935,20785651.98822021,12550256.628929593,141894.36810266992,7264532.25559065,7122637.887487981
5936,20791035.93822021,12552372.059654754,141894.36810266992,7264532.25559065,7122637.887487981
5937,20797843.83822021,12554355.151268218,141894.36810266992,7264532.25559065,7122637.887487981
5938,20805487.08822021,12556221.614883121,141894.36810266992,7264532.25559065,7122637.887487981
5939,20813604.71322021,12558035.043100245,141894.36810266992,7264532.25559065,7122637.887487981
5940,20822392.83822021,12559802.751146872,141894.36810266992,7264532.25559065,7122637.887487981
5941,20830919.738220207,12561540.782646466,141894.36810266992,7264532.25559065,7122637.887487981
5942,20838904.46322021,12563300.759827899,141894.36810266992,7264532.25559065,7122637.887487981
5943,20846106.63822021,12565120.422613727,141894.36810266992,7266605.49904847,7124711.1309458
5944,20851877.06322021,12567029.863188898,141894.36810266992,7270461.220315404,7128566.8522127345
5945,20855325.038220212,12569100.903784884,141894.36810266992,7271832.891561523,7129938.523458853
5946,20855969.288220212,12571345.182263268,141894.36810266992,7271832.891561523,7129938.523458853
5947,20855971.61322021,12573656.794083659,141894.36810266992,7271832.891561523,7129938.523458853
5948,20855971.61322021,12575926.177092025,141894.36810266992,7271832.891561523,7129938.523458853
5949,20855971.61322021,12578156.074498598,141894.36810266992,7271832.891561523,7129938.523458853
5950,20855971.61322021,12580360.534864856,141894.36810266992,7271832.891561523,7129938.523458853
5951,20855971.61322021,12582540.223211464,141894.36810266992,7271832.891561523,7129938.523458853
5952,20855971.61322021,12584706.943655165,141894.36810266992,7271832.891561523,7129938.523458853
5953,20855971.61322021,12586847.146399979,141894.36810266992,7271832.891561523,7129938.523458853
5954,20855971.61322021,12588977.955727944,141894.36810266992,7271832.891561523,7129938.523458853
5955,20855971.61322021,12591077.34282964,141894.36810266992,7271832.891561523,7129938.523458853
5956,20855971.61322021,12593171.825403953,141894.36810266992,7271832.891561523,7129938.523458853
5957,20855971.61322021,12595293.158187488,141894.36810266992,7271832.891561523,7129938.523458853
5958,20856356.81322021,12597403.684385268,141894.36810266992,7271832.891561523,7129938.523458853
5959,20859676.23822021,12599503.071486963,141894.36810266992,7271832.891561523,7129938.523458853
5960,20866120.23822021,12601553.912080348,141894.36810266992,7271832.891561523,7129938.523458853
5961,20874099.48822021,12603521.625091009,141894.36810266992,7271832.891561523,7129938.523458853
5962,20882714.13822021,12605644.70355378,141894.36810266992,7271832.891561523,7129938.523458853
5963,20890977.86322021,12607708.096412158,141894.36810266992,7271832.891561523,7129938.523458853
5964,20899670.288220212,12609736.57568579,141894.36810266992,7272526.6969520245,7130632.328849355
5965,20908178.513220213,12611754.248373667,141894.36810266992,7279011.986106252,7137117.618003583
5966,20916213.488220215,12613809.577856518,141894.36810266992,7284986.368465506,7143092.000362836
5967,20922795.338220216,12615965.824224796,141894.36810266992,7289406.7089393325,7147512.340836663
5968,20928010.163220216,12618219.163609697,141894.36810266992,7292362.931396537,7150468.563293868
5969,20930892.563220214,12620629.614125945,141894.36810266992,7292829.617722394,7150935.249619724
5970,20931495.413220216,12623160.84901989,141894.36810266992,7292829.617722394,7150935.249619724
5971,20931496.913220216,12625530.40076544,141894.36810266992,7292829.617722394,7150935.249619724
5972,20931496.913220216,12627845.171433972,141894.36810266992,7292829.617722394,7150935.249619724
5973,20931496.913220216,12630112.47625277,141894.36810266992,7292829.617722394,7150935.249619724
5974,20931496.913220216,12632375.209054518,141894.36810266992,7292829.617722394,7150935.249619724
5975,20931496.913220216,12634631.291649649,141894.36810266992,7292829.617722394,7150935.249619724
5976,20931496.913220216,12636894.024451397,141894.36810266992,7292829.617722394,7150935.249619724
5977,20931496.913220216,12639149.109515535,141894.36810266992,7292829.617722394,7150935.249619724
5978,20931496.913220216,12641378.674411776,141894.36810266992,7292829.617722394,7150935.249619724
5979,20931496.913220216,12643578.562760985,141894.36810266992,7292829.617722394,7150935.249619724
5980,20931496.913220216,12645773.962220727,141894.36810266992,7292829.617722394,7150935.249619724
5981,20931496.913220216,12648020.98390934,141894.36810266992,7292829.617722394,7150935.249619724
5982,20931979.913220216,12650319.710954407,141894.36810266992,7292829.617722394,7150935.249619724
5983,20936104.388220217,12652628.163926654,141894.36810266992,7292829.617722394,7150935.249619724
5984,20944141.688220218,12654835.783141056,141894.36810266992,7292829.617722394,7150935.249619724
5985,20953825.98822022,12656922.534850176,141894.36810266992,7292829.617722394,7150935.249619724
5986,20964144.86322022,12659145.865177713,141894.36810266992,7292829.617722394,7150935.249619724
5987,20975190.86322022,12661352.071223209,141894.36810266992,7293251.019816312,7151356.651713642
5988,20986116.638220217,12663512.889608538,141894.36810266992,7302010.713273088,7160116.345170419
5989,20996807.438220218,12665671.629804298,141894.36810266992,7310537.509919434,7168643.141816764
5990,21007078.53822022,12667874.677001651,141894.36810266992,7318600.2995641865,7176705.931461517
5991,21016290.188220218,12670162.929971296,141894.36810266992,7325518.433436647,7183624.065333977
5992,21023848.91322022,12672577.869377011,141894.36810266992,7330656.955873037,7188762.587770367
5993,21028218.11322022,12675162.555306649,141894.36810266992,7332436.206785504,7190541.838682834
5994,21028933.53822022,12677868.358124316,141894.36810266992,7332436.206785504,7190541.838682834
5995,21028934.73822022,12680588.458886212,141894.36810266992,7332436.206785504,7190541.838682834
5996,21028934.73822022,12683072.892951084,141894.36810266992,7332436.206785504,7190541.838682834
5997,21028934.73822022,12685455.080089206,141894.36810266992,7332436.206785504,7190541.838682834
5998,21028934.73822022,12687823.30179343,141894.36810266992,7332436.206785504,7190541.838682834
5999,21028934.73822022,12690197.75806636,141894.36810266992,7332436.206785504,7190541.838682834
6000,21028934.73822022,12692545.031619739,141894.36810266992,7332436.206785504,7190541.838682834
6001,21028934.73822022,12694889.478835305,141894.36810266992,7332436.206785504,7190541.838682834
6002,21028934.73822022,12697224.865144353,141894.36810266992,7332436.206785504,7190541.838682834
6003,21028934.73822022,12699553.601246784,141894.36810266992,7332436.206785504,7190541.838682834
6004,21028934.73822022,12701879.178501071,141894.36810266992,7332436.206785504,7190541.838682834
6005,21028934.73822022,12704297.27675493,141894.36810266992,7332436.206785504,7190541.838682834
6006,21029576.21322022,12706944.807137107,141894.36810266992,7332436.206785504,7190541.838682834
6007,21035248.98822022,12709660.003371622,141894.36810266992,7332436.206785504,7190541.838682834
6008,21045982.23822022,12712389.165040035,141894.36810266992,7332436.206785504,7190541.838682834
6009,21058009.83822022,12715028.964557018,141894.36810266992,7332436.206785504,7190541.838682834
6010,21070296.56322022,12717579.069412243,141894.36810266992,7332436.206785504,7190541.838682834
6011,21082551.413220223,12720099.165210104,141894.36810266992,7338482.301799099,7196587.933696429
6012,21094499.43822022,12722577.364706272,141894.36810266992,7347946.864145036,7206052.496042366
6013,21106293.33822022,12725038.10741007,141894.36810266992,7357274.758283344,7215380.390180674
6014,21117870.63822022,12727577.40567954,141894.36810266992,7366307.496855979,7224413.128753309
6015,21128817.63822022,12730107.559914911,141894.36810266992,7374719.079462713,7232824.711360043
6016,21138217.38822022,12732731.980829092,141894.36810266992,7381489.145390637,7239594.7772879675
6017,21143144.43822022,12735458.066776944,141894.36810266992,7383684.846284891,7241790.478182221
6018,21143920.46322022,12738263.0408008,141894.36810266992,7383684.846284891,7241790.478182221
6019,21143921.36322022,12741069.427993564,141894.36810266992,7383684.846284891,7241790.478182221
6020,21143921.36322022,12743761.265377333,141894.36810266992,7383684.846284891,7241790.478182221
6021,21143921.36322022,12746207.62700932,141894.36810266992,7383684.846284891,7241790.478182221
6022,21143921.36322022,12748630.62979056,141894.36810266992,7383684.846284891,7241790.478182221
6023,21143921.36322022,12751034.762610521,141894.36810266992,7383684.846284891,7241790.478182221
6024,21143921.36322022,12753410.632052356,141894.36810266992,7383684.846284891,7241790.478182221
6025,21143921.36322022,12755775.694908438,141894.36810266992,7383684.846284891,7241790.478182221
6026,21143921.36322022,12758124.714141054,141894.36810266992,7383684.846284891,7241790.478182221
6027,21143921.36322022,12760467.748187713,141894.36810266992,7383684.846284891,7241790.478182221
6028,21143921.36322022,12762824.74766827,141894.36810266992,7383684.846284891,7241790.478182221
6029,21143921.36322022,12765272.854979493,141894.36810266992,7383684.846284891,7241790.478182221
6030,21144624.11322022,12768055.467683597,141894.36810266992,7383684.846284891,7241790.478182221
6031,21150725.58822022,12770868.089445064,141894.36810266992,7383684.846284891,7241790.478182221
6032,21161909.36322022,12773727.844545936,141894.36810266992,7383684.846284891,7241790.478182221
6033,21174329.96322022,12776469.974117253,141894.36810266992,7383684.846284891,7241790.478182221
6034,21187007.58822022,12779136.70697104,141894.36810266992,7383684.846284891,7241790.478182221
6035,21199628.51322022,12781785.567394542,141894.36810266992,7390416.539876724,7248522.171774054
6036,21212570.21322022,12784297.932327209,141894.36810266992,7400840.611786161,7258946.243683491
6037,21225452.51322022,12787077.386183169,141894.36810266992,7410938.194772305,7269043.826669635
6038,21238228.613220222,12790092.839246484,141894.36810266992,7420693.578551096,7278799.210448426
6039,21250860.488220222,12792933.724386077,141894.36810266992,7430479.305253607,7288584.9371509375
6040,21262076.43822022,12795676.851488387,141894.36810266992,7438946.864993403,7297052.496890733
6041,21268470.56322022,12798500.695473522,141894.36810266992,7442511.882850373,7300617.514747703
6042,21269293.38822022,12801365.022591444,141894.36810266992,7442511.882850373,7300617.514747703
6043,21269293.988220222,12804226.523371553,141894.36810266992,7442511.882850373,7300617.514747703
6044,21269293.988220222,12807034.656243553,141894.36810266992,7442511.882850373,7300617.514747703
6045,21269293.988220222,12809795.240138236,141894.36810266992,7442511.882850373,7300617.514747703
6046,21269293.988220222,12812538.78287846,141894.36810266992,7442511.882850373,7300617.514747703
6047,21269293.988220222,12815246.331375364,141894.36810266992,7442511.882850373,7300617.514747703
6048,21269293.988220222,12817934.67740066,141894.36810266992,7442511.882850373,7300617.514747703
6049,21269293.988220222,12820600.994616533,141894.36810266992,7442511.882850373,7300617.514747703
6050,21269293.988220222,12823221.591661908,141894.36810266992,7442511.882850373,7300617.514747703
6051,21269293.988220222,12825796.801047115,141894.36810266992,7442511.882850373,7300617.514747703
6052,21269293.988220222,12828376.914959703,141894.36810266992,7442511.882850373,7300617.514747703
6053,21269293.988220222,12831007.32105984,141894.36810266992,7442511.882850373,7300617.514747703
6054,21269964.338220224,12833766.574913198,141894.36810266992,7442511.882850373,7300617.514747703
6055,21275929.238220222,12836593.162108563,141894.36810266992,7442511.882850373,7300617.514747703
6056,21286816.838220224,12839440.364944443,141894.36810266992,7442511.882850373,7300617.514747703
6057,21298656.113220222,12842278.174363475,141894.36810266992,7442511.882850373,7300617.514747703
6058,21310684.163220223,12845013.986238506,141894.36810266992,7442511.882850373,7300617.514747703
6059,21322531.31322022,12847715.217039123,141894.36810266992,7443649.978587556,7301755.610484886
6060,21334976.663220223,12850548.454441106,141894.36810266992,7453256.828027678,7311362.459925008
6061,21347414.738220222,12853411.36839012,141894.36810266992,7462826.7259207675,7320932.357818098
6062,21359875.38822022,12856319.669999303,141894.36810266992,7472373.81115369,7330479.443051021
6063,21372284.363220222,12859239.526342485,141894.36810266992,7481857.666652614,7339963.298549945
6064,21383458.538220223,12862121.64276311,141894.36810266992,7490144.462074094,7348250.093971425
6065,21389784.413220223,12864951.721316949,141894.36810266992,7493634.99536236,7351740.62725969
6066,21390492.263220225,12867754.949661568,141894.36810266992,7493634.99536236,7351740.62725969
6067,21390492.488220226,12870520.43808363,141894.36810266992,7493634.99536236,7351740.62725969
6068,21390492.488220226,12873210.529788163,141894.36810266992,7493634.99536236,7351740.62725969
6069,21390492.488220226,12875873.771283476,141894.36810266992,7493634.99536236,7351740.62725969
6070,21390492.488220226,12878496.44651842,141894.36810266992,7493634.99536236,7351740.62725969
6071,21390492.488220226,12881051.455901025,141894.36810266992,7493634.99536236,7351740.62725969
6072,21390492.488220226,12883527.909717957,141894.36810266992,7493634.99536236,7351740.62725969
6073,21390492.488220226,12885831.541290404,141894.36810266992,7493634.99536236,7351740.62725969
6074,21390492.488220226,12888139.99426265,141894.36810266992,7493634.99536236,7351740.62725969
6075,21390492.488220226,12890449.860403802,141894.36810266992,7493634.99536236,7351740.62725969
6076,21390492.488220226,12892775.43765809,141894.36810266992,7493634.99536236,7351740.62725969
6077,21390492.488220226,12895123.043721799,141894.36810266992,7493634.99536236,7351740.62725969
6078,21391136.963220228,12897484.947729737,141894.36810266992,7493634.99536236,7351740.62725969
6079,21396835.163220227,12899892.239397842,141894.36810266992,7493634.99536236,7351740.62725969
6080,21407182.313220225,12902415.82655418,141894.36810266992,7493634.99536236,7351740.62725969
6081,21418406.963220224,12905011.651579902,141894.36810266992,7493634.99536236,7351740.62725969
6082,21429877.388220225,12907371.809908602,141894.36810266992,7493634.99536236,7351740.62725969
6083,21441276.788220223,12909615.672749072,141894.36810266992,7497032.7544599185,7355138.386357249
6084,21453147.488220222,12911723.04009871,141894.36810266992,7506790.823952387,7364896.455849717
6085,21465003.26322022,12914028.417350395,141894.36810266992,7516335.958542807,7374441.590440137
6086,21476824.988220222,12916393.480206477,141894.36810266992,7525787.357528831,7383892.989426161
6087,21484606.951609492,12918678.241817646,141894.36810266992,7531279.296149034,7389384.928046364
6088,21490856.394939017,12920928.422354402,141894.36810266992,7535273.295783907,7393378.927681237
6089,21494412.623488244,12923373.453945063,141894.36810266992,7536379.229584578,7394484.861481909
6090,21495081.92116939,12925807.595822388,141894.36810266992,7536379.229584578,7394484.861481909
6091,21495084.363406245,12928232.344282866,141894.36810266992,7536379.229584578,7394484.861481909
6092,21495084.363406245,12930559.334706059,141894.36810266992,7536379.229584578,7394484.861481909
6093,21495084.363406245,12932856.981092552,141894.36810266992,7536379.229584578,7394484.861481909
6094,21495084.363406245,12935122.872742442,141894.36810266992,7536379.229584578,7394484.861481909
6095,21495084.363406245,12937352.437638683,141894.36810266992,7536379.229584578,7394484.861481909
6096,21495084.363406245,12939572.609118076,141894.36810266992,7536379.229584578,7394484.861481909
6097,21495084.363406245,12941764.849729674,141894.36810266992,7536379.229584578,7394484.861481909
6098,21495084.363406245,12943947.613796841,141894.36810266992,7536379.229584578,7394484.861481909
6099,21495084.363406245,12946133.204201821,141894.36810266992,7536379.229584578,7394484.861481909
6100,21495084.363406245,12948320.207775708,141894.36810266992,7536379.229584578,7394484.861481909
6101,21495084.363406245,12950549.77267195,141894.36810266992,7536379.229584578,7394484.861481909
6102,21495513.482496053,12952789.146622952,141894.36810266992,7536379.229584578,7394484.861481909
6103,21498565.545153316,12955006.491764532,141894.36810266992,7536379.229584578,7394484.861481909
6104,21504071.080706075,12957142.122492295,141894.36810266992,7536379.229584578,7394484.861481909
6105,21511636.30170813,12959283.738406014,141894.36810266992,7536379.229584578,7394484.861481909
6106,21520269.500679992,12961479.137865756,141894.36810266992,7536379.229584578,7394484.861481909
6107,21528683.59400595,12963916.106080893,141894.36810266992,7536379.229584578,7394484.861481909
6108,21536914.628617562,12966361.470181886,141894.36810266992,7536379.229584578,7394484.861481909
6109,21544388.158969793,12968831.606302531,141894.36810266992,7537765.404264439,7395871.036161769
6110,21551698.869536173,12971374.395930476,141894.36810266992,7542528.062044976,7400633.693942307
6111,21557692.323950205,12973927.992144177,141894.36810266992,7545962.657087415,7404068.288984746
6112,21562338.57795761,12976552.413058357,141894.36810266992,7547979.227022746,7406084.858920076
6113,21564580.19762188,12979214.241384763,141894.36810266992,7547979.227022746,7406084.858920076
6114,21565203.807990324,12981862.104277272,141894.36810266992,7547979.227022746,7406084.858920076
6115,21565207.038451,12984528.421493145,141894.36810266992,7547979.227022746,7406084.858920076
6116,21565207.038451,12987127.405367011,141894.36810266992,7547979.227022746,7406084.858920076
6117,21565207.038451,12989712.42380698,141894.36810266992,7547979.227022746,7406084.858920076
6118,21565207.038451,12992064.518760156,141894.36810266992,7547979.227022746,7406084.858920076
6119,21565207.038451,12994410.379144628,141894.36810266992,7547979.227022746,7406084.858920076
6120,21565207.038451,12996745.432943346,141894.36810266992,7547979.227022746,7406084.858920076
6121,21565207.038451,12999083.562462624,141894.36810266992,7547979.227022746,7406084.858920076
6122,21565207.038451,13001418.616261343,141894.36810266992,7547979.227022746,7406084.858920076
6123,21565207.038451,13003742.780346723,141894.36810266992,7547979.227022746,7406084.858920076
6124,21565207.038451,13006068.02509068,141894.36810266992,7547979.227022746,7406084.858920076
6125,21565207.038451,13008393.602344967,141894.36810266992,7547979.227022746,7406084.858920076
6126,21565742.997702688,13010730.401822923,141894.36810266992,7547979.227022746,7406084.858920076
6127,21569381.217268012,13012988.645735204,141894.36810266992,7547979.227022746,7406084.858920076
6128,21576213.45342186,13015107.23530851,141894.36810266992,7547979.227022746,7406084.858920076
6129,21584871.784478687,13017102.546676634,141894.36810266992,7547979.227022746,7406084.858920076
6130,21593737.02238481,13019007.082724424,141894.36810266992,7547979.227022746,7406084.858920076
6131,21603144.54591205,13020866.231112046,141894.36810266992,7547979.227022746,7406084.858920076
6132,21611404.058468584,13022637.430517146,141894.36810266992,7547979.227022746,7406084.858920076
6133,21619464.595173433,13024537.062037556,141894.36810266992,7553720.687261193,7411826.319158523
6134,21626779.88930219,13026675.851613462,141894.36810266992,7558891.92865615,7416997.56055348
6135,21632790.447295465,13028830.019792173,141894.36810266992,7562743.055312819,7420848.687210149
6136,21637782.18461017,13030896.571498692,141894.36810266992,7565662.977763108,7423768.609660438
6137,21640397.116191685,13033052.48535664,141894.36810266992,7566116.732328783,7424222.364226113
6138,21641099.784381457,13035256.945722898,141894.36810266992,7566116.732328783,7424222.364226113
6139,21641105.097159635,13037452.34518264,141894.36810266992,7566116.732328783,7424222.364226113
6140,21641105.097159635,13039583.154510606,141894.36810266992,7566116.732328783,7424222.364226113
6141,21641105.097159635,13041663.671651023,141894.36810266992,7566116.732328783,7424222.364226113
6142,21641105.097159635,13043708.19454812,141894.36810266992,7566116.732328783,7424222.364226113
6143,21641105.097159635,13045733.514973609,141894.36810266992,7566116.732328783,7424222.364226113
6144,21641105.097159635,13047744.8699652,141894.36810266992,7566116.732328783,7424222.364226113
6145,21641105.097159635,13049718.568161815,141894.36810266992,7566116.732328783,7424222.364226113
6146,21641105.097159635,13051687.694341382,141894.36810266992,7566116.732328783,7424222.364226113
6147,21641105.097159635,13053643.935745627,141894.36810266992,7566116.732328783,7424222.364226113
6148,21641105.097159635,13055603.252870431,141894.36810266992,7566116.732328783,7424222.364226113
6149,21641105.097159635,13057592.662180183,141894.36810266992,7566116.732328783,7424222.364226113
6150,21641651.913195748,13059635.439398043,141894.36810266992,7566116.732328783,7424222.364226113
6151,21645221.750348818,13061734.826499738,141894.36810266992,7566116.732328783,7424222.364226113
6152,21651764.232648384,13063799.63252702,141894.36810266992,7566116.732328783,7424222.364226113
6153,21659913.122019228,13065762.108499968,141894.36810266992,7566116.732328783,7424222.364226113
6154,21669327.86089723,13067632.063473346,141894.36810266992,7566116.732328783,7424222.364226113
6155,21678840.59539312,13069486.307333589,141894.36810266992,7566116.732328783,7424222.364226113
6156,21686923.604297668,13071305.970119417,141894.36810266992,7571580.797849726,7429686.429747056
6157,21695025.770818412,13073117.985167636,141894.36810266992,7577865.686164356,7435971.318061686
6158,21702515.857127205,13074955.104745837,141894.36810266992,7583513.389737051,7441619.021634381
6159,21708640.249691058,13076856.481945483,141894.36810266992,7587731.141943364,7445836.773840695
6160,21713385.225594822,13078893.024594638,141894.36810266992,7590434.3120400775,7448539.943937408
6161,21715940.3776654,13081044.033925205,141894.36810266992,7590833.191622194,7448938.823519524
6162,21716615.6415631,13083305.353558047,141894.36810266992,7590833.191622194,7448938.823519524
6163,21716621.2049227,13085566.340680558,141894.36810266992,7590833.191622194,7448938.823519524
6164,21716621.2049227,13087763.070181623,141894.36810266992,7590833.191622194,7448938.823519524
6165,21716621.2049227,13089931.868814893,141894.36810266992,7590833.191622194,7448938.823519524
6166,21716621.2049227,13092046.967029722,141894.36810266992,7590833.191622194,7448938.823519524
6167,21716621.2049227,13094102.296512574,141894.36810266992,7590833.191622194,7448938.823519524
6168,21716621.2049227,13096127.949448394,141894.36810266992,7590833.191622194,7448938.823519524
6169,21716621.2049227,13098136.14559184,141894.36810266992,7590833.191622194,7448938.823519524
6170,21716621.2049227,13100144.341735287,141894.36810266992,7590833.191622194,7448938.823519524
6171,21716621.2049227,13102126.020179845,141894.36810266992,7590833.191622194,7448938.823519524
6172,21716621.2049227,13104127.981754588,141894.36810266992,7590833.191622194,7448938.823519524
6173,21716621.2049227,13106143.908763228,141894.36810266992,7590833.191622194,7448938.823519524
6174,21717001.88765115,13108323.597109836,141894.36810266992,7590833.191622194,7448938.823519524
6175,21720352.177561365,13110682.0097593,141894.36810266992,7590833.191622194,7448938.823519524
6176,21726520.625289608,13113105.34505087,141894.36810266992,7590833.191622194,7448938.823519524
6177,21734218.219697498,13115605.490228876,141894.36810266992,7590833.191622194,7448938.823519524
6178,21743083.183474276,13118097.655158943,141894.36810266992,7590833.191622194,7448938.823519524
6179,21751010.66341797,13120281.832395017,141894.36810266992,7590833.191622194,7448938.823519524
6180,21759825.882576246,13122235.24746145,141894.36810266992,7590833.191622194,7448938.823519524
6181,21768227.839340027,13124171.205735508,141894.36810266992,7597085.514096439,7455191.145993769
6182,21776639.62884479,13126135.427387694,141894.36810266992,7603527.818791121,7461633.4506884515
6183,21783170.028415084,13128154.845754808,141894.36810266992,7608033.536836405,7466139.168733736
6184,21788567.59626039,13130302.69623723,141894.36810266992,7611277.991041396,7469383.622938726
6185,21791327.67595646,13132556.035622131,141894.36810266992,7611779.468194673,7469885.100092003
6186,21791951.61621788,13134902.228516934,141894.36810266992,7611779.468194673,7469885.100092003
6187,21791953.098068755,13137257.814828586,141894.36810266992,7611779.468194673,7469885.100092003
6188,21791953.098068755,13139564.522121595,141894.36810266992,7611779.468194673,7469885.100092003
6189,21791953.098068755,13141824.0960752,141894.36810266992,7611779.468194673,7469885.100092003
6190,21791953.098068755,13144053.993481772,141894.36810266992,7611779.468194673,7469885.100092003
6191,21791953.098068755,13146248.9773036,141894.36810266992,7611779.468194673,7469885.100092003
6192,21791953.098068755,13148396.827786023,141894.36810266992,7611779.468194673,7469885.100092003
6193,21791953.098068755,13150497.544929042,141894.36810266992,7611779.468194673,7469885.100092003
6194,21791953.098068755,13152574.903221317,141894.36810266992,7611779.468194673,7469885.100092003
6195,21791953.098068755,13154631.645873075,141894.36810266992,7611779.468194673,7469885.100092003
6196,21791953.098068755,13156690.134204071,141894.36810266992,7611779.468194673,7469885.100092003
6197,21791953.098068755,13158794.010195233,141894.36810266992,7611779.468194673,7469885.100092003
6198,21792279.111619305,13160954.828580562,141894.36810266992,7611779.468194673,7469885.100092003
6199,21794720.59013306,13163159.621457152,141894.36810266992,7611779.468194673,7469885.100092003
6200,21799078.252460793,13165370.732030028,141894.36810266992,7611779.468194673,7469885.100092003
6201,21804362.13366618,13167529.804736119,141894.36810266992,7611779.468194673,7469885.100092003
6202,21810658.93758282,13169625.70047934,141894.36810266992,7611779.468194673,7469885.100092003
6203,21817487.178298566,13171698.154244233,141894.36810266992,7611779.468194673,7469885.100092003
6204,21824431.884940904,13173762.960271515,141894.36810266992,7611779.468194673,7469885.100092003
6205,21830874.9206034,13175794.930903621,141894.36810266992,7611779.468194673,7469885.100092003
6206,21836850.689859137,13177847.18466591,141894.36810266992,7611779.468194673,7469885.100092003
6207,21841727.662329495,13179982.482883343,141894.36810266992,7611779.468194673,7469885.100092003
6208,21845480.988858808,13182212.380289916,141894.36810266992,7613225.84925492,7471331.48115225
6209,21847564.61748544,13184561.399522532,141894.36810266992,7613225.84925492,7471331.48115225
6210,21848013.425819673,13187006.431113193,141894.36810266992,7613225.84925492,7471331.48115225
6211,21848015.654683944,13189436.084101051,141894.36810266992,7613225.84925492,7471331.48115225
6212,21848015.654683944,13191847.947786206,141894.36810266992,7613225.84925492,7471331.48115225
6213,21848015.654683944,13194241.274020413,141894.36810266992,7613225.84925492,7471331.48115225
6214,21848015.654683944,13196561.94674732,141894.36810266992,7613225.84925492,7471331.48115225
6215,21848015.654683944,13198826.425228305,141894.36810266992,7613225.84925492,7471331.48115225
6216,21848015.654683944,13201032.963784132,141894.36810266992,7613225.84925492,7471331.48115225
6217,21848015.654683944,13203194.779700452,141894.36810266992,7613225.84925492,7471331.48115225
6218,21848015.654683944,13205331.823597122,141894.36810266992,7613225.84925492,7471331.48115225
6219,21848015.654683944,13207434.286419379,141894.36810266992,7613225.84925492,7471331.48115225
6220,21848015.654683944,13209487.870222993,141894.36810266992,7613225.84925492,7471331.48115225
6221,21848015.654683944,13211576.03510102,141894.36810266992,7613225.84925492,7471331.48115225
6222,21848361.796923038,13213782.241146516,141894.36810266992,7613225.84925492,7471331.48115225
6223,21850615.495143652,13216302.669454709,141894.36810266992,7613225.84925492,7471331.48115225
6224,21854851.49614818,13219051.033594731,141894.36810266992,7613225.84925492,7471331.48115225
6225,21860442.90033491,13221699.894018233,141894.36810266992,7613225.84925492,7471331.48115225
6226,21867125.12349897,13224418.581611222,141894.36810266992,7613225.84925492,7471331.48115225
6227,21873924.881994948,13226593.365430448,141894.36810266992,7613225.84925492,7471331.48115225
6228,21880904.28326,13228923.847212117,141894.36810266992,7613225.84925492,7471331.48115225
6229,21887843.428735975,13231262.39236931,141894.36810266992,7613225.84925492,7471331.48115225
6230,21893618.824649036,13233909.922751486,141894.36810266992,7613225.84925492,7471331.48115225
6231,21898946.526498977,13236590.62103917,141894.36810266992,7613225.84925492,7471331.48115225
6232,21902789.664316855,13239384.788477274,141894.36810266992,7613225.84925492,7471331.48115225
6233,21905004.68389607,13242176.794598226,141894.36810266992,7613225.84925492,7471331.48115225
6234,21905484.336594958,13244574.692849483,141894.36810266992,7613225.84925492,7471331.48115225
6235,21905486.550112855,13247025.95900885,141894.36810266992,7613225.84925492,7471331.48115225
6236,21905486.550112855,13249422.111580871,141894.36810266992,7613225.84925492,7471331.48115225
6237,21905486.550112855,13251761.654269056,141894.36810266992,7613225.84925492,7471331.48115225
6238,21905486.550112855,13254018.1525021,141894.36810266992,7613225.84925492,7471331.48115225
6239,21905486.550112855,13256213.551961843,141894.36810266992,7613225.84925492,7471331.48115225
6240,21905486.550112855,13258385.176932925,141894.36810266992,7613225.84925492,7471331.48115225
6241,21905486.550112855,13260536.186263492,141894.36810266992,7613225.84925492,7471331.48115225
6242,21905486.550112855,13262672.89764983,141894.36810266992,7613225.84925492,7471331.48115225
6243,21905486.550112855,13264789.741543898,141894.36810266992,7613225.84925492,7471331.48115225
6244,21905486.550112855,13266923.626592424,141894.36810266992,7613225.84925492,7471331.48115225
6245,21905486.550112855,13269076.71411256,141894.36810266992,7613225.84925492,7471331.48115225
6246,21906117.621481642,13271257.73250049,141894.36810266992,7613225.84925492,7471331.48115225
6247,21912031.202537138,13273490.456244875,141894.36810266992,7613225.84925492,7471331.48115225
6248,21922248.662192456,13275729.497685546,141894.36810266992,7613225.84925492,7471331.48115225
6249,21934643.83561791,13277894.804960342,141894.36810266992,7613225.84925492,7471331.48115225
6250,21947390.596493848,13280088.458740847,141894.36810266992,7613225.84925492,7471331.48115225
6251,21959348.6473528,13282399.738050906,141894.36810266992,7620542.610363354,7478648.242260684
6252,21971054.938427728,13284670.201717848,141894.36810266992,7629973.174613445,7488078.806510775
6253,21982877.32620126,13286922.127933841,141894.36810266992,7639538.3730130885,7497644.004910419
6254,21995027.232729632,13289189.76526297,141894.36810266992,7649415.379054437,7507521.010951768
6255,22005922.0309038,13291556.241287958,141894.36810266992,7657938.438045726,7516044.069943056
6256,22015152.688933592,13294040.67535283,141894.36810266992,7664679.398852751,7522785.030750081
6257,22019969.092124265,13296697.599151855,141894.36810266992,7666833.615086503,7524939.246983834
6258,22020783.781330254,13299408.306496903,141894.36810266992,7666833.615086503,7524939.246983834
6259,22020784.664476953,13301838.957015755,141894.36810266992,7666833.615086503,7524939.246983834
6260,22020784.664476953,13304199.115344455,141894.36810266992,7666833.615086503,7524939.246983834
6261,22020784.664476953,13306556.114825012,141894.36810266992,7666833.615086503,7524939.246983834
6262,22020784.664476953,13308907.212247197,141894.36810266992,7666833.615086503,7524939.246983834
6263,22020784.664476953,13311235.948349627,141894.36810266992,7666833.615086503,7524939.246983834
6264,22020784.664476953,13313522.455640035,141894.36810266992,7666833.615086503,7524939.246983834
6265,22020784.664476953,13315805.471571967,141894.36810266992,7666833.615086503,7524939.246983834
6266,22020784.664476953,13318066.791204808,141894.36810266992,7666833.615086503,7524939.246983834
6267,22020784.664476953,13320294.942932144,141894.36810266992,7666833.615086503,7524939.246983834
6268,22020784.664476953,13322523.510297392,141894.36810266992,7666833.615086503,7524939.246983834
6269,22020784.664476953,13324695.135268474,141894.36810266992,7666833.615086503,7524939.246983834
6270,22021453.725284312,13326851.049126422,141894.36810266992,7666833.615086503,7524939.246983834
6271,22027390.272463173,13329050.937475631,141894.36810266992,7666833.615086503,7524939.246983834
6272,22037755.134643,13331260.30236927,141894.36810266992,7666833.615086503,7524939.246983834
6273,22048492.44383813,13333435.086188497,141894.36810266992,7666833.615086503,7524939.246983834
6274,22060430.246418584,13335539.29468999,141894.36810266992,7666833.615086503,7524939.246983834
6275,22072262.211121425,13337714.078509217,141894.36810266992,7674947.240194715,7533052.872092045
6276,22083623.017878063,13339833.665613515,141894.36810266992,7684183.196689161,7542288.828586491
6277,22096006.52003804,13341936.128435772,141894.36810266992,7694458.972868986,7552564.604766317
6278,22108030.756416705,13344063.778915593,141894.36810266992,7704350.295609936,7562455.927507266
6279,22116187.439845055,13346279.378377937,141894.36810266992,7710286.116418049,7568391.748315379
6280,22122916.28820532,13348660.152347153,141894.36810266992,7714628.927651201,7572734.559548532
6281,22126488.846072678,13351155.39299778,141894.36810266992,7715700.98171004,7573806.61360737
6282,22127148.767392695,13353802.923379958,141894.36810266992,7715700.98171004,7573806.61360737
6283,22127151.26741781,13356504.154180575,141894.36810266992,7715700.98171004,7573806.61360737
6284,22127151.26741781,13359161.0779796,141894.36810266992,7715700.98171004,7573806.61360737
6285,22127151.26741781,13361819.747457862,141894.36810266992,7715700.98171004,7573806.61360737
6286,22127151.26741781,13364367.025975274,141894.36810266992,7715700.98171004,7573806.61360737
6287,22127151.26741781,13366741.482248204,141894.36810266992,7715700.98171004,7573806.61360737
6288,22127151.26741781,13369095.73851853,141894.36810266992,7715700.98171004,7573806.61360737
6289,22127151.26741781,13371438.44005486,141894.36810266992,7715700.98171004,7573806.61360737
6290,22127151.26741781,13373779.728422282,141894.36810266992,7715700.98171004,7573806.61360737
6291,22127151.26741781,13376116.527900238,141894.36810266992,7715700.98171004,7573806.61360737
6292,22127151.26741781,13378452.911740279,141894.36810266992,7715700.98171004,7573806.61360737
6293,22127151.26741781,13380886.721107272,141894.36810266992,7715700.98171004,7573806.61360737
6294,22127822.665917933,13383430.50826621,141894.36810266992,7715700.98171004,7573806.61360737
6295,22133655.48814256,13385676.116785917,141894.36810266992,7715700.98171004,7573806.61360737
6296,22143973.317612737,13387888.557400117,141894.36810266992,7715700.98171004,7573806.61360737
6297,22155337.10782349,13390036.823520454,141894.36810266992,7715700.98171004,7573806.61360737
6298,22166814.02090586,13392077.855059076,141894.36810266992,7715700.98171004,7573806.61360737
6299,22178390.829097904,13393957.619087214,141894.36810266992,7721394.953496371,7579500.585393702
6300,22190641.948253155,13395683.430832148,141894.36810266992,7731914.997748795,7590020.629646125
6301,22202282.48398983,13397405.751218608,141894.36810266992,7741827.949941116,7599933.581838447
6302,22214384.458961144,13399168.887248185,141894.36810266992,7752161.525724957,7610267.157622287
6303,22222502.971234817,13401004.261147149,141894.36810266992,7758439.400941772,7616545.032839103
6304,22228869.68915461,13402982.780743564,141894.36810266992,7762822.336107256,7620927.968004586
6305,22232521.778212514,13405096.465789488,141894.36810266992,7764355.476961343,7622461.108858673
6306,22233196.94250714,13407328.108875297,141894.36810266992,7764355.476961343,7622461.108858673
6307,22233199.497418243,13409571.639205435,141894.36810266992,7764355.476961343,7622461.108858673
6308,22233199.497418243,13411773.273233881,141894.36810266992,7764355.476961343,7622461.108858673
6309,22233199.497418243,13413971.415903853,141894.36810266992,7764355.476961343,7622461.108858673
6310,22233199.497418243,13416114.77749681,141894.36810266992,7764355.476961343,7622461.108858673
6311,22233199.497418243,13418209.592581455,141894.36810266992,7764355.476961343,7622461.108858673
6312,22233199.497418243,13420263.592022983,141894.36810266992,7764355.476961343,7622461.108858673
6313,22233199.497418243,13422296.975823997,141894.36810266992,7764355.476961343,7622461.108858673
6314,22233199.497418243,13424318.13987035,141894.36810266992,7764355.476961343,7622461.108858673
6315,22233199.497418243,13426325.005972473,141894.36810266992,7764355.476961343,7622461.108858673
6316,22233199.497418243,13428318.904171692,141894.36810266992,7764355.476961343,7622461.108858673
6317,22233199.497418243,13430350.542293467,141894.36810266992,7764355.476961343,7622461.108858673
6318,22233837.027861245,13432435.963961264,141894.36810266992,7764355.476961343,7622461.108858673
6319,22239301.064696305,13434529.365877002,141894.36810266992,7764355.476961343,7622461.108858673
6320,22250468.97040634,13436627.00729946,141894.36810266992,7764355.476961343,7622461.108858673
6321,22262866.706918627,13438605.194385543,141894.36810266992,7764355.476961343,7622461.108858673
6322,22275720.941295624,13440621.453904515,141894.36810266992,7769154.097092229,7627259.728989559
6323,22287850.514071323,13442571.710122803,141894.36810266992,7779328.150491747,7637433.782389077
6324,22299362.13419057,13444526.870868472,141894.36810266992,7788879.34670743,7646984.97860476
6325,22311130.08707401,13446461.415973626,141894.36810266992,7798707.491327823,7656813.123225153
6326,22322296.314808622,13448479.088661503,141894.36810266992,7807850.783216661,7665956.415113991
6327,22332819.72389251,13450479.63706734,141894.36810266992,7816368.380736819,7674474.012634149
6328,22342510.650327913,13452702.967394877,141894.36810266992,7823830.71368679,7681936.345584121
6329,22347301.98940122,13455015.992384173,141894.36810266992,7826303.764612906,7684409.396510236
6330,22348096.19744214,13457330.430542376,141894.36810266992,7826303.764612906,7684409.396510236
6331,22348097.059888586,13459616.937832784,141894.36810266992,7826303.764612906,7684409.396510236
6332,22348097.059888586,13461845.08956012,141894.36810266992,7826303.764612906,7684409.396510236
6333,22348097.059888586,13464051.295605615,141894.36810266992,7826303.764612906,7684409.396510236
6334,22348097.059888586,13466244.533748206,141894.36810266992,7826303.764612906,7684409.396510236
6335,22348097.059888586,13468411.586702239,141894.36810266992,7826303.764612906,7684409.396510236
6336,22348097.059888586,13470556.693974432,141894.36810266992,7826303.764612906,7684409.396510236
6337,22348097.059888586,13472689.248981634,141894.36810266992,7826303.764612906,7684409.396510236
6338,22348097.059888586,13474766.607273908,141894.36810266992,7826303.764612906,7684409.396510236
6339,22348097.059888586,13476790.514530491,141894.36810266992,7826303.764612906,7684409.396510236
6340,22348097.059888586,13478813.09174575,141894.36810266992,7826303.764612906,7684409.396510236
6341,22348097.059888586,13480865.345508039,141894.36810266992,7826303.764612906,7684409.396510236
6342,22348472.736429513,13482988.423970811,141894.36810266992,7826303.764612906,7684409.396510236
6343,22351889.97256667,13485164.953469275,141894.36810266992,7826303.764612906,7684409.396510236
6344,22358183.962623324,13487344.226177968,141894.36810266992,7826303.764612906,7684409.396510236
6345,22366252.305478316,13489482.683243543,141894.36810266992,7826303.764612906,7684409.396510236
6346,22375244.022684805,13491624.299157262,141894.36810266992,7826303.764612906,7684409.396510236
6347,22383296.787674505,13493698.498601392,141894.36810266992,7826303.764612906,7684409.396510236
6348,22392332.637497794,13495849.507931959,141894.36810266992,7827535.27614134,7685640.90803867
6349,22400509.05680033,13498096.529620573,141894.36810266992,7833459.410597366,7691565.042494697
6350,22408149.76384568,13500432.913460614,141894.36810266992,7838758.470644782,7696864.102542113
6351,22414760.49363522,13502745.93844991,141894.36810266992,7843050.912287131,7701156.544184461
6352,22420034.334997866,13504989.80129038,141894.36810266992,7846075.627651413,7704181.259548743
6353,22422897.725243717,13507229.175241383,141894.36810266992,7846694.380788365,7704800.012685696
6354,22423477.652473293,13509499.971418655,141894.36810266992,7846694.380788365,7704800.012685696
6355,22423479.084532473,13511804.933032427,141894.36810266992,7846694.380788365,7704800.012685696
6356,22423479.084532473,13514080.218099166,141894.36810266992,7846694.380788365,7704800.012685696
6357,22423479.084532473,13516321.005219074,141894.36810266992,7846694.380788365,7704800.012685696
6358,22423479.084532473,13518533.113322943,141894.36810266992,7846694.380788365,7704800.012685696
6359,22423479.084532473,13520663.507012995,141894.36810266992,7846694.380788365,7704800.012685696
6360,22423479.084532473,13522732.801929744,141894.36810266992,7846694.380788365,7704800.012685696
6361,22423479.084532473,13524788.131412596,141894.36810266992,7846694.380788365,7704800.012685696
6362,22423479.084532473,13526851.524270972,141894.36810266992,7846694.380788365,7704800.012685696
6363,22423479.084532473,13528855.231524952,141894.36810266992,7846694.380788365,7704800.012685696
6364,22423479.084532473,13530852.288572313,141894.36810266992,7846694.380788365,7704800.012685696
6365,22423479.084532473,13532885.672373326,141894.36810266992,7846694.380788365,7704800.012685696
6366,22424102.23545706,13534978.741778735,141894.36810266992,7846694.380788365,7704800.012685696
6367,22429990.305001453,13537128.337940395,141894.36810266992,7846694.380788365,7704800.012685696
6368,22440228.753209606,13539242.022986319,141894.36810266992,7846694.380788365,7704800.012685696
6369,22451995.576251745,13541234.1755063,141894.36810266992,7846694.380788365,7704800.012685696
6370,22463266.16298405,13543196.651479248,141894.36810266992,7848164.404989801,7706270.036887132
6371,22474468.09470956,13545098.028678894,141894.36810266992,7857459.696357771,7715565.328255101
6372,22485802.907061502,13546988.599292787,141894.36810266992,7866898.674937926,7725004.3068352565
6373,22498127.74886738,13548893.135340577,141894.36810266992,7877313.71753812,7735419.3494354505
6374,22509532.702026717,13550825.934766494,141894.36810266992,7886780.608113644,7744886.240010974
6375,22517692.24557474,13552853.33338155,141894.36810266992,7892907.489888715,7751013.121786045
6376,22524274.865707256,13555024.958352633,141894.36810266992,7897313.2218922535,7755418.853789584
6377,22527827.141027283,13557298.913378049,141894.36810266992,7898586.27902897,7756691.9109263
6378,22528478.728782028,13559649.678289901,141894.36810266992,7898586.27902897,7756691.9109263
6379,22528481.155528046,13561980.16007157,141894.36810266992,7898586.27902897,7756691.9109263
6380,22528481.155528046,13564237.988345938,141894.36810266992,7898586.27902897,7756691.9109263
6381,22528481.155528046,13566486.423203457,141894.36810266992,7898586.27902897,7756691.9109263
6382,22528481.155528046,13568655.221836727,141894.36810266992,7898586.27902897,7756691.9109263
6383,22528481.155528046,13570768.906882651,141894.36810266992,7898586.27902897,7756691.9109263
6384,22528481.155528046,13572835.45858917,141894.36810266992,7898586.27902897,7756691.9109263
6385,22528481.155528046,13574867.429221276,141894.36810266992,7898586.27902897,7756691.9109263
6386,22528481.155528046,13576866.231947875,141894.36810266992,7898586.27902897,7756691.9109263
6387,22528481.155528046,13578843.005865052,141894.36810266992,7898586.27902897,7756691.9109263
6388,22528481.155528046,13580808.640686145,141894.36810266992,7898586.27902897,7756691.9109263
6389,22528481.155528046,13582802.871395694,141894.36810266992,7898586.27902897,7756691.9109263
6390,22528996.687619813,13584872.166312443,141894.36810266992,7898586.27902897,7756691.9109263
6391,22532670.476298068,13587142.962489715,141894.36810266992,7898586.27902897,7756691.9109263
6392,22539173.11338641,13589532.797365448,141894.36810266992,7898586.27902897,7756691.9109263
6393,22547523.635732852,13592015.485751083,141894.36810266992,7898586.27902897,7756691.9109263
6394,22557072.26863506,13594553.370851647,141894.36810266992,7898586.27902897,7756691.9109263
6395,22566260.677600954,13596849.271558901,141894.36810266992,7898586.27902897,7756691.9109263
6396,22574298.222044997,13598882.655359915,141894.36810266992,7898586.27902897,7756691.9109263
6397,22582489.04429154,13600894.010351505,141894.36810266992,7898586.27902897,7756691.9109263
6398,22589765.346016873,13602903.952174189,141894.36810266992,7898586.27902897,7756691.9109263
6399,22596317.03075038,13604981.310466463,141894.36810266992,7898586.27902897,7756691.9109263
6400,22601456.662034895,13607270.976605013,141894.36810266992,7898586.27902897,7756691.9109263
6401,22603844.731420472,13609601.12587635,141894.36810266992,7898638.935985315,7756744.567882645
6402,22604534.759863693,13612000.769806845,141894.36810266992,7898638.935985315,7756744.567882645
6403,22604540.34544231,13614392.350361815,141894.36810266992,7898638.935985315,7756744.567882645
6404,22604540.34544231,13616683.34654169,141894.36810266992,7898638.935985315,7756744.567882645
6405,22604540.34544231,13618928.955061397,141894.36810266992,7898638.935985315,7756744.567882645
6406,22604540.34544231,13621142.808844503,141894.36810266992,7898638.935985315,7756744.567882645
6407,22604540.34544231,13623330.14492872,141894.36810266992,7898638.935985315,7756744.567882645
6408,22604540.34544231,13625500.024220565,141894.36810266992,7898638.935985315,7756744.567882645
6409,22604540.34544231,13627661.840136886,141894.36810266992,7898638.935985315,7756744.567882645
6410,22604540.34544231,13629822.326011883,141894.36810266992,7898638.935985315,7756744.567882645
6411,22604540.34544231,13631948.563322797,141894.36810266992,7898638.935985315,7756744.567882645
6412,22604540.34544231,13634067.152896103,141894.36810266992,7898638.935985315,7756744.567882645
6413,22604540.34544231,13636189.898848543,141894.36810266992,7898638.935985315,7756744.567882645
6414,22605056.891451135,13638369.171557236,141894.36810266992,7898638.935985315,7756744.567882645
6415,22608731.291604456,13640599.068963809,141894.36810266992,7898638.935985315,7756744.567882645
6416,22615687.81347175,13642835.284066668,141894.36810266992,7898638.935985315,7756744.567882645
6417,22623814.855327856,13645057.201225298,141894.36810266992,7898638.935985315,7756744.567882645
6418,22633002.735560566,13647169.140591985,141894.36810266992,7898638.935985315,7756744.567882645
6419,22642193.748698387,13649216.822337225,141894.36810266992,7898638.935985315,7756744.567882645
6420,22650864.65989361,13651152.780611284,141894.36810266992,7898638.935985315,7756744.567882645
6421,22658772.697153796,13653065.380034598,141894.36810266992,7898638.935985315,7756744.567882645
6422,22666215.824181173,13655101.922683753,141894.36810266992,7904040.257205643,7762145.889102973
6423,22672285.12129741,13657221.509788051,141894.36810266992,7907984.704059689,7766090.33595702
6424,22677397.066489916,13659506.27139922,141894.36810266992,7910806.624483129,7768912.256380459
6425,22679780.702026132,13661835.00750165,141894.36810266992,7910856.260759021,7768961.892656351
6426,22680454.73226906,13664192.006982207,141894.36810266992,7910856.260759021,7768961.892656351
6427,22680460.172671705,13666533.29534963,141894.36810266992,7910856.260759021,7768961.892656351
6428,22680460.172671705,13668811.739264512,141894.36810266992,7910856.260759021,7768961.892656351
6429,22680460.172671705,13671065.078649413,141894.36810266992,7910856.260759021,7768961.892656351
6430,22680460.172671705,13673261.808150478,141894.36810266992,7910856.260759021,7768961.892656351
6431,22680460.172671705,13675417.389498094,141894.36810266992,7910856.260759021,7768961.892656351
6432,22680460.172671705,13677560.75109105,141894.36810266992,7910856.260759021,7768961.892656351
6433,22680460.172671705,13679684.910212398,141894.36810266992,7910856.260759021,7768961.892656351
6434,22680460.172671705,13681768.170563044,141894.36810266992,7910856.260759021,7768961.892656351
6435,22680460.172671705,13683818.678646097,141894.36810266992,7910856.260759021,7768961.892656351
6436,22680460.172671705,13685860.042695051,141894.36810266992,7910856.260759021,7768961.892656351
6437,22680460.172671705,13687932.496459944,141894.36810266992,7910856.260759021,7768961.892656351
6438,22680994.288224313,13690017.502489828,141894.36810266992,7910856.260759021,7768961.892656351
6439,22684713.759550463,13692087.21304449,141894.36810266992,7910856.260759021,7768961.892656351
6440,22691468.779327806,13694093.6635087,141894.36810266992,7910856.260759021,7768961.892656351
6441,22699831.899956476,13696035.939479047,141894.36810266992,7910856.260759021,7768961.892656351
6442,22708786.42934943,13698091.684599813,141894.36810266992,7910856.260759021,7768961.892656351
6443,22718248.028429426,13700101.293912167,141894.36810266992,7910856.260759021,7768961.892656351
6444,22726720.83566023,13702041.824203277,141894.36810266992,7914605.625824341,7772711.257721671
6445,22735201.871777184,13703938.296875544,141894.36810266992,7921184.926111134,7779290.558008464
6446,22742594.431800988,13705910.581903255,141894.36810266992,7926599.937949332,7784705.569846663
6447,22748806.068485998,13707859.092442306,141894.36810266992,7930857.800937395,7788963.432834725
6448,22753622.47700894,13709857.895168904,141894.36810266992,7933670.143575843,7791775.775473174
6449,22756187.866090856,13711983.799969489,141894.36810266992,7934104.364699281,7792209.996596611
6450,22756857.841132775,13714194.910542365,141894.36810266992,7934104.364699281,7792209.996596611
6451,22756863.23321921,13716382.246626582,141894.36810266992,7934104.364699281,7792209.996596611
6452,22756863.23321921,13718522.449371396,141894.36810266992,7934104.364699281,7792209.996596611
6453,22756863.23321921,13720672.045533055,141894.36810266992,7934104.364699281,7792209.996596611
6454,22756863.23321921,13722795.123995828,141894.36810266992,7934104.364699281,7792209.996596611
6455,22756863.23321921,13724907.063362515,141894.36810266992,7934104.364699281,7792209.996596611
6456,22756863.23321921,13727181.01838793,141894.36810266992,7934104.364699281,7792209.996596611
6457,22756863.23321921,13729486.395639615,141894.36810266992,7934104.364699281,7792209.996596611
6458,22756863.23321921,13731750.541610269,141894.36810266992,7934104.364699281,7792209.996596611
6459,22756863.23321921,13733989.58305094,141894.36810266992,7934104.364699281,7792209.996596611
6460,22756863.23321921,13736206.59568219,141894.36810266992,7934104.364699281,7792209.996596611
6461,22756863.23321921,13738433.417368202,141894.36810266992,7934104.364699281,7792209.996596611
6462,22757251.710416697,13740591.076905387,141894.36810266992,7934104.364699281,7792209.996596611
6463,22760515.612773605,13742712.409688922,141894.36810266992,7934104.364699281,7792209.996596611
6464,22766916.939493634,13744782.120243585,141894.36810266992,7934104.364699281,7792209.996596611
6465,22774740.464989837,13746812.345196454,141894.36810266992,7934104.364699281,7792209.996596611
6466,22783181.842666764,13748782.884544928,141894.36810266992,7934104.364699281,7792209.996596611
6467,22791541.636808906,13750789.335009137,141894.36810266992,7934104.364699281,7792209.996596611
6468,22800367.174765795,13752660.70315142,141894.36810266992,7934561.591145762,7792667.2230430925
6469,22808898.49821972,13754549.860596405,141894.36810266992,7941198.493996806,7799304.125894137
6470,22817245.12815078,13756576.5941908,141894.36810266992,7947513.127175577,7805618.759072907
6471,22823618.600300156,13758644.143428313,141894.36810266992,7951813.786929545,7809919.418826875
6472,22829012.267719954,13760836.38403991,141894.36810266992,7955009.950579849,7813115.582477179
6473,22831752.11681469,13763028.292141177,141894.36810266992,7955552.628415424,7813658.260312755
6474,22832371.565200083,13765278.472677933,141894.36810266992,7955552.628415424,7813658.260312755
6475,22832373.133546002,13767532.144573163,141894.36810266992,7955552.628415424,7813658.260312755
6476,22832373.133546002,13769785.483958064,141894.36810266992,7955552.628415424,7813658.260312755
6477,22832373.133546002,13772067.41923142,141894.36810266992,7955552.628415424,7813658.260312755
6478,22832373.133546002,13774314.440920034,141894.36810266992,7955552.628415424,7813658.260312755
6479,22832373.133546002,13776538.103757903,141894.36810266992,7955552.628415424,7813658.260312755
6480,22832373.133546002,13778736.578938205,141894.36810266992,7955552.628415424,7813658.260312755
6481,22832373.133546002,13780930.23271871,141894.36810266992,7955552.628415424,7813658.260312755
6482,22832373.133546002,13783103.2708587,141894.36810266992,7955552.628415424,7813658.260312755
6483,22832373.133546002,13785268.578133496,141894.36810266992,7955552.628415424,7813658.260312755
6484,22832373.133546002,13787427.650839586,141894.36810266992,7955552.628415424,7813658.260312755
6485,22832373.133546002,13789638.761412462,141894.36810266992,7955552.628415424,7813658.260312755
6486,22833027.128425337,13791892.100797363,141894.36810266992,7955552.628415424,7813658.260312755
6487,22839013.74685474,13794239.706861071,141894.36810266992,7955552.628415424,7813658.260312755
6488,22850014.58333608,13796642.426512126,141894.36810266992,7955552.628415424,7813658.260312755
6489,22861981.441641472,13799068.58814151,141894.36810266992,7955552.628415424,7813658.260312755
6490,22873717.325603276,13801502.730018836,141894.36810266992,7956000.422089695,7814106.053987025
6491,22886054.72787545,13804042.028288307,141894.36810266992,7965793.262934501,7823898.894831832
6492,22898355.13249988,13806681.82780529,141894.36810266992,7975448.6048840545,7833554.236781385
6493,22910935.211572174,13809136.252812799,141894.36810266992,7985568.9957909435,7843674.627688274
6494,22922820.632937074,13811578.125555318,141894.36810266992,7995007.281255431,7853112.913152761
6495,22935103.34690789,13814186.502846032,141894.36810266992,8004676.354777638,7862781.986674968
6496,22945733.077468876,13816909.42994574,141894.36810266992,8012577.895081021,7870683.526978351
6497,22951959.615052156,13819650.146348152,141894.36810266992,8016058.453103996,7874164.085001326
6498,22952667.204759523,13822376.232296005,141894.36810266992,8016058.453103996,7874164.085001326
6499,22952667.427979697,13825083.780792909,141894.36810266992,8016058.453103996,7874164.085001326
6500,22952667.427979697,13827737.878254121,141894.36810266992,8016058.453103996,7874164.085001326
6501,22952667.427979697,13830281.66541306,141894.36810266992,8016058.453103996,7874164.085001326
6502,22952667.427979697,13832841.163685132,141894.36810266992,8016058.453103996,7874164.085001326
6503,22952667.427979697,13835215.28744773,141894.36810266992,8016058.453103996,7874164.085001326
6504,22952667.427979697,13837577.191455668,141894.36810266992,8016058.453103996,7874164.085001326
6505,22952667.427979697,13839934.190936225,141894.36810266992,8016058.453103996,7874164.085001326
6506,22952667.427979697,13842288.031568639,141894.36810266992,8016058.453103996,7874164.085001326
6507,22952667.427979697,13844627.574256824,141894.36810266992,8016058.453103996,7874164.085001326
6508,22952667.427979697,13846968.530113915,141894.36810266992,8016058.453103996,7874164.085001326
6509,22952667.427979697,13849410.402856434,141894.36810266992,8016058.453103996,7874164.085001326
6510,22953283.84413749,13852120.77769115,141894.36810266992,8016058.453103996,7874164.085001326
6511,22958996.034932926,13854873.713848222,141894.36810266992,8016058.453103996,7874164.085001326
6512,22969270.518778037,13857582.675514033,141894.36810266992,8016058.453103996,7874164.085001326
6513,22981501.08844236,13860275.92606671,141894.36810266992,8016058.453103996,7874164.085001326
6514,22993327.17049593,13862988.046580663,141894.36810266992,8016058.453103996,7874164.085001326
6515,23006129.050839942,13865624.687249504,141894.36810266992,8020825.864859556,7878931.496756886
6516,23018204.548510022,13868226.829971515,141894.36810266992,8030293.956649731,7888399.588547061
6517,23030582.816925686,13871066.385069786,141894.36810266992,8039827.4068092285,7897933.038706559
6518,23042286.85103937,13873836.778019229,141894.36810266992,8048755.784815572,7906861.4167129025
6519,23052948.36541744,13876717.148760617,141894.36810266992,8056531.665294361,7914637.297191692
6520,23062225.3383716,13879594.02814353,141894.36810266992,8062926.495707715,7921032.127605045
6521,23067265.02820243,13882439.485300174,141894.36810266992,8065115.465224004,7923221.097121335
6522,23068047.678548675,13885253.520230548,141894.36810266992,8065115.465224004,7923221.097121335
6523,23068048.5568991,13888036.132934652,141894.36810266992,8065115.465224004,7923221.097121335
6524,23068048.5568991,13890737.36373527,141894.36810266992,8065115.465224004,7923221.097121335
6525,23068048.5568991,13893421.137743516,141894.36810266992,8065115.465224004,7923221.097121335
6526,23068048.5568991,13896085.709280152,141894.36810266992,8065115.465224004,7923221.097121335
6527,23068048.5568991,13898734.985341568,141894.36810266992,8065115.465224004,7923221.097121335
6528,23068048.5568991,13901368.550289847,141894.36810266992,8065115.465224004,7923221.097121335
6529,23068048.5568991,13903987.734166315,141894.36810266992,8065115.465224004,7923221.097121335
6530,23068048.5568991,13906606.918042783,141894.36810266992,8065115.465224004,7923221.097121335
6531,23068048.5568991,13909221.280519454,141894.36810266992,8065115.465224004,7923221.097121335
6532,23068048.5568991,13911843.955754397,141894.36810266992,8065115.465224004,7923221.097121335
6533,23068048.5568991,13914529.47544188,141894.36810266992,8065115.465224004,7923221.097121335
6534,23068531.566459388,13917296.37703285,141894.36810266992,8065115.465224004,7923221.097121335
6535,23072775.25553399,13920135.516493207,141894.36810266992,8065115.465224004,7923221.097121335
6536,23080727.104476217,13923012.72838645,141894.36810266992,8065115.465224004,7923221.097121335
6537,23090499.450347994,13925886.781431552,141894.36810266992,8065115.465224004,7923221.097121335
6538,23100350.555080086,13928725.920891909,141894.36810266992,8065115.465224004,7923221.097121335
6539,23111760.679627478,13931510.27927525,141894.36810266992,8065115.465224004,7923221.097121335
6540,23122586.9505744,13934269.533128608,141894.36810266992,8065115.465224004,7923221.097121335
6541,23133417.36033892,13936953.307136854,141894.36810266992,8073057.474420471,7931163.106317801
6542,23143696.57185387,13939670.249050606,141894.36810266992,8080614.480863775,7938720.112761105
6543,23153125.17528482,13942372.893020129,141894.36810266992,8087335.177167309,7945440.80906464
6544,23160850.658071987,13945141.540290335,141894.36810266992,8092286.749526373,7950392.381423703
6545,23165403.308080528,13947768.787542328,141894.36810266992,8094206.889125026,7952312.521022356
6546,23166085.658796083,13950166.685793586,141894.36810266992,8094206.889125026,7952312.521022356
6547,23166086.816568177,13952518.780746762,141894.36810266992,8094206.889125026,7952312.521022356
6548,23166086.816568177,13954802.129189026,141894.36810266992,8094206.889125026,7952312.521022356
6549,23166086.816568177,13957069.766518155,141894.36810266992,8094206.889125026,7952312.521022356
6550,23166086.816568177,13959274.226884414,141894.36810266992,8094206.889125026,7952312.521022356
6551,23166086.816568177,13961395.892178278,141894.36810266992,8094206.889125026,7952312.521022356
6552,23166086.816568177,13963479.152528925,141894.36810266992,8094206.889125026,7952312.521022356
6553,23166086.816568177,13965520.184067547,141894.36810266992,8094206.889125026,7952312.521022356
6554,23166086.816568177,13967531.87156947,141894.36810266992,8094206.889125026,7952312.521022356
6555,23166086.816568177,13969521.280879222,141894.36810266992,8094206.889125026,7952312.521022356
6556,23166086.816568177,13971509.277020067,141894.36810266992,8094206.889125026,7952312.521022356
6557,23166086.816568177,13973528.362876851,141894.36810266992,8094206.889125026,7952312.521022356
6558,23166482.99188359,13975604.308000218,141894.36810266992,8094206.889125026,7952312.521022356
6559,23169381.68461138,13977771.02844392,141894.36810266992,8094206.889125026,7952312.521022356
6560,23174497.12863966,13980005.497867541,141894.36810266992,8094206.889125026,7952312.521022356
6561,23181424.255314644,13982212.036423368,141894.36810266992,8094206.889125026,7952312.521022356
6562,23189084.215213526,13984362.048222942,141894.36810266992,8094206.889125026,7952312.521022356
6563,23197477.838021223,13986467.669893341,141894.36810266992,8094206.889125026,7952312.521022356
6564,23205929.867551215,13988642.121202236,141894.36810266992,8094206.889125026,7952312.521022356
6565,23214040.467133924,13990804.35275647,141894.36810266992,8096844.491896018,7954950.123793349
6566,23222159.35104622,13992985.3711444,141894.36810266992,8102777.09426249,7960882.72615982
6567,23229652.519114077,13995240.456208538,141894.36810266992,8108009.914108315,7966115.546005645
6568,23235242.851220716,13997482.989007683,141894.36810266992,8111352.450257913,7969458.0821552435
6569,23238591.251550257,13999703.492997408,141894.36810266992,8112475.083439834,7970580.715337165
6570,23239261.394995503,14001926.823324945,141894.36810266992,8112475.083439834,7970580.715337165
6571,23239263.708000325,14004216.073825581,141894.36810266992,8112475.083439834,7970580.715337165
6572,23239263.708000325,14006477.060948092,141894.36810266992,8112475.083439834,7970580.715337165
6573,23239263.708000325,14008710.117202807,141894.36810266992,8112475.083439834,7970580.715337165
6574,23239263.708000325,14010913.16440016,141894.36810266992,8112475.083439834,7970580.715337165
6575,23239263.708000325,14013094.18278809,141894.36810266992,8112475.083439834,7970580.715337165
6576,23239263.708000325,14015224.992116056,141894.36810266992,8112475.083439834,7970580.715337165
6577,23239263.708000325,14017333.7726346,141894.36810266992,8112475.083439834,7970580.715337165
6578,23239263.708000325,14019407.97207873,141894.36810266992,8112475.083439834,7970580.715337165
6579,23239263.708000325,14021452.494975828,141894.36810266992,8112475.083439834,7970580.715337165
6580,23239263.708000325,14023487.624456078,141894.36810266992,8112475.083439834,7970580.715337165
6581,23239263.708000325,14025404.71276886,141894.36810266992,8112475.083439834,7970580.715337165
6582,23239558.983000323,14027284.476796998,141894.36810266992,8112475.083439834,7970580.715337165
6583,23244013.533000324,14029407.55525977,141894.36810266992,8112475.083439834,7970580.715337165
6584,23253757.833000325,14031619.995873969,141894.36810266992,8112475.083439834,7970580.715337165
6585,23264933.358000323,14033859.03731464,141894.36810266992,8112475.083439834,7970580.715337165
6586,23276473.533000324,14036051.277926238,141894.36810266992,8112475.083439834,7970580.715337165
6587,23288152.383000325,14038177.182726823,141894.36810266992,8120619.641209221,7978725.273106552
6588,23300217.258000325,14040372.582186565,141894.36810266992,8130483.8535915855,7988589.485488916
6589,23312428.308000326,14042585.022800764,141894.36810266992,8140477.199819491,7998582.8317168215
6590,23324776.308000326,14044767.4543576,141894.36810266992,8150637.50510476,8008743.13700209
6591,23337120.558000326,14046843.066970635,141894.36810266992,8160900.879333829,8019006.511231159
6592,23347256.208000325,14048794.73635783,141894.36810266992,8169079.596788739,8027185.228686069
6593,23350840.308000326,14050733.853480034,141894.36810266992,8170719.316508641,8028824.948405971
6594,23350953.108000327,14052632.071831537,141894.36810266992,8170719.316508641,8028824.948405971
6595,23350953.108000327,14054494.046556974,141894.36810266992,8170719.316508641,8028824.948405971
6596,23350953.108000327,14056310.633622242,141894.36810266992,8170719.316508641,8028824.948405971
6597,23350953.108000327,14058114.585294936,141894.36810266992,8170719.316508641,8028824.948405971
6598,23350953.108000327,14059893.764947979,141894.36810266992,8170719.316508641,8028824.948405971
6599,23350953.108000327,14061658.646656793,141894.36810266992,8170719.316508641,8028824.948405971
6600,23350953.108000327,14063407.817252472,141894.36810266992,8170719.316508641,8028824.948405971
6601,23350953.108000327,14065153.496489676,141894.36810266992,8170719.316508641,8028824.948405971
6602,23350953.108000327,14066886.62346189,141894.36810266992,8170719.316508641,8028824.948405971
6603,23350953.108000327,14068612.019568909,141894.36810266992,8170719.316508641,8028824.948405971
6604,23350953.108000327,14070347.224730691,141894.36810266992,8170719.316508641,8028824.948405971
6605,23350953.108000327,14072107.534422455,141894.36810266992,8170719.316508641,8028824.948405971
6606,23351245.08300033,14073881.809548117,141894.36810266992,8170719.316508641,8028824.948405971
6607,23355828.93300033,14075676.367803963,141894.36810266992,8170719.316508641,8028824.948405971
6608,23365850.73300033,14077431.856095929,141894.36810266992,8170719.316508641,8028824.948405971
6609,23377360.30800033,14079190.087598125,141894.36810266992,8170719.316508641,8028824.948405971
6610,23389129.75800033,14080920.388232525,141894.36810266992,8176297.8642024975,8034403.496099828
6611,23400910.00800033,14082675.876524491,141894.36810266992,8186317.362752637,8044422.994649967
6612,23413338.33300033,14084452.977987966,141894.36810266992,8196963.323131268,8055068.955028598
6613,23425923.70800033,14086239.472868288,141894.36810266992,8207756.940093051,8065862.571990381
6614,23438679.70800033,14088021.478859143,141894.36810266992,8218725.670944301,8076831.302841632
6615,23451443.88300033,14089800.326001855,141894.36810266992,8229705.735643695,8087811.367541025
6616,23462472.33300033,14091568.03404848,141894.36810266992,8238961.214439174,8097066.846336504
6617,23466126.033000328,14093369.242510945,141894.36810266992,8240808.442818815,8098914.074716145
6618,23466228.108000327,14095176.353031782,141894.36810266992,8240808.442818815,8098914.074716145
6619,23466228.108000327,14096978.974663153,141894.36810266992,8240808.442818815,8098914.074716145
6620,23466228.108000327,14098757.821805865,141894.36810266992,8240808.442818815,8098914.074716145
6621,23466228.108000327,14100552.38006171,141894.36810266992,8240808.442818815,8098914.074716145
6622,23466228.108000327,14102361.236261785,141894.36810266992,8240808.442818815,8098914.074716145
6623,23466228.108000327,14104545.41349786,141894.36810266992,8240808.442818815,8098914.074716145
6624,23466228.108000327,14106598.997301474,141894.36810266992,8240808.442818815,8098914.074716145
6625,23466228.108000327,14108633.794271393,141894.36810266992,8240808.442818815,8098914.074716145
6626,23466228.108000327,14110640.244735602,141894.36810266992,8240808.442818815,8098914.074716145
6627,23466228.108000327,14112412.774182027,141894.36810266992,8240808.442818815,8098914.074716145
6628,23466228.108000327,14114177.655890841,141894.36810266992,8240808.442818815,8098914.074716145
6629,23466228.108000327,14115972.214146687,141894.36810266992,8240808.442818815,8098914.074716145
6630,23466526.383000325,14117798.527139133,141894.36810266992,8240808.442818815,8098914.074716145
6631,23471670.708000325,14119623.094452342,141894.36810266992,8240808.442818815,8098914.074716145
6632,23483268.708000325,14121394.293857442,141894.36810266992,8240808.442818815,8098914.074716145
6633,23496850.008000325,14123080.28749025,141894.36810266992,8240808.442818815,8098914.074716145
6634,23510882.433000326,14124706.595518664,141894.36810266992,8251564.732814865,8109670.3647121955
6635,23524922.508000325,14126677.134867137,141894.36810266992,8263629.005308498,8121734.637205828
6636,23539109.583000325,14128652.163105078,141894.36810266992,8275835.788912663,8133941.4208099935
6637,23553375.033000324,14130558.444832105,141894.36810266992,8288189.694027741,8146295.325925072
6638,23567665.458000325,14132416.180050822,141894.36810266992,8300617.120651131,8158722.752548461
6639,23581751.658000324,14134429.28072165,141894.36810266992,8312684.956822408,8170790.588719739
6640,23593122.858000323,14136520.604447821,141894.36810266992,8321959.569938342,8180065.201835672
6641,23596966.00800032,14138769.371815672,141894.36810266992,8323548.689412597,8181654.321309927
6642,23597064.558000322,14141091.790221816,141894.36810266992,8323548.689412597,8181654.321309927
6643,23597064.558000322,14143371.979815936,141894.36810266992,8323548.689412597,8181654.321309927
6644,23597064.558000322,14145606.449239558,141894.36810266992,8323548.689412597,8181654.321309927
6645,23597064.558000322,14147812.655285053,141894.36810266992,8323548.689412597,8181654.321309927
6646,23597064.558000322,14149995.41935222,141894.36810266992,8323548.689412597,8181654.321309927
6647,23597064.558000322,14152119.910983898,141894.36810266992,8323548.689412597,8181654.321309927
6648,23597064.558000322,14153999.342501706,141894.36810266992,8323548.689412597,8181654.321309927
6649,23597064.558000322,14155776.44396518,141894.36810266992,8323548.689412597,8181654.321309927
6650,23597064.558000322,14157525.282050528,141894.36810266992,8323548.689412597,8181654.321309927
6651,23597064.558000322,14159274.120135875,141894.36810266992,8323548.689412597,8181654.321309927
6652,23597064.558000322,14161022.958221223,141894.36810266992,8323548.689412597,8181654.321309927
6653,23597064.558000322,14162797.233346885,141894.36810266992,8323548.689412597,8181654.321309927
6654,23597267.433000322,14164656.381734507,141894.36810266992,8323548.689412597,8181654.321309927
6655,23600745.558000322,14166598.657704854,141894.36810266992,8323548.689412597,8181654.321309927
6656,23608871.283000324,14168775.187203318,141894.36810266992,8323548.689412597,8181654.321309927
6657,23618663.208000325,14170978.234400671,141894.36810266992,8323548.689412597,8181654.321309927
6658,23628958.683000326,14173030.48816296,141894.36810266992,8323548.689412597,8181654.321309927
6659,23638603.908000328,14175051.319698982,141894.36810266992,8326073.47606724,8184179.107964571
6660,23648375.95800033,14177152.036842002,141894.36810266992,8333739.545766327,8191845.177663657
6661,23657967.33300033,14179037.702928513,141894.36810266992,8341439.99152192,8199545.62341925
6662,23667245.358000327,14180999.181370469,141894.36810266992,8348751.274922069,8206856.906819399
6663,23676175.08300033,14183055.924022228,141894.36810266992,8355618.994112416,8213724.626009746
6664,23683177.45800033,14185244.673275352,141894.36810266992,8360427.356701397,8218532.988598728
6665,23685444.63300033,14187430.263680331,141894.36810266992,8360503.678138522,8218609.310035853
6666,23685513.70800033,14189620.758612692,141894.36810266992,8360503.678138522,8218609.310035853
6667,23685513.70800033,14191774.926791403,141894.36810266992,8360503.678138522,8218609.310035853
6668,23685513.70800033,14193869.409365717,141894.36810266992,8360503.678138522,8218609.310035853
6669,23685513.70800033,14195932.469713762,141894.36810266992,8360503.678138522,8218609.310035853
6670,23685513.70800033,14197928.113592219,141894.36810266992,8360503.678138522,8218609.310035853
6671,23685513.70800033,14199774.70971485,141894.36810266992,8360503.678138522,8218609.310035853
6672,23685513.70800033,14201599.27702806,141894.36810266992,8360503.678138522,8218609.310035853
6673,23685513.70800033,14203365.57190578,141894.36810266992,8360503.678138522,8218609.310035853
6674,23685513.70800033,14205108.092294842,141894.36810266992,8360503.678138522,8218609.310035853
6675,23685513.70800033,14206852.35836314,141894.36810266992,8360503.678138522,8218609.310035853
6676,23685513.70800033,14208599.783279583,141894.36810266992,8360503.678138522,8218609.310035853
6677,23685513.70800033,14210384.94811858,141894.36810266992,8360503.678138522,8218609.310035853
6678,23685674.80800033,14212228.385393068,141894.36810266992,8360503.678138522,8218609.310035853
6679,23688727.45800033,14214142.314857706,141894.36810266992,8360503.678138522,8218609.310035853
6680,23696143.83300033,14216048.596584734,141894.36810266992,8360503.678138522,8218609.310035853
6681,23705201.88300033,14218083.393554652,141894.36810266992,8360503.678138522,8218609.310035853
6682,23714959.08300033,14220013.034132425,141894.36810266992,8360503.678138522,8218609.310035853
6683,23725771.75800033,14221893.795691555,141894.36810266992,8363644.91191581,8221750.54381314
6684,23736547.30800033,14223757.848606559,141894.36810266992,8372551.145842912,8230656.777740242
6685,23747337.03300033,14225571.609334014,141894.36810266992,8381521.846957562,8239627.478854892
6686,23757896.05800033,14227468.497644193,141894.36810266992,8390178.720489487,8248284.352386817
6687,23767788.03300033,14229508.11601391,141894.36810266992,8398025.813961875,8256131.445859205
6688,23775470.133000333,14231653.223286103,141894.36810266992,8403557.543531787,8261663.175429117
6689,23777981.808000334,14233942.47378674,141894.36810266992,8403774.704873255,8261880.336770585
6690,23778048.033000335,14236231.724287376,141894.36810266992,8403774.704873255,8261880.336770585
6691,23778048.033000335,14238475.587127846,141894.36810266992,8403774.704873255,8261880.336770585
6692,23778048.033000335,14240678.634325199,141894.36810266992,8403774.704873255,8261880.336770585
6693,23778048.033000335,14242812.519373724,141894.36810266992,8403774.704873255,8261880.336770585
6694,23778048.033000335,14244925.871909317,141894.36810266992,8403774.704873255,8261880.336770585
6695,23778048.033000335,14247012.623618437,141894.36810266992,8403774.704873255,8261880.336770585
6696,23778048.033000335,14249061.718532585,141894.36810266992,8403774.704873255,8261880.336770585
6697,23778048.033000335,14251091.943485454,141894.36810266992,8403774.704873255,8261880.336770585
6698,23778048.033000335,14253109.61617333,141894.36810266992,8403774.704873255,8261880.336770585
6699,23778048.033000335,14255116.482275454,141894.36810266992,8403774.704873255,8261880.336770585
6700,23778048.033000335,14256535.719495302,141894.36810266992,8403774.704873255,8261880.336770585
6701,23778048.033000335,14258397.694220738,141894.36810266992,8403774.704873255,8261880.336770585
6702,23778274.683000334,14260438.725759361,141894.36810266992,8403774.704873255,8261880.336770585
6703,23782477.983000334,14262552.078294953,141894.36810266992,8403774.704873255,8261880.336770585
6704,23792330.583000336,14264748.807796018,141894.36810266992,8403774.704873255,8261880.336770585
6705,23803889.133000337,14266943.791617846,141894.36810266992,8403774.704873255,8261880.336770585
6706,23815869.033000335,14268923.724383168,141894.36810266992,8403787.265633559,8261892.897530889
6707,23828128.758000337,14271033.918070618,141894.36810266992,8413931.533788215,8272037.165685546
6708,23840807.658000335,14272917.838477893,141894.36810266992,8424721.250223046,8282826.882120376
6709,23853735.258000337,14274778.400034422,141894.36810266992,8435783.025508622,8293888.657405952
6710,23866849.308000337,14276682.936082212,141894.36810266992,8446987.276302937,8305092.908200268
6711,23879858.058000337,14278723.967620835,141894.36810266992,8457949.73160642,8316055.36350375
6712,23890188.483000338,14280872.233741172,141894.36810266992,8466126.62732819,8324232.259225519
6713,23893235.20800034,14283130.477653453,141894.36810266992,8466909.845258014,8325015.477155345
6714,23893297.45800034,14285391.464775965,141894.36810266992,8466909.845258014,8325015.477155345
6715,23893297.45800034,14287625.601689255,141894.36810266992,8466909.845258014,8325015.477155345
6716,23893297.45800034,14289800.385508481,141894.36810266992,8466909.845258014,8325015.477155345
6717,23893297.45800034,14291946.905949581,141894.36810266992,8466909.845258014,8325015.477155345
6718,23893297.45800034,14294038.229675753,141894.36810266992,8466909.845258014,8325015.477155345
6719,23893297.45800034,14296084.165741757,141894.36810266992,8466909.845258014,8325015.477155345
6720,23893297.45800034,14298086.1273165,141894.36810266992,8466909.845258014,8325015.477155345
6721,23893297.45800034,14300038.129214024,141894.36810266992,8466909.845258014,8325015.477155345
6722,23893297.45800034,14301975.833167322,141894.36810266992,8466909.845258014,8325015.477155345
6723,23893297.45800034,14303932.074571567,141894.36810266992,8466909.845258014,8325015.477155345
6724,23893297.45800034,14305855.148070304,141894.36810266992,8466909.845258014,8325015.477155345
6725,23893297.45800034,14307750.290701246,141894.36810266992,8466909.845258014,8325015.477155345
6726,23893535.28300034,14309618.499995386,141894.36810266992,8466909.845258014,8325015.477155345
6727,23897955.858000338,14311724.121665785,141894.36810266992,8466909.845258014,8325015.477155345
6728,23908062.483000338,14313831.489015423,141894.36810266992,8466909.845258014,8325015.477155345
6729,23919850.08300034,14315861.713968292,141894.36810266992,8466909.845258014,8325015.477155345
6730,23932008.63300034,14317881.132335406,141894.36810266992,8468040.560910724,8326146.192808054
6731,23943714.48300034,14319815.67744056,141894.36810266992,8477806.602647675,8335912.2345450055
6732,23955671.583000343,14321720.21348835,141894.36810266992,8487853.90344199,8345959.53533932
6733,23967771.408000343,14323726.66395256,141894.36810266992,8497942.014819885,8356047.646717215
6734,23979987.783000343,14325891.971227355,141894.36810266992,8507987.819387194,8366093.451284524
6735,23991859.533000343,14328151.54518096,141894.36810266992,8517594.732275695,8375700.364173025
6736,24001116.633000344,14330338.881265176,141894.36810266992,8524659.233033583,8382764.864930913
6737,24003887.283000343,14332621.897197109,141894.36810266992,8525141.603943756,8383247.235841086
6738,24003936.333000343,14334919.21107327,141894.36810266992,8525141.603943756,8383247.235841086
6739,24003936.333000343,14337124.00394986,141894.36810266992,8525141.603943756,8383247.235841086
6740,24003936.333000343,14339239.10216469,141894.36810266992,8525141.603943756,8383247.235841086
6741,24003936.333000343,14341371.241533978,141894.36810266992,8525141.603943756,8383247.235841086
6742,24003936.333000343,14343491.161148606,141894.36810266992,8525141.603943756,8383247.235841086
6743,24003936.333000343,14345585.64372292,141894.36810266992,8525141.603943756,8383247.235841086
6744,24003936.333000343,14347633.32546816,141894.36810266992,8525141.603943756,8383247.235841086
6745,24003936.333000343,14349658.645893648,141894.36810266992,8525141.603943756,8383247.235841086
6746,24003936.333000343,14351747.143282007,141894.36810266992,8525141.603943756,8383247.235841086
6747,24003936.333000343,14353840.212687416,141894.36810266992,8525141.603943756,8383247.235841086
6748,24003936.333000343,14355961.545470951,141894.36810266992,8525141.603943756,8383247.235841086
6749,24003936.333000343,14358117.4593289,141894.36810266992,8525141.603943756,8383247.235841086
6750,24004162.908000343,14360301.636564974,141894.36810266992,8525141.603943756,8383247.235841086
6751,24008453.958000343,14362528.04261307,141894.36810266992,8525141.603943756,8383247.235841086
6752,24018425.35800034,14364710.474169906,141894.36810266992,8525141.603943756,8383247.235841086
6753,24030206.958000343,14366874.451403378,141894.36810266992,8525141.603943756,8383247.235841086
6754,24042350.808000345,14368995.784186913,141894.36810266992,8525141.603943756,8383247.235841086
6755,24054483.108000346,14371030.913667163,141894.36810266992,8534300.740161508,8392406.372058839
6756,24066969.633000344,14373313.929599095,141894.36810266992,8544498.986071682,8402604.617969012
6757,24079681.683000345,14375416.392421352,141894.36810266992,8555103.31009153,8413208.941988861
6758,24092595.783000346,14377561.499693545,141894.36810266992,8565867.039661443,8423972.671558773
6759,24105364.158000346,14379968.79136165,141894.36810266992,8576222.859835442,8434328.491732772
6760,24115396.458000347,14382443.499499345,141894.36810266992,8583775.188539853,8441880.820437184
6761,24118344.483000346,14384941.898998115,141894.36810266992,8584219.550883189,8442325.18278052
6762,24118390.158000346,14387350.603835126,141894.36810266992,8584219.550883189,8442325.18278052
6763,24118390.158000346,14389684.244464938,141894.36810266992,8584219.550883189,8442325.18278052
6764,24118390.158000346,14391981.89085143,141894.36810266992,8584219.550883189,8442325.18278052
6765,24118390.158000346,14394216.360275052,141894.36810266992,8584219.550883189,8442325.18278052
6766,24118390.158000346,14396414.835455354,141894.36810266992,8584219.550883189,8442325.18278052
6767,24118390.158000346,14398539.327087032,141894.36810266992,8584219.550883189,8442325.18278052
6768,24118390.158000346,14400568.138870994,141894.36810266992,8584219.550883189,8442325.18278052
6769,24118390.158000346,14402555.802501507,141894.36810266992,8584219.550883189,8442325.18278052
6770,24118390.158000346,14404524.596170742,141894.36810266992,8584219.550883189,8442325.18278052
6771,24118390.158000346,14406465.126461852,141894.36810266992,8584219.550883189,8442325.18278052
6772,24118390.158000346,14408390.278150158,141894.36810266992,8584219.550883189,8442325.18278052
6773,24118390.158000346,14410329.395272361,141894.36810266992,8584219.550883189,8442325.18278052
6774,24118625.208000347,14412157.121433714,141894.36810266992,8584219.550883189,8442325.18278052
6775,24123172.233000346,14413959.743065085,141894.36810266992,8584219.550883189,8442325.18278052
6776,24133701.708000347,14415650.641225275,141894.36810266992,8584219.550883189,8442325.18278052
6777,24145773.258000348,14417317.764896804,141894.36810266992,8584219.550883189,8442325.18278052
6778,24158133.48300035,14419077.742078237,141894.36810266992,8586900.740692543,8445006.372589873
6779,24170344.23300035,14420762.32254214,141894.36810266992,8597421.647070745,8455527.278968075
6780,24182808.55800035,14422462.281608846,141894.36810266992,8608180.749846144,8466286.381743474
6781,24195439.60800035,14424208.293356381,141894.36810266992,8619060.524940714,8477166.156838045
6782,24208269.85800035,14426078.248329759,141894.36810266992,8630015.556809442,8488121.188706772
6783,24221061.10800035,14428146.213205185,141894.36810266992,8640733.578776121,8498839.210673451
6784,24231101.508000348,14430311.52047998,141894.36810266992,8648603.40834343,8506709.04024076
6785,24233898.408000346,14432701.355355714,141894.36810266992,8649005.210309803,8507110.842207134
6786,24233935.383000348,14435064.672532558,141894.36810266992,8649005.210309803,8507110.842207134
6787,24233935.383000348,14437294.2374288,141894.36810266992,8649005.210309803,8507110.842207134
6788,24233935.383000348,14439432.694494374,141894.36810266992,8649005.210309803,8507110.842207134
6789,24233935.383000348,14441506.561428173,141894.36810266992,8649005.210309803,8507110.842207134
6790,24233935.383000348,14443301.119684018,141894.36810266992,8649005.210309803,8507110.842207134
6791,24233935.383000348,14445068.827730644,141894.36810266992,8649005.210309803,8507110.842207134
6792,24233935.383000348,14446822.570343373,141894.36810266992,8649005.210309803,8507110.842207134
6793,24233935.383000348,14448573.154107958,141894.36810266992,8649005.210309803,8507110.842207134
6794,24233935.383000348,14450319.165855493,141894.36810266992,8649005.210309803,8507110.842207134
6795,24233935.383000348,14452053.705996612,141894.36810266992,8649005.210309803,8507110.842207134
6796,24233935.383000348,14453783.674120681,141894.36810266992,8649005.210309803,8507110.842207134
6797,24233935.383000348,14455549.968998402,141894.36810266992,8649005.210309803,8507110.842207134
6798,24234120.633000348,14457330.22931002,141894.36810266992,8649005.210309803,8507110.842207134
6799,24238141.758000348,14459095.111018835,141894.36810266992,8649005.210309803,8507110.842207134
6800,24247650.408000346,14460768.884896982,141894.36810266992,8649005.210309803,8507110.842207134
6801,24258924.558000345,14462448.893343834,141894.36810266992,8649005.210309803,8507110.842207134
6802,24270510.408000346,14464216.60139046,141894.36810266992,8651400.707242677,8509506.339140007
6803,24282142.308000345,14466075.749778083,141894.36810266992,8661168.195697159,8519273.827594489
6804,24293955.633000344,14467931.739317562,141894.36810266992,8671120.267999785,8529225.899897115
6805,24305934.783000343,14469803.439970177,141894.36810266992,8681222.454189276,8539328.086086607
6806,24318126.93300034,14471783.372735498,141894.36810266992,8691429.40826606,8549535.04016339
6807,24329974.08300034,14473920.749142498,141894.36810266992,8701133.918701164,8559239.550598495
6808,24338868.108000338,14476169.184000017,141894.36810266992,8707774.24568575,8565879.87758308
6809,24341355.483000338,14478599.834518868,141894.36810266992,8707825.707009004,8565931.338906335
6810,24341386.308000337,14481074.542656563,141894.36810266992,8707825.707009004,8565931.338906335
6811,24341386.308000337,14483434.368474932,141894.36810266992,8707825.707009004,8565931.338906335
6812,24341386.308000337,14485656.285633562,141894.36810266992,8707825.707009004,8565931.338906335
6813,24341386.308000337,14487815.025829323,141894.36810266992,8707825.707009004,8565931.338906335
6814,24341386.308000337,14489944.089478051,141894.36810266992,8707825.707009004,8565931.338906335
6815,24341386.308000337,14492007.482336428,141894.36810266992,8707825.707009004,8565931.338906335
6816,24341386.308000337,14493877.769820135,141894.36810266992,8707825.707009004,8565931.338906335
6817,24341386.308000337,14495640.905849712,141894.36810266992,8707825.707009004,8565931.338906335
6818,24341386.308000337,14497381.680559536,141894.36810266992,8707825.707009004,8565931.338906335
6819,24341386.308000337,14499117.966379894,141894.36810266992,8707825.707009004,8565931.338906335
6820,24341386.308000337,14500865.391296336,141894.36810266992,8707825.707009004,8565931.338906335
6821,24341386.308000337,14502643.905928718,141894.36810266992,8707825.707009004,8565931.338906335
6822,24341614.059466217,14504515.274071,141894.36810266992,8707825.707009004,8565931.338906335
6823,24346265.446387433,14506475.00683372,141894.36810266992,8707825.707009004,8565931.338906335
6824,24356661.067025606,14508446.959351098,141894.36810266992,8707825.707009004,8565931.338906335
6825,24368265.05393665,14510444.348908791,141894.36810266992,8707825.707009004,8565931.338906335
6826,24380659.04667533,14512333.173843447,141894.36810266992,8710561.019126806,8568666.651024137
6827,24393337.2018392,14514226.903305484,141894.36810266992,8721340.181670748,8579445.813568078
6828,24405338.78528715,14516095.445109954,141894.36810266992,8731467.96015633,8589573.592053661
6829,24418568.988457434,14517970.304610712,141894.36810266992,8742818.04066796,8600923.67256529
6830,24431030.87460852,14519913.910622383,141894.36810266992,8753331.05764948,8611436.68954681
6831,24443335.913886793,14521963.00553653,141894.36810266992,8763581.73885571,8621687.37075304
6832,24453656.44646251,14524115.760546334,141894.36810266992,8771744.253263727,8629849.885161057
6833,24456472.723772507,14526384.811044369,141894.36810266992,8772286.216917794,8630391.848815124
6834,24456508.552002717,14528652.448373498,141894.36810266992,8772286.216917794,8630391.848815124
6835,24456508.552002717,14530883.758948976,141894.36810266992,8772286.216917794,8630391.848815124
6836,24456508.552002717,14533063.447295584,141894.36810266992,8772286.216917794,8630391.848815124
6837,24456508.552002717,14535205.395719634,141894.36810266992,8772286.216917794,8630391.848815124
6838,24456508.552002717,14537293.893107994,141894.36810266992,8772286.216917794,8630391.848815124
6839,24456508.552002717,14539310.152626965,141894.36810266992,8772286.216917794,8630391.848815124
6840,24456508.552002717,14541297.816257479,141894.36810266992,8772286.216917794,8630391.848815124
6841,24456508.552002717,14543282.65355018,141894.36810266992,8772286.216917794,8630391.848815124
6842,24456508.552002717,14545284.615124922,141894.36810266992,8772286.216917794,8630391.848815124
6843,24456508.552002717,14547253.408794157,141894.36810266992,8772286.216917794,8630391.848815124
6844,24456508.552002717,14549222.534973724,141894.36810266992,8772286.216917794,8630391.848815124
6845,24456508.552002717,14551251.014247356,141894.36810266992,8772286.216917794,8630391.848815124
6846,24456746.94625095,14553352.147028288,141894.36810266992,8772286.216917794,8630391.848815124
6847,24461420.32293835,14555550.62220859,141894.36810266992,8772286.216917794,8630391.848815124
6848,24471715.43997519,14557762.73031246,141894.36810266992,8772286.216917794,8630391.848815124
6849,24484234.805368204,14559880.90424785,141894.36810266992,8772286.216917794,8630391.848815124
6850,24496670.867547408,14562072.812349116,141894.36810266992,8773849.906880856,8631955.538778186
6851,24508903.14489012,14564318.420868823,141894.36810266992,8783831.312545964,8641936.944443295
6852,24521946.675205372,14566574.919101868,141894.36810266992,8794613.081470279,8652718.71336761
6853,24535130.397224303,14568697.99756464,141894.36810266992,8805668.461868543,8663774.093765873
6854,24547938.09626574,14570791.399480378,141894.36810266992,8816377.495836345,8674483.127733676
6855,24561045.57748989,14573019.551207714,141894.36810266992,8827251.562175265,8685357.194072595
6856,24571425.183749974,14575233.737501152,141894.36810266992,8835411.718984017,8693517.350881347
6857,24574154.02445802,14577512.181416035,141894.36810266992,8835856.852619287,8693962.484516617
6858,24574191.65806597,14579789.21216201,141894.36810266992,8835856.852619287,8693962.484516617
6859,24574191.65806597,14582032.742492149,141894.36810266992,8835856.852619287,8693962.484516617
6860,24574191.65806597,14584199.795446182,141894.36810266992,8835856.852619287,8693962.484516617
6861,24574191.65806597,14586295.691189403,141894.36810266992,8835856.852619287,8693962.484516617
6862,24574191.65806597,14588380.697219286,141894.36810266992,8835856.852619287,8693962.484516617
6863,24574191.65806597,14590436.026702138,141894.36810266992,8835856.852619287,8693962.484516617
6864,24574191.65806597,14592466.251655007,141894.36810266992,8835856.852619287,8693962.484516617
6865,24574191.65806597,14594474.447798453,141894.36810266992,8835856.852619287,8693962.484516617
6866,24574191.65806597,14596462.443939298,141894.36810266992,8835856.852619287,8693962.484516617
6867,24574191.65806597,14598425.252422579,141894.36810266992,8835856.852619287,8693962.484516617
6868,24574191.65806597,14600380.080657916,141894.36810266992,8835856.852619287,8693962.484516617
6869,24574191.65806597,14602353.778854532,141894.36810266992,8835856.852619287,8693962.484516617
6870,24574389.758392803,14604373.197221646,141894.36810266992,8835856.852619287,8693962.484516617
6871,24577705.644816205,14606461.362099674,141894.36810266992,8835856.852619287,8693962.484516617
6872,24586071.717979822,14608532.40269566,141894.36810266992,8835856.852619287,8693962.484516617
6873,24595843.58837041,14610496.956858177,141894.36810266992,8835856.852619287,8693962.484516617
6874,24605960.631486833,14612444.05422832,141894.36810266992,8835856.852619287,8693962.484516617
6875,24615684.817378346,14614286.078333903,141894.36810266992,8837670.944465967,8695776.576363297
6876,24625647.674863856,14616134.08762544,141894.36810266992,8845780.529502045,8703886.161399376
6877,24634811.931184296,14618236.966085609,141894.36810266992,8852836.64420442,8710942.27610175
6878,24643727.775751323,14620458.883244239,141894.36810266992,8859525.308454921,8717630.940352252
6879,24652259.937828474,14622594.513972001,141894.36810266992,8865916.576646416,8724022.208543746
6880,24659236.185449015,14624745.523302568,141894.36810266992,8870736.551778495,8728842.183675826
6881,24661607.558498193,14626943.66597254,141894.36810266992,8870904.518999808,8729010.150897138
6882,24661679.221087717,14629096.753492676,141894.36810266992,8870904.518999808,8729010.150897138
6883,24661679.221087717,14631205.534011219,141894.36810266992,8870904.518999808,8729010.150897138
6884,24661679.221087717,14633249.724397985,141894.36810266992,8870904.518999808,8729010.150897138
6885,24661679.221087717,14635284.853878235,141894.36810266992,8870904.518999808,8729010.150897138
6886,24661679.221087717,14637274.263187988,141894.36810266992,8870904.518999808,8729010.150897138
6887,24661679.221087717,14639159.9292745,141894.36810266992,8870904.518999808,8729010.150897138
6888,24661679.221087717,14640949.915513296,141894.36810266992,8870904.518999808,8729010.150897138
6889,24661679.221087717,14642722.44495972,141894.36810266992,8870904.518999808,8729010.150897138
6890,24661679.221087717,14644476.18757245,141894.36810266992,8870904.518999808,8729010.150897138
6891,24661679.221087717,14646226.771337034,141894.36810266992,8870904.518999808,8729010.150897138
6892,24661679.221087717,14647971.037405333,141894.36810266992,8870904.518999808,8729010.150897138
6893,24661679.221087717,14649754.789075425,141894.36810266992,8870904.518999808,8729010.150897138
6894,24661982.42576324,14651604.5440462,141894.36810266992,8870904.518999808,8729010.150897138
6895,24666953.866318278,14653524.458696796,141894.36810266992,8870904.518999808,8729010.150897138
6896,24678509.40721029,14655457.258122712,141894.36810266992,8870904.518999808,8729010.150897138
6897,24692418.88278089,14657300.36288687,141894.36810266992,8870904.518999808,8729010.150897138
6898,24705971.79603466,14659253.777953302,141894.36810266992,8880269.222370902,8738374.854268232
6899,24719907.070995595,14661050.081888385,141894.36810266992,8892402.93023886,8750508.56213619
6900,24733756.54327175,14662805.57018035,141894.36810266992,8904491.651065156,8762597.282962486
6901,24747588.953147776,14664548.423079742,141894.36810266992,8916575.944883894,8774681.576781224
6902,24761724.380053435,14666382.466937382,141894.36810266992,8928872.064774016,8786977.696671346
6903,24775986.235910375,14668315.266363299,141894.36810266992,8941195.858047144,8799301.489944475
6904,24786905.938030437,14670322.132465422,141894.36810266992,8950103.430907188,8808209.062804518
6905,24790829.31979443,14672454.27183471,141894.36810266992,8951889.410144,8809995.04204133
6906,24790926.23598658,14674556.402146636,141894.36810266992,8951889.410144,8809995.04204133
6907,24790926.23598658,14676627.442742622,141894.36810266992,8951889.410144,8809995.04204133
6908,24790926.23598658,14678630.817486271,141894.36810266992,8951889.410144,8809995.04204133
6909,24790926.23598658,14680609.337082686,141894.36810266992,8951889.410144,8809995.04204133
6910,24790926.23598658,14682431.826206328,141894.36810266992,8951889.410144,8809995.04204133
6911,24790926.23598658,14684229.543310318,141894.36810266992,8951889.410144,8809995.04204133
6912,24790926.23598658,14686014.708149316,141894.36810266992,8951889.410144,8809995.04204133
6913,24790926.23598658,14687777.844178893,141894.36810266992,8951889.410144,8809995.04204133
6914,24790926.23598658,14689533.332470858,141894.36810266992,8951889.410144,8809995.04204133
6915,24790926.23598658,14691277.931049488,141894.36810266992,8951889.410144,8809995.04204133
6916,24790926.23598658,14693042.812758302,141894.36810266992,8951889.410144,8809995.04204133
6917,24790926.23598658,14694835.957845243,141894.36810266992,8951889.410144,8809995.04204133
6918,24791169.99708529,14696691.61487439,141894.36810266992,8951889.410144,8809995.04204133
6919,24795649.132415906,14698626.159979545,141894.36810266992,8951889.410144,8809995.04204133
6920,24805540.300086018,14700863.78825131,141894.36810266992,8951889.410144,8809995.04204133
6921,24817743.33096503,14702955.111977482,141894.36810266992,8951889.410144,8809995.04204133
6922,24829770.529401883,14704971.371496454,141894.36810266992,8955666.26010889,8813771.89200622
6923,24841597.630056046,14706991.78739456,141894.36810266992,8965467.68170705,8823573.313604381
6924,24853132.517876778,14709022.01234743,141894.36810266992,8974967.081417019,8833072.713314349
6925,24864853.10834575,14711281.586301034,141894.36810266992,8984422.834774492,8842528.466671823
6926,24877013.12752201,14713523.703462267,141894.36810266992,8994335.473631626,8852441.105528956
6927,24888743.876691196,14715827.335034715,141894.36810266992,9003757.32807047,8861862.9599678
6928,24898006.953423984,14718216.089251872,141894.36810266992,9010626.387428204,8868732.019325534
6929,24900754.112123482,14720588.799845563,141894.36810266992,9010995.572376113,8869101.204273444
6930,24900802.9634821,14722914.377099851,141894.36810266992,9010995.572376113,8869101.204273444
6931,24900802.9634821,14725155.16421976,141894.36810266992,9010995.572376113,8869101.204273444
6932,24900802.9634821,14727201.432796095,141894.36810266992,9010995.572376113,8869101.204273444
6933,24900802.9634821,14729032.317805592,141894.36810266992,9010995.572376113,8869101.204273444
6934,24900802.9634821,14730839.42832643,141894.36810266992,9010995.572376113,8869101.204273444
6935,24900802.9634821,14732638.891109657,141894.36810266992,9010995.572376113,8869101.204273444
6936,24900802.9634821,14734411.08804575,141894.36810266992,9010995.572376113,8869101.204273444
6937,24900802.9634821,14736175.969754564,141894.36810266992,9010995.572376113,8869101.204273444
6938,24900802.9634821,14737930.044877624,141894.36810266992,9010995.572376113,8869101.204273444
6939,24900802.9634821,14739679.215473304,141894.36810266992,9010995.572376113,8869101.204273444
6940,24900802.9634821,14741424.894710507,141894.36810266992,9010995.572376113,8869101.204273444
6941,24900802.9634821,14743200.915515406,141894.36810266992,9010995.572376113,8869101.204273444
6942,24901107.80106995,14744995.473771252,141894.36810266992,9010995.572376113,8869101.204273444
6943,24905624.921211515,14746807.156309139,141894.36810266992,9010995.572376113,8869101.204273444
6944,24915874.79665657,14748515.095623787,141894.36810266992,9010995.572376113,8869101.204273444
6945,24927895.50588115,14750072.241503375,141894.36810266992,9010995.572376113,8869101.204273444
6946,24939188.35969689,14751536.866383389,141894.36810266992,9015817.856506431,8873923.488403762
6947,24950622.50915129,14752934.074793814,141894.36810266992,9025849.534392511,8883955.166289842
6948,24962995.727979295,14754525.801747814,141894.36810266992,9036625.76310862,8894731.39500595
6949,24975433.941396195,14755962.163249703,141894.36810266992,9036625.76310862,8894731.39500595
6950,24988112.777520936,14757417.39471287,141894.36810266992,9036625.76310862,8894731.39500595
6951,25001286.34536103,14759056.587516604,141894.36810266992,9036625.76310862,8894731.39500595
6952,25012308.191161893,14760734.850284219,141894.36810266992,9045964.082983973,8904069.714881303
6953,25015889.99348768,14762523.090843778,141894.36810266992,9047752.381592304,8905858.013489634
6954,25015989.983634736,14764348.738815563,141894.36810266992,9047752.381592304,8905858.013489634
6955,25015989.983634736,14766175.051808009,141894.36810266992,9047752.381592304,8905858.013489634
6956,25015989.983634736,14767977.257801466,141894.36810266992,9047752.381592304,8905858.013489634
6957,25015989.983634736,14769778.46626393,141894.36810266992,9047752.381592304,8905858.013489634
6958,25015989.983634736,14771562.217934022,141894.36810266992,9047752.381592304,8905858.013489634
6959,25015989.983634736,14773343.891414545,141894.36810266992,9047752.381592304,8905858.013489634
6960,25015989.983634736,14775127.310574306,141894.36810266992,9047752.381592304,8905858.013489634
6961,25015989.983634736,14776898.094341494,141894.36810266992,9047752.381592304,8905858.013489634
6962,25015989.983634736,14778672.036956824,141894.36810266992,9047752.381592304,8905858.013489634
6963,25015989.983634736,14780438.331834545,141894.36810266992,9047752.381592304,8905858.013489634
6964,25015989.983634736,14782207.369922495,141894.36810266992,9047752.381592304,8905858.013489634
6965,25015989.983634736,14783994.280440731,141894.36810266992,9047752.381592304,8905858.013489634
6966,25016221.41943551,14785847.111132067,141894.36810266992,9047752.381592304,8905858.013489634
6967,25020445.42578225,14787712.161578063,141894.36810266992,9047752.381592304,8905858.013489634
6968,25030680.66607558,14789459.919004835,141894.36810266992,9047752.381592304,8905858.013489634
6969,25042107.23198635,14791021.969411802,141894.36810266992,9047752.381592304,8905858.013489634
6970,25053668.130280096,14792428.654366657,141894.36810266992,9053073.780811476,8911179.412708806
6971,25065889.248191934,14793734.422436086,141894.36810266992,9063983.867495988,8922089.499393318
6972,25077898.47585681,14795135.870353231,141894.36810266992,9074586.384085825,8932692.015983155
6973,25090176.43724333,14796528.25736386,141894.36810266992,9085466.695303824,8943572.327201154
6974,25102340.563320078,14798093.46661897,141894.36810266992,9096060.348967567,8954165.980864897
6975,25113742.976308137,14799716.615799239,141894.36810266992,9105834.349617463,8963939.981514793
6976,25122902.0284824,14801379.583091633,141894.36810266992,9113325.171341436,8971430.803238766
6977,25125575.843017574,14803163.002251394,141894.36810266992,9114210.303558953,8972315.935456283
6978,25125624.606241897,14804973.271620376,141894.36810266992,9114210.303558953,8972315.935456283
6979,25125624.606241897,14806786.6998375,141894.36810266992,9114210.303558953,8972315.935456283
6980,25125624.606241897,14808579.84492444,141894.36810266992,9114210.303558953,8972315.935456283
6981,25125624.606241897,14810388.368614184,141894.36810266992,9114210.303558953,8972315.935456283
6982,25125624.606241897,14812179.768021887,141894.36810266992,9114210.303558953,8972315.935456283
6983,25125624.606241897,14813955.456316454,141894.36810266992,9114210.303558953,8972315.935456283
6984,25125624.606241897,14815735.716628073,141894.36810266992,9114210.303558953,8972315.935456283
6985,25125624.606241897,14817572.503695942,141894.36810266992,9114210.303558953,8972315.935456283
6986,25125624.606241897,14819411.03644305,141894.36810266992,9114210.303558953,8972315.935456283
6987,25125624.606241897,14821248.15602125,141894.36810266992,9114210.303558953,8972315.935456283
6988,25125624.606241897,14823083.529920215,141894.36810266992,9114210.303558953,8972315.935456283
6989,25125624.606241897,14824923.475836229,141894.36810266992,9114210.303558953,8972315.935456283
6990,25125851.039891064,14826828.011884019,141894.36810266992,9114210.303558953,8972315.935456283
6991,25130086.71387651,14828817.005555857,141894.36810266992,9114210.303558953,8972315.935456283
6992,25140237.97878371,14830787.54490433,141894.36810266992,9114210.303558953,8972315.935456283
6993,25151369.268924467,14832607.207690159,141894.36810266992,9114210.303558953,8972315.935456283
6994,25163339.843989883,14834271.172513546,141894.36810266992,9118272.51224774,8976378.14414507
6995,25175645.535300806,14835833.222920513,141894.36810266992,9129010.889993802,8987116.521891132
6996,25188000.869611785,14837351.298836218,141894.36810266992,9139842.88523118,8997948.51712851
6997,25200429.15652165,14838852.250469884,141894.36810266992,9150764.957349485,9008870.589246815
6998,25213821.31879264,14840472.57331234,141894.36810266992,9162531.533620127,9020637.165517457
6999,25227402.970284175,14842155.740607336,141894.36810266992,9174424.75465877,9032530.3865561
7000,25238108.89740089,14843953.457711326,141894.36810266992,9183327.7015136,9041433.33341093
7001,25241253.666455984,14845895.733681673,141894.36810266992,9184524.931440452,9042630.563337782
7002,25241314.903038654,14847828.86561792,141894.36810266992,9184524.931440452,9042630.563337782
7003,25241314.903038654,14849726.751459092,141894.36810266992,9184524.931440452,9042630.563337782
7004,25241314.903038654,14851578.252109105,141894.36810266992,9184524.931440452,9042630.563337782
7005,25241314.903038654,14853413.62600807,141894.36810266992,9184524.931440452,9042630.563337782
7006,25241314.903038654,14855230.213073337,141894.36810266992,9184524.931440452,9042630.563337782
7007,25241314.903038654,14857019.866801804,141894.36810266992,9184524.931440452,9042630.563337782
7008,25241314.903038654,14858792.396248229,141894.36810266992,9184524.931440452,9042630.563337782
7009,25241314.903038654,14860555.532277806,141894.36810266992,9184524.931440452,9042630.563337782
7010,25241314.903038654,14862313.763780002,141894.36810266992,9184524.931440452,9042630.563337782
7011,25241314.903038654,14864069.252071967,141894.36810266992,9184524.931440452,9042630.563337782
7012,25241314.903038654,14865827.816084495,141894.36810266992,9184524.931440452,9042630.563337782
7013,25241314.903038654,14867633.180926096,141894.36810266992,9184524.931440452,9042630.563337782
7014,25241550.366154183,14869504.88157871,141894.36810266992,9184524.931440452,9042630.563337782
7015,25245815.80030357,14871450.233269617,141894.36810266992,9184524.931440452,9042630.563337782
7016,25256066.82086031,14873389.682902152,141894.36810266992,9184524.931440452,9042630.563337782
7017,25267960.29345529,14875383.9136117,141894.36810266992,9184524.931440452,9042630.563337782
7018,25279546.531919472,14877520.95750837,141894.36810266992,9188607.412296189,9046713.04419352
7019,25292155.319996588,14879504.049121834,141894.36810266992,9199227.845601946,9057333.477499276
7020,25305315.92889103,14881548.2395086,141894.36810266992,9210339.000951726,9068444.632849056
7021,25318583.92244367,14883696.505628938,141894.36810266992,9221453.465226136,9079559.097123466
7022,25332329.94549284,14886044.111692647,141894.36810266992,9232846.619053707,9090952.250951037
7023,25344722.28672641,14888468.527642792,141894.36810266992,9242809.281179236,9100914.913076567
7024,25355502.927788284,14891012.647312062,141894.36810266992,9251040.539413944,9109146.171311274
7025,25358476.292322062,14893633.576867769,141894.36810266992,9251387.711234123,9109493.343131453
7026,25358541.124811903,14896199.39283613,141894.36810266992,9251387.711234123,9109493.343131453
7027,25358541.124811903,14898614.747879758,141894.36810266992,9251387.711234123,9109493.343131453
7028,25358541.124811903,14900957.449416088,141894.36810266992,9251387.711234123,9109493.343131453
7029,25358541.124811903,14903259.335309299,141894.36810266992,9251387.711234123,9109493.343131453
7030,25358541.124811903,14905537.779224182,141894.36810266992,9251387.711234123,9109493.343131453
7031,25358541.124811903,14907783.055233557,141894.36810266992,9251387.711234123,9109493.343131453
7032,25358541.124811903,14909984.689262003,141894.36810266992,9251387.711234123,9109493.343131453
7033,25358541.124811903,14912143.761968093,141894.36810266992,9251387.711234123,9109493.343131453
7034,25358541.124811903,14914273.158127151,141894.36810266992,9251387.711234123,9109493.343131453
7035,25358541.124811903,14916311.446455544,141894.36810266992,9251387.711234123,9109493.343131453
7036,25358541.124811903,14918068.264788834,141894.36810266992,9251387.711234123,9109493.343131453
7037,25358541.124811903,14919861.077365443,141894.36810266992,9251387.711234123,9109493.343131453
7038,25358781.621044338,14921723.38460121,141894.36810266992,9251387.711234123,9109493.343131453
7039,25363197.240064573,14923727.091855189,141894.36810266992,9251387.711234123,9109493.343131453
7040,25373662.139581043,14925832.713525588,141894.36810266992,9251387.711234123,9109493.343131453
7041,25385677.269296058,14927817.550818289,141894.36810266992,9251387.711234123,9109493.343131453
7042,25398228.8006071,14929720.341186842,141894.36810266992,9251991.09562364,9110096.72752097
7043,25410213.45777094,14931626.29040354,141894.36810266992,9262064.54041289,9120170.17231022
7044,25422315.7180915,14933531.158961661,141894.36810266992,9272256.669017432,9130362.300914763
7045,25434447.18520199,14935483.160859186,141894.36810266992,9282430.871072505,9140536.502969835
7046,25446758.77773273,14937552.87141385,141894.36810266992,9292667.489890687,9150773.121788017
7047,25459375.715639953,14939702.46757551,141894.36810266992,9303129.568478355,9161235.200375685
7048,25469610.40725674,14941927.876092615,141894.36810266992,9311133.588420143,9169239.220317474
7049,25472392.811160944,14944204.57432826,141894.36810266992,9311634.030930806,9169739.662828136
7050,25472430.440890998,14946451.596016875,141894.36810266992,9311634.030930806,9169739.662828136
7051,25472430.440890998,14948644.834159466,141894.36810266992,9311634.030930806,9169739.662828136
7052,25472430.440890998,14950775.643487431,141894.36810266992,9311634.030930806,9169739.662828136
7053,25472430.440890998,14952832.71864952,141894.36810266992,9311634.030930806,9169739.662828136
7054,25472430.440890998,14954823.873638509,141894.36810266992,9311634.030930806,9169739.662828136
7055,25472430.440890998,14956789.508459602,141894.36810266992,9311634.030930806,9169739.662828136
7056,25472430.440890998,14958710.088130858,141894.36810266992,9311634.030930806,9169739.662828136
7057,25472430.440890998,14960617.783026792,141894.36810266992,9311634.030930806,9169739.662828136
7058,25472430.440890998,14962497.2145446,141894.36810266992,9311634.030930806,9169739.662828136
7059,25472430.440890998,14964236.576085517,141894.36810266992,9311634.030930806,9169739.662828136
7060,25472430.440890998,14965973.194416204,141894.36810266992,9311634.030930806,9169739.662828136
7061,25472430.440890998,14967753.454727823,141894.36810266992,9311634.030930806,9169739.662828136
7062,25472656.10101806,14969606.285419159,141894.36810266992,9311634.030930806,9169739.662828136
7063,25477003.073472727,14971675.995973822,141894.36810266992,9311634.030930806,9169739.662828136
7064,25486589.736519173,14973756.513114238,141894.36810266992,9311634.030930806,9169739.662828136
7065,25497833.46922386,14975763.379216362,141894.36810266992,9311634.030930806,9169739.662828136
7066,25509637.83670429,14977627.099621035,141894.36810266992,9312677.002180906,9170782.634078236
7067,25521418.549049128,14979585.086704517,141894.36810266992,9322494.464284366,9180600.096181696
7068,25533807.585806135,14981485.050735258,141894.36810266992,9332978.273852738,9191083.905750068
7069,25547346.71991217,14983485.266630763,141894.36810266992,9344511.928905375,9202617.560802706
7070,25559858.80645772,14985652.319584796,141894.36810266992,9354851.699338997,9212957.331236327
7071,25572348.185813606,14987941.570085432,141894.36810266992,9365046.56503635,9223152.196933681
7072,25583061.039728243,14990252.849395491,141894.36810266992,9373442.876483034,9231548.508380365
7073,25586008.950996447,14992587.487556295,141894.36810266992,9374050.886432538,9232156.518329868
7074,25586073.077034257,14994886.547111694,141894.36810266992,9374050.886432538,9232156.518329868
7075,25586073.077034257,14997152.438761584,141894.36810266992,9374050.886432538,9232156.518329868
7076,25586073.077034257,14999371.197072072,141894.36810266992,9374050.886432538,9232156.518329868
7077,25586073.077034257,15001566.1808939,141894.36810266992,9374050.886432538,9232156.518329868
7078,25586073.077034257,15003726.666768897,141894.36810266992,9374050.886432538,9232156.518329868
7079,25586073.077034257,15005835.44728744,141894.36810266992,9374050.886432538,9232156.518329868
7080,25586073.077034257,15007873.31997792,141894.36810266992,9374050.886432538,9232156.518329868
7081,25586073.077034257,15009858.157270622,141894.36810266992,9374050.886432538,9232156.518329868
7082,25586073.077034257,15011823.792091714,141894.36810266992,9374050.886432538,9232156.518329868
7083,25586073.077034257,15013762.909213917,141894.36810266992,9374050.886432538,9232156.518329868
7084,25586073.077034257,15015678.25184746,141894.36810266992,9374050.886432538,9232156.518329868
7085,25586073.077034257,15017524.515459761,141894.36810266992,9374050.886432538,9232156.518329868
7086,25586278.848554917,15019378.759320004,141894.36810266992,9374050.886432538,9232156.518329868
7087,25589625.71887355,15021288.199895175,141894.36810266992,9374050.886432538,9232156.518329868
7088,25598107.394388467,15023174.198492019,141894.36810266992,9374050.886432538,9232156.518329868
7089,25607642.85439321,15025291.042386087,141894.36810266992,9374050.886432538,9232156.518329868
7090,25617671.551051505,15027314.94964267,141894.36810266992,9374050.886432538,9232156.518329868
7091,25626901.234864667,15029263.46018172,141894.36810266992,9375335.718693627,9233441.350590957
7092,25636727.187228415,15031202.577303924,141894.36810266992,9383217.290777279,9241322.92267461
7093,25646731.975421753,15033182.510069245,141894.36810266992,9391236.8830474,9249342.51494473
7094,25656267.632969063,15035234.763831535,141894.36810266992,9398715.023674523,9256820.655571854
7095,25665150.873071317,15037308.963275665,141894.36810266992,9405518.801174754,9263624.433072085
7096,25672398.595129345,15039516.915000398,141894.36810266992,9410553.308350155,9268658.940247485
7097,25674636.887476914,15041818.800893608,141894.36810266992,9410553.308350155,9268658.940247485
7098,25674703.437717326,15044065.822582223,141894.36810266992,9410553.308350155,9268658.940247485
7099,25674703.437717326,15046163.46400468,141894.36810266992,9410553.308350155,9268658.940247485
7100,25674703.437717326,15047989.444486797,141894.36810266992,9410553.308350155,9268658.940247485
7101,25674703.437717326,15049785.41591155,141894.36810266992,9410553.308350155,9268658.940247485
7102,25674703.437717326,15051548.219430795,141894.36810266992,9410553.308350155,9268658.940247485
7103,25674703.437717326,15053297.390026474,141894.36810266992,9410553.308350155,9268658.940247485
7104,25674703.437717326,15055024.531812731,141894.36810266992,9410553.308350155,9268658.940247485
7105,25674703.437717326,15056757.991295276,141894.36810266992,9410553.308350155,9268658.940247485
7106,25674703.437717326,15058480.311681736,141894.36810266992,9410553.308350155,9268658.940247485
7107,25674703.437717326,15060197.727540815,141894.36810266992,9410553.308350155,9268658.940247485
7108,25674703.437717326,15061912.317062082,141894.36810266992,9410553.308350155,9268658.940247485
7109,25674703.437717326,15063662.900826667,141894.36810266992,9410553.308350155,9268658.940247485
7110,25674882.964453194,15065449.395706989,141894.36810266992,9410553.308350155,9268658.940247485
7111,25679031.248625275,15067251.601700446,141894.36810266992,9410553.308350155,9268658.940247485
7112,25688109.551994134,15068948.734429339,141894.36810266992,9410553.308350155,9268658.940247485
7113,25699043.834691364,15070551.600479424,141894.36810266992,9410553.308350155,9268658.940247485
7114,25710942.979731686,15071989.70766055,141894.36810266992,9414020.631517785,9272126.263415115
7115,25723125.93236569,15073399.135825636,141894.36810266992,9424788.892828805,9282894.524726136
7116,25734679.911437497,15074895.18293192,141894.36810266992,9434841.561636435,9292947.193533765
7117,25746265.79790894,15076821.33215122,141894.36810266992,9444496.035730682,9302601.667628013
7118,25758615.110995207,15078746.151329193,141894.36810266992,9454915.266481081,9313020.898378411
7119,25770205.529141374,15080762.410848165,141894.36810266992,9464484.161950381,9322589.793847712
7120,25779485.21274246,15082841.514819676,141894.36810266992,9471679.47842206,9329785.11031939
7121,25782041.829274066,15084970.578468405,141894.36810266992,9472101.768147046,9330207.400044376
7122,25782072.26466351,15087083.931003997,141894.36810266992,9472101.768147046,9330207.400044376
7123,25782072.26466351,15089150.482710516,141894.36810266992,9472101.768147046,9330207.400044376
7124,25782072.26466351,15091195.005607614,141894.36810266992,9472101.768147046,9330207.400044376
7125,25782072.26466351,15093231.54825677,141894.36810266992,9472101.768147046,9330207.400044376
7126,25782072.26466351,15095255.455513353,141894.36810266992,9472101.768147046,9330207.400044376
7127,25782072.26466351,15097277.617090696,141894.36810266992,9472101.768147046,9330207.400044376
7128,25782072.26466351,15099298.78113705,141894.36810266992,9472101.768147046,9330207.400044376
7129,25782072.26466351,15101303.901559936,141894.36810266992,9472101.768147046,9330207.400044376
7130,25782072.26466351,15103324.733095957,141894.36810266992,9472101.768147046,9330207.400044376
7131,25782072.26466351,15105336.088087548,141894.36810266992,9472101.768147046,9330207.400044376
7132,25782072.26466351,15107356.919623569,141894.36810266992,9472101.768147046,9330207.400044376
7133,25782072.26466351,15109424.884498995,141894.36810266992,9472101.768147046,9330207.400044376
7134,25782277.48745582,15111530.506169394,141894.36810266992,9472101.768147046,9330207.400044376
7135,25785886.171273343,15113644.191215318,141894.36810266992,9472101.768147046,9330207.400044376
7136,25793635.031048328,15115752.97173386,141894.36810266992,9472101.768147046,9330207.400044376
7137,25803049.41678976,15117833.488874277,141894.36810266992,9472101.768147046,9330207.400044376
7138,25813206.84947969,15119882.583788425,141894.36810266992,9472101.768147046,9330207.400044376
7139,25822559.591497827,15121975.653193833,141894.36810266992,9472703.544593025,9330809.176490355
7140,25832533.482997365,15124092.497087901,141894.36810266992,9480555.329040602,9338660.960937932
7141,25841766.327691484,15126080.493228747,141894.36810266992,9487794.91443598,9345900.546333311
7142,25851025.88027568,15128145.299256029,141894.36810266992,9494984.397835,9353090.02973233
7143,25860346.496535644,15130496.396678213,141894.36810266992,9501948.653514883,9360054.285412213
7144,25867562.93749527,15132814.32619489,141894.36810266992,9506841.901799936,9364947.533697266
7145,25869857.170831904,15135146.221145464,141894.36810266992,9506841.901799936,9364947.533697266
7146,25869924.452039186,15137377.531720942,141894.36810266992,9506841.901799936,9364947.533697266
7147,25869924.452039186,15139561.708957016,141894.36810266992,9506841.901799936,9364947.533697266
7148,25869924.452039186,15141679.882892407,141894.36810266992,9506841.901799936,9364947.533697266
7149,25869924.452039186,15143562.390130775,141894.36810266992,9506841.901799936,9364947.533697266
7150,25869924.452039186,15145336.665256437,141894.36810266992,9506841.901799936,9364947.533697266
7151,25869924.452039186,15147088.994700259,141894.36810266992,9506841.901799936,9364947.533697266
7152,25869924.452039186,15148831.84759965,141894.36810266992,9506841.901799936,9364947.533697266
7153,25869924.452039186,15150570.211609574,141894.36810266992,9506841.901799936,9364947.533697266
7154,25869924.452039186,15152289.040637558,141894.36810266992,9506841.901799936,9364947.533697266
7155,25869924.452039186,15154000.47131068,141894.36810266992,9506841.901799936,9364947.533697266
7156,25869924.452039186,15155716.474000853,141894.36810266992,9506841.901799936,9364947.533697266
7157,25869924.452039186,15157479.61003043,141894.36810266992,9506841.901799936,9364947.533697266
7158,25870211.932013348,15159310.495039927,141894.36810266992,9506841.901799936,9364947.533697266
7159,25874485.96960261,15161227.58335271,141894.36810266992,9506841.901799936,9364947.533697266
7160,25883810.280536797,15163166.700474912,141894.36810266992,9506841.901799936,9364947.533697266
7161,25894593.844127525,15165101.245580066,141894.36810266992,9506841.901799936,9364947.533697266
7162,25906157.284377698,15166774.686947884,141894.36810266992,9508829.20797356,9366934.83987089
7163,25917713.495089818,15168473.565356014,141894.36810266992,9518681.277119655,9376786.909016985
7164,25929630.933485404,15170407.777950836,141894.36810266992,9528659.239762524,9386764.871659854
7165,25941585.04187399,15172331.183959905,141894.36810266992,9538684.678984148,9396790.310881479
7166,25953551.84572468,15174331.39985541,141894.36810266992,9548646.003781438,9406751.635678768
7167,25965744.572507147,15176389.888186406,141894.36810266992,9558774.979075015,9416880.610972345
7168,25975502.19679358,15178613.551024275,141894.36810266992,9566303.677365683,9424409.309263013
7169,25978963.599082194,15180898.645145776,141894.36810266992,9567474.722374901,9425580.354272231
7170,25979070.937735636,15183129.955721254,141894.36810266992,9567474.722374901,9425580.354272231
7171,25979070.937735636,15185098.749390488,141894.36810266992,9567474.722374901,9425580.354272231
7172,25979070.937735636,15186923.316703698,141894.36810266992,9567474.722374901,9425580.354272231
7173,25979070.937735636,15188736.744920822,141894.36810266992,9567474.722374901,9425580.354272231
7174,25979070.937735636,15190523.239801144,141894.36810266992,9567474.722374901,9425580.354272231
7175,25979070.937735636,15192280.058134435,141894.36810266992,9567474.722374901,9425580.354272231
7176,25979070.937735636,15194013.51761698,141894.36810266992,9567474.722374901,9425580.354272231
7177,25979070.937735636,15195740.326892907,141894.36810266992,9567474.722374901,9425580.354272231
7178,25979070.937735636,15197459.820941553,141894.36810266992,9567474.722374901,9425580.354272231
7179,25979070.937735636,15199185.632686486,141894.36810266992,9567474.722374901,9425580.354272231
7180,25979070.937735636,15200903.381055895,141894.36810266992,9567474.722374901,9425580.354272231
7181,25979070.937735636,15202675.577991989,141894.36810266992,9567474.722374901,9425580.354272231
7182,25979265.822005063,15204510.951890953,141894.36810266992,9567474.722374901,9425580.354272231
7183,25982822.762860924,15206424.54884526,141894.36810266992,9567474.722374901,9425580.354272231
7184,25990674.74411027,15208338.478309898,141894.36810266992,9567474.722374901,9425580.354272231
7185,26000141.832225412,15210137.941093124,141894.36810266992,9567474.722374901,9425580.354272231
7186,26010706.49151373,15211863.337200144,141894.36810266992,9567474.722374901,9425580.354272231
7187,26020171.61702518,15213864.966264557,141894.36810266992,9573127.562649354,9431233.194546685
7188,26029563.568407137,15216034.845556403,141894.36810266992,9580344.371581567,9438450.003478898
7189,26039547.453525614,15218226.753657669,141894.36810266992,9588131.085440883,9446236.717338214
7190,26048366.507775042,15220440.939951107,141894.36810266992,9594730.690238979,9452836.322136309
7191,26057501.985919986,15222705.418432092,141894.36810266992,9601596.426745044,9459702.058642374
7192,26064406.26747492,15224960.50349623,141894.36810266992,9606240.360077946,9464345.991975276
7193,26066648.6742647,15227210.684032986,141894.36810266992,9606240.360077946,9464345.991975276
7194,26066719.24231239,15229448.312304752,141894.36810266992,9606240.360077946,9464345.991975276
7195,26066719.24231239,15231596.162787175,141894.36810266992,9606240.360077946,9464345.991975276
7196,26066719.24231239,15233437.854382426,141894.36810266992,9606240.360077946,9464345.991975276
7197,26066719.24231239,15235255.771489017,141894.36810266992,9606240.360077946,9464345.991975276
7198,26066719.24231239,15237050.329744862,141894.36810266992,9606240.360077946,9464345.991975276
7199,26066719.24231239,15238829.176887574,141894.36810266992,9606240.360077946,9464345.991975276
7200,26066719.24231239,15240592.31291715,141894.36810266992,9606240.360077946,9464345.991975276
7201,26066719.24231239,15242346.05552988,141894.36810266992,9606240.360077946,9464345.991975276
7202,26066719.24231239,15244092.067277415,141894.36810266992,9606240.360077946,9464345.991975276
7203,26066719.24231239,15245833.174497569,141894.36810266992,9606240.360077946,9464345.991975276
7204,26066719.24231239,15247572.9516764,141894.36810266992,9606240.360077946,9464345.991975276
7205,26066719.24231239,15249671.923140181,141894.36810266992,9606240.360077946,9464345.991975276
7206,26066897.144889973,15251953.525903208,141894.36810266992,9606240.360077946,9464345.991975276
7207,26070848.967796557,15254252.585458606,141894.36810266992,9606240.360077946,9464345.991975276
7208,26080334.816726003,15256483.896034084,141894.36810266992,9606240.360077946,9464345.991975276
7209,26091405.89625893,15258754.692211356,141894.36810266992,9606240.360077946,9464345.991975276
7210,26102968.720805973,15260973.450521844,141894.36810266992,9606240.360077946,9464345.991975276
7211,26114967.59302002,15263217.313362313,141894.36810266992,9615822.394502437,9473928.026399767
7212,26127236.560225796,15265460.843692452,141894.36810266992,9625842.568220181,9483948.200117512
7213,26138657.0622342,15267733.05303863,141894.36810266992,9634985.597724514,9493091.229621844
7214,26150458.205393672,15270042.586669452,141894.36810266992,9644471.94409527,9502577.575992601
7215,26162569.46470503,15272394.681622628,141894.36810266992,9654225.845295561,9512331.477192892
7216,26171132.247887775,15274756.585630566,141894.36810266992,9660421.461312473,9518527.093209803
7217,26173718.503163483,15277123.061655553,141894.36810266992,9660635.977405299,9518741.609302629
7218,26173750.2052473,15279488.124511635,141894.36810266992,9660635.977405299,9518741.609302629
7219,26173750.2052473,15281833.984896107,141894.36810266992,9660635.977405299,9518741.609302629
7220,26173750.2052473,15284132.711941173,141894.36810266992,9660635.977405299,9518741.609302629
7221,26173750.2052473,15286439.419234183,141894.36810266992,9660635.977405299,9518741.609302629
7222,26173750.2052473,15288708.469732217,141894.36810266992,9660635.977405299,9518741.609302629
7223,26173750.2052473,15290990.405005574,141894.36810266992,9660635.977405299,9518741.609302629
7224,26173750.2052473,15293239.172373425,141894.36810266992,9660635.977405299,9518741.609302629
7225,26173750.2052473,15295486.19406204,141894.36810266992,9660635.977405299,9518741.609302629
7226,26173750.2052473,15297713.01574805,141894.36810266992,9660635.977405299,9518741.609302629
7227,26173750.2052473,15299900.351832267,141894.36810266992,9660635.977405299,9518741.609302629
7228,26173750.2052473,15301976.296955634,141894.36810266992,9660635.977405299,9518741.609302629
7229,26173750.2052473,15304089.649491226,141894.36810266992,9660635.977405299,9518741.609302629
7230,26173937.63553951,15306250.135366224,141894.36810266992,9660635.977405299,9518741.609302629
7231,26178090.866663516,15308523.674753726,141894.36810266992,9660635.977405299,9518741.609302629
7232,26187797.940052845,15310780.17298677,141894.36810266992,9660635.977405299,9518741.609302629
7233,26198735.146908008,15313003.835824639,141894.36810266992,9660635.977405299,9518741.609302629
7234,26210226.513718694,15315144.038569452,141894.36810266992,9660635.977405299,9518741.609302629
7235,26221591.664713606,15317213.749124115,141894.36810266992,9665230.845769847,9523336.477667177
7236,26233281.82969281,15319449.964226974,141894.36810266992,9674679.5324883,9532785.16438563
7237,26245556.557202373,15321503.963668503,141894.36810266992,9684894.997398438,9543000.629295768
7238,26257298.733048934,15323567.35652688,141894.36810266992,9694568.51722873,9552674.14912606
7239,26269076.256956354,15325695.007006701,141894.36810266992,9704213.127498431,9562318.759395761
7240,26277637.592627354,15327827.14637599,141894.36810266992,9710637.060642246,9568742.692539576
7241,26280116.158032723,15330008.16476392,141894.36810266992,9710929.344501792,9569034.976399122
7242,26280147.91726339,15332102.979848566,141894.36810266992,9710929.344501792,9569034.976399122
7243,26280147.91726339,15334158.309331417,141894.36810266992,9710929.344501792,9569034.976399122
7244,26280147.91726339,15336179.140867438,141894.36810266992,9710929.344501792,9569034.976399122
7245,26280147.91726339,15338171.62589775,141894.36810266992,9710929.344501792,9569034.976399122
7246,26280147.91726339,15340130.943022555,141894.36810266992,9710929.344501792,9569034.976399122
7247,26280147.91726339,15342057.507879768,141894.36810266992,9710929.344501792,9569034.976399122
7248,26280147.91726339,15343960.63075865,141894.36810266992,9710929.344501792,9569034.976399122
7249,26280147.91726339,15345758.015352309,141894.36810266992,9710929.344501792,9569034.976399122
7250,26280147.91726339,15347503.694589512,141894.36810266992,9710929.344501792,9569034.976399122
7251,26280147.91726339,15349251.119505955,141894.36810266992,9710929.344501792,9569034.976399122
7252,26280147.91726339,15350996.798743159,141894.36810266992,9710929.344501792,9569034.976399122
7253,26280147.91726339,15352780.21790292,141894.36810266992,9710929.344501792,9569034.976399122
7254,26280359.73835681,15354623.655177407,141894.36810266992,9710929.344501792,9569034.976399122
7255,26283937.01491366,15356559.613451466,141894.36810266992,9710929.344501792,9569034.976399122
7256,26291802.552422468,15358484.43262944,141894.36810266992,9710929.344501792,9569034.976399122
7257,26301842.199605294,15360288.384302134,141894.36810266992,9710929.344501792,9569034.976399122
7258,26312104.5843954,15362332.907199232,141894.36810266992,9710929.344501792,9569034.976399122
7259,26321315.07369294,15364250.328022344,141894.36810266992,9715183.947240736,9573289.579138067
7260,26330791.337391555,15366143.72497405,141894.36810266992,9722761.550829753,9580867.182727084
7261,26340412.310448553,15368101.71205753,141894.36810266992,9730419.273645377,9588524.905542707
7262,26349980.45283593,15370131.9370104,141894.36810266992,9737951.92792199,9596057.55981932
7263,26358868.53906904,15372265.822058925,141894.36810266992,9744700.865948683,9602806.497846013
7264,26365834.03425916,15374484.580369413,141894.36810266992,9749442.339670418,9607547.971567748
7265,26368013.49219933,15376706.497528043,141894.36810266992,9749442.339670418,9607547.971567748
7266,26368081.854962815,15378728.659105387,141894.36810266992,9749442.339670418,9607547.971567748
7267,26368081.854962815,15380612.579512661,141894.36810266992,9749442.339670418,9607547.971567748
7268,26368081.854962815,15382460.588804198,141894.36810266992,9749442.339670418,9607547.971567748
7269,26368081.854962815,15384281.997269265,141894.36810266992,9749442.339670418,9607547.971567748
7270,26368081.854962815,15386080.046883587,141894.36810266992,9749442.339670418,9607547.971567748
7271,26368081.854962815,15387846.341761308,141894.36810266992,9749442.339670418,9607547.971567748
7272,26368081.854962815,15389601.830053274,141894.36810266992,9749442.339670418,9607547.971567748
7273,26368081.854962815,15391401.2928365,141894.36810266992,9749442.339670418,9607547.971567748
7274,26368081.854962815,15393202.168788634,141894.36810266992,9749442.339670418,9607547.971567748
7275,26368081.854962815,15394974.69823506,141894.36810266992,9749442.339670418,9607547.971567748
7276,26368081.854962815,15396726.695168551,141894.36810266992,9749442.339670418,9607547.971567748
7277,26368081.854962815,15398502.050952788,141894.36810266992,9749442.339670418,9607547.971567748
7278,26368364.21698619,15400328.031434905,141894.36810266992,9749442.339670418,9607547.971567748
7279,26372912.972482774,15402130.653066276,141894.36810266992,9749442.339670418,9607547.971567748
7280,26383098.03387075,15403857.462342203,141894.36810266992,9749442.339670418,9607547.971567748
7281,26394597.842105325,15405443.204110246,141894.36810266992,9749442.339670418,9607547.971567748
7282,26406479.15642575,15406992.702252222,141894.36810266992,9749442.339670418,9607547.971567748
7283,26417775.9823955,15408435.298322815,141894.36810266992,9749442.339670418,9607547.971567748
7284,26430562.44174539,15409816.795620106,141894.36810266992,9749442.339670418,9607547.971567748
7285,26443084.780102115,15411675.944007728,141894.36810266992,9749442.339670418,9607547.971567748
7286,26455839.55064427,15413533.346716113,141894.36810266992,9749442.339670418,9607547.971567748
7287,26468652.719892148,15415549.606235085,141894.36810266992,9749442.339670418,9607547.971567748
7288,26479133.84960148,15417587.894563477,141894.36810266992,9749442.339670418,9607547.971567748
7289,26482743.690569237,15419574.145025086,141894.36810266992,9749442.339670418,9607547.971567748
7290,26482844.23722446,15421414.423451431,141894.36810266992,9749442.339670418,9607547.971567748
7291,26482844.23722446,15423234.08623726,141894.36810266992,9749442.339670418,9607547.971567748
7292,26482844.23722446,15425026.898813868,141894.36810266992,9749442.339670418,9607547.971567748
7293,26482844.23722446,15426810.65048396,141894.36810266992,9749442.339670418,9607547.971567748
7294,26482844.23722446,15428584.59309929,141894.36810266992,9749442.339670418,9607547.971567748
7295,26482844.23722446,15430368.012259051,141894.36810266992,9749442.339670418,9607547.971567748
7296,26482844.23722446,15432127.989440484,141894.36810266992,9749442.339670418,9607547.971567748
7297,26482844.23722446,15435636.804707265,141894.36810266992,9749442.339670418,9607547.971567748
7298,26482844.23722446,15437387.38847185,141894.36810266992,9749442.339670418,9607547.971567748
7299,26482844.23722446,15439125.00433353,141894.36810266992,9749442.339670418,9607547.971567748
7300,26482844.23722446,15440878.746946258,141894.36810266992,9749442.339670418,9607547.971567748
7301,26482844.23722446,15442660.752937114,141894.36810266992,9749442.339670418,9607547.971567748
7302,26483054.97818318,15444474.181154238,141894.36810266992,9749442.339670418,9607547.971567748
7303,26486618.62758662,15446450.955071416,141894.36810266992,9749442.339670418,9607547.971567748
7304,26494850.31019712,15448504.954512944,141894.36810266992,9749442.339670418,9607547.971567748
7305,26504919.656971145,15450608.830504106,141894.36810266992,9749442.339670418,9607547.971567748
7306,26514701.98431017,15452719.356701886,141894.36810266992,9749442.339670418,9607547.971567748
7307,26524552.415093597,15454842.102654327,141894.36810266992,9749442.339670418,9607547.971567748
7308,26534321.731268365,15456958.946548395,141894.36810266992,9749442.339670418,9607547.971567748
7309,26543753.711918246,15459168.643952364,141894.36810266992,9749442.339670418,9607547.971567748
7310,26552634.4654186,15461447.087867247,141894.36810266992,9749442.339670418,9607547.971567748
7311,26561602.52250359,15463747.560591552,141894.36810266992,9749442.339670418,9607547.971567748
7312,26568437.77069624,15466101.401223967,141894.36810266992,9749442.339670418,9607547.971567748
7313,26570646.44365666,15468415.83938217,141894.36810266992,9749442.339670418,9607547.971567748
7314,26570716.45958822,15470742.829805363,141894.36810266992,9749442.339670418,9607547.971567748
7315,26570716.45958822,15473032.080306,141894.36810266992,9749442.339670418,9607547.971567748
7316,26570716.45958822,15475282.260842755,141894.36810266992,9749442.339670418,9607547.971567748
7317,26570716.45958822,15477502.76483248,141894.36810266992,9749442.339670418,9607547.971567748
7318,26570716.45958822,15479701.240012782,141894.36810266992,9749442.339670418,9607547.971567748
7319,26570716.45958822,15481902.874041228,141894.36810266992,9749442.339670418,9607547.971567748
7320,26570716.45958822,15484021.463614533,141894.36810266992,9749442.339670418,9607547.971567748
7321,26570716.45958822,15486064.240832392,141894.36810266992,9749442.339670418,9607547.971567748
7322,26570716.45958822,15488081.91352027,141894.36810266992,9749442.339670418,9607547.971567748
7323,26570716.45958822,15489903.321985336,141894.36810266992,9749442.339670418,9607547.971567748
7324,26570716.45958822,15491649.00122254,141894.36810266992,9749442.339670418,9607547.971567748
7325,26570716.45958822,15493430.674703063,141894.36810266992,9749442.339670418,9607547.971567748
7326,26570739.63458822,15495272.366298314,141894.36810266992,9749442.339670418,9607547.971567748
7327,26572052.35958822,15497301.178082276,141894.36810266992,9749442.339670418,9607547.971567748
7328,26576320.834588222,15499367.397278465,141894.36810266992,9749442.339670418,9607547.971567748
7329,26582556.184588224,15501399.03540024,141894.36810266992,9749442.339670418,9607547.971567748
7330,26589663.034588225,15503443.225787006,141894.36810266992,9749442.339670418,9607547.971567748
7331,26596524.409588225,15505529.977496127,141894.36810266992,9749442.339670418,9607547.971567748
7332,26604646.759588227,15507611.90780545,141894.36810266992,9749442.339670418,9607547.971567748
7333,26612382.934588227,15509711.294907145,141894.36810266992,9749442.339670418,9607547.971567748
7334,26619460.15958823,15511829.468842536,141894.36810266992,9751675.498461543,9609781.130358873
7335,26625298.309588227,15514017.137437085,141894.36810266992,9755320.7167091,9613426.34860643
7336,26628542.73458823,15516205.886690209,141894.36810266992,9756371.129298082,9614476.761195412
7337,26628974.134588227,15518358.974210344,141894.36810266992,9756371.129298082,9614476.761195412
7338,26628974.284588225,15520473.656787261,141894.36810266992,9756371.129298082,9614476.761195412
7339,26628974.284588225,15522514.688325884,141894.36810266992,9756371.129298082,9614476.761195412
7340,26628974.284588225,15524458.294337554,141894.36810266992,9756371.129298082,9614476.761195412
7341,26628974.284588225,15526279.37029229,141894.36810266992,9756371.129298082,9614476.761195412
7342,26628974.284588225,15528072.51537923,141894.36810266992,9756371.129298082,9614476.761195412
7343,26628974.284588225,15529849.616842704,141894.36810266992,9756371.129298082,9614476.761195412
7344,26628974.284588225,15531603.359455433,141894.36810266992,9756371.129298082,9614476.761195412
7345,26628974.284588225,15533339.64527579,141894.36810266992,9756371.129298082,9614476.761195412
7346,26628974.284588225,15535074.51792724,141894.36810266992,9756371.129298082,9614476.761195412
7347,26628974.284588225,15536801.659713497,141894.36810266992,9756371.129298082,9614476.761195412
7348,26628974.284588225,15538537.945533855,141894.36810266992,9756371.129298082,9614476.761195412
7349,26628974.284588225,15540315.04699733,141894.36810266992,9756371.129298082,9614476.761195412
7350,26628991.534588225,15542150.420896294,141894.36810266992,9756371.129298082,9614476.761195412
7351,26630111.284588225,15544012.72813206,141894.36810266992,9756371.129298082,9614476.761195412
7352,26633967.259588227,15545877.778578056,141894.36810266992,9756371.129298082,9614476.761195412
7353,26639519.134588227,15547834.0199823,141894.36810266992,9756371.129298082,9614476.761195412
7354,26646048.259588227,15549693.168369923,141894.36810266992,9756371.129298082,9614476.761195412
7355,26652439.684588227,15551581.993304579,141894.36810266992,9756371.129298082,9614476.761195412
7356,26659979.209588226,15553543.056108622,141894.36810266992,9756371.129298082,9614476.761195412
7357,26667057.634588227,15555554.07858988,141894.36810266992,9756371.129298082,9614476.761195412
7358,26673250.60958823,15557666.017956568,141894.36810266992,9756702.67956779,9614808.31146512
7359,26678273.509588227,15559936.81413384,141894.36810266992,9759449.520232623,9617555.152129954
7360,26681138.35958823,15562231.301672189,141894.36810266992,9760014.61953638,9618120.25143371
7361,26681559.934588227,15564497.19332208,141894.36810266992,9760014.61953638,9618120.25143371
7362,26681559.934588227,15566718.77797038,141894.36810266992,9760014.61953638,9618120.25143371
7363,26681559.934588227,15568824.399640778,141894.36810266992,9760014.61953638,9618120.25143371
7364,26681559.934588227,15570854.624593647,141894.36810266992,9760014.61953638,9618120.25143371
7365,26681559.934588227,15572860.077526864,141894.36810266992,9760014.61953638,9618120.25143371
7366,26681559.934588227,15574822.886010144,141894.36810266992,9760014.61953638,9618120.25143371
7367,26681559.934588227,15576745.959508881,141894.36810266992,9760014.61953638,9618120.25143371
7368,26691585.10958823,15578617.660161495,141894.36810266992,9760014.61953638,9618120.25143371
7369,26691585.10958823,15580459.351756746,141894.36810266992,9760014.61953638,9618120.25143371
7370,26691585.10958823,15582261.973388117,141894.36810266992,9760014.61953638,9618120.25143371
7371,26691585.10958823,15584053.37279582,141894.36810266992,9760014.61953638,9618120.25143371
7372,26691585.10958823,15585319.655263456,141894.36810266992,9760014.61953638,9618120.25143371
7373,26691585.10958823,15586988.857124554,141894.36810266992,9760014.61953638,9618120.25143371
7374,26691597.634588227,15588860.557777168,141894.36810266992,9760014.61953638,9618120.25143371
7375,26692656.784588225,15590769.665842008,141894.36810266992,9760014.61953638,9618120.25143371
7376,26696585.059588224,15592721.002718871,141894.36810266992,9760014.61953638,9618120.25143371
7377,26702474.659588225,15594760.621088589,141894.36810266992,9760014.61953638,9618120.25143371
7378,26709439.834588226,15596732.573605968,141894.36810266992,9760014.61953638,9618120.25143371
7379,26716446.934588227,15598652.820766892,141894.36810266992,9760014.61953638,9618120.25143371
7380,26724316.98458823,15600615.629250173,141894.36810266992,9762006.113470314,9620111.745367644
7381,26731827.184588227,15602626.984241763,141894.36810266992,9767499.695320828,9625605.327218158
7382,26738612.65958823,15604734.3515914,141894.36810266992,9772172.539813297,9630278.171710627
7383,26744212.38458823,15606995.338713912,141894.36810266992,9775506.014532892,9633611.646430222
7384,26747369.43458823,15609289.826252261,141894.36810266992,9776363.313836649,9634468.94573398
7385,26747840.05958823,15611521.136827739,141894.36810266992,9776363.313836649,9634468.94573398
7386,26747840.05958823,15613716.536287481,141894.36810266992,9776363.313836649,9634468.94573398
7387,26747840.05958823,15615847.345615447,141894.36810266992,9776363.313836649,9634468.94573398
7388,26747840.05958823,15617920.13189067,141894.36810266992,9776363.313836649,9634468.94573398
7389,26747840.05958823,15619961.163429292,141894.36810266992,9776363.313836649,9634468.94573398
7390,26747840.05958823,15621981.994965313,141894.36810266992,9776363.313836649,9634468.94573398
7391,26747840.05958823,15623993.682467235,141894.36810266992,9776363.313836649,9634468.94573398
7392,26747840.05958823,15625987.580666455,141894.36810266992,9776363.313836649,9634468.94573398
7393,26747840.05958823,15627959.533183834,141894.36810266992,9776363.313836649,9634468.94573398
7394,26747840.05958823,15629885.682403132,141894.36810266992,9776363.313836649,9634468.94573398
7395,26747840.05958823,15631706.758357868,141894.36810266992,9776363.313836649,9634468.94573398
7396,26747840.05958823,15633532.738839984,141894.36810266992,9776363.313836649,9634468.94573398
7397,26747840.05958823,15635409.011509648,141894.36810266992,9776363.313836649,9634468.94573398
7398,26747851.234588232,15637484.956633015,141894.36810266992,9776363.313836649,9634468.94573398
7399,26748923.659588233,15639588.832624177,141894.36810266992,9776363.313836649,9634468.94573398
7400,26752926.334588233,15641718.228783235,141894.36810266992,9776363.313836649,9634468.94573398
7401,26759010.934588235,15643894.425771367,141894.36810266992,9776363.313836649,9634468.94573398
7402,26765984.434588235,15645984.336328631,141894.36810266992,9776363.313836649,9634468.94573398
7403,26773536.559588235,15648132.186811054,141894.36810266992,9776363.313836649,9634468.94573398
7404,26781588.034588236,15650365.243065769,141894.36810266992,9776363.313836649,9634468.94573398
7405,26789312.434588235,15652789.659015914,141894.36810266992,9776363.313836649,9634468.94573398
7406,26796382.909588236,15655305.515307058,141894.36810266992,9776363.313836649,9634468.94573398
7407,26802231.934588235,15657798.012747455,141894.36810266992,9779528.536011234,9637634.167908564
7408,26805480.859588236,15660289.762039607,141894.36810266992,9780280.448561186,9638386.080458516
7409,26805932.284588236,15662752.250422642,141894.36810266992,9780280.448561186,9638386.080458516
7410,26805932.284588236,15665171.761845408,141894.36810266992,9780280.448561186,9638386.080458516
7411,26805932.284588236,15667550.790135387,141894.36810266992,9780280.448561186,9638386.080458516
7412,26805932.284588236,15669876.699900005,141894.36810266992,9780280.448561186,9638386.080458516
7413,26805932.284588236,15672169.109248785,141894.36810266992,9780280.448561186,9638386.080458516
7414,26805932.284588236,15674436.414067583,141894.36810266992,9780280.448561186,9638386.080458516
7415,26805932.284588236,15676694.657979865,141894.36810266992,9780280.448561186,9638386.080458516
7416,26805932.284588236,15678924.555386437,141894.36810266992,9780280.448561186,9638386.080458516
7417,26805932.284588236,15681147.885713974,141894.36810266992,9780280.448561186,9638386.080458516
7418,26805932.284588236,15683357.583117943,141894.36810266992,9780280.448561186,9638386.080458516
7419,26805932.284588236,15685554.312619008,141894.36810266992,9780280.448561186,9638386.080458516
7420,26805932.284588236,15687760.518664503,141894.36810266992,9780280.448561186,9638386.080458516
7421,26805932.284588236,15689998.14693627,141894.36810266992,9780280.448561186,9638386.080458516
7422,26805942.484588236,15692320.565342413,141894.36810266992,9780280.448561186,9638386.080458516
7423,26807048.059588235,15694693.275936104,141894.36810266992,9780280.448561186,9638386.080458516
7424,26811433.084588233,15697094.249907922,141894.36810266992,9780280.448561186,9638386.080458516
7425,26817780.409588233,15699515.839520255,141894.36810266992,9780280.448561186,9638386.080458516
7426,26824931.43458823,15701858.541056585,141894.36810266992,9780280.448561186,9638386.080458516
7427,26832914.88458823,15704490.692835959,141894.36810266992,9780280.448561186,9638386.080458516
7428,26840698.68458823,15707157.425689746,141894.36810266992,9780280.448561186,9638386.080458516
7429,26848164.25958823,15709742.111619383,141894.36810266992,9780280.448561186,9638386.080458516
7430,26855186.50958823,15712339.682324344,141894.36810266992,9780280.448561186,9638386.080458516
7431,26861296.00958823,15714992.03410632,141894.36810266992,9780280.448561186,9638386.080458516
7432,26865127.30958823,15717685.284658996,141894.36810266992,9780280.448561186,9638386.080458516
7433,26865726.859588232,15720353.347554106,141894.36810266992,9780280.448561186,9638386.080458516
7434,26865726.859588232,15722999.464767378,141894.36810266992,9780280.448561186,9638386.080458516
7435,26865726.859588232,15725498.19677648,141894.36810266992,9780280.448561186,9638386.080458516
7436,26865726.859588232,15727841.230823139,141894.36810266992,9780280.448561186,9638386.080458516
7437,26865726.859588232,15730176.284621857,141894.36810266992,9780280.448561186,9638386.080458516
7438,26865726.859588232,15732484.737594103,141894.36810266992,9780280.448561186,9638386.080458516
7439,26865726.859588232,15734700.337056447,141894.36810266992,9780280.448561186,9638386.080458516
7440,26865726.859588232,15736860.822931444,141894.36810266992,9780280.448561186,9638386.080458516
7441,26865726.859588232,15739010.419093104,141894.36810266992,9780280.448561186,9638386.080458516
7442,26865726.859588232,15741146.049820866,141894.36810266992,9780280.448561186,9638386.080458516
7443,26865726.859588232,15743210.855848148,141894.36810266992,9780280.448561186,9638386.080458516
7444,26865726.859588232,15745261.696441533,141894.36810266992,9780280.448561186,9638386.080458516
7445,26865726.859588232,15747320.184772529,141894.36810266992,9780280.448561186,9638386.080458516
7446,26865736.984588232,15749373.768576143,141894.36810266992,9780280.448561186,9638386.080458516
7447,26867322.55958823,15751391.44126402,141894.36810266992,9780280.448561186,9638386.080458516
7448,26873962.75958823,15753348.015178597,141894.36810266992,9780280.448561186,9638386.080458516
7449,26882915.58458823,15755315.395678926,141894.36810266992,9780280.448561186,9638386.080458516
7450,26892352.83458823,15757259.001690596,141894.36810266992,9780280.448561186,9638386.080458516
7451,26901289.23458823,15759216.988774078,141894.36810266992,9780280.448561186,9638386.080458516
7452,26910138.03458823,15761212.632652534,141894.36810266992,9780280.448561186,9638386.080458516
7453,26918684.059588227,15763227.146492269,141894.36810266992,9783443.361456428,9641548.993353758
7454,26926795.459588226,15765237.088314952,141894.36810266992,9789539.556475848,9647645.188373178
7455,26933957.359588224,15767269.058947058,141894.36810266992,9794664.222685847,9652769.854583178
7456,26938043.734588224,15769311.836164918,141894.36810266992,9796702.557310093,9654808.189207423
7457,26938582.909588225,15771345.219965931,141894.36810266992,9796702.557310093,9654808.189207423
7458,26938582.909588225,15773358.320636759,141894.36810266992,9796702.557310093,9654808.189207423
7459,26938582.909588225,15775371.421307586,141894.36810266992,9796702.557310093,9654808.189207423
7460,26938582.909588225,15777354.51292105,141894.36810266992,9796702.557310093,9654808.189207423
7461,26938582.909588225,15779254.476951791,141894.36810266992,9796702.557310093,9654808.189207423
7462,26938582.909588225,15781089.850850755,141894.36810266992,9796702.557310093,9654808.189207423
7463,26938582.909588225,15782917.244501777,141894.36810266992,9796702.557310093,9654808.189207423
7464,26938582.909588225,15784738.652966844,141894.36810266992,9796702.557310093,9654808.189207423
7465,26938582.909588225,15786534.956901927,141894.36810266992,9796702.557310093,9654808.189207423
7466,26938582.909588225,15788318.708572019,141894.36810266992,9796702.557310093,9654808.189207423
7467,26938582.909588225,15790091.238018444,141894.36810266992,9796702.557310093,9654808.189207423
7468,26938582.909588225,15791863.767464869,141894.36810266992,9796702.557310093,9654808.189207423
7469,26938582.909588225,15793655.166872572,141894.36810266992,9796702.557310093,9654808.189207423
7470,26938589.734588224,15795473.083979163,141894.36810266992,9796702.557310093,9654808.189207423
7471,26939568.034588225,15797250.185442638,141894.36810266992,9796702.557310093,9654808.189207423
7472,26943484.009588227,15798896.693473652,141894.36810266992,9796702.557310093,9654808.189207423
7473,26949343.534588225,15800409.864861978,141894.36810266992,9796702.557310093,9654808.189207423
7474,26955930.784588225,15801838.162988342,141894.36810266992,9796702.557310093,9654808.189207423
7475,26962366.009588227,15803267.874283614,141894.36810266992,9796702.557310093,9654808.189207423
7476,26969371.98458823,15805106.40703072,141894.36810266992,9796702.557310093,9654808.189207423
7477,26976063.634588227,15806996.645134281,141894.36810266992,9796702.557310093,9654808.189207423
7478,26982227.659588225,15808973.419051459,141894.36810266992,9798288.915006805,9656394.546904135
7479,26987388.184588224,15811127.9197405,141894.36810266992,9801289.67615987,9659395.3080572
7480,26990203.459588222,15813308.93812843,141894.36810266992,9801918.669614045,9660024.301511375
7481,26990568.934588224,15815273.159780616,141894.36810266992,9801918.669614045,9660024.301511375
7482,26990568.934588224,15817086.58799774,141894.36810266992,9801918.669614045,9660024.301511375
7483,26990568.934588224,15818879.400574349,141894.36810266992,9801918.669614045,9660024.301511375
7484,26990568.934588224,15820665.895454671,141894.36810266992,9801918.669614045,9660024.301511375
7485,26990568.934588224,15822447.901445527,141894.36810266992,9801918.669614045,9660024.301511375
7486,26990568.934588224,15824223.589740094,141894.36810266992,9801918.669614045,9660024.301511375
7487,26990568.934588224,15825977.332352823,141894.36810266992,9801918.669614045,9660024.301511375
7488,26990568.934588224,15827726.17043817,141894.36810266992,9801918.669614045,9660024.301511375
7489,26990568.934588224,15829468.690827232,141894.36810266992,9801918.669614045,9660024.301511375
7490,26990568.934588224,15831206.306688912,141894.36810266992,9801918.669614045,9660024.301511375
7491,26990568.934588224,15832938.020492218,141894.36810266992,9801918.669614045,9660024.301511375
7492,26990568.934588224,15834679.543350287,141894.36810266992,9801918.669614045,9660024.301511375
7493,26990568.934588224,15836447.583907245,141894.36810266992,9801918.669614045,9660024.301511375
7494,26990574.934588224,15838295.593198782,141894.36810266992,9801918.669614045,9660024.301511375
7495,26991427.159588225,15840217.586038943,141894.36810266992,9801918.669614045,9660024.301511375
7496,26994885.559588224,15842108.156652836,141894.36810266992,9801918.669614045,9660024.301511375
7497,27000006.184588224,15843918.093511486,141894.36810266992,9801918.669614045,9660024.301511375
7498,27005905.909588225,15845736.426255992,141894.36810266992,9801918.669614045,9660024.301511375
7499,27012353.059588224,15847793.16890775,141894.36810266992,9801918.669614045,9660024.301511375
7500,27019597.684588224,15850010.51404933,141894.36810266992,9801918.669614045,9660024.301511375
7501,27026479.309588224,15852253.046848476,141894.36810266992,9801918.669614045,9660024.301511375
7502,27032581.459588222,15854610.046329033,141894.36810266992,9801918.669614045,9660024.301511375
7503,27037526.434588224,15857055.410430025,141894.36810266992,9802632.842955988,9660738.474853318
7504,27040354.309588224,15859464.447777368,141894.36810266992,9803046.41745075,9661152.04934808
7505,27040734.259588223,15861805.73614479,141894.36810266992,9803046.41745075,9661152.04934808
7506,27040734.259588223,15863988.167701626,141894.36810266992,9803046.41745075,9661152.04934808
7507,27040734.259588223,15865900.76712494,141894.36810266992,9803046.41745075,9661152.04934808
7508,27040734.259588223,15867759.915512562,141894.36810266992,9803046.41745075,9661152.04934808
7509,27040734.259588223,15869601.607107813,141894.36810266992,9803046.41745075,9661152.04934808
7510,27040734.259588223,15871404.228739183,141894.36810266992,9803046.41745075,9661152.04934808
7511,27040734.259588223,15873189.393578181,141894.36810266992,9803046.41745075,9661152.04934808
7512,27040734.259588223,15874966.495041655,141894.36810266992,9803046.41745075,9661152.04934808
7513,27040734.259588223,15876727.885391995,141894.36810266992,9803046.41745075,9661152.04934808
7514,27040734.259588223,15878495.593438622,141894.36810266992,9803046.41745075,9661152.04934808
7515,27040734.259588223,15880291.564863374,141894.36810266992,9803046.41745075,9661152.04934808
7516,27040734.259588223,15882290.367589973,141894.36810266992,9803046.41745075,9661152.04934808
7517,27040734.259588223,15884256.334921395,141894.36810266992,9803046.41745075,9661152.04934808
7518,27040739.134588223,15886275.75328851,141894.36810266992,9803046.41745075,9661152.04934808
7519,27041737.15958822,15888373.727221299,141894.36810266992,9803046.41745075,9661152.04934808
7520,27045982.90958822,15890587.913514737,141894.36810266992,9803046.41745075,9661152.04934808
7521,27052642.60958822,15892870.92944667,141894.36810266992,9803046.41745075,9661152.04934808
7522,27060223.459588222,15895139.979944704,141894.36810266992,9803046.41745075,9661152.04934808
7523,27069076.98458822,15897409.030442739,141894.36810266992,9803046.41745075,9661152.04934808
7524,27078616.459588222,15899646.326204173,141894.36810266992,9803046.41745075,9661152.04934808
7525,27088066.15958822,15901934.246663487,141894.36810266992,9805238.213498263,9663343.845395593
7526,27097183.90958822,15904242.699635733,141894.36810266992,9812042.247368122,9670147.879265452
7527,27105322.084588222,15906530.620095046,141894.36810266992,9817887.238750914,9675992.870648244
7528,27109970.73458822,15908782.21380071,141894.36810266992,9820279.031887356,9678384.663784686
7529,27110535.334588222,15910969.549884927,141894.36810266992,9820279.031887356,9678384.663784686
7530,27110535.334588222,15913114.32464679,141894.36810266992,9820279.031887356,9678384.663784686
7531,27110535.334588222,15915224.85084457,141894.36810266992,9820279.031887356,9678384.663784686
7532,27110535.334588222,15917270.786910573,141894.36810266992,9820279.031887356,9678384.663784686
7533,27110535.334588222,15919257.369882511,141894.36810266992,9820279.031887356,9678384.663784686
7534,27110535.334588222,15921091.41374015,141894.36810266992,9820279.031887356,9678384.663784686
7535,27110535.334588222,15922899.937429894,141894.36810266992,9820279.031887356,9678384.663784686
7536,27110535.334588222,15924672.466876319,141894.36810266992,9820279.031887356,9678384.663784686
7537,27110535.334588222,15926426.209489048,141894.36810266992,9820279.031887356,9678384.663784686
7538,27110535.334588222,15928165.571029965,141894.36810266992,9820279.031887356,9678384.663784686
7539,27110535.334588222,15929901.856850322,141894.36810266992,9820279.031887356,9678384.663784686
7540,27110535.334588222,15931644.377239384,141894.36810266992,9820279.031887356,9678384.663784686
7541,27110535.334588222,15933435.776647087,141894.36810266992,9820279.031887356,9678384.663784686
7542,27110539.90958822,15935307.477299701,141894.36810266992,9820279.031887356,9678384.663784686
7543,27111714.93458822,15937421.162345625,141894.36810266992,9820279.031887356,9678384.663784686
7544,27117511.15958822,15939484.22269367,141894.36810266992,9820279.031887356,9678384.663784686
7545,27126256.30958822,15941538.2221352,141894.36810266992,9820279.031887356,9678384.663784686
7546,27135840.18458822,15943563.542560687,141894.36810266992,9820279.031887356,9678384.663784686
7547,27145663.90958822,15945669.164231086,141894.36810266992,9820279.031887356,9678384.663784686
7548,27155670.634588223,15947729.398241319,141894.36810266992,9824052.14715958,9682157.77905691
7549,27165555.184588224,15949824.213325964,141894.36810266992,9831836.61891704,9689942.25081437
7550,27175090.534588225,15952000.410314096,141894.36810266992,9839190.508771013,9697296.140668344
7551,27183512.134588227,15954225.48632087,141894.36810266992,9845381.769606344,9703487.401503675
7552,27188386.23458823,15956456.796896348,141894.36810266992,9848019.295872971,9706124.927770302
7553,27188977.759588227,15958647.291828709,141894.36810266992,9848019.295872971,9706124.927770302
7554,27188977.759588227,15960807.777703706,141894.36810266992,9848019.295872971,9706124.927770302
7555,27188977.759588227,15962925.619128766,141894.36810266992,9848019.295872971,9706124.927770302
7556,27188977.759588227,15964996.659724751,141894.36810266992,9848019.295872971,9706124.927770302
7557,27188977.759588227,15967050.65916628,141894.36810266992,9848019.295872971,9706124.927770302
7558,27188977.759588227,15969063.759837108,141894.36810266992,9848019.295872971,9706124.927770302
7559,27188977.759588227,15971034.299185582,141894.36810266992,9848019.295872971,9706124.927770302
7560,27188977.759588227,15972981.064045396,141894.36810266992,9848019.295872971,9706124.927770302
7561,27188977.759588227,15974915.276640218,141894.36810266992,9848019.295872971,9706124.927770302
7562,27188977.759588227,15976832.364953,141894.36810266992,9848019.295872971,9706124.927770302
7563,27188977.759588227,15978754.025282832,141894.36810266992,9848019.295872971,9706124.927770302
7564,27188977.759588227,15980677.4312919,141894.36810266992,9848019.295872971,9706124.927770302
7565,27188977.759588227,15982661.936074272,141894.36810266992,9848019.295872971,9706124.927770302
7566,27188981.35958823,15984673.291065862,141894.36810266992,9848019.295872971,9706124.927770302
7567,27189997.53458823,15986753.475695949,141894.36810266992,9848019.295872971,9706124.927770302
7568,27194724.25958823,15988897.169799237,141894.36810266992,9848019.295872971,9706124.927770302
7569,27201950.20958823,15991051.337977948,141894.36810266992,9848019.295872971,9706124.927770302
7570,27210018.10958823,15993243.246079214,141894.36810266992,9848019.295872971,9706124.927770302
7571,27218727.10958823,15995436.899859719,141894.36810266992,9848019.295872971,9706124.927770302
7572,27227751.10958823,15997595.97256581,141894.36810266992,9848019.295872971,9706124.927770302
7573,27236674.684588227,15999814.730876297,141894.36810266992,9849775.366062962,9707880.997960292
7574,27245259.934588227,16002003.81263975,141894.36810266992,9856166.271141613,9714271.903038943
7575,27252843.78458823,16004205.114157865,141894.36810266992,9861543.556465603,9719649.188362934
7576,27256609.611682806,16006401.5111486,141894.36810266992,9863107.723411553,9721213.355308883
7577,27257371.05011066,16008574.54928859,141894.36810266992,9863107.723411553,9721213.355308883
7578,27257421.785820384,16010708.434337115,141894.36810266992,9863107.723411553,9721213.355308883
7579,27257421.79755426,16012791.694687761,141894.36810266992,9863107.723411553,9721213.355308883
7580,27257421.79755426,16014832.726226384,141894.36810266992,9863107.723411553,9721213.355308883
7581,27257421.79755426,16016748.068859927,141894.36810266992,9863107.723411553,9721213.355308883
7582,27257421.79755426,16018619.43700221,141894.36810266992,9863107.723411553,9721213.355308883
7583,27257421.79755426,16020457.969749317,141894.36810266992,9863107.723411553,9721213.355308883
7584,27257421.79755426,16022175.718118725,141894.36810266992,9863107.723411553,9721213.355308883
7585,27257421.79755426,16023916.82533888,141894.36810266992,9863107.723411553,9721213.355308883
7586,27257421.79755426,16025653.111159237,141894.36810266992,9863107.723411553,9721213.355308883
7587,27257421.79755426,16027405.440603059,141894.36810266992,9863107.723411553,9721213.355308883
7588,27257421.79755426,16029156.024367644,141894.36810266992,9863107.723411553,9721213.355308883
7589,27257421.79755426,16031282.261678558,141894.36810266992,9863107.723411553,9721213.355308883
7590,27257427.58252107,16033461.950025165,141894.36810266992,9863107.723411553,9721213.355308883
7591,27258318.738409333,16035690.101752501,141894.36810266992,9863107.723411553,9721213.355308883
7592,27261915.98827608,16037879.183515955,141894.36810266992,9863107.723411553,9721213.355308883
7593,27267290.393602666,16039961.446335608,141894.36810266992,9863107.723411553,9721213.355308883
7594,27273202.02468227,16041966.566758495,141894.36810266992,9863107.723411553,9721213.355308883
7595,27279468.73780794,16043984.571956703,141894.36810266992,9863107.723411553,9721213.355308883
7596,27286475.088887207,16046044.473456604,141894.36810266992,9863107.723411553,9721213.355308883
7597,27293071.264410846,16048195.815297503,141894.36810266992,9863107.723411553,9721213.355308883
7598,27299451.80741432,16050313.989232894,141894.36810266992,9863107.723411553,9721213.355308883
7599,27304608.32423139,16052587.94425831,141894.36810266992,9863107.723411553,9721213.355308883
7600,27307511.35377654,16054655.909133736,141894.36810266992,9863107.723411553,9721213.355308883
7601,27307881.105272293,16056616.97193778,141894.36810266992,9863107.723411553,9721213.355308883
7602,27307881.105272293,16058523.253664806,141894.36810266992,9863107.723411553,9721213.355308883
7603,27307881.105272293,16060320.970768796,141894.36810266992,9863107.723411553,9721213.355308883
7604,27307881.105272293,16062140.633554624,141894.36810266992,9863107.723411553,9721213.355308883
7605,27307881.105272293,16063938.350658614,141894.36810266992,9863107.723411553,9721213.355308883
7606,27307881.105272293,16065707.388746563,141894.36810266992,9863107.723411553,9721213.355308883
7607,27307881.105272293,16067457.972511148,141894.36810266992,9863107.723411553,9721213.355308883
7608,27307881.105272293,16069196.004010743,141894.36810266992,9863107.723411553,9721213.355308883
7609,27307881.105272293,16070919.654438525,141894.36810266992,9863107.723411553,9721213.355308883
7610,27307881.105272293,16072640.229145747,141894.36810266992,9863107.723411553,9721213.355308883
7611,27307881.105272293,16074351.327308537,141894.36810266992,9863107.723411553,9721213.355308883
7612,27307881.105272293,16076062.75798166,141894.36810266992,9863107.723411553,9721213.355308883
7613,27307881.105272293,16077802.535160491,141894.36810266992,9863107.723411553,9721213.355308883
7614,27307887.34444222,16079595.680247432,141894.36810266992,9863107.723411553,9721213.355308883
7615,27308721.463925455,16081371.368541999,141894.36810266992,9863107.723411553,9721213.355308883
7616,27312055.118292518,16083044.809909817,141894.36810266992,9863107.723411553,9721213.355308883
7617,27317203.460578263,16084515.752486119,141894.36810266992,9863107.723411553,9721213.355308883
7618,27323200.601942547,16085834.40533087,141894.36810266992,9863107.723411553,9721213.355308883
7619,27329400.406033397,16087196.70015655,141894.36810266992,9863107.723411553,9721213.355308883
7620,27336951.4280151,16088581.023791654,141894.36810266992,9863107.723411553,9721213.355308883
7621,27344078.859811023,16090009.65442835,141894.36810266992,9863107.723411553,9721213.355308883
7622,27350128.511610154,16091573.118004223,141894.36810266992,9865548.164768327,9723653.796665657
7623,27355002.514682695,16093320.542920666,141894.36810266992,9868669.479766533,9726775.111663863
7624,27357913.48489288,16095121.4188728,141894.36810266992,9869774.310866687,9727879.942764018
7625,27358292.9630559,16096941.081658628,141894.36810266992,9869774.310866687,9727879.942764018
7626,27358292.9630559,16098745.033331322,141894.36810266992,9869774.310866687,9727879.942764018
7627,27358292.9630559,16100531.528211644,141894.36810266992,9869774.310866687,9727879.942764018
7628,27358292.9630559,16102318.023091966,141894.36810266992,9869774.310866687,9727879.942764018
7629,27358292.9630559,16104103.187930964,141894.36810266992,9869774.310866687,9727879.942764018
7630,27358292.9630559,16105864.578281304,141894.36810266992,9869774.310866687,9727879.942764018
7631,27358292.9630559,16107604.355460135,141894.36810266992,9869774.310866687,9727879.942764018
7632,27358292.9630559,16109344.132638967,141894.36810266992,9869774.310866687,9727879.942764018
7633,27358292.9630559,16111080.750969654,141894.36810266992,9869774.310866687,9727879.942764018
7634,27358292.9630559,16112806.147076674,141894.36810266992,9869774.310866687,9727879.942764018
7635,27358292.9630559,16114526.721783895,141894.36810266992,9869774.310866687,9727879.942764018
7636,27358292.9630559,16116247.296491116,141894.36810266992,9869774.310866687,9727879.942764018
7637,27358292.9630559,16117996.467086796,141894.36810266992,9869774.310866687,9727879.942764018
7638,27358303.346702877,16119778.473077651,141894.36810266992,9869774.310866687,9727879.942764018
7639,27359355.636526804,16121503.869184671,141894.36810266992,9869774.310866687,9727879.942764018
7640,27363758.78719546,16123095.596138671,141894.36810266992,9869774.310866687,9727879.942764018
7641,27370352.11107294,16124654.487697495,141894.36810266992,9869774.310866687,9727879.942764018
7642,27377564.52914032,16126011.961123379,141894.36810266992,9869774.310866687,9727879.942764018
7643,27385675.040173575,16127385.478172729,141894.36810266992,9869774.310866687,9727879.942764018
7644,27393694.724749073,16129019.766449083,141894.36810266992,9869774.310866687,9727879.942764018
7645,27400858.459172893,16130927.461345017,141894.36810266992,9874137.88089721,9732243.512794541
7646,27407984.785362527,16132908.807279244,141894.36810266992,9879277.597994722,9737383.229892053
7647,27414203.98255708,16135041.362286447,141894.36810266992,9883358.977024179,9741464.60892151
7648,27418139.50609524,16137200.102482207,141894.36810266992,9885130.497208683,9743236.129106013
7649,27418762.88335439,16139346.622923307,141894.36810266992,9885130.497208683,9743236.129106013
7650,27418762.88335439,16141467.62319651,141894.36810266992,9885130.497208683,9743236.129106013
7651,27418762.88335439,16143433.590527933,141894.36810266992,9885130.497208683,9743236.129106013
7652,27418762.88335439,16145188.663181985,141894.36810266992,9885130.497208683,9743236.129106013
7653,27418762.88335439,16146945.481515275,141894.36810266992,9885130.497208683,9743236.129106013
7654,27418762.88335439,16148684.843056193,141894.36810266992,9885130.497208683,9743236.129106013
7655,27418762.88335439,16150425.950276347,141894.36810266992,9885130.497208683,9743236.129106013
7656,27418762.88335439,16152149.60070413,141894.36810266992,9885130.497208683,9743236.129106013
7657,27418762.88335439,16153863.857715065,141894.36810266992,9885130.497208683,9743236.129106013
7658,27418762.88335439,16155567.640650576,141894.36810266992,9885130.497208683,9743236.129106013
7659,27418762.88335439,16157271.091075758,141894.36810266992,9885130.497208683,9743236.129106013
7660,27418762.88335439,16158979.030390406,141894.36810266992,9885130.497208683,9743236.129106013
7661,27418762.88335439,16160731.027323898,141894.36810266992,9885130.497208683,9743236.129106013
7662,27418766.408741347,16162538.137844736,141894.36810266992,9885130.497208683,9743236.129106013
7663,27419763.741981655,16164444.419571763,141894.36810266992,9885130.497208683,9743236.129106013
7664,27424463.9917509,16166432.415712608,141894.36810266992,9885130.497208683,9743236.129106013
7665,27431531.483707257,16168330.634064112,141894.36810266992,9885130.497208683,9743236.129106013
7666,27439461.262715172,16170140.903433094,141894.36810266992,9885130.497208683,9743236.129106013
7667,27447922.75663742,16171965.470746303,141894.36810266992,9885130.497208683,9743236.129106013
7668,27456591.13495574,16173796.023245469,141894.36810266992,9885130.497208683,9743236.129106013
7669,27465191.582791816,16175735.140367672,141894.36810266992,9890799.76370723,9748905.39560456
7670,27473809.387653157,16177775.174375303,141894.36810266992,9897372.271403046,9755477.903300377
7671,27481572.82709402,16179970.573835045,141894.36810266992,9902935.04822627,9761040.680123601
7672,27485345.749343682,16182177.112390872,141894.36810266992,9904496.168762213,9762601.800659543
7673,27486112.699684635,16184265.2772689,141894.36810266992,9904496.168762213,9762601.800659543
7674,27486160.848208506,16186301.404280143,141894.36810266992,9904496.168762213,9762601.800659543
7675,27486160.859540056,16188297.380668929,141894.36810266992,9904496.168762213,9762601.800659543
7676,27486160.859540056,16190277.64594458,141894.36810266992,9904496.168762213,9762601.800659543
7677,27486160.859540056,16192238.708748624,141894.36810266992,9904496.168762213,9762601.800659543
7678,27486160.859540056,16194152.638213262,141894.36810266992,9904496.168762213,9762601.800659543
7679,27486160.859540056,16195936.389883354,141894.36810266992,9904496.168762213,9762601.800659543
7680,27486160.859540056,16197650.97940462,141894.36810266992,9904496.168762213,9762601.800659543
7681,27486160.859540056,16199358.91871927,141894.36810266992,9904496.168762213,9762601.800659543
7682,27486160.859540056,16201057.7971274,141894.36810266992,9904496.168762213,9762601.800659543
7683,27486160.859540056,16202744.12327054,141894.36810266992,9904496.168762213,9762601.800659543
7684,27486160.859540056,16204438.09715129,141894.36810266992,9904496.168762213,9762601.800659543
7685,27486160.859540056,16206169.810954597,141894.36810266992,9904496.168762213,9762601.800659543
7686,27486164.613446184,16207983.239171721,141894.36810266992,9904496.168762213,9762601.800659543
7687,27487170.902247243,16209854.939824335,141894.36810266992,9904496.168762213,9762601.800659543
7688,27492017.1231067,16211693.140061112,141894.36810266992,9904496.168762213,9762601.800659543
7689,27499234.19882235,16213398.003655199,141894.36810266992,9904496.168762213,9762601.800659543
7690,27507292.448181316,16215046.589875782,141894.36810266992,9904496.168762213,9762601.800659543
7691,27515852.79017829,16216715.459226549,141894.36810266992,9904496.168762213,9762601.800659543
7692,27525240.3460646,16218379.424049936,141894.36810266992,9905320.759937577,9763426.391834907
7693,27534395.06668599,16220125.10328714,141894.36810266992,9912724.538163867,9770830.170061197
7694,27542638.81619251,16221966.79488239,141894.36810266992,9919121.332917243,9777226.964814574
7695,27550591.29247849,16223962.438760847,141894.36810266992,9925072.902166871,9783178.534064202
7696,27554279.825369965,16225962.654656352,141894.36810266992,9926755.956004944,9784861.587902274
7697,27555052.78350021,16227926.876308538,141894.36810266992,9926755.956004944,9784861.587902274
7698,27555101.00488334,16229855.186844988,141894.36810266992,9926755.956004944,9784861.587902274
7699,27555101.016855508,16231739.107252263,141894.36810266992,9926755.956004944,9784861.587902274
7700,27555101.016855508,16233587.1165438,141894.36810266992,9926755.956004944,9784861.587902274
7701,27555101.016855508,16235404.0361194,141894.36810266992,9926755.956004944,9784861.587902274
7702,27555101.016855508,16237209.73347133,141894.36810266992,9926755.956004944,9784861.587902274
7703,27555101.016855508,16238997.97403089,141894.36810266992,9926755.956004944,9784861.587902274
7704,27555101.016855508,16240778.566852838,141894.36810266992,9926755.956004944,9784861.587902274
7705,27555101.016855508,16242556.000826644,141894.36810266992,9926755.956004944,9784861.587902274
7706,27555101.016855508,16244325.454552507,141894.36810266992,9926755.956004944,9784861.587902274
7707,27555101.016855508,16246088.590582084,141894.36810266992,9926755.956004944,9784861.587902274
7708,27555101.016855508,16247744.90766786,141894.36810266992,9926755.956004944,9784861.587902274
7709,27555101.016855508,16249372.545737596,141894.36810266992,9926755.956004944,9784861.587902274
7710,27555106.06849378,16251062.030728878,141894.36810266992,9926755.956004944,9784861.587902274
7711,27556121.481048647,16252892.915738376,141894.36810266992,9926755.956004944,9784861.587902274
7712,27560328.700686436,16254756.63614305,141894.36810266992,9926755.956004944,9784861.587902274
7713,27567188.434225023,16256703.401002863,141894.36810266992,9926755.956004944,9784861.587902274
7714,27574848.3218002,16258887.578238938,141894.36810266992,9926755.956004944,9784861.587902274
7715,27583503.037956767,16261219.473189512,141894.36810266992,9926755.956004944,9784861.587902274
7716,27592994.003011893,16263611.053744482,141894.36810266992,9926755.956004944,9784861.587902274
7717,27602650.276988734,16265993.240882603,141894.36810266992,9932305.038246822,9790410.670144152
7718,27611688.482206203,16268395.960533658,141894.36810266992,9938935.260655342,9797040.892552672
7719,27619722.05182236,16270818.963314898,141894.36810266992,9944540.564332366,9802646.196229696
7720,27624232.885863017,16273227.66815191,141894.36810266992,9946637.430378119,9804743.062275449
7721,27624793.74390328,16275587.82648061,141894.36810266992,9946637.430378119,9804743.062275449
7722,27624793.74390328,16277919.721431185,141894.36810266992,9946637.430378119,9804743.062275449
7723,27624793.74390328,16280220.19415549,141894.36810266992,9946637.430378119,9804743.062275449
7724,27624793.74390328,16282497.224901466,141894.36810266992,9946637.430378119,9804743.062275449
7725,27624793.74390328,16284771.179926882,141894.36810266992,9946637.430378119,9804743.062275449
7726,27624793.74390328,16287055.94153805,141894.36810266992,9946637.430378119,9804743.062275449
7727,27624793.74390328,16289279.60437592,141894.36810266992,9946637.430378119,9804743.062275449
7728,27624793.74390328,16291478.079556221,141894.36810266992,9946637.430378119,9804743.062275449
7729,27624793.74390328,16293671.733336726,141894.36810266992,9946637.430378119,9804743.062275449
7730,27624793.74390328,16295852.419214325,141894.36810266992,9946637.430378119,9804743.062275449
7731,27624793.74390328,16298033.437602255,141894.36810266992,9946637.430378119,9804743.062275449
7732,27624793.74390328,16300249.037064599,141894.36810266992,9946637.430378119,9804743.062275449
7733,27624793.74390328,16302524.322131338,141894.36810266992,9946637.430378119,9804743.062275449
7734,27624805.400680386,16304903.017910985,141894.36810266992,9946637.430378119,9804743.062275449
7735,27625842.618057348,16307396.512882376,141894.36810266992,9946637.430378119,9804743.062275449
7736,27629670.619921226,16309956.34366478,141894.36810266992,9946637.430378119,9804743.062275449
7737,27635783.149792437,16312315.088824574,141894.36810266992,9946637.430378119,9804743.062275449
7738,27642756.444543738,16314637.507230718,141894.36810266992,9946637.430378119,9804743.062275449
7739,27650232.173313558,16317005.728934942,141894.36810266992,9946637.430378119,9804743.062275449
7740,27658675.927813828,16319390.991793625,141894.36810266992,9946637.430378119,9804743.062275449
7741,27666544.44526,16321815.740254102,141894.36810266992,9946637.430378119,9804743.062275449
7742,27673480.179965016,16324255.867317384,141894.36810266992,9946637.430378119,9804743.062275449
7743,27679051.07228369,16326653.765568642,141894.36810266992,9946637.430378119,9804743.062275449
7744,27682232.795200657,16329037.282748088,141894.36810266992,9946637.430378119,9804743.062275449
7745,27682664.500174798,16331367.432019426,141894.36810266992,9946637.430378119,9804743.062275449
7746,27682664.500174798,16333671.063591873,141894.36810266992,9946637.430378119,9804743.062275449
7747,27682664.500174798,16335950.920675663,141894.36810266992,9946637.430378119,9804743.062275449
7748,27682664.500174798,16338193.453474808,141894.36810266992,9946637.430378119,9804743.062275449
7749,27682664.500174798,16340413.624954201,141894.36810266992,9946637.430378119,9804743.062275449
7750,27682664.500174798,16342598.134700606,141894.36810266992,9946637.430378119,9804743.062275449
7751,27682664.500174798,16344732.019749131,141894.36810266992,9946637.430378119,9804743.062275449
7752,27682664.500174798,16346831.406850826,141894.36810266992,9946637.430378119,9804743.062275449
7753,27682664.500174798,16348902.114936482,141894.36810266992,9946637.430378119,9804743.062275449
7754,27682664.500174798,16350940.403264875,141894.36810266992,9946637.430378119,9804743.062275449
7755,27682664.500174798,16352896.97717945,141894.36810266992,9946637.430378119,9804743.062275449
7756,27682664.500174798,16354782.310755631,141894.36810266992,9946637.430378119,9804743.062275449
7757,27682664.500174798,16356589.421276469,141894.36810266992,9946637.430378119,9804743.062275449
7758,27682664.500174798,16358456.217401702,141894.36810266992,9946637.430378119,9804743.062275449
7759,27682688.666834507,16360382.366621,141894.36810266992,9946637.430378119,9804743.062275449
7760,27683966.90055796,16362543.18500633,141894.36810266992,9946637.430378119,9804743.062275449
7761,27688339.547456093,16364528.02229903,141894.36810266992,9946637.430378119,9804743.062275449
7762,27694714.30784814,16366443.364932574,141894.36810266992,9946637.430378119,9804743.062275449
7763,27701937.799549162,16368379.323206633,141894.36810266992,9946637.430378119,9804743.062275449
7764,27709036.046750575,16370337.310290115,141894.36810266992,9946637.430378119,9804743.062275449
7765,27717469.766794983,16372332.954168571,141894.36810266992,9946637.430378119,9804743.062275449
7766,27725402.18235843,16374452.8737832,141894.36810266992,9946637.430378119,9804743.062275449
7767,27732738.24075299,16376706.2131681,141894.36810266992,9946637.430378119,9804743.062275449
7768,27738409.854314666,16378834.196158253,141894.36810266992,9948096.478871934,9806202.110769264
7769,27741549.18891347,16380785.533035116,141894.36810266992,9949279.21343598,9807384.84533331
7770,27741978.611698132,16382694.973610288,141894.36810266992,9949279.21343598,9807384.84533331
7771,27741978.760064516,16384574.405128095,141894.36810266992,9949279.21343598,9807384.84533331
7772,27741978.760064516,16386406.703306498,141894.36810266992,9949279.21343598,9807384.84533331
7773,27741978.760064516,16388221.54469253,141894.36810266992,9949279.21343598,9807384.84533331
7774,27741978.760064516,16390014.68977947,141894.36810266992,9949279.21343598,9807384.84533331
7775,27741978.760064516,16391802.930339029,141894.36810266992,9949279.21343598,9807384.84533331
7776,27741978.760064516,16393569.22521675,141894.36810266992,9949279.21343598,9807384.84533331
7777,27741978.760064516,16395337.265773708,141894.36810266992,9949279.21343598,9807384.84533331
7778,27741978.760064516,16397086.436369387,141894.36810266992,9949279.21343598,9807384.84533331
7779,27741978.760064516,16398813.245645314,141894.36810266992,9949279.21343598,9807384.84533331
7780,27741978.760064516,16400482.114996081,141894.36810266992,9949279.21343598,9807384.84533331
7781,27741978.760064516,16402182.73908345,141894.36810266992,9949279.21343598,9807384.84533331
7782,27741984.715733685,16403917.6117349,141894.36810266992,9949279.21343598,9807384.84533331
7783,27742818.375487946,16405691.886860562,141894.36810266992,9949279.21343598,9807384.84533331
7784,27746114.498775594,16407324.42945768,141894.36810266992,9949279.21343598,9807384.84533331
7785,27751225.252980523,16408805.09796116,141894.36810266992,9949279.21343598,9807384.84533331
7786,27757271.246116895,16410260.329424325,141894.36810266992,9949279.21343598,9807384.84533331
7787,27763932.502574667,16411698.436605452,141894.36810266992,9949279.21343598,9807384.84533331
7788,27771093.85110235,16413150.509220475,141894.36810266992,9949279.21343598,9807384.84533331
7789,27778138.331048433,16414786.543176066,141894.36810266992,9949279.21343598,9807384.84533331
7790,27784089.88455184,16416696.98128223,141894.36810266992,9953272.506963084,9811378.138860414
7791,27788822.28400017,16418700.68853621,141894.36810266992,9955995.935999535,9814101.567896865
7792,27791660.924027674,16420630.329113983,141894.36810266992,9956899.67229137,9815005.3041887
7793,27792040.51104092,16422460.881613148,141894.36810266992,9956899.67229137,9815005.3041887
7794,27792040.51104092,16424280.211888647,141894.36810266992,9956899.67229137,9815005.3041887
7795,27792040.51104092,16426092.226936866,141894.36810266992,9956899.67229137,9815005.3041887
7796,27792040.51104092,16427888.530871948,141894.36810266992,9956899.67229137,9815005.3041887
7797,27792040.51104092,16429683.089127794,141894.36810266992,9956899.67229137,9815005.3041887
7798,27792040.51104092,16431461.936270505,141894.36810266992,9956899.67229137,9815005.3041887
7799,27792040.51104092,16433224.73978975,141894.36810266992,9956899.67229137,9815005.3041887
7800,27792040.51104092,16434980.228081716,141894.36810266992,9956899.67229137,9815005.3041887
7801,27792040.51104092,16436740.205263149,141894.36810266992,9956899.67229137,9815005.3041887
7802,27792040.51104092,16438489.375858828,141894.36810266992,9956899.67229137,9815005.3041887
7803,27792040.51104092,16440236.46826494,141894.36810266992,9956899.67229137,9815005.3041887
7804,27792040.51104092,16441973.086595627,141894.36810266992,9956899.67229137,9815005.3041887
7805,27792040.51104092,16443745.616042051,141894.36810266992,9956899.67229137,9815005.3041887
7806,27792050.257740688,16445551.313393982,141894.36810266992,9956899.67229137,9815005.3041887
7807,27793679.098949857,16447368.232969582,141894.36810266992,9956899.67229137,9815005.3041887
7808,27800556.944526643,16449115.657886025,141894.36810266992,9956899.67229137,9815005.3041887
7809,27809569.255395137,16450809.299256444,141894.36810266992,9956899.67229137,9815005.3041887
7810,27819225.674120612,16452527.047625853,141894.36810266992,9956899.67229137,9815005.3041887
7811,27828515.787646905,16454224.180354746,141894.36810266992,9957417.602633312,9815523.234530643
7812,27837556.28091505,16455970.192102281,141894.36810266992,9964706.820996031,9822812.452893361
7813,27845792.05669335,16457722.189035773,141894.36810266992,9971185.336682944,9829290.968580274
7814,27853884.49261028,16459529.63206694,141894.36810266992,9977465.066410812,9835570.698308142
7815,27861032.63185607,16461360.184566107,141894.36810266992,9982777.38999954,9840883.02189687
7816,27865258.498033702,16463208.193857644,141894.36810266992,9985149.983727742,9843255.615625072
7817,27865772.898437034,16465058.94635941,141894.36810266992,9985149.983727742,9843255.615625072
7818,27865772.898437034,16466900.637954662,141894.36810266992,9985149.983727742,9843255.615625072
7819,27865772.898437034,16468721.713909397,141894.36810266992,9985149.983727742,9843255.615625072
7820,27865772.898437034,16470536.555295428,141894.36810266992,9985149.983727742,9843255.615625072
7821,27865772.898437034,16472348.570343647,141894.36810266992,9985149.983727742,9843255.615625072
7822,27865772.898437034,16474141.715430588,141894.36810266992,9985149.983727742,9843255.615625072
7823,27865772.898437034,16475925.46710068,141894.36810266992,9985149.983727742,9843255.615625072
7824,27865772.898437034,16477706.059922628,141894.36810266992,9985149.983727742,9843255.615625072
7825,27865772.898437034,16479484.90706534,141894.36810266992,9985149.983727742,9843255.615625072
7826,27865772.898437034,16481257.436511764,141894.36810266992,9985149.983727742,9843255.615625072
7827,27865772.898437034,16483019.159372434,141894.36810266992,9985149.983727742,9843255.615625072
7828,27865772.898437034,16484805.654252756,141894.36810266992,9985149.983727742,9843255.615625072
7829,27865772.898437034,16486631.634734873,141894.36810266992,9985149.983727742,9843255.615625072
7830,27865779.959407914,16488523.61851767,141894.36810266992,9985149.983727742,9843255.615625072
7831,27866778.736625373,16490497.649224618,141894.36810266992,9985149.983727742,9843255.615625072
7832,27870724.885521356,16492443.000915525,141894.36810266992,9985149.983727742,9843255.615625072
7833,27876873.170244385,16494245.622546896,141894.36810266992,9985149.983727742,9843255.615625072
7834,27883709.767912157,16495944.500955027,141894.36810266992,9985149.983727742,9843255.615625072
7835,27890034.954251822,16497720.521759925,141894.36810266992,9985149.983727742,9843255.615625072
7836,27896930.96627467,16499400.530206777,141894.36810266992,9985149.983727742,9843255.615625072
7837,27903630.335892085,16501242.221802028,141894.36810266992,9985149.983727742,9843255.615625072
7838,27909796.252213825,16503157.564435571,141894.36810266992,9986870.675059834,9844976.306957165
7839,27914724.119342837,16505200.34165343,141894.36810266992,9989750.501813091,9847856.133710422
7840,27917466.739901315,16507222.503230775,141894.36810266992,9990465.69763633,9848571.32953366
7841,27917840.710536875,16509211.912540527,141894.36810266992,9990465.69763633,9848571.32953366
7842,27917840.710536875,16511166.740775865,141894.36810266992,9990465.69763633,9848571.32953366
7843,27917840.710536875,16513094.6356744,141894.36810266992,9990465.69763633,9848571.32953366
7844,27917840.710536875,16515002.330570335,141894.36810266992,9990465.69763633,9848571.32953366
7845,27917840.710536875,16516972.869918808,141894.36810266992,9990465.69763633,9848571.32953366
7846,27917840.710536875,16518866.599380845,141894.36810266992,9990465.69763633,9848571.32953366
7847,27917840.710536875,16520777.785635253,141894.36810266992,9990465.69763633,9848571.32953366
7848,27917840.710536875,16522664.864890672,141894.36810266992,9990465.69763633,9848571.32953366
7849,27917840.710536875,16524546.042087717,141894.36810266992,9990465.69763633,9848571.32953366
7850,27917840.710536875,16526394.051379254,141894.36810266992,9990465.69763633,9848571.32953366
7851,27917840.710536875,16528206.066427473,141894.36810266992,9990465.69763633,9848571.32953366
7852,27917840.710536875,16530019.494644597,141894.36810266992,9990465.69763633,9848571.32953366
7853,27917840.710536875,16531878.31052189,141894.36810266992,9990465.69763633,9848571.32953366
7854,27917845.659935907,16533786.005417824,141894.36810266992,9990465.69763633,9848571.32953366
7855,27918843.350119717,16535792.455882033,141894.36810266992,9990465.69763633,9848571.32953366
7856,27923063.950524747,16537824.42651414,141894.36810266992,9990465.69763633,9848571.32953366
7857,27929795.547116004,16539812.090144653,141894.36810266992,9990465.69763633,9848571.32953366
7858,27937178.35945876,16541737.241832959,141894.36810266992,9990465.69763633,9848571.32953366
7859,27946318.89803188,16543470.701315504,141894.36810266992,9990465.69763633,9848571.32953366
7860,27955572.979366038,16545189.86285382,141894.36810266992,9990465.69763633,9848571.32953366
7861,27965152.51115481,16546952.666373065,141894.36810266992,9995406.036534168,9853511.668431498
7862,27973904.12396165,16548835.173611432,141894.36810266992,10002269.878944743,9860375.510842074
7863,27981760.576440968,16550856.337657785,141894.36810266992,10008099.904219814,9866205.536117144
7864,27986255.61808603,16552889.721458798,141894.36810266992,10010556.298905967,9868661.930803297
7865,27986844.967981983,16554885.697847584,141894.36810266992,10010556.298905967,9868661.930803297
7866,27986844.967981983,16556861.141723437,141894.36810266992,10010556.298905967,9868661.930803297
7867,27986844.967981983,16558806.493414344,141894.36810266992,10010556.298905967,9868661.930803297
7868,27986844.967981983,16560717.34715842,141894.36810266992,10010556.298905967,9868661.930803297
7869,27986844.967981983,16562596.778676229,141894.36810266992,10010556.298905967,9868661.930803297
7870,27986844.967981983,16564452.435705377,141894.36810266992,10010556.298905967,9868661.930803297
7871,27986844.967981983,16566290.968452483,141894.36810266992,10010556.298905967,9868661.930803297
7872,27986844.967981983,16568102.983500702,141894.36810266992,10010556.298905967,9868661.930803297
7873,27986844.967981983,16569914.998548921,141894.36810266992,10010556.298905967,9868661.930803297
7874,27986844.967981983,16571736.407013988,141894.36810266992,10010556.298905967,9868661.930803297
7875,27986844.967981983,16573565.546344247,141894.36810266992,10010556.298905967,9868661.930803297
7876,27986844.967981983,16575396.098843412,141894.36810266992,10010556.298905967,9868661.930803297
7877,27986844.967981983,16577270.95834417,141894.36810266992,10010556.298905967,9868661.930803297
7878,27986849.31755929,16579218.055714315,141894.36810266992,10010556.298905967,9868661.930803297
7879,27988012.513129808,16581205.719344828,141894.36810266992,10010556.298905967,9868661.930803297
7880,27993620.15798737,16583146.249635939,141894.36810266992,10010556.298905967,9868661.930803297
7881,28002451.50399005,16584951.61447754,141894.36810266992,10010556.298905967,9868661.930803297
7882,28012459.21025889,16586689.645977134,141894.36810266992,10010556.298905967,9868661.930803297
7883,28021947.088202417,16588419.614101203,141894.36810266992,10010556.298905967,9868661.930803297
7884,28031817.279600624,16590141.934487663,141894.36810266992,10015921.18095933,9874026.812856661
7885,28041887.04078067,16591906.483686145,141894.36810266992,10024221.129782999,9882326.76168033
7886,28051353.853896204,16593781.343186904,141894.36810266992,10031807.82023988,9889913.45213721
7887,28060032.325227644,16595767.593648512,141894.36810266992,10038494.777951816,9896600.409849146
7888,28064732.957940266,16597764.983206205,141894.36810266992,10041192.757948851,9899298.389846181
7889,28065338.382770494,16599716.6525934,141894.36810266992,10041192.757948851,9899298.389846181
7890,28065338.382770494,16601658.928563748,141894.36810266992,10041192.757948851,9899298.389846181
7891,28065338.382770494,16603563.464611538,141894.36810266992,10041192.757948851,9899298.389846181
7892,28065338.382770494,16605431.673905678,141894.36810266992,10041192.757948851,9899298.389846181
7893,28065338.382770494,16607281.428876454,141894.36810266992,10041192.757948851,9899298.389846181
7894,28065338.382770494,16609110.568206713,141894.36810266992,10041192.757948851,9899298.389846181
7895,28065338.382770494,16610925.409592744,141894.36810266992,10041192.757948851,9899298.389846181
7896,28065338.382770494,16612721.713527827,141894.36810266992,10041192.757948851,9899298.389846181
7897,28065338.382770494,16614511.699766623,141894.36810266992,10041192.757948851,9899298.389846181
7898,28065338.382770494,16616287.05555086,141894.36810266992,10041192.757948851,9899298.389846181
7899,28065338.382770494,16618064.157014335,141894.36810266992,10041192.757948851,9899298.389846181
7900,28065338.382770494,16619841.258477809,141894.36810266992,10041192.757948851,9899298.389846181
7901,28065338.382770494,16621681.536904154,141894.36810266992,10041192.757948851,9899298.389846181
7902,28065342.024247855,16623546.58735015,141894.36810266992,10041192.757948851,9899298.389846181
7903,28066367.785002828,16625383.706928352,141894.36810266992,10041192.757948851,9899298.389846181
7904,28070916.531588882,16627083.99850539,141894.36810266992,10041192.757948851,9899298.389846181
7905,28077945.51789295,16628662.092535822,141894.36810266992,10041192.757948851,9899298.389846181
7906,28086101.71726438,16630173.85075524,141894.36810266992,10041192.757948851,9899298.389846181
7907,28095153.446533147,16632082.95882008,141894.36810266992,10041192.757948851,9899298.389846181
7908,28104143.481503144,16633954.326962363,141894.36810266992,10041531.943099089,9899637.57499642
7909,28113450.11075382,16635873.160954382,141894.36810266992,10048914.47519985,9907020.10709718
7910,28122277.055398602,16637958.166984266,141894.36810266992,10055651.150656855,9913756.782554185
7911,28129919.270063665,16640286.903086696,141894.36810266992,10060959.366061594,9919064.997958925
7912,28133670.82515386,16642643.902567253,141894.36810266992,10062348.65851334,9920454.29041067
7913,28134443.300052106,16644910.126727475,141894.36810266992,10062348.65851334,9920454.29041067
7914,28134494.037272558,16647020.320414925,141894.36810266992,10062348.65851334,9920454.29041067
7915,28134494.048619196,16648894.847405352,141894.36810266992,10062348.65851334,9920454.29041067
7916,28134494.048619196,16650714.925829094,141894.36810266992,10062348.65851334,9920454.29041067
7917,28134494.048619196,16652504.57955756,141894.36810266992,10062348.65851334,9920454.29041067
7918,28134494.048619196,16654279.935341798,141894.36810266992,10062348.65851334,9920454.29041067
7919,28134494.048619196,16656050.719108986,141894.36810266992,10062348.65851334,9920454.29041067
7920,28134494.048619196,16657813.855138563,141894.36810266992,10062348.65851334,9920454.29041067
7921,28134494.048619196,16659579.817505952,141894.36810266992,10062348.65851334,9920454.29041067
7922,28134494.048619196,16661331.814439444,141894.36810266992,10062348.65851334,9920454.29041067
7923,28134494.048619196,16663082.398204029,141894.36810266992,10062348.65851334,9920454.29041067
7924,28134494.048619196,16664845.534233605,141894.36810266992,10062348.65851334,9920454.29041067
7925,28134494.048619196,16666638.346810214,141894.36810266992,10062348.65851334,9920454.29041067
7926,28134500.205751564,16668483.19725361,141894.36810266992,10062348.65851334,9920454.29041067
7927,28135312.08663854,16670345.171979045,141894.36810266992,10062348.65851334,9920454.29041067
7928,28138715.457620617,16672113.212536003,141894.36810266992,10062348.65851334,9920454.29041067
7929,28143906.922243275,16673822.897529889,141894.36810266992,10062348.65851334,9920454.29041067
7930,28149968.98462418,16675846.804786472,141894.36810266992,10062348.65851334,9920454.29041067
7931,28156214.19751227,16677889.582004331,141894.36810266992,10062348.65851334,9920454.29041067
7932,28163588.080569413,16679949.816014564,141894.36810266992,10062348.65851334,9920454.29041067
7933,28170308.202850405,16682033.492003124,141894.36810266992,10062348.65851334,9920454.29041067
7934,28176499.077302452,16684338.453616897,141894.36810266992,10062348.65851334,9920454.29041067
7935,28181326.563564695,16686742.586436858,141894.36810266992,10063003.46367144,9921109.09556877
7936,28184141.88743005,16689104.490444796,141894.36810266992,10063451.620370962,9921557.252268292
7937,28184529.51041392,16691411.61337572,141894.36810266992,10063451.620370962,9921557.252268292
7938,28184529.51041392,16693712.086100025,141894.36810266992,10063451.620370962,9921557.252268292
7939,28184529.51041392,16695965.092974594,141894.36810266992,10063451.620370962,9921557.252268292
7940,28184529.51041392,16698146.111362524,141894.36810266992,10063451.620370962,9921557.252268292
7941,28184529.51041392,16700284.5684281,141894.36810266992,10063451.620370962,9921557.252268292
7942,28184529.51041392,16702137.066609103,141894.36810266992,10063451.620370962,9921557.252268292
7943,28184529.51041392,16703944.177129941,141894.36810266992,10063451.620370962,9921557.252268292
7944,28184529.51041392,16705746.383123398,141894.36810266992,10063451.620370962,9921557.252268292
7945,28184529.51041392,16707517.166890586,141894.36810266992,10063451.620370962,9921557.252268292
7946,28184529.51041392,16709269.163824078,141894.36810266992,10063451.620370962,9921557.252268292
7947,28184529.51041392,16711021.4932679,141894.36810266992,10063451.620370962,9921557.252268292
7948,28184529.51041392,16712778.727239102,141894.36810266992,10063451.620370962,9921557.252268292
7949,28184529.51041392,16714562.478909194,141894.36810266992,10063451.620370962,9921557.252268292
7950,28184539.799862277,16716379.398484794,141894.36810266992,10063451.620370962,9921557.252268292
7951,28185627.728208967,16718293.327949433,141894.36810266992,10063451.620370962,9921557.252268292
7952,28190019.29983002,16720070.429412907,141894.36810266992,10063451.620370962,9921557.252268292
7953,28196117.761802603,16721817.85432935,141894.36810266992,10063451.620370962,9921557.252268292
7954,28203286.92214655,16723562.120397648,141894.36810266992,10063451.620370962,9921557.252268292
7955,28211374.18460136,16725353.18729502,141894.36810266992,10063451.620370962,9921557.252268292
7956,28219218.87710232,16727231.20564392,141894.36810266992,10063451.620370962,9921557.252268292
7957,28226525.181959234,16729242.56063551,141894.36810266992,10063451.620370962,9921557.252268292
7958,28233233.029234752,16731500.388909878,141894.36810266992,10067073.546771763,9925179.178669093
7959,28239100.455392994,16733720.560389271,141894.36810266992,10070715.538292715,9928821.170190046
7960,28242992.651145633,16735892.185360353,141894.36810266992,10072430.845916377,9930536.477813708
7961,28243591.301358055,16738014.931312794,141894.36810266992,10072430.845916377,9930536.477813708
7962,28243591.301358055,16740095.44845321,141894.36810266992,10072430.845916377,9930536.477813708
7963,28243591.301358055,16741942.044575842,141894.36810266992,10072430.845916377,9930536.477813708
7964,28243591.301358055,16743714.574022267,141894.36810266992,10072430.845916377,9930536.477813708
7965,28243591.301358055,16745485.357789455,141894.36810266992,10072430.845916377,9930536.477813708
7966,28243591.301358055,16747229.956368085,141894.36810266992,10072430.845916377,9930536.477813708
7967,28243591.301358055,16748961.337661061,141894.36810266992,10072430.845916377,9930536.477813708
7968,28243591.301358055,16750707.016898265,141894.36810266992,10072430.845916377,9930536.477813708
7969,28243591.301358055,16752438.398191242,141894.36810266992,10072430.845916377,9930536.477813708
7970,28243591.301358055,16754159.305408794,141894.36810266992,10072430.845916377,9930536.477813708
7971,28243591.301358055,16755882.955836577,141894.36810266992,10072430.845916377,9930536.477813708
7972,28243591.301358055,16757615.002150215,141894.36810266992,10072430.845916377,9930536.477813708
7973,28243591.301358055,16759368.744762944,141894.36810266992,10072430.845916377,9930536.477813708
7974,28243596.180080958,16761161.557339553,141894.36810266992,10072430.845916377,9930536.477813708
7975,28244556.78695069,16762966.922181154,141894.36810266992,10072430.845916377,9930536.477813708
7976,28248693.94497402,16764717.505945738,141894.36810266992,10072430.845916377,9930536.477813708
7977,28255367.344339408,16766384.9621276,141894.36810266992,10072430.845916377,9930536.477813708
7978,28263101.644031234,16767962.723647702,141894.36810266992,10072430.845916377,9930536.477813708
7979,28271634.9063491,16769408.478566438,141894.36810266992,10072430.845916377,9930536.477813708
7980,28281095.25446014,16770918.49110662,141894.36810266992,10072676.300809937,9930781.932707267
7981,28290561.427706186,16772515.122588001,141894.36810266992,10080540.579416707,9938646.211314037
7982,28300069.017455004,16774171.107163446,141894.36810266992,10088386.921432186,9946492.553329516
7983,28308483.69893331,16775939.147720404,141894.36810266992,10095028.29919564,9953133.93109297
7984,28313066.23812286,16777758.810506232,141894.36810266992,10097785.912441468,9955891.544338798
7985,28313619.299863074,16779577.143250737,141894.36810266992,10097785.912441468,9955891.544338798
7986,28313619.299863074,16781392.3171471,141894.36810266992,10097785.912441468,9955891.544338798
7987,28313619.299863074,16783200.84083684,141894.36810266992,10097785.912441468,9955891.544338798
7988,28313619.299863074,16784990.827075638,141894.36810266992,10097785.912441468,9955891.544338798
7989,28313619.299863074,16786793.033069097,141894.36810266992,10097785.912441468,9955891.544338798
7990,28313619.299863074,16788586.178156037,141894.36810266992,10097785.912441468,9955891.544338798
7991,28313619.299863074,16790372.67303636,141894.36810266992,10097785.912441468,9955891.544338798
7992,28313619.299863074,16792151.52017907,141894.36810266992,10097785.912441468,9955891.544338798
7993,28313619.299863074,16793916.069377553,141894.36810266992,10097785.912441468,9955891.544338798
7994,28313619.299863074,16795674.30087975,141894.36810266992,10097785.912441468,9955891.544338798
7995,28313619.299863074,16797424.884644337,141894.36810266992,10097785.912441468,9955891.544338798
7996,28313619.299863074,16799194.3383702,141894.36810266992,10097785.912441468,9955891.544338798
7997,28313619.299863074,16801028.38222784,141894.36810266992,10097785.912441468,9955891.544338798
7998,28313625.464793134,16802929.759427488,141894.36810266992,10097785.912441468,9955891.544338798
7999,28314474.650055256,16804928.56215409,141894.36810266992,10097785.912441468,9955891.544338798
8000,28317770.676981363,16806925.61920145,141894.36810266992,10097785.912441468,9955891.544338798
8001,28323020.17775207,16808853.514099985,141894.36810266992,10097785.912441468,9955891.544338798
8002,28328843.205669817,16810799.281428806,141894.36810266992,10097785.912441468,9955891.544338798
8003,28335460.09958122,16812644.1318722,141894.36810266992,10097785.912441468,9955891.544338798
8004,28342587.339907303,16814391.88929897,141894.36810266992,10097785.912441468,9955891.544338798
8005,28349644.405192796,16816209.806405563,141894.36810266992,10097785.912441468,9955891.544338798
8006,28355684.948162243,16818152.08237591,141894.36810266992,10097785.912441468,9955891.544338798
8007,28360685.385338694,16820201.177290056,141894.36810266992,10100091.715634342,9958197.347531673
8008,28363509.831994414,16822222.008826077,141894.36810266992,10100890.067596145,9958995.699493475
8009,28363903.920164306,16824203.687270634,141894.36810266992,10100890.067596145,9958995.699493475
8010,28363903.920164306,16826155.35665783,141894.36810266992,10100890.067596145,9958995.699493475
8011,28363903.920164306,16828072.44497061,141894.36810266992,10100890.067596145,9958995.699493475
8012,28363903.920164306,16829953.206529744,141894.36810266992,10100890.067596145,9958995.699493475
8013,28363903.920164306,16831812.354917366,141894.36810266992,10100890.067596145,9958995.699493475
8014,28363903.920164306,16833644.65309577,141894.36810266992,10100890.067596145,9958995.699493475
8015,28363903.920164306,16835440.957030855,141894.36810266992,10100890.067596145,9958995.699493475
8016,28363903.920164306,16837221.217342474,141894.36810266992,10100890.067596145,9958995.699493475
8017,28363903.920164306,16838993.746788897,141894.36810266992,10100890.067596145,9958995.699493475
8018,28363903.920164306,16840755.137139235,141894.36810266992,10100890.067596145,9958995.699493475
8019,28363903.920164306,16842502.562055677,141894.36810266992,10100890.067596145,9958995.699493475
8020,28363903.920164306,16844256.304668404,141894.36810266992,10100890.067596145,9958995.699493475
8021,28363903.920164306,16846055.4349413,141894.36810266992,10100890.067596145,9958995.699493475
8022,28363910.758587644,16847909.67880154,141894.36810266992,10100890.067596145,9958995.699493475
8023,28364855.609761,16849875.31362263,141894.36810266992,10100890.067596145,9958995.699493475
8024,28368713.206226084,16851897.475199975,141894.36810266992,10100890.067596145,9958995.699493475
8025,28374533.356132887,16854200.69113451,141894.36810266992,10100890.067596145,9958995.699493475
8026,28381255.218534138,16856480.88072863,141894.36810266992,10100890.067596145,9958995.699493475
8027,28387395.59544003,16858737.711472005,141894.36810266992,10100890.067596145,9958995.699493475
8028,28394333.003771916,16861022.473083176,141894.36810266992,10100890.067596145,9958995.699493475
8029,28400857.75169262,16863316.628111195,141894.36810266992,10100890.067596145,9958995.699493475
8030,28407256.162507035,16865590.167498697,141894.36810266992,10100890.067596145,9958995.699493475
8031,28412529.794874292,16867857.804827824,141894.36810266992,10101345.781985901,9959451.413883232
8032,28415468.691195432,16869958.937608756,141894.36810266992,10102178.282368213,9960283.914265543
8033,28415841.095894508,16871932.635805372,141894.36810266992,10102178.282368213,9960283.914265543
8034,28415841.095894508,16873881.146344423,141894.36810266992,10102178.282368213,9960283.914265543
8035,28415841.095894508,16875785.349881884,141894.36810266992,10102178.282368213,9960283.914265543
8036,28415841.095894508,16877660.209382642,141894.36810266992,10102178.282368213,9960283.914265543
8037,28415841.095894508,16879505.39233637,141894.36810266992,10102178.282368213,9960283.914265543
8038,28415841.095894508,16881331.372818485,141894.36810266992,10102178.282368213,9960283.914265543
8039,28415841.095894508,16883130.835601714,141894.36810266992,10102178.282368213,9960283.914265543
8040,28415841.095894508,16884914.587271806,141894.36810266992,10102178.282368213,9960283.914265543
8041,28415841.095894508,16886685.371038992,141894.36810266992,10102178.282368213,9960283.914265543
8042,28415841.095894508,16888439.11365172,141894.36810266992,10102178.282368213,9960283.914265543
8043,28415841.095894508,16890192.856264446,141894.36810266992,10102178.282368213,9960283.914265543
8044,28415841.095894508,16891456.39552185,141894.36810266992,10102178.282368213,9960283.914265543
8045,28415841.095894508,16893145.88051313,141894.36810266992,10102178.282368213,9960283.914265543
8046,28415841.095894508,16894992.47663576,142808.99182604247,10102178.282368213,9959369.29054217
8047,28416248.870894507,16896924.943551347,144333.68374162796,10102178.282368213,9957844.598626586
8048,28419554.870894507,16898938.044222176,144333.68374162796,10102178.282368213,9957844.598626586
8049,28425670.445894506,16900966.856006138,144333.68374162796,10102178.282368213,9957844.598626586
8050,28432587.995894507,16902981.36984587,144333.68374162796,10102178.282368213,9957844.598626586
8051,28439794.895894505,16904992.72483746,144333.68374162796,10102178.282368213,9957844.598626586
8052,28447013.945894506,16907027.52180738,144333.68374162796,10102178.282368213,9957844.598626586
8053,28454023.820894506,16909054.587912105,144333.68374162796,10102178.282368213,9957844.598626586
8054,28460664.845894504,16911101.937147014,144333.68374162796,10106020.96447987,9961687.280738242
8055,28466211.770894505,16913157.266629867,144333.68374162796,10109507.296839124,9965173.613097496
8056,28468776.470894504,16915184.332734592,144333.68374162796,10110039.667576503,9965705.983834876
8057,28468991.195894506,16917156.6177623,144333.68374162796,10110039.667576503,9965705.983834876
8058,28468991.195894506,16919097.48056374,144333.68374162796,10110039.667576503,9965705.983834876
8059,28468991.195894506,16921011.41002838,144333.68374162796,10110039.667576503,9965705.983834876
8060,28468991.195894506,16922918.772413984,144333.68374162796,10110039.667576503,9965705.983834876
8061,28468991.195894506,16925264.965308785,144333.68374162796,10110039.667576503,9965705.983834876
8062,28468991.195894506,16927461.69480985,144333.68374162796,10110039.667576503,9965705.983834876
8063,28468991.195894506,16929530.9897266,144333.68374162796,10110039.667576503,9965705.983834876
8064,28468991.195894506,16931331.450040817,144333.68374162796,10110039.667576503,9965705.983834876
8065,28468991.195894506,16933126.008296665,144333.68374162796,10110039.667576503,9965705.983834876
8066,28468991.195894506,16934919.153383605,144333.68374162796,10110039.667576503,9965705.983834876
8067,28468991.195894506,16936702.572543368,144333.68374162796,10110039.667576503,9965705.983834876
8068,28468991.195894506,16938497.463309545,144333.68374162796,10110039.667576503,9965705.983834876
8069,28468991.195894506,16940325.1894709,145524.46370508344,10110039.667576503,9964515.20387142
8070,28468991.195894506,16942212.268726315,147411.5429605016,10110039.667576503,9962628.124616
8071,28469484.320894506,16944185.96692293,148892.1161571182,10110039.667576503,9961147.551419385
8072,28473543.695894506,16946131.31861384,148892.1161571182,10110039.667576503,9961147.551419385
8073,28480689.170894507,16947999.52790798,148892.1161571182,10110039.667576503,9961147.551419385
8074,28488522.320894506,16949877.213746548,148892.1161571182,10110039.667576503,9961147.551419385
8075,28496611.370894507,16951690.641963672,148892.1161571182,10110039.667576503,9961147.551419385
8076,28505156.045894507,16953620.282541446,148892.1161571182,10110039.667576503,9961147.551419385
8077,28513844.420894507,16955581.34534549,148892.1161571182,10116625.42434248,9967733.308185361
8078,28522731.920894507,16957519.049298786,148892.1161571182,10123569.957231287,9974677.841074169
8079,28530837.695894506,16959548.941741325,148892.1161571182,10129640.576630855,9980748.460473737
8080,28534599.245894507,16961601.195503615,148892.1161571182,10131344.60971067,9982452.49355355
8081,28534886.720894508,16963603.48958869,148892.1161571182,10131344.60971067,9982452.49355355
8082,28534886.720894508,16965583.42235401,148892.1161571182,10131344.60971067,9982452.49355355
8083,28534886.720894508,16967539.996268585,148892.1161571182,10131344.60971067,9982452.49355355
8084,28534886.720894508,16969456.752071034,148892.1161571182,10131344.60971067,9982452.49355355
8085,28534886.720894508,16971359.542439587,148892.1161571182,10131344.60971067,9982452.49355355
8086,28534886.720894508,16973246.621695004,148892.1161571182,10131344.60971067,9982452.49355355
8087,28534886.720894508,16975102.611234482,148892.1161571182,10131344.60971067,9982452.49355355
8088,28534886.720894508,16976928.5917166,148892.1161571182,10131344.60971067,9982452.49355355
8089,28534886.720894508,16978735.702237435,148892.1161571182,10131344.60971067,9982452.49355355
8090,28534886.720894508,16980549.13045456,148892.1161571182,10131344.60971067,9982452.49355355
8091,28534886.720894508,16982356.240975395,148892.1161571182,10131344.60971067,9982452.49355355
8092,28534886.720894508,16984165.09717547,148892.1161571182,10131344.60971067,9982452.49355355
8093,28534886.720894508,16986000.471074436,149225.9623519654,10131344.60971067,9982118.647358704
8094,28534886.720894508,16987909.911649607,151135.4029271363,10131344.60971067,9980209.206783533
8095,28535070.545894507,16989880.45099808,152922.1172756094,10131344.60971067,9978422.49243506
8096,28536588.845894508,16991830.707216367,153354.07349389783,10131344.60971067,9977990.536216771
8097,28539492.920894507,16993667.49428424,153354.07349389783,10131344.60971067,9977990.536216771
8098,28543018.445894506,16995466.624557134,153354.07349389783,10131344.60971067,9977990.536216771
8099,28546173.995894507,16997218.621490624,153354.07349389783,10131344.60971067,9977990.536216771
8100,28550006.720894508,16998937.783028938,153354.07349389783,10131344.60971067,9977990.536216771
8101,28553586.77089451,17000696.014531136,153354.07349389783,10131344.60971067,9977990.536216771
8102,28556711.345894508,17002603.70942707,153354.07349389783,10131344.60971067,9977990.536216771
8103,28559229.39589451,17004619.96894604,153354.07349389783,10131344.60971067,9977990.536216771
8104,28560559.970894508,17006634.482785773,153354.07349389783,10131344.60971067,9977990.536216771
8105,28560709.220894508,17008625.222136848,153354.07349389783,10131344.60971067,9977990.536216771
8106,28560709.220894508,17010590.85695794,153354.07349389783,10131344.60971067,9977990.536216771
8107,28560709.220894508,17012528.560911234,153354.07349389783,10131344.60971067,9977990.536216771
8108,28560709.220894508,17014434.84263826,153354.07349389783,10131344.60971067,9977990.536216771
8109,28560709.220894508,17016315.604197394,154774.99111208777,10131344.60971067,9976569.618598582
8110,28560709.220894508,17018174.752585016,156634.13949971064,10131344.60971067,9974710.470210958
8111,28560709.220894508,17020011.872163218,158471.25907791164,10131344.60971067,9972873.350632757
8112,28560709.220894508,17021832.948117953,160292.33503264692,10131344.60971067,9971052.274678022
8113,28560709.220894508,17023655.769751925,162115.1566666194,10131344.60971067,9969229.45304405
8114,28560709.220894508,17025504.111553796,163963.49846848816,10131344.60971067,9967381.11124218
8115,28560709.220894508,17027356.6097348,165815.9966494931,10131344.60971067,9965528.613061177
8116,28560709.220894508,17029202.8733471,167662.26026179377,10131344.60971067,9963682.349448875
8117,28560709.220894508,17031067.923793096,169527.31070779005,10131344.60971067,9961817.299002878
8118,28560709.220894508,17032965.80963427,171425.19654896233,10131344.60971067,9959919.413161706
8119,28560919.44589451,17034854.634568922,173103.79648361768,10131344.60971067,9958240.813227052
8120,28562638.07089451,17036649.19282477,173179.729739464,10131344.60971067,9958164.879971204
8121,28565722.74589451,17038292.957645554,173179.729739464,10131344.60971067,9958164.879971204
8122,28569716.79589451,17039856.753731757,173179.729739464,10131344.60971067,9958164.879971204
8123,28574321.49589451,17041394.032119073,173179.729739464,10131344.60971067,9958164.879971204
8124,28579787.72089451,17042916.92943458,173179.729739464,10131344.60971067,9958164.879971204
8125,28584886.29589451,17044488.373258393,173179.729739464,10131344.60971067,9958164.879971204
8126,28589685.92089451,17046213.769365415,173179.729739464,10131344.60971067,9958164.879971204
8127,28593809.79589451,17048052.302112523,173179.729739464,10131344.60971067,9958164.879971204
8128,28595965.895894513,17049933.063671656,173179.729739464,10131344.60971067,9958164.879971204
8129,28596185.34589451,17051831.282023158,173179.729739464,10131344.60971067,9958164.879971204
8130,28596185.34589451,17053712.04358229,173179.729739464,10131344.60971067,9958164.879971204
8131,28596185.34589451,17055572.60513882,173179.729739464,10131344.60971067,9958164.879971204
8132,28596185.34589451,17057411.13788593,173179.729739464,10131344.60971067,9958164.879971204
8133,28596185.34589451,17059254.575160418,173179.729739464,10131344.60971067,9958164.879971204
8134,28596185.34589451,17061083.381980345,173179.729739464,10131344.60971067,9958164.879971204
8135,28596185.34589451,17062904.45793508,173179.729739464,10131344.60971067,9958164.879971204
8136,28596185.34589451,17064718.218662534,173179.729739464,10131344.60971067,9958164.879971204
8137,28596185.34589451,17066523.583504133,173179.729739464,10131344.60971067,9958164.879971204
8138,28596185.34589451,17068335.26604202,173296.43066118986,10131344.60971067,9958048.179049479
8139,28596185.34589451,17070131.569977105,175092.7345962734,10131344.60971067,9956251.875114396
8140,28596185.34589451,17071940.42617718,176901.59079634823,10131344.60971067,9954443.018914321
8141,28596185.34589451,17073804.146581855,178765.31120102093,10131344.60971067,9952579.298509648
8142,28596185.34589451,17075705.5237815,180666.68840066763,10131344.60971067,9950677.921310002
8143,28596422.34589451,17077597.5075643,182321.6721834665,10131344.60971067,9949022.937527202
8144,28598513.04589451,17079385.748123858,182321.6721834665,10131344.60971067,9949022.937527202
8145,28602786.770894513,17081038.90636149,182321.6721834665,10131344.60971067,9949022.937527202
8146,28608260.270894513,17082599.54359955,182321.6721834665,10131344.60971067,9949022.937527202
8147,28614066.995894514,17084114.793177444,182321.6721834665,10131344.60971067,9949022.937527202
8148,28620534.170894515,17085637.357982617,182321.6721834665,10131344.60971067,9949022.937527202
8149,28626602.870894514,17087210.54748567,182321.6721834665,10131344.60971067,9949022.937527202
8150,28631929.820894513,17088935.94359269,182321.6721834665,10131344.60971067,9949022.937527202
8151,28636011.545894515,17090771.73312957,182321.6721834665,10131344.60971067,9949022.937527202
8152,28638038.120894514,17092644.84695109,182321.6721834665,10131455.825162526,9949134.15297906
8153,28638232.895894513,17094522.53278966,182321.6721834665,10131455.825162526,9949134.15297906
8154,28638232.895894513,17096384.840025425,182321.6721834665,10131455.825162526,9949134.15297906
8155,28638232.895894513,17098226.864131007,182321.6721834665,10131455.825162526,9949134.15297906
8156,28638232.895894513,17100057.749140505,182321.6721834665,10131455.825162526,9949134.15297906
8157,28638232.895894513,17101893.12303947,182321.6721834665,10131455.825162526,9949134.15297906
8158,28638232.895894513,17103712.785825297,182321.6721834665,10131455.825162526,9949134.15297906
8159,28638232.895894513,17105514.991818756,182321.6721834665,10131455.825162526,9949134.15297906
8160,28638232.895894513,17107309.882584933,182321.6721834665,10131455.825162526,9949134.15297906
8161,28638232.895894513,17109096.79310317,182321.6721834665,10131455.825162526,9949134.15297906
8162,28638232.895894513,17110886.446831636,182321.6721834665,10131455.825162526,9949134.15297906
8163,28638232.895894513,17112668.45282249,182321.6721834665,10131455.825162526,9949134.15297906
8164,28638232.895894513,17114467.91560572,182321.6721834665,10131455.825162526,9949134.15297906
8165,28638232.895894513,17116301.543825448,182321.6721834665,10131455.825162526,9949134.15297906
8166,28638232.895894513,17118214.143248763,183983.71617045466,10131455.825162526,9947472.108992072
8167,28638481.445894513,17120209.78712722,185730.81004891038,10131455.825162526,9945725.015113616
8168,28640647.820894513,17122204.01783677,185730.81004891038,10131455.825162526,9945725.015113616
8169,28645026.695894513,17124050.28144907,185730.81004891038,10131455.825162526,9945725.015113616
8170,28650379.670894515,17125827.382912543,185730.81004891038,10131455.825162526,9945725.015113616
8171,28656301.145894516,17127547.957619764,185730.81004891038,10131455.825162526,9945725.015113616
8172,28662067.370894518,17129293.63685697,185730.81004891038,10131455.825162526,9945725.015113616
8173,28667638.820894517,17131307.818186373,185730.81004891038,10131455.825162526,9945725.015113616
8174,28672751.720894516,17133567.39213998,185730.81004891038,10131455.825162526,9945725.015113616
8175,28676876.945894517,17135844.090375625,185730.81004891038,10131455.825162526,9945725.015113616
8176,28678928.345894516,17138103.66432923,185730.81004891038,10131455.825162526,9945725.015113616
8177,28679110.520894516,17140132.143602863,185730.81004891038,10131455.825162526,9945725.015113616
8178,28679110.520894516,17142104.42863057,185730.81004891038,10131455.825162526,9945725.015113616
8179,28679110.520894516,17144043.545752775,185730.81004891038,10131455.825162526,9945725.015113616
8180,28679110.520894516,17145932.37068743,185730.81004891038,10131455.825162526,9945725.015113616
8181,28679110.520894516,17147803.738829713,185730.81004891038,10131455.825162526,9945725.015113616
8182,28679110.520894516,17149634.62383921,185730.81004891038,10131455.825162526,9945725.015113616
8183,28679110.520894516,17151435.08415343,185730.81004891038,10131455.825162526,9945725.015113616
8184,28679110.520894516,17153225.070392225,185730.81004891038,10131455.825162526,9945725.015113616
8185,28679110.520894516,17155017.882968836,185730.81004891038,10131455.825162526,9945725.015113616
8186,28679110.520894516,17156792.158094496,185730.81004891038,10131455.825162526,9945725.015113616
8187,28679110.520894516,17158560.19865145,185730.81004891038,10131455.825162526,9945725.015113616
8188,28679110.520894516,17160340.45896307,187511.07036052816,10131455.825162526,9943944.754801998
8189,28679110.520894516,17162150.39582172,189321.00721917843,10131455.825162526,9942134.817943348
8190,28679110.520894516,17164037.475077137,191208.08647459658,10131455.825162526,9940247.738687929
8191,28679307.545894515,17166004.855577465,192978.44197492616,10131455.825162526,9938477.3831876
8192,28681176.395894516,17167980.299453318,193085.03585077997,10131455.825162526,9938370.789311746
8193,28685216.045894515,17169953.997649934,193085.03585077997,10131455.825162526,9938370.789311746
8194,28690193.720894516,17171792.530397043,193085.03585077997,10131455.825162526,9938370.789311746
8195,28695475.370894514,17173603.132276356,193085.03585077997,10131455.825162526,9938370.789311746
8196,28701610.745894514,17175341.16377595,193085.03585077997,10131455.825162526,9938370.789311746
8197,28707532.145894513,17177124.582935713,193085.03585077997,10131455.825162526,9938370.789311746
8198,28713122.195894513,17179013.407870367,193085.03585077997,10131455.825162526,9938370.789311746
8199,28717681.895894513,17181013.62376587,193085.03585077997,10131455.825162526,9938370.789311746
8200,28719781.070894513,17183056.400983732,193085.03585077997,10131455.825162526,9938370.789311746
8201,28719928.670894515,17185060.108237714,193085.03585077997,10131455.825162526,9938370.789311746
8202,28719928.670894515,17187030.98009652,193085.03585077997,10131455.825162526,9938370.789311746
8203,28719928.670894515,17188962.033843197,193085.03585077997,10131455.825162526,9938370.789311746
8204,28719928.670894515,17190854.017625995,193085.03585077997,10131455.825162526,9938370.789311746
8205,28719928.670894515,17192730.29029566,193085.03585077997,10131455.825162526,9938370.789311746
8206,28719928.670894515,17194585.94732481,193085.03585077997,10131455.825162526,9938370.789311746
8207,28719928.670894515,17196419.575544536,193085.03585077997,10131455.825162526,9938370.789311746
8208,28719928.670894515,17198242.39717851,193085.03585077997,10131455.825162526,9938370.789311746
8209,28719928.670894515,17200088.99330114,193085.03585077997,10131455.825162526,9938370.789311746
8210,28719928.670894515,17201930.68489639,193085.03585077997,10131455.825162526,9938370.789311746
8211,28719928.670894515,17203760.15673698,193085.03585077997,10131455.825162526,9938370.789311746
8212,28719928.670894515,17205570.42610596,194362.36223763507,10131455.825162526,9937093.46292489
8213,28719928.670894515,17207408.95885307,196200.8949847424,10131455.825162526,9935254.930177784
8214,28719928.670894515,17209316.653749004,198108.5898806761,10131455.825162526,9933347.23528185
8215,28720148.345894516,17211313.710796367,199885.97192803814,10131455.825162526,9931569.853234489
8216,28722208.970894516,17213331.383484244,199885.97192803814,10131455.825162526,9931569.853234489
8217,28726322.045894515,17215349.05617212,199885.97192803814,10131455.825162526,9931569.853234489
8218,28731426.395894516,17217360.41116371,199885.97192803814,10131455.825162526,9931569.853234489
8219,28738423.295894515,17219374.925003443,199885.97192803814,10131455.825162526,9931569.853234489
8220,28745324.270894516,17221227.75569478,199885.97192803814,10131455.825162526,9931569.853234489
8221,28752084.845894516,17223088.31725131,199885.97192803814,10131455.825162526,9931569.853234489
8222,28758544.595894516,17225286.45992128,199885.97192803814,10131455.825162526,9931569.853234489
8223,28763978.645894516,17227612.03717557,199885.97192803814,10132605.836711088,9932719.86478305
8224,28766675.270894516,17229910.764220636,199885.97192803814,10132998.471508127,9933112.499580089
8225,28766950.745894518,17232159.199078158,199885.97192803814,10132998.471508127,9933112.499580089
8226,28766950.745894518,17234379.70306788,199885.97192803814,10132998.471508127,9933112.499580089
8227,28766950.745894518,17236567.039152097,199885.97192803814,10132998.471508127,9933112.499580089
8228,28766950.745894518,17238707.24189691,199885.97192803814,10132998.471508127,9933112.499580089
8229,28766950.745894518,17240841.542583346,199885.97192803814,10132998.471508127,9933112.499580089
8230,28766950.745894518,17242887.81115968,199885.97192803814,10132998.471508127,9933112.499580089
8231,28766950.745894518,17244715.537321035,199885.97192803814,10132998.471508127,9933112.499580089
8232,28766950.745894518,17246519.48899373,199885.97192803814,10132998.471508127,9933112.499580089
8233,28766950.745894518,17248317.206097722,199885.97192803814,10132998.471508127,9933112.499580089
8234,28766950.745894518,17250105.44665728,199885.97192803814,10132998.471508127,9933112.499580089
8235,28766950.745894518,17251893.68721684,199885.97192803814,10132998.471508127,9933112.499580089
8236,28766950.745894518,17253677.438886933,199885.97192803814,10132998.471508127,9933112.499580089
8237,28766950.745894518,17255500.260520905,201484.65137328033,10132998.471508127,9931513.820134846
8238,28766950.745894518,17257398.478872407,203382.8697247835,10132998.471508127,9929615.601783343
8239,28767357.245894518,17259350.480769932,204928.37162230912,10132998.471508127,9928070.099885818
8240,28771770.695894517,17261292.75674028,204928.37162230912,10132998.471508127,9928070.099885818
8241,28780570.820894517,17263167.283730708,204928.37162230912,10132998.471508127,9928070.099885818
8242,28790110.67089452,17265222.280703228,204928.37162230912,10132998.471508127,9928070.099885818
8243,28799219.495894518,17267312.523770824,204928.37162230912,10132998.471508127,9928070.099885818
8244,28808179.22089452,17269399.275479946,204928.37162230912,10137419.773090348,9932491.401468039
8245,28817239.89589452,17271580.293867875,204928.37162230912,10144294.166544523,9939365.794922214
8246,28826580.54589452,17273948.099934187,204928.37162230912,10151261.747320317,9946333.375698008
8247,28835195.79589452,17276232.529035024,204928.37162230912,10157587.305061582,9952658.933439273
8248,28839521.120894518,17278690.112890676,204928.37162230912,10159449.783048034,9954521.411425725
8249,28839906.320894517,17281039.13212329,204928.37162230912,10159449.783048034,9954521.411425725
8250,28839906.320894517,17283313.087148707,204928.37162230912,10159449.783048034,9954521.411425725
8251,28839906.320894517,17285420.121988013,204928.37162230912,10159449.783048034,9954521.411425725
8252,28839906.320894517,17287349.430055454,204928.37162230912,10159449.783048034,9954521.411425725
8253,28839906.320894517,17289244.572686397,204928.37162230912,10159449.783048034,9954521.411425725
8254,28839906.320894517,17291134.810789958,204928.37162230912,10159449.783048034,9954521.411425725
8255,28839906.320894517,17293012.496628527,204928.37162230912,10159449.783048034,9954521.411425725
8256,28839906.320894517,17294864.99480953,204928.37162230912,10159449.783048034,9954521.411425725
8257,28839906.320894517,17296705.273235876,204928.37162230912,10159449.783048034,9954521.411425725
8258,28839906.320894517,17298542.392814077,204928.37162230912,10159449.783048034,9954521.411425725
8259,28839906.320894517,17300371.532144338,204928.37162230912,10159449.783048034,9954521.411425725
8260,28839906.320894517,17302206.906043302,204928.37162230912,10159449.783048034,9954521.411425725
8261,28839906.320894517,17304090.826450575,206210.06232747698,10159449.783048034,9953239.720720557
8262,28839906.320894517,17306034.432462245,208153.66833914747,10159449.783048034,9951296.114708886
8263,28840252.445894517,17308062.911735877,209836.0226127792,10159449.783048034,9949613.760435255
8264,28843782.695894517,17310056.809935097,209836.0226127792,10159449.783048034,9949613.760435255
8265,28851025.445894517,17312016.127059903,209836.0226127792,10159449.783048034,9949613.760435255
8266,28859302.370894518,17314258.65985905,209836.0226127792,10159449.783048034,9949613.760435255
8267,28868208.320894517,17316409.669189617,209836.0226127792,10159449.783048034,9949613.760435255
8268,28877236.67089452,17318551.285103336,209836.0226127792,10159574.006869314,9949737.984256536
8269,28886166.17089452,17320852.090337973,209836.0226127792,10166197.438476784,9956361.415864006
8270,28895127.245894518,17323276.50628812,209836.0226127792,10172728.834368743,9962892.811755965
8271,28903091.120894518,17325729.518126722,209836.0226127792,10178234.434372244,9968398.411759466
8272,28905786.00196296,17328173.13654848,209836.0226127792,10178480.433861036,9968644.411248257
8273,28906021.981420375,17330553.578007363,209836.0226127792,10178480.433861036,9968644.411248257
8274,28906021.981420375,17332887.218637176,209836.0226127792,10178480.433861036,9968644.411248257
8275,28906021.981420375,17335117.116043746,209836.0226127792,10178480.433861036,9968644.411248257
8276,28906021.981420375,17337068.452920612,209836.0226127792,10178480.433861036,9968644.411248257
8277,28906021.981420375,17338940.153573226,209836.0226127792,10178480.433861036,9968644.411248257
8278,28906021.981420375,17340806.61718813,209836.0226127792,10178480.433861036,9968644.411248257
8279,28906021.981420375,17342637.502197627,209836.0226127792,10178480.433861036,9968644.411248257
8280,28906021.981420375,17344432.060453475,209836.0226127792,10178480.433861036,9968644.411248257
8281,28906021.981420375,17346222.04669227,209836.0226127792,10178480.433861036,9968644.411248257
8282,28906021.981420375,17348008.957210507,209836.0226127792,10178480.433861036,9968644.411248257
8283,28906021.981420375,17349786.39118431,209836.0226127792,10178480.433861036,9968644.411248257
8284,28906021.981420375,17351533.483590424,209836.0226127792,10178480.433861036,9968644.411248257
8285,28906021.981420375,17353329.78752551,211022.1982128197,10178480.433861036,9967458.235648217
8286,28906021.981420375,17355170.065951854,212862.47663916423,10178480.433861036,9965617.957221871
8287,28906441.82301854,17357011.757547107,214284.32663625004,10178480.433861036,9964196.107224787
8288,28909701.500205357,17358748.043367464,214284.32663625004,10178480.433861036,9964196.107224787
8289,28915875.752894275,17360526.890510175,214284.32663625004,10178480.433861036,9964196.107224787
8290,28922885.26057076,17362373.154122476,214284.32663625004,10178480.433861036,9964196.107224787
8291,28929777.19843532,17364231.969999768,214284.32663625004,10178480.433861036,9964196.107224787
8292,28936769.103897166,17366364.10936906,214284.32663625004,10178480.433861036,9964196.107224787
8293,28943877.715886116,17368501.153265726,214284.32663625004,10178480.433861036,9964196.107224787
8294,28950326.457808908,17370621.072880354,214284.32663625004,10182374.36248683,9968090.03585058
8295,28955904.958736267,17372737.501136508,214284.32663625004,10185831.17200014,9971546.84536389
8296,28958426.95964961,17374887.097298168,214284.32663625004,10186198.313593928,9971913.986957679
8297,28958636.89623527,17377010.17576094,214284.32663625004,10186198.313593928,9971913.986957679
8298,28958636.89623527,17379115.79743134,214284.32663625004,10186198.313593928,9971913.986957679
8299,28958636.89623527,17381185.092348088,214284.32663625004,10186198.313593928,9971913.986957679
8300,28958636.89623527,17383238.6761517,214284.32663625004,10186198.313593928,9971913.986957679
8301,28958636.89623527,17385287.438555516,214284.32663625004,10186198.313593928,9971913.986957679
8302,28958636.89623527,17387312.758981004,214284.32663625004,10186198.313593928,9971913.986957679
8303,28958636.89623527,17389322.368293356,214284.32663625004,10186198.313593928,9971913.986957679
8304,28958636.89623527,17391324.3298681,214284.32663625004,10186198.313593928,9971913.986957679
8305,28958636.89623527,17393330.780332312,214284.32663625004,10186198.313593928,9971913.986957679
8306,28958636.89623527,17395325.01104186,214284.32663625004,10186198.313593928,9971913.986957679
8307,28958636.89623527,17397317.496072173,214284.32663625004,10186198.313593928,9971913.986957679
8308,28958636.89623527,17399316.298798773,214718.98730763595,10186198.313593928,9971479.326286292
8309,28958636.89623527,17401353.17395826,216755.86246712282,10186198.313593928,9969442.451126805
8310,28958636.89623527,17403402.268872406,218804.9573812701,10186198.313593928,9967393.356212657
8311,28958868.347952504,17405445.046090268,220616.28288189432,10186198.313593928,9965582.030712033
8312,28961015.63118563,17407440.689968724,220616.28288189432,10186198.313593928,9965582.030712033
8313,28965309.036660142,17409408.07046905,220616.28288189432,10186198.313593928,9965582.030712033
8314,28970513.55201768,17411331.47647812,220616.28288189432,10186198.313593928,9965582.030712033
8315,28976127.088078257,17413265.68907294,220616.28288189432,10186198.313593928,9965582.030712033
8316,28982568.060220003,17415242.462990116,220616.28288189432,10186198.313593928,9965582.030712033
8317,28988521.958683413,17417291.557904262,220616.28288189432,10186198.313593928,9965582.030712033
8318,28993832.820879273,17419411.14500856,220616.28288189432,10186198.313593928,9965582.030712033
8319,28997906.782538753,17421563.900018364,220616.28288189432,10186198.313593928,9965582.030712033
8320,28999941.012417402,17423697.78506689,220616.28288189432,10186198.313593928,9965582.030712033
8321,29000134.096836247,17425786.28245525,220616.28288189432,10186198.313593928,9965582.030712033
8322,29000134.096836247,17427838.120579626,220616.28288189432,10186198.313593928,9965582.030712033
8323,29000134.096836247,17429874.663228784,220616.28288189432,10186198.313593928,9965582.030712033
8324,29000134.096836247,17431884.272541136,220616.28288189432,10186198.313593928,9965582.030712033
8325,29000134.096836247,17433890.723005347,220616.28288189432,10186198.313593928,9965582.030712033
8326,29000134.096836247,17435883.20803566,220616.28288189432,10186198.313593928,9965582.030712033
8327,29000134.096836247,17437864.886480216,220616.28288189432,10186198.313593928,9965582.030712033
8328,29000134.096836247,17439834.012659784,220616.28288189432,10186198.313593928,9965582.030712033
8329,29000134.096836247,17441793.745422505,220616.28288189432,10186198.313593928,9965582.030712033
8330,29000134.096836247,17443748.573657844,220616.28288189432,10186198.313593928,9965582.030712033
8331,29000134.096836247,17445700.24304504,221962.83672248546,10186198.313593928,9964235.476871442
8332,29000134.096836247,17447661.305849083,223923.899526528,10186198.313593928,9962274.4140674
8333,29000134.096836247,17449661.521744587,225924.11542203356,10186198.313593928,9960274.198171895
8334,29000134.096836247,17451734.30801981,227996.90169725718,10186198.313593928,9958201.41189667
8335,29000353.25204771,17453923.389783263,229966.8282492494,10186198.313593928,9956231.485344678
8336,29002414.10777606,17456137.243566368,230119.82630400438,10186198.313593928,9956078.487289924
8337,29006561.328968395,17458324.579650585,230119.82630400438,10186198.313593928,9956078.487289924
8338,29011443.292251084,17460569.85565996,230119.82630400438,10186198.313593928,9956078.487289924
8339,29018320.83679208,17462870.328384265,230119.82630400438,10186198.313593928,9956078.487289924
8340,29025460.96806363,17465167.642260425,230119.82630400438,10186198.313593928,9956078.487289924
8341,29032281.892917503,17467348.660648353,230119.82630400438,10186198.313593928,9956078.487289924
8342,29038999.679623798,17469686.790167633,230119.82630400438,10186198.313593928,9956078.487289924
8343,29044645.821984846,17472078.370722603,230119.82630400438,10186198.313593928,9956078.487289924
8344,29047335.959503084,17474474.855804954,230119.82630400438,10186389.321533523,9956269.49522952
8345,29047610.16997899,17476829.11207528,230119.82630400438,10186389.321533523,9956269.49522952
8346,29047610.16997899,17479146.709081627,230119.82630400438,10186389.321533523,9956269.49522952
8347,29047610.16997899,17481420.24846913,230119.82630400438,10186389.321533523,9956269.49522952
8348,29047610.16997899,17483653.304723844,230119.82630400438,10186389.321533523,9956269.49522952
8349,29047610.16997899,17485898.91324355,230119.82630400438,10186389.321533523,9956269.49522952
8350,29047610.16997899,17488142.77608402,230119.82630400438,10186389.321533523,9956269.49522952
8351,29047610.16997899,17490369.182132117,230119.82630400438,10186389.321533523,9956269.49522952
8352,29047610.16997899,17492572.5618398,230119.82630400438,10186389.321533523,9956269.49522952
8353,29047610.16997899,17494751.834548492,230119.82630400438,10186389.321533523,9956269.49522952
8354,29047610.16997899,17496775.741805073,230119.82630400438,10186389.321533523,9956269.49522952
8355,29047610.16997899,17498772.798852436,230344.98450168205,10186389.321533523,9956044.337031841
8356,29047610.16997899,17500768.110220563,232340.2958698069,10186389.321533523,9954049.025663717
8357,29047610.16997899,17502782.624060296,234354.80970954098,10186389.321533523,9952034.511823982
8358,29047610.16997899,17504859.98235257,236432.16800181443,10186389.321533523,9949957.15353171
8359,29047861.8304851,17507004.757114433,238325.28225756704,10186389.321533523,9948064.039275957
8360,29050009.678858247,17509127.503066875,238325.28225756704,10186389.321533523,9948064.039275957
8361,29054394.464446794,17511170.280284736,238325.28225756704,10186389.321533523,9948064.039275957
8362,29059719.590697207,17513123.36284084,238325.28225756704,10186389.321533523,9948064.039275957
8363,29065661.427023105,17515145.940056097,238325.28225756704,10186389.321533523,9948064.039275957
8364,29071552.76484778,17517133.603686612,238325.28225756704,10186389.321533523,9948064.039275957
8365,29077295.36531813,17519050.691999394,238325.28225756704,10186389.321533523,9948064.039275957
8366,29082658.551978223,17521156.313669793,238325.28225756704,10186389.321533523,9948064.039275957
8367,29086896.090009473,17523345.395433247,238325.28225756704,10186389.321533523,9948064.039275957
8368,29088881.57089736,17525540.79489299,238325.28225756704,10186389.321533523,9948064.039275957
8369,29089064.95852709,17527671.604220953,238325.28225756704,10186389.321533523,9948064.039275957
8370,29089064.95852709,17529733.25140009,238325.28225756704,10186389.321533523,9948064.039275957
8371,29089064.95852709,17531667.796505243,238325.28225756704,10186389.321533523,9948064.039275957
8372,29089064.95852709,17533569.17370489,238325.28225756704,10186389.321533523,9948064.039275957
8373,29089064.95852709,17535453.426622495,238325.28225756704,10186389.321533523,9948064.039275957
8374,29089064.95852709,17537309.083651643,238325.28225756704,10186389.321533523,9948064.039275957
8375,29089064.95852709,17539141.381830048,238325.28225756704,10186389.321533523,9948064.039275957
8376,29089064.95852709,17540950.238030124,238325.28225756704,10186389.321533523,9948064.039275957
8377,29089064.95852709,17542739.89175859,238325.28225756704,10186389.321533523,9948064.039275957
8378,29089064.95852709,17544518.738901302,238325.28225756704,10186389.321533523,9948064.039275957
8379,29089064.95852709,17546294.42719587,238720.79914363555,10186389.321533523,9947668.522389889
8380,29089064.95852709,17548071.528659344,240497.90060710983,10186389.321533523,9945891.420926414
8381,29089064.95852709,17549886.702555705,242313.0745034717,10186389.321533523,9944076.247030051
8382,29089064.95852709,17551767.87975275,244194.25170051644,10186389.321533523,9942195.069833007
8383,29089548.70257914,17553727.612515472,245670.24041118173,10186389.321533523,9940719.081122342
8384,29093559.811818887,17555669.472847905,245670.24041118173,10186389.321533523,9940719.081122342
8385,29100555.4345448,17557507.67308468,245670.24041118173,10186389.321533523,9940719.081122342
8386,29108059.42706218,17559286.18771706,245670.24041118173,10186389.321533523,9940719.081122342
8387,29116327.659048453,17561025.54925798,245670.24041118173,10186389.321533523,9940719.081122342
8388,29125070.827507164,17563002.323175155,245670.24041118173,10186389.321533523,9940719.081122342
8389,29133675.889547,17565128.227975737,245670.24041118173,10192690.61535937,9947020.374948189
8390,29142606.797657285,17567320.136077005,245670.24041118173,10199424.352210492,9953754.11179931
8391,29151076.28276815,17569357.011236493,245670.24041118173,10205851.699003974,9960181.458592793
8392,29154951.212208655,17571393.55388565,245670.24041118173,10207684.822637431,9962014.58222625
8393,29155231.935089614,17573393.769781154,245670.24041118173,10207684.822637431,9962014.58222625
8394,29155231.935089614,17575364.309129626,245670.24041118173,10207684.822637431,9962014.58222625
8395,29155231.935089614,17577295.695386637,245670.24041118173,10207684.822637431,9962014.58222625
8396,29155231.935089614,17579175.126904443,245670.24041118173,10207684.822637431,9962014.58222625
8397,29155231.935089614,17581043.336198583,245670.24041118173,10207684.822637431,9962014.58222625
8398,29155231.935089614,17582873.88869775,245670.24041118173,10207684.822637431,9962014.58222625
8399,29155231.935089614,17584691.805804342,245670.24041118173,10207684.822637431,9962014.58222625
8400,29155231.935089614,17586489.522908334,245670.24041118173,10207684.822637431,9962014.58222625
8401,29155231.935089614,17588272.942068096,245670.24041118173,10207684.822637431,9962014.58222625
8402,29155231.935089614,17590056.69373819,245670.24041118173,10207684.822637431,9962014.58222625
8403,29155231.935089614,17591826.14746405,245670.24041118173,10207684.822637431,9962014.58222625
8404,29155231.935089614,17593606.740286,245670.24041118173,10207684.822637431,9962014.58222625
8405,29155231.935089614,17595437.625295497,245670.24041118173,10207684.822637431,9962014.58222625
8406,29155231.935089614,17597318.802492544,247551.41760822647,10207684.822637431,9960133.405029206
8407,29155442.03411779,17599366.484237786,249389.00032528926,10207684.822637431,9958295.822312143
8408,29157501.326064497,17601640.439263202,249603.66340400022,10207684.822637431,9958081.15923343
8409,29161519.26594237,17603843.486460555,249603.66340400022,10207684.822637431,9958081.15923343
8410,29166651.692762725,17606096.825845454,249603.66340400022,10207684.822637431,9958081.15923343
8411,29173643.707673017,17608381.587456625,249603.66340400022,10207684.822637431,9958081.15923343
8412,29180445.202296752,17610680.647012025,249603.66340400022,10207684.822637431,9958081.15923343
8413,29187205.01525904,17612996.830849465,249603.66340400022,10207684.822637431,9958081.15923343
8414,29193389.79408293,17615344.436913174,249603.66340400022,10207684.822637431,9958081.15923343
8415,29198649.003602404,17617724.87837206,249603.66340400022,10207684.822637431,9958081.15923343
8416,29201312.490312934,17620259.27211415,249603.66340400022,10207684.822637431,9958081.15923343
8417,29201577.98658723,17622706.04938405,249603.66340400022,10207684.822637431,9958081.15923343
8418,29201577.98658723,17625124.48014824,249603.66340400022,10207684.822637431,9958081.15923343
8419,29201577.98658723,17627507.997327685,249603.66340400022,10207684.822637431,9958081.15923343
8420,29201577.98658723,17629813.37457937,249603.66340400022,10207684.822637431,9958081.15923343
8421,29201577.98658723,17631981.84070231,249603.66340400022,10207684.822637431,9958081.15923343
8422,29201577.98658723,17633820.37344942,249603.66340400022,10207684.822637431,9958081.15923343
8423,29201577.98658723,17635627.151459925,249603.66340400022,10207684.822637431,9958081.15923343
8424,29201577.98658723,17637405.998602636,249603.66340400022,10207684.822637431,9958081.15923343
8425,29201577.98658723,17639183.43257644,249603.66340400022,10207684.822637431,9958081.15923343
8426,29201577.98658723,17640954.216343626,249603.66340400022,10207684.822637431,9958081.15923343
8427,29201577.98658723,17642723.67006949,249603.66340400022,10207684.822637431,9958081.15923343
8428,29201577.98658723,17644488.21926797,250980.9570120579,10207684.822637431,9956703.865625374
8429,29201577.98658723,17646290.42526143,252783.1630055148,10207684.822637431,9954901.659631917
8430,29201577.98658723,17648142.923442435,254635.66118651975,10207684.822637431,9953049.161450911
8431,29201817.12506661,17650110.303942762,256363.90320747078,10207684.822637431,9951320.91942996
8432,29203948.359702196,17652124.817782495,256363.90320747078,10207684.822637431,9951320.91942996
8433,29208172.043369055,17654158.20158351,256363.90320747078,10207684.822637431,9951320.91942996
8434,29213853.455387548,17656164.65204772,256363.90320747078,10207684.822637431,9951320.91942996
8435,29219605.960393388,17658125.714851763,256363.90320747078,10207684.822637431,9951320.91942996
8436,29226281.51498622,17660079.129918195,256363.90320747078,10207684.822637431,9951320.91942996
8437,29232358.235223435,17662000.790248025,256363.90320747078,10207684.822637431,9951320.91942996
8438,29237810.38090599,17663939.90737023,256363.90320747078,10207684.822637431,9951320.91942996
8439,29241911.159194157,17665927.903511073,256363.90320747078,10207684.822637431,9951320.91942996
8440,29243850.468925193,17667921.801710293,256363.90320747078,10207684.822637431,9951320.91942996
8441,29244040.28309782,17669887.769041717,256363.90320747078,10207684.822637431,9951320.91942996
8442,29244040.28309782,17671826.88616392,256363.90320747078,10207684.822637431,9951320.91942996
8443,29244040.28309782,17673739.06994932,256363.90320747078,10207684.822637431,9951320.91942996
8444,29244040.28309782,17675618.501467127,256363.90320747078,10207684.822637431,9951320.91942996
8445,29244040.28309782,17677475.904175512,256363.90320747078,10207684.822637431,9951320.91942996
8446,29244040.28309782,17679305.043505773,256363.90320747078,10207684.822637431,9951320.91942996
8447,29244040.28309782,17681111.82151628,256363.90320747078,10207684.822637431,9951320.91942996
8448,29244040.28309782,17682901.475244746,256363.90320747078,10207684.822637431,9951320.91942996
8449,29244040.28309782,17684689.715804305,256363.90320747078,10207684.822637431,9951320.91942996
8450,29244040.28309782,17686468.562947016,256363.90320747078,10207684.822637431,9951320.91942996
8451,29244040.28309782,17688239.762352116,256363.90320747078,10207684.822637431,9951320.91942996
8452,29244040.28309782,17690008.800440066,256419.60081082562,10207684.822637431,9951265.221826605
8453,29244040.28309782,17691845.920018267,258256.72038902662,10207684.822637431,9949428.102248404
8454,29244040.28309782,17693717.62067088,260128.42104164083,10207684.822637431,9947556.40159579
8455,29244231.23526438,17695593.893340547,261813.74154474284,10207684.822637431,9945871.08109269
8456,29246020.762765948,17697402.749540623,261833.07024325084,10207684.822637431,9945851.75239418
8457,29250023.83290207,17699093.647700813,261833.07024325084,10207684.822637431,9945851.75239418
8458,29254758.533322625,17700739.158200834,261833.07024325084,10207684.822637431,9945851.75239418
8459,29259974.65831467,17702274.275271,261833.07024325084,10207684.822637431,9945851.75239418
8460,29266363.108363632,17703900.58329941,261833.07024325084,10207684.822637431,9945851.75239418
8461,29272313.608500816,17705528.63700706,261833.07024325084,10207684.822637431,9945851.75239418
8462,29277755.749829955,17707323.19526291,261833.07024325084,10207684.822637431,9945851.75239418
8463,29282091.16192449,17709154.080272406,261833.07024325084,10207684.822637431,9945851.75239418
8464,29284187.88821859,17711033.511790212,261833.07024325084,10207684.822637431,9945851.75239418
8465,29284332.447708603,17712928.654421154,261833.07024325084,10207684.822637431,9945851.75239418
8466,29284332.447708603,17714816.066186905,261833.07024325084,10207684.822637431,9945851.75239418
8467,29284332.447708603,17716690.925687663,261833.07024325084,10207684.822637431,9945851.75239418
8468,29284332.447708603,17718543.756379,261833.07024325084,10207684.822637431,9945851.75239418
8469,29284332.447708603,17720399.41340815,261833.07024325084,10207684.822637431,9945851.75239418
8470,29284332.447708603,17722231.711586554,261833.07024325084,10207684.822637431,9945851.75239418
8471,29284332.447708603,17724060.850916814,261833.07024325084,10207684.822637431,9945851.75239418
8472,29284332.447708603,17725878.768023405,261833.07024325084,10207684.822637431,9945851.75239418
8473,29284332.447708603,17727679.228337623,261833.07024325084,10207684.822637431,9945851.75239418
8474,29284332.447708603,17729495.81540289,261833.07024325084,10207684.822637431,9945851.75239418
8475,29284332.447708603,17731324.954733152,261833.07024325084,10207684.822637431,9945851.75239418
8476,29284332.447708603,17733146.030687887,261833.07024325084,10207684.822637431,9945851.75239418
8477,29284332.447708603,17734997.115699984,263675.390588539,10207684.822637431,9944009.432048893
8478,29284332.447708603,17736895.334051486,265573.6089400422,10207684.822637431,9942111.213697389
8479,29284661.70240436,17738799.870099276,267148.8902920738,10207684.822637431,9940535.932345357
8480,29288034.598989584,17740636.657167148,267148.8902920738,10207684.822637431,9940535.932345357
8481,29295423.445131898,17742349.501009177,267148.8902920738,10207684.822637431,9940535.932345357
8482,29303539.239838585,17743938.069115035,267148.8902920738,10207684.822637431,9940535.932345357
8483,29312685.767416522,17745452.986182597,267148.8902920738,10207684.822637431,9940535.932345357
8484,29321270.05463451,17746977.296667006,267148.8902920738,10209776.67253846,9942627.782246385
8485,29330088.155915067,17748545.581642676,267148.8902920738,10217021.225685447,9949872.335393373
8486,29339496.02847284,17750239.97116134,267148.8902920738,10224729.445566664,9957580.555274589
8487,29347109.104688194,17752037.68826533,267148.8902920738,10230539.541520132,9963390.651228057
8488,29349739.120738935,17753903.15434924,267148.8902920738,10231298.828329068,9964149.938036993
8489,29349970.72816001,17755788.820435755,267148.8902920738,10231298.828329068,9964149.938036993
8490,29349970.72816001,17757671.327674124,267148.8902920738,10231298.828329068,9964149.938036993
8491,29349970.72816001,17759528.39787218,267148.8902920738,10231298.828329068,9964149.938036993
8492,29349970.72816001,17761366.93061929,267148.8902920738,10231298.828329068,9964149.938036993
8493,29349970.72816001,17763208.289704207,267148.8902920738,10231298.828329068,9964149.938036993
8494,29349970.72816001,17765026.2068108,267148.8902920738,10231298.828329068,9964149.938036993
8495,29349970.72816001,17766838.221859016,267148.8902920738,10231298.828329068,9964149.938036993
8496,29349970.72816001,17768642.17353171,267148.8902920738,10231298.828329068,9964149.938036993
8497,29349970.72816001,17770434.98610832,267148.8902920738,10231298.828329068,9964149.938036993
8498,29349970.72816001,17772223.22666788,267148.8902920738,10231298.828329068,9964149.938036993
8499,29349970.72816001,17774002.073810592,267148.8902920738,10231298.828329068,9964149.938036993
8500,29349970.72816001,17775784.079801448,267148.8902920738,10231298.828329068,9964149.938036993
8501,29349970.72816001,17777606.56892509,267148.8902920738,10231298.828329068,9964149.938036993
8502,29349970.72816001,17779481.42842585,268783.5746005257,10231298.828329068,9962515.253728542
8503,29350383.799362607,17781456.456663787,270345.5316358669,10231298.828329068,9960953.2966932
8504,29354830.827278156,17783461.909597006,270345.5316358669,10231298.828329068,9960953.2966932
8505,29363321.779742617,17785416.737832345,270345.5316358669,10231298.828329068,9960953.2966932
8506,29373065.98805615,17787391.766070284,270345.5316358669,10231298.828329068,9960953.2966932
8507,29381732.37645892,17789299.12845589,270345.5316358669,10231298.828329068,9960953.2966932
8508,29390364.816799097,17791139.406882234,270345.5316358669,10235246.85563779,9964901.324001923
8509,29399776.649546884,17793119.672157887,270345.5316358669,10242673.159952031,9972327.628316164
8510,29408981.85548989,17795086.720147885,270345.5316358669,10249906.054747146,9979560.523111278
8511,29417877.26733305,17797091.84057077,270345.5316358669,10256791.083009522,9986445.551373655
8512,29422019.13434675,17799104.608731266,270345.5316358669,10258914.91870483,9988569.387068963
8513,29422402.27745198,17801070.243552357,270345.5316358669,10258914.91870483,9988569.387068963
8514,29422402.27745198,17803009.36067456,270345.5316358669,10258914.91870483,9988569.387068963
8515,29422402.27745198,17804920.21441864,270345.5316358669,10258914.91870483,9988569.387068963
8516,29422402.27745198,17806799.645936444,270345.5316358669,10258914.91870483,9988569.387068963
8517,29422402.27745198,17808658.794324066,270345.5316358669,10258914.91870483,9988569.387068963
8518,29422402.27745198,17810487.933654327,270345.5316358669,10258914.91870483,9988569.387068963
8519,29422402.27745198,17812296.45734407,270345.5316358669,10258914.91870483,9988569.387068963
8520,29422402.27745198,17814097.333296202,270345.5316358669,10258914.91870483,9988569.387068963
8521,29422402.27745198,17815879.339287058,270345.5316358669,10258914.91870483,9988569.387068963
8522,29422402.27745198,17817647.047333684,270345.5316358669,10258914.91870483,9988569.387068963
8523,29422402.27745198,17819407.02451512,270345.5316358669,10258914.91870483,9988569.387068963
8524,29422402.27745198,17821171.906223934,270345.5316358669,10258914.91870483,9988569.387068963
8525,29422402.27745198,17823046.765724692,270345.5316358669,10258914.91870483,9988569.387068963
8526,29422402.27745198,17825322.05079143,272472.35580407496,10258914.91870483,9986442.562900756
8527,29422590.175582472,17827660.18031071,274622.58719286293,10258914.91870483,9984292.331511967
8528,29424080.667150266,17829842.94437788,275314.859692236,10258914.91870483,9983600.059012594
8529,29426888.530622598,17832013.156180058,275314.859692236,10258914.91870483,9983600.059012594
8530,29430465.356060583,17834247.62560368,275314.859692236,10258914.91870483,9983600.059012594
8531,29433581.030843224,17836468.129593402,275314.859692236,10258914.91870483,9983600.059012594
8532,29437283.518473003,17838770.347996943,275314.859692236,10258914.91870483,9983600.059012594
8533,29440722.64630841,17841086.531834383,275314.859692236,10258914.91870483,9983600.059012594
8534,29443826.162087217,17843474.953541208,275314.859692236,10258914.91870483,9983600.059012594
8535,29446292.859942626,17845845.918455664,275314.859692236,10258914.91870483,9983600.059012594
8536,29447667.60870912,17848173.24138919,275314.859692236,10258914.91870483,9983600.059012594
8537,29447812.52710717,17850442.291887224,275314.859692236,10258914.91870483,9983600.059012594
8538,29447812.52710717,17852659.304518472,275314.859692236,10258914.91870483,9983600.059012594
8539,29447812.52710717,17854864.097395062,277236.9128796842,10258914.91870483,9981678.005825145
8540,29447812.52710717,17857007.791498348,279380.6069829714,10258914.91870483,9979534.31172186
8541,29447812.52710717,17859083.404111385,281456.21959600766,10258914.91870483,9977458.699108822
8542,29447812.52710717,17861118.533591636,283491.3490762573,10258914.91870483,9975423.569628572
8543,29447812.52710717,17863136.206279512,285509.02176413493,10258914.91870483,9973405.896940695
8544,29447812.52710717,17865111.650155365,287484.4656399887,10258914.91870483,9971430.453064842
8545,29447812.52710717,17867067.89155961,289440.7070442333,10258914.91870483,9969474.211660597
8546,29447812.52710717,17869021.30662604,291394.1221106652,10258914.91870483,9967520.796594165
8547,29447812.52710717,17870972.643502906,293345.45898752904,10258914.91870483,9965569.459717302
8548,29447812.52710717,17872935.451986186,295308.26747080876,10258914.91870483,9963606.651234021
8549,29447812.52710717,17874929.350185405,297302.1656700273,10258914.91870483,9961612.753034802
8550,29447812.52710717,17876986.092837162,299358.9083217852,10258914.91870483,9959556.010383045
8551,29448032.5681793,17879120.3935236,301273.1679360965,10258914.91870483,9957641.750768734
8552,29450181.598295562,17881304.570759673,301308.3150559073,10258914.91870483,9957606.603648923
8553,29454125.429437727,17883505.87227779,301308.3150559073,10258914.91870483,9957606.603648923
8554,29459056.389282312,17885716.567212753,301308.3150559073,10258914.91870483,9957606.603648923
8555,29465756.53091096,17887944.718940087,301308.3150559073,10258914.91870483,9957606.603648923
8556,29472442.89751524,17890154.083833724,301308.3150559073,10258914.91870483,9957606.603648923
8557,29479223.372768402,17892389.966426253,301308.3150559073,10258914.91870483,9957606.603648923
8558,29485754.43444641,17894623.022680968,301308.3150559073,10258914.91870483,9957606.603648923
8559,29490957.399244174,17896868.298690345,301308.3150559073,10258914.91870483,9957606.603648923
8560,29493544.66596807,17899088.470169738,301308.3150559073,10258914.91870483,9957606.603648923
8561,29493808.52348433,17901282.123950243,301308.3150559073,10258914.91870483,9957606.603648923
8562,29493808.52348433,17903466.301186316,301308.3150559073,10258914.91870483,9957606.603648923
8563,29493808.52348433,17905637.9261574,301308.3150559073,10258914.91870483,9957606.603648923
8564,29493808.52348433,17907853.525619745,301308.3150559073,10258914.91870483,9957606.603648923
8565,29493808.52348433,17910136.54155168,301308.3150559073,10258914.91870483,9957606.603648923
8566,29493808.52348433,17912469.84967116,301308.3150559073,10258914.91870483,9957606.603648923
8567,29493808.52348433,17914784.28782936,301308.3150559073,10258914.91870483,9957606.603648923
8568,29493808.52348433,17917072.208288677,301308.3150559073,10258914.91870483,9957606.603648923
8569,29493808.52348433,17919366.363316696,301308.3150559073,10258914.91870483,9957606.603648923
8570,29493808.52348433,17921657.35949657,301308.3150559073,10258914.91870483,9957606.603648923
8571,29493808.52348433,17923942.121107742,302889.5411056115,10258914.91870483,9956025.377599219
8572,29493808.52348433,17926249.244038664,305196.66403653414,10258914.91870483,9953718.254668295
8573,29493808.52348433,17928596.850102372,307544.2701002434,10258914.91870483,9951370.648604587
8574,29493808.52348433,17930999.569753427,309946.9897512987,10258914.91870483,9948967.928953532
8575,29493987.306066684,17933453.994760938,312222.63217645633,10258914.91870483,9946692.286528373
8576,29495531.52391443,17935927.289729726,313151.70929749677,10258914.91870483,9945763.209407333
8577,29498310.500112172,17938373.65136171,313151.70929749677,10258914.91870483,9945763.209407333
8578,29501937.046794422,17940970.88955634,313151.70929749677,10258914.91870483,9945763.209407333
8579,29505059.14402242,17943720.66686527,313151.70929749677,10258914.91870483,9945763.209407333
8580,29509017.162160996,17946472.189853437,313151.70929749677,10258914.91870483,9945763.209407333
8581,29512539.195865158,17949147.98361374,313151.70929749677,10258914.91870483,9945763.209407333
8582,29515585.177969124,17951804.907412767,313151.70929749677,10258914.91870483,9945763.209407333
8583,29518105.02683449,17954458.67236365,313151.70929749677,10258914.91870483,9945763.209407333
8584,29519480.66804254,17957117.674352244,313151.70929749677,10258914.91870483,9945763.209407333
8585,29519632.324450787,17959774.59815127,313255.557396042,10258914.91870483,9945659.361308789
8586,29519632.324450787,17962383.307952315,315864.2671970874,10258914.91870483,9943050.651507743
8587,29519632.324450787,17964729.168336786,318210.12758155947,10258914.91870483,9940704.791123271
8588,29519632.324450787,17966963.63776041,320444.59700518136,10258914.91870483,9938470.32169965
8589,29519632.324450787,17969155.545861676,322636.50510644855,10258914.91870483,9936278.413598381
8590,29519632.324450787,17971330.3296809,324811.28892567457,10258914.91870483,9934103.629779156
8591,29519632.324450787,17973503.700331222,326984.6595759943,10258914.91870483,9931930.259128835
8592,29519632.324450787,17975650.220772322,329131.1800170941,10258914.91870483,9929783.738687735
8593,29519632.324450787,17977784.10582085,331265.06506561994,10258914.91870483,9927649.85363921
8594,29519632.324450787,17979912.088811003,333393.0480557723,10258914.91870483,9925521.870649058
8595,29519632.324450787,17982039.739290826,335520.6985355938,10258914.91870483,9923394.220169237
8596,29519632.324450787,17984159.658905454,337640.61815022194,10258914.91870483,9921274.300554609
8597,29519632.324450787,17986321.89045969,339802.84970445663,10258914.91870483,9919112.069000373
8598,29519632.324450787,17988520.365639992,342001.324884759,10258914.91870483,9916913.59382007
8599,29519991.98277819,17990717.51077897,343838.8116963329,10258914.91870483,9915076.107008498
8600,29523487.69153489,17992856.30035488,343838.8116963329,10258914.91870483,9915076.107008498
8601,29530405.484236684,17994988.43972417,343838.8116963329,10258914.91870483,9915076.107008498
8602,29538862.794076607,17997104.867980324,343838.8116963329,10258914.91870483,9915076.107008498
8603,29547520.37784892,17999238.75302885,343838.8116963329,10258914.91870483,9915076.107008498
8604,29556227.783751097,18001416.69569622,343838.8116963329,10258914.91870483,9915076.107008498
8605,29565428.921737168,18003600.872932293,343838.8116963329,10264960.8956472,9921122.083950866
8606,29574260.618527867,18005788.54152684,343838.8116963329,10271599.660685457,9927760.848989125
8607,29581928.11771029,18008010.45868547,343838.8116963329,10277039.979551353,9933201.16785502
8608,29584471.879167505,18010236.864733566,343838.8116963329,10277352.071802577,9933513.260106243
8609,29584715.217889264,18012474.49300533,343838.8116963329,10277352.071802577,9933513.260106243
8610,29584715.217889264,18014680.69905083,343838.8116963329,10277352.071802577,9933513.260106243
8611,29584715.217889264,18016864.8762869,343838.8116963329,10277352.071802577,9933513.260106243
8612,29584715.217889264,18019022.203313757,343838.8116963329,10277352.071802577,9933513.260106243
8613,29584715.217889264,18021172.21511333,343838.8116963329,10277352.071802577,9933513.260106243
8614,29584715.217889264,18023317.322385523,343838.8116963329,10277352.071802577,9933513.260106243
8615,29584715.217889264,18025448.46422382,343838.8116963329,10277352.071802577,9933513.260106243
8616,29584715.217889264,18027570.129517686,343838.8116963329,10277352.071802577,9933513.260106243
8617,29584715.217889264,18029666.357771236,343838.8116963329,10277352.071802577,9933513.260106243
8618,29584715.217889264,18031676.29959392,343838.8116963329,10277352.071802577,9933513.260106243
8619,29584715.217889264,18033662.55005553,343838.8116963329,10277352.071802577,9933513.260106243
8620,29584715.217889264,18035537.07704596,345161.0151068083,10277352.071802577,9932191.056695769
8621,29584715.217889264,18037403.87317119,347027.81123204174,10277352.071802577,9930324.260570535
8622,29584715.217889264,18039311.568067126,348935.5061279755,10277352.071802577,9928416.565674601
8623,29584909.789900865,18041233.56090729,350662.92695653735,10277352.071802577,9926689.144846039
8624,29586730.405961175,18043145.74469269,350754.4946816274,10277352.071802577,9926597.57712095
8625,29590880.135553572,18045015.36715574,350754.4946816274,10277352.071802577,9926597.57712095
8626,29595934.316767693,18046775.344337173,350754.4946816274,10277352.071802577,9926597.57712095
8627,29601212.538545154,18048588.772554297,350754.4946816274,10277352.071802577,9926597.57712095
8628,29607470.445007227,18050741.5275641,350754.4946816274,10277352.071802577,9926597.57712095
8629,29613157.577522416,18052850.640592974,350754.4946816274,10277352.071802577,9926597.57712095
8630,29618852.663804732,18054712.94782874,350754.4946816274,10277352.071802577,9926597.57712095
8631,29623271.22148167,18056595.870705023,350754.4946816274,10277352.071802577,9926597.57712095
8632,29625347.233643614,18058448.368886027,350754.4946816274,10277352.071802577,9926597.57712095
8633,29625492.328785643,18060305.771594413,350754.4946816274,10277352.071802577,9926597.57712095
8634,29625492.328785643,18062156.85660651,350754.4946816274,10277352.071802577,9926597.57712095
8635,29625492.328785643,18063990.484826237,350754.4946816274,10277352.071802577,9926597.57712095
8636,29625492.328785643,18065799.00851598,350754.4946816274,10277352.071802577,9926597.57712095
8637,29625492.328785643,18067621.830149952,350754.4946816274,10277352.071802577,9926597.57712095
8638,29625492.328785643,18069420.960422847,350754.4946816274,10277352.071802577,9926597.57712095
8639,29625492.328785643,18071207.870941084,350754.4946816274,10277352.071802577,9926597.57712095
8640,29625492.328785643,18072986.718083795,350754.4946816274,10277352.071802577,9926597.57712095
8641,29625492.328785643,18074771.882922795,350754.4946816274,10277352.071802577,9926597.57712095
8642,29625492.328785643,18076546.158048455,350754.4946816274,10277352.071802577,9926597.57712095
8643,29625492.328785643,18078316.94181564,350754.4946816274,10277352.071802577,9926597.57712095
8644,29625492.328785643,18080083.23669336,351245.4433698973,10277352.071802577,9926106.62843268
8645,29625492.328785643,18081876.3817803,353038.58845683734,10277352.071802577,9924313.48334574
8646,29625492.328785643,18083696.04456613,354858.25124266633,10277352.071802577,9922493.820559911
8647,29625700.146087855,18085528.675254863,356483.06462918676,10277352.071802577,9920869.007173391
8648,29627351.009925123,18087364.049153827,356667.57469088346,10277352.071802577,9920684.497111693
8649,29630342.810547363,18089176.064202044,356667.57469088346,10277352.071802577,9920684.497111693
8650,29634312.00847864,18091013.183780245,356667.57469088346,10277352.071802577,9920684.497111693
8651,29638917.190764695,18093237.844149105,356667.57469088346,10277352.071802577,9920684.497111693
8652,29644315.84641154,18095489.7703651,356667.57469088346,10277352.071802577,9920684.497111693
8653,29649430.099836797,18097791.98876864,356667.57469088346,10277352.071802577,9920684.497111693
8654,29654127.65137186,18100134.69030497,356667.57469088346,10277352.071802577,9920684.497111693
8655,29658138.07311894,18102499.42065072,356667.57469088346,10277352.071802577,9920684.497111693
8656,29660390.10823234,18104916.105735675,356667.57469088346,10277352.071802577,9920684.497111693
8657,29660616.520487,18107376.84843947,356667.57469088346,10277352.071802577,9920684.497111693
8658,29660616.520487,18109838.921184592,356667.57469088346,10277352.071802577,9920684.497111693
8659,29660616.520487,18112151.946173888,356667.57469088346,10277352.071802577,9920684.497111693
8660,29660616.520487,18114119.65918455,356667.57469088346,10277352.071802577,9920684.497111693
8661,29660616.520487,18115934.50057058,356667.57469088346,10277352.071802577,9920684.497111693
8662,29660616.520487,18117729.391336758,356667.57469088346,10277352.071802577,9920684.497111693
8663,29660616.520487,18119514.556175757,357131.8798896946,10277352.071802577,9920220.191912882
8664,29660616.520487,18121280.851053476,358898.17476741475,10277352.071802577,9918453.897035163
8665,29660616.520487,18123045.40025196,360662.7239658977,10277352.071802577,9916689.347836679
8666,29660616.520487,18124799.142864686,360662.7239658977,10277352.071802577,9916689.347836679
8667,29660616.520487,18126541.995764077,360662.7239658977,10277352.071802577,9916689.347836679
8668,29660616.520487,18128295.738376804,360662.7239658977,10277352.071802577,9916689.347836679
8669,29660616.520487,18130093.455480795,360662.7239658977,10277352.071802577,9916689.347836679
8670,29660616.520487,18131950.85818918,362520.12667428335,10277352.071802577,9914831.945128294
8671,29660791.875806246,18133893.134159528,364287.0473253822,10277352.071802577,9913065.024477195
8672,29662241.475427322,18135827.34675435,364771.6602991281,10277352.071802577,9912580.41150345
8673,29665227.634561054,18137746.18074637,364771.6602991281,10277352.071802577,9912580.41150345
8674,29668713.656817995,18139612.644361272,364771.6602991281,10277352.071802577,9912580.41150345
8675,29671894.4410635,18141380.3524079,364771.6602991281,10277352.071802577,9912580.41150345
8676,29675730.000016335,18143093.19624993,364771.6602991281,10277352.071802577,9912580.41150345
8677,29679139.630846374,18144986.925711963,364771.6602991281,10277352.071802577,9912580.41150345
8678,29682281.06034568,18146944.912795447,364771.6602991281,10277352.071802577,9912580.41150345
8679,29684748.25644313,18148942.30235314,364771.6602991281,10277352.071802577,9912580.41150345
8680,29686140.997664396,18150949.16845526,364771.6602991281,10277352.071802577,9912580.41150345
8681,29686295.419934724,18152921.45348297,365841.73420610523,10277352.071802577,9911510.337596472
8682,29686295.419934724,18154866.805173878,367787.0858970129,10277352.071802577,9909564.985905563
8683,29686295.419934724,18156785.306655567,369705.58737870073,10277352.071802577,9907646.484423876
8684,29686295.419934724,18158680.033648595,371600.3143717295,10277352.071802577,9905751.757430848
8685,29686295.419934724,18160562.20837663,373482.48909976694,10277352.071802577,9903869.58270281
8686,29686295.419934724,18162417.86540578,375338.1461289154,10277352.071802577,9902013.925673662
8687,29686295.419934724,18164251.493625507,377171.77434864204,10277352.071802577,9900180.297453934
8688,29686295.419934724,18166058.604146343,378978.8848694797,10277352.071802577,9898373.186933096
8689,29686295.419934724,18167862.55581904,380782.8365421738,10277352.071802577,9896569.235260403
8690,29686295.419934724,18169666.507491734,382586.78821486793,10277352.071802577,9894765.28358771
8691,29686295.419934724,18171443.60895521,384363.8896783422,10277352.071802577,9892988.182124235
8692,29686295.419934724,18173227.02811497,386147.3088381035,10277352.071802577,9891204.762964474
8693,29686295.419934724,18175046.6909008,387966.9716239325,10277352.071802577,9889385.100178644
8694,29686295.419934724,18176922.63106013,389842.9117832656,10277352.071802577,9887509.160019312
8695,29686515.599781156,18178902.56382545,391602.6647021534,10277352.071802577,9885749.407100424
8696,29688515.799121648,18180929.629930176,391629.53146638774,10277352.071802577,9885722.54033619
8697,29692699.57459687,18182972.407148037,391629.53146638774,10277352.071802577,9885722.54033619
8698,29698041.705012016,18184980.603291485,391629.53146638774,10277352.071802577,9885722.54033619
8699,29705038.589104537,18186959.1228879,391629.53146638774,10277352.071802577,9885722.54033619
8700,29712041.470804233,18188940.468822125,391629.53146638774,10277352.071802577,9885722.54033619
8701,29718787.844495524,18190931.623811115,391629.53146638774,10277352.071802577,9885722.54033619
8702,29724972.138672233,18192922.778800104,391629.53146638774,10277352.071802577,9885722.54033619
8703,29730206.56551683,18194929.229264315,391629.53146638774,10278620.443127956,9886990.911661569
8704,29732838.642335825,18196921.714294627,391629.53146638774,10279254.771758743,9887625.240292355
8705,29733115.624161392,18198882.77709867,391629.53146638774,10279254.771758743,9887625.240292355
8706,29733115.624161392,18200814.163355682,391629.53146638774,10279254.771758743,9887625.240292355
8707,29733115.624161392,18202713.79487609,391629.53146638774,10279254.771758743,9887625.240292355
8708,29733115.624161392,18204578.845322087,391629.53146638774,10279254.771758743,9887625.240292355
8709,29733115.624161392,18206420.53691734,391629.53146638774,10279254.771758743,9887625.240292355
8710,29733115.624161392,18208241.945382405,391629.53146638774,10279254.771758743,9887625.240292355
8711,29733115.624161392,18210042.821334537,391629.53146638774,10279254.771758743,9887625.240292355
8712,29733115.624161392,18211832.475063004,391629.53146638774,10279254.771758743,9887625.240292355
8713,29733115.624161392,18213611.322205715,391629.53146638774,10279254.771758743,9887625.240292355
8714,29733115.624161392,18215383.51914181,391629.53146638774,10279254.771758743,9887625.240292355
8715,29733115.624161392,18217151.559698764,391629.53146638774,10279254.771758743,9887625.240292355
8716,29733115.624161392,18218930.406841476,391629.53146638774,10279254.771758743,9887625.240292355
8717,29733115.624161392,18220754.974154685,391629.53146638774,10279254.771758743,9887625.240292355
8718,29733115.624161392,18222628.087976206,393351.2388277159,10279254.771758743,9885903.532931026
8719,29733318.246974725,18224604.861893382,395125.38993156224,10279254.771758743,9884129.381827181
8720,29735085.49774899,18226616.21688497,395369.4941488903,10279254.771758743,9883885.277609853
8721,29738227.660790205,18228616.432780474,395369.4941488903,10279254.771758743,9883885.277609853
8722,29742276.75765771,18230605.426452313,395369.4941488903,10279254.771758743,9883885.277609853
8723,29747043.491517,18232563.413535796,395369.4941488903,10279254.771758743,9883885.277609853
8724,29752612.461234573,18234551.40967664,395369.4941488903,10279254.771758743,9883885.277609853
8725,29757474.48141177,18236557.860140853,395369.4941488903,10279254.771758743,9883885.277609853
8726,29762085.23241508,18238568.88262211,395369.4941488903,10279254.771758743,9883885.277609853
8727,29766094.318247035,18240567.685348712,395369.4941488903,10279254.771758743,9883885.277609853
8728,29768356.427873958,18242549.03128294,395369.4941488903,10279254.771758743,9883885.277609853
8729,29768585.210306518,18244494.382973846,395369.4941488903,10279254.771758743,9883885.277609853
8730,29768585.210306518,18246409.72560739,395369.4941488903,10279254.771758743,9883885.277609853
8731,29768585.210306518,18248282.839428913,395369.4941488903,10279254.771758743,9883885.277609853
8732,29768585.210306518,18250141.655306205,395369.4941488903,10279254.771758743,9883885.277609853
8733,29768585.210306518,18251995.899166446,395369.4941488903,10279254.771758743,9883885.277609853
8734,29768585.210306518,18253815.561952274,395369.4941488903,10279254.771758743,9883885.277609853
8735,29768585.210306518,18255624.41815235,395369.4941488903,10279254.771758743,9883885.277609853
8736,29768585.210306518,18257402.932784732,395369.4941488903,10279254.771758743,9883885.277609853
8737,29768585.210306518,18259164.655645404,396124.27909242397,10279254.771758743,9883130.492666319
8738,29768585.210306518,18260924.96533717,397884.588784188,10279254.771758743,9881370.182974555
8739,29768585.210306518,18262688.101366743,399647.7248137646,10279254.771758743,9879607.046944978
8740,29768585.210306518,18264448.078548178,401407.70199519774,10279254.771758743,9877847.069763545
8741,29768585.210306518,18266242.304293692,403201.9277407132,10279254.771758743,9876052.844018029
8742,29768585.210306518,18268099.707002077,405059.33044909884,10279254.771758743,9874195.441309644
8743,29769001.15347193,18270048.21754113,406591.89782273636,10279254.771758743,9872662.873936007
8744,29773213.662152577,18271967.051533148,406591.89782273636,10279254.771758743,9872662.873936007
8745,29781993.404104926,18273925.37112696,406591.89782273636,10279254.771758743,9872662.873936007
8746,29791232.946792923,18275899.069323577,406591.89782273636,10279254.771758743,9872662.873936007
8747,29800354.892024897,18277812.998788215,406591.89782273636,10279254.771758743,9872662.873936007
8748,29809234.22064044,18279696.919195488,406591.89782273636,10283433.552747749,9876841.654925013
8749,29817879.2374679,18281516.99761923,406591.89782273636,10290253.227993574,9883661.330170838
8750,29826842.099157095,18283330.093326025,406591.89782273636,10297397.730818082,9890805.832995346
8751,29835055.061949287,18285222.077108823,406591.89782273636,10303713.446669582,9897121.548846846
8752,29839494.14252001,18287143.737438653,406591.89782273636,10306225.603752581,9899633.705929846
8753,29839878.88401706,18289046.860317536,406591.89782273636,10306225.603752581,9899633.705929846
8754,29839878.88401706,18290934.272083286,406591.89782273636,10306225.603752581,9899633.705929846
8755,29839878.88401706,18292796.246808723,406591.89782273636,10306225.603752581,9899633.705929846
8756,29839878.88401706,18294622.22729084,406591.89782273636,10306225.603752581,9899633.705929846
8757,29839878.88401706,18296429.337811675,406591.89782273636,10306225.603752581,9899633.705929846
8758,29839878.88401706,18298217.99400915,406591.89782273636,10306225.603752581,9899633.705929846
8759,29839878.88401706,18300000.000000004,406591.89782273636,10306225.603752581,9899633.705929846
